{"weights":{"AAVEBNB":0,"ADABNB":0.01702123087358467,"ALGOBNB":0,"ALPHABNB":0.017132743856204957,"ANKRBNB":0,"ANTBNB":0.014901862492325599,"ARBNB":0,"ARPABNB":0.010244756053880323,"ATOMBNB":0,"AVABNB":0,"AVAXBNB":0.010721084906320535,"AXSBNB":0,"BAKEBNB":0,"BANDBNB":0.002403752783358846,"BATBNB":0,"BCHBNB":0,"BELBNB":0,"BIFIBNB":0.04158229026189398,"BLZBNB":0,"BTTBNB":0,"BURGERBNB":0.008480892950638808,"CAKEBNB":0.34587109421559403,"CELRBNB":0,"CHRBNB":0,"CHZBNB":0,"COCOSBNB":0,"COSBNB":0.011318272320682323,"COTIBNB":0,"CREAMBNB":0.02213202536297285,"CRVBNB":0,"CTKBNB":0,"CTSIBNB":0.02584497464154178,"DASHBNB":0,"DGBBNB":0,"DIABNB":0,"DOTBNB":0,"EGLDBNB":0,"ENJBNB":0,"EOSBNB":0,"ETCBNB":0,"FETBNB":0.01147337376643136,"FILBNB":0.006235990063267721,"FIOBNB":0,"FTMBNB":0,"FTTBNB":0.09384449838873214,"HARDBNB":0.007073723532698524,"HBARBNB":0,"HOTBNB":0,"ICPBNB":0,"ICXBNB":0,"INJBNB":0.02344514243685811,"IOSTBNB":0,"IOTABNB":0,"IQBNB":0.0016366839299918226,"JSTBNB":0,"KAVABNB":0.010712350619463044,"KP3RBNB":0.0006455311114990813,"KSMBNB":0,"LPTBNB":0,"LTCBNB":0,"LUNABNB":0,"MASKBNB":0.01741107222587492,"MATICBNB":0,"MBLBNB":0,"MDXBNB":0.005349143621360428,"MFTBNB":0.00015321678815057916,"MITHBNB":0,"MKRBNB":0,"NEARBNB":0,"NEOBNB":0,"NMRBNB":0.007401563817670929,"OCEANBNB":0.0209264163655924,"OGNBNB":0,"ONEBNB":0,"ONTBNB":0,"PAXGBNB":0.017477512094669,"PERLBNB":0,"POLSBNB":0,"PROMBNB":0,"RSRBNB":0,"RUNEBNB":0,"RVNBNB":0,"SANDBNB":0,"SCBNB":0,"SNXBNB":0,"SOLBNB":0,"SPARTABNB":0.033042757501196694,"SRMBNB":0,"STMXBNB":0,"STXBNB":0,"SUSHIBNB":0,"SWRVBNB":0,"SXPBNB":0.020795091628643344,"THETABNB":0,"TROYBNB":0,"TRXBNB":0.07658009667299034,"UNFIBNB":0,"UNIBNB":0,"VETBNB":0.01764135161402374,"VTHOBNB":0,"WABIBNB":0.003542176929085541,"WANBNB":0.00802434966208732,"WAVESBNB":0,"WINBNB":0.0017309252675905805,"WINGBNB":0,"WNXMBNB":0.03039620583946037,"WRXBNB":0,"WTCBNB":0,"XLMBNB":0,"XMRBNB":0,"XRPBNB":0,"XTZBNB":0.008401026639496769,"XVSBNB":0.04447057095406821,"YFIBNB":0,"YFIIBNB":0.003934247810098486,"ZECBNB":0,"ZENBNB":0,"ZILBNB":0},"numerosità_campione":630,"expected_return":-0.00005518616025322908,"standard_deviation":0.0026535791994487935,"sharpe_ratio":-0.02079687701226044}