{"weights":{"AAVEETH":0.007953579443183836,"ADAETH":0,"ADXETH":0.001450472532420409,"AIONETH":0,"BATETH":0,"BETHETH":0.8787391653740484,"BLZETH":0,"BNBETH":0,"BNTETH":0.022665596044753267,"BQXETH":0,"BRDETH":0,"CDTETH":0.0022924885936413454,"COVERETH":0.0010820127754520585,"CVCETH":0,"CVPETH":0.004673431610305686,"DASHETH":0,"DATAETH":0,"DENTETH":0,"DEXEETH":0.004675063504185581,"DFETH":0,"ELFETH":0,"ENJETH":0,"EOSETH":0,"ETCETH":0.002922455394172175,"EZETH":0.00043148274314783224,"FIROETH":0,"FRONTETH":0,"FUNETH":0.006198094422142764,"GHSTETH":0.0033916883530435626,"GLMETH":0.001200780705612961,"GRTETH":0,"GXSETH":0,"HEGICETH":0.0006164854218413123,"HOTETH":0,"ICXETH":0,"IOSTETH":0,"IOTAETH":0,"IOTXETH":0,"KEYETH":0,"KMDETH":0.0030579721803428877,"KNCETH":0,"LINKETH":0,"LOOMETH":0,"LRCETH":0,"LSKETH":0,"LTCETH":0,"MANAETH":0,"MFTETH":0,"MTLETH":0,"NANOETH":0.0026575044359092147,"NASETH":0,"NAVETH":0.00016398281774056132,"NCASHETH":0.003451626393362468,"NEBLETH":0,"NEOETH":0,"OMGETH":0,"ONTETH":0,"OSTETH":0.003788949650275733,"PIVXETH":0,"POWRETH":0,"PROSETH":0.0022914775216689057,"PUNDIXETH":0,"QKCETH":0,"QLCETH":0,"QSPETH":0,"QTUMETH":0,"RENBTCETH":0.03217588816684118,"REPETH":0,"RLCETH":0,"SCETH":0,"SCRTETH":0.0021027588604490537,"SLPETH":0,"SNTETH":0,"STEEMETH":0,"STMXETH":0,"STRAXETH":0.004564906184037826,"THETAETH":0,"TRXETH":0,"UFTETH":0,"VETETH":0,"VIBETH":0.003960190233275117,"WANETH":0.0018751105600732386,"WAVESETH":0,"XEMETH":0,"XLMETH":0,"XMRETH":0,"XRPETH":0.0016168360780726562,"XVGETH":0,"ZECETH":0,"ZENETH":0,"ZILETH":0,"ZRXETH":0},"numerosità_campione":1968,"expected_return":-0.00001380944119571588,"standard_deviation":0.0014944652395912305,"sharpe_ratio":-0.009240389692498348}