{"weights":{"AAVEBNB":0,"ADABNB":0.02039898113030387,"ALGOBNB":0,"ALPHABNB":0.014648649626062039,"ANKRBNB":0,"ANTBNB":0.01596819681571883,"ARBNB":0.0009184035701101207,"ARPABNB":0.015356004396877619,"ATOMBNB":0,"AVABNB":0,"AVAXBNB":0,"AXSBNB":0,"BAKEBNB":0,"BANDBNB":0.0035009397356410136,"BATBNB":0,"BCHBNB":0,"BELBNB":0,"BIFIBNB":0.04695858449793829,"BLZBNB":0,"BTTBNB":0,"BURGERBNB":0.009459250887141868,"CAKEBNB":0.3524438945043359,"CELRBNB":0,"CHRBNB":0,"CHZBNB":0,"COCOSBNB":0,"COSBNB":0.01679999047766621,"COTIBNB":0,"CREAMBNB":0.0270654297456524,"CRVBNB":0.002897876018464652,"CTKBNB":0,"CTSIBNB":0.0201578203461946,"DASHBNB":0,"DGBBNB":0,"DIABNB":0,"DOTBNB":0,"EGLDBNB":0,"ENJBNB":0,"EOSBNB":0,"ETCBNB":0,"FETBNB":0.013625733725163387,"FILBNB":0.008361536601835745,"FIOBNB":0,"FTMBNB":0,"FTTBNB":0.09228574489111112,"HARDBNB":0.010216568787186806,"HBARBNB":0,"HOTBNB":0,"ICPBNB":0,"ICXBNB":0,"INJBNB":0.016123965499120797,"IOSTBNB":0,"IOTABNB":0,"IQBNB":0.002905199065627722,"JSTBNB":0,"KAVABNB":0.014049178430920333,"KP3RBNB":0.0032825753013187675,"KSMBNB":0,"LPTBNB":0,"LTCBNB":0,"LUNABNB":0,"MASKBNB":0.011351965152180808,"MATICBNB":0,"MBLBNB":0,"MDXBNB":0.007753210400441584,"MFTBNB":0.001420634122873995,"MITHBNB":0,"MKRBNB":0,"NEARBNB":0,"NEOBNB":0,"NMRBNB":0.008353509060488535,"OCEANBNB":0.019107399998014096,"OGNBNB":0,"ONEBNB":0,"ONTBNB":0,"PAXGBNB":0.01436958654210608,"PERLBNB":0,"POLSBNB":0,"PROMBNB":0,"RSRBNB":0,"RUNEBNB":0,"RVNBNB":0,"SANDBNB":0,"SCBNB":0,"SNXBNB":0,"SOLBNB":0,"SPARTABNB":0.03073323991942174,"SRMBNB":0,"STMXBNB":0,"STXBNB":0,"SUSHIBNB":0,"SWRVBNB":0,"SXPBNB":0.016330451341639005,"THETABNB":0,"TROYBNB":0,"TRXBNB":0.07901274736497149,"UNFIBNB":0,"UNIBNB":0,"VETBNB":0.019103832686117657,"VTHOBNB":0,"WABIBNB":0.006465838020172375,"WANBNB":0.0010225671868527876,"WAVESBNB":0,"WINBNB":0,"WINGBNB":0,"WNXMBNB":0.028176020478966942,"WRXBNB":0,"WTCBNB":0,"XLMBNB":0,"XMRBNB":0,"XRPBNB":0,"XTZBNB":0.009043660768229407,"XVSBNB":0.03554227125296638,"YFIBNB":0,"YFIIBNB":0.00478854165016549,"ZECBNB":0,"ZENBNB":0,"ZILBNB":0},"numerosità_campione":630,"expected_return":-0.000017671054083294528,"standard_deviation":0.0026631354536221247,"sharpe_ratio":-0.006635431952685758}