{"weights":{"AAVEBNB":0,"ADABNB":0.022569009354872212,"ALGOBNB":0,"ALPHABNB":0.004211742097771508,"ANKRBNB":0,"ANTBNB":0.017113315128413555,"ARBNB":0.006113796571277186,"ARPABNB":0.025559670859359538,"ATOMBNB":0,"AVABNB":0,"AVAXBNB":0,"AXSBNB":0,"BAKEBNB":0,"BANDBNB":0.006351217783931063,"BATBNB":0,"BCHBNB":0,"BELBNB":0,"BIFIBNB":0.05983999009224864,"BLZBNB":0,"BTTBNB":0,"BURGERBNB":0.010342364446835714,"CAKEBNB":0.3654379810853503,"CELRBNB":0,"CHRBNB":0,"CHZBNB":0,"COCOSBNB":0,"COSBNB":0.02934453292206432,"COTIBNB":0,"CREAMBNB":0.04027493478626856,"CRVBNB":0.01936591509051421,"CTKBNB":0,"CTSIBNB":0.004070507305171444,"DASHBNB":0,"DGBBNB":0,"DIABNB":0,"DOTBNB":0,"EGLDBNB":0,"ENJBNB":0,"EOSBNB":0,"ETCBNB":0,"FETBNB":0.019116621631307913,"FILBNB":0.012954518159211862,"FIOBNB":0,"FTMBNB":0,"FTTBNB":0.08636316870218487,"HARDBNB":0.01830493045833586,"HBARBNB":0,"HOTBNB":0,"ICPBNB":0,"ICXBNB":0,"INJBNB":0,"IOSTBNB":0,"IOTABNB":0,"IQBNB":0.005945715815053017,"JSTBNB":0,"KAVABNB":0.01816606703296029,"KP3RBNB":0.008574867359295513,"KSMBNB":0.019389493080035215,"LPTBNB":0,"LTCBNB":0,"LUNABNB":0,"MASKBNB":0,"MATICBNB":0,"MBLBNB":0,"MDXBNB":0.012790463309903024,"MFTBNB":0.004528704131930197,"MITHBNB":0.00008002569621119626,"MKRBNB":0,"NEARBNB":0,"NEOBNB":0,"NMRBNB":0.009846387638777576,"OCEANBNB":0.011027537295587485,"OGNBNB":0,"ONEBNB":0,"ONTBNB":0,"PAXGBNB":0.014467327225331271,"PERLBNB":0,"POLSBNB":0,"PROMBNB":0,"RSRBNB":0,"RUNEBNB":0,"RVNBNB":0,"SANDBNB":0,"SCBNB":0,"SNXBNB":0,"SOLBNB":0,"SPARTABNB":0.023441388666535855,"SRMBNB":0,"STMXBNB":0,"STXBNB":0,"SUSHIBNB":0,"SWRVBNB":0,"SXPBNB":0,"THETABNB":0.00002309269594208655,"TROYBNB":0,"TRXBNB":0.06248656079444176,"UNFIBNB":0,"UNIBNB":0,"VETBNB":0.01457792736422779,"VTHOBNB":0,"WABIBNB":0.009742217915473592,"WANBNB":0,"WAVESBNB":0,"WINBNB":0,"WINGBNB":0,"WNXMBNB":0.019605505804472907,"WRXBNB":0,"WTCBNB":0,"XLMBNB":0,"XMRBNB":0,"XRPBNB":0,"XTZBNB":0.004838284851098554,"XVSBNB":0.01027325587580296,"YFIBNB":0,"YFIIBNB":0.002860960971801062,"ZECBNB":0,"ZENBNB":0,"ZILBNB":0},"numerosità_campione":630,"expected_return":0.00008549548788402548,"standard_deviation":0.00277216783423247,"sharpe_ratio":0.030840660810025095}