{"weights":{"AAVEBNB":0.008436078664687399,"ADABNB":0.0005160891689197945,"ALGOBNB":0,"ALPHABNB":0,"ANKRBNB":0,"ANTBNB":0.032615727174577336,"ARBNB":0,"ARPABNB":0,"ATOMBNB":0,"AVABNB":0.032383213921981464,"AVAXBNB":0,"AXSBNB":0,"BAKEBNB":0.018774993317765037,"BANDBNB":0,"BATBNB":0,"BCHBNB":0,"BELBNB":0,"BIFIBNB":0.027709531858836258,"BLZBNB":0.009750422300928936,"BTTBNB":0.0889424683135806,"BURGERBNB":0,"CAKEBNB":0.24413229196274366,"CELRBNB":0.010907778648514499,"CHRBNB":0,"CHZBNB":0.003963842958688524,"COCOSBNB":0.00010087939290177643,"COSBNB":0,"COTIBNB":0,"CREAMBNB":0.012209433518635748,"CRVBNB":0,"CTKBNB":0,"CTSIBNB":0,"DASHBNB":0,"DGBBNB":0,"DIABNB":0,"DOTBNB":0.026057618367644537,"EGLDBNB":0.013071087388436967,"ENJBNB":0,"EOSBNB":0,"ETCBNB":0,"FETBNB":0,"FILBNB":0,"FIOBNB":0,"FTMBNB":0,"FTTBNB":0.062390116958580405,"HARDBNB":0.003454884324082492,"HBARBNB":0,"HOTBNB":0,"ICPBNB":0,"ICXBNB":0,"INJBNB":0.0007928007741123273,"IOSTBNB":0,"IOTABNB":0,"IQBNB":0,"JSTBNB":0,"KAVABNB":0,"KP3RBNB":0.0351518794203649,"KSMBNB":0,"LTCBNB":0.01990823091232056,"LUNABNB":0,"MATICBNB":0.015506178123344212,"MBLBNB":0,"MFTBNB":0,"MITHBNB":0,"MKRBNB":0.01805964856252408,"NEARBNB":0,"NEOBNB":0,"NMRBNB":0.0005031018775240196,"OCEANBNB":0,"OGNBNB":0,"ONEBNB":0,"ONTBNB":0,"PAXGBNB":0.11679996572444913,"PERLBNB":0.002896092278696767,"PROMBNB":0.002943243840861917,"RSRBNB":0,"RUNEBNB":0.05786051930417835,"RVNBNB":0,"SANDBNB":0,"SCBNB":0,"SNXBNB":0.004335028537319997,"SOLBNB":0.0019836764200809602,"SPARTABNB":0.015605423879715962,"SRMBNB":0,"STMXBNB":0,"STXBNB":0,"SUSHIBNB":0,"SWRVBNB":0,"SXPBNB":0.04437571151235475,"THETABNB":0,"TROYBNB":0,"TRXBNB":0,"UNFIBNB":0.01219990585920981,"UNIBNB":0,"VETBNB":0,"VTHOBNB":0.026558722949499812,"WABIBNB":0,"WANBNB":0,"WAVESBNB":0,"WINBNB":0,"WINGBNB":0,"WNXMBNB":0.002118453385873687,"WRXBNB":0,"WTCBNB":0,"XLMBNB":0,"XMRBNB":0,"XRPBNB":0.026984958396063463,"XTZBNB":0,"XVSBNB":0,"YFIBNB":0,"YFIIBNB":0,"ZECBNB":0,"ZENBNB":0,"ZILBNB":0},"numerosità_campione":114,"expected_return":0.0005152320425117592,"standard_deviation":0.0024527632428464484,"sharpe_ratio":0.21006187369060086}