{"weights":{"AAVEBNB":0,"ADABNB":0.02143544574043301,"ALGOBNB":0,"ALPHABNB":0.011993227686502052,"ANKRBNB":0,"ANTBNB":0.016305619976972913,"ARBNB":0.0023894388258624047,"ARPABNB":0.018311708287882353,"ATOMBNB":0,"AVABNB":0,"AVAXBNB":0,"AXSBNB":0,"BAKEBNB":0,"BANDBNB":0.0042919464300518965,"BATBNB":0,"BCHBNB":0,"BELBNB":0,"BIFIBNB":0.05060676946606941,"BLZBNB":0,"BTTBNB":0,"BURGERBNB":0.009774610002193028,"CAKEBNB":0.35609480240832025,"CELRBNB":0,"CHRBNB":0,"CHZBNB":0,"COCOSBNB":0,"COSBNB":0.020257363825156964,"COTIBNB":0,"CREAMBNB":0.03053996414055795,"CRVBNB":0.0075028100278647465,"CTKBNB":0,"CTSIBNB":0.015936524521783072,"DASHBNB":0,"DGBBNB":0,"DIABNB":0,"DOTBNB":0,"EGLDBNB":0,"ENJBNB":0,"EOSBNB":0,"ETCBNB":0,"FETBNB":0.01519457589059207,"FILBNB":0.009618691524251924,"FIOBNB":0,"FTMBNB":0,"FTTBNB":0.09077637120044313,"HARDBNB":0.01245951029289125,"HBARBNB":0,"HOTBNB":0,"ICPBNB":0,"ICXBNB":0,"INJBNB":0.011043337859106602,"IOSTBNB":0,"IOTABNB":0,"IQBNB":0.003722862997142068,"JSTBNB":0,"KAVABNB":0.015242570725135988,"KP3RBNB":0.004763222776389293,"KSMBNB":0.0043169067121451386,"LPTBNB":0,"LTCBNB":0,"LUNABNB":0,"MASKBNB":0.00752464484322807,"MATICBNB":0,"MBLBNB":0,"MDXBNB":0.00907838896364932,"MFTBNB":0.002277722576921001,"MITHBNB":0,"MKRBNB":0,"NEARBNB":0,"NEOBNB":0,"NMRBNB":0.008812231807905031,"OCEANBNB":0.01701024364407171,"OGNBNB":0,"ONEBNB":0,"ONTBNB":0,"PAXGBNB":0.014480597854881243,"PERLBNB":0,"POLSBNB":0,"PROMBNB":0,"RSRBNB":0,"RUNEBNB":0,"RVNBNB":0,"SANDBNB":0,"SCBNB":0,"SNXBNB":0,"SOLBNB":0,"SPARTABNB":0.02878061142941123,"SRMBNB":0,"STMXBNB":0,"STXBNB":0,"SUSHIBNB":0,"SWRVBNB":0,"SXPBNB":0.01133541740700597,"THETABNB":0,"TROYBNB":0,"TRXBNB":0.07474435293542897,"UNFIBNB":0,"UNIBNB":0,"VETBNB":0.018084138196066767,"VTHOBNB":0,"WABIBNB":0.007579007827450112,"WANBNB":0,"WAVESBNB":0,"WINBNB":0,"WINGBNB":0,"WNXMBNB":0.02599028677701044,"WRXBNB":0,"WTCBNB":0,"XLMBNB":0,"XMRBNB":0,"XRPBNB":0,"XTZBNB":0.008255309911759547,"XVSBNB":0.029007153148525946,"YFIBNB":0,"YFIIBNB":0.0044616113589371195,"ZECBNB":0,"ZENBNB":0,"ZILBNB":0},"numerosità_campione":630,"expected_return":0.000010465275544156354,"standard_deviation":0.002681446555263487,"sharpe_ratio":0.003902846962813325}