{"weights":{"AAVEBNB":0,"ADABNB":0.02280966022888685,"ALGOBNB":0,"ALPHABNB":0.005462237245203989,"ANKRBNB":0,"ANTBNB":0.017055701898082407,"ARBNB":0.005651989396054379,"ARPABNB":0.02472895376162507,"ATOMBNB":0,"AVABNB":0,"AVAXBNB":0,"AXSBNB":0,"BAKEBNB":0,"BANDBNB":0.006103136580126282,"BATBNB":0,"BCHBNB":0,"BELBNB":0,"BIFIBNB":0.05878781883207279,"BLZBNB":0,"BTTBNB":0,"BURGERBNB":0.01041117465016319,"CAKEBNB":0.36430376659819663,"CELRBNB":0,"CHRBNB":0,"CHZBNB":0,"COCOSBNB":0,"COSBNB":0.028121076689548333,"COTIBNB":0,"CREAMBNB":0.038819071319048576,"CRVBNB":0.017674662211269638,"CTKBNB":0,"CTSIBNB":0.005867739477085487,"DASHBNB":0,"DGBBNB":0,"DIABNB":0,"DOTBNB":0,"EGLDBNB":0,"ENJBNB":0,"EOSBNB":0,"ETCBNB":0,"FETBNB":0.018655022764878664,"FILBNB":0.012527884544373268,"FIOBNB":0,"FTMBNB":0,"FTTBNB":0.08749700010755829,"HARDBNB":0.017562996262976492,"HBARBNB":0,"HOTBNB":0,"ICPBNB":0,"ICXBNB":0,"INJBNB":0,"IOSTBNB":0,"IOTABNB":0,"IQBNB":0.005624432305285063,"JSTBNB":0,"KAVABNB":0.01790613377671276,"KP3RBNB":0.00812492822567968,"KSMBNB":0.017250448885466518,"LPTBNB":0,"LTCBNB":0,"LUNABNB":0,"MASKBNB":0,"MATICBNB":0,"MBLBNB":0,"MDXBNB":0.012188555969816401,"MFTBNB":0.004231632367858562,"MITHBNB":0,"MKRBNB":0,"NEARBNB":0,"NEOBNB":0,"NMRBNB":0.009722537203251997,"OCEANBNB":0.012039606655441725,"OGNBNB":0,"ONEBNB":0,"ONTBNB":0,"PAXGBNB":0.014419855828552266,"PERLBNB":0,"POLSBNB":0,"PROMBNB":0,"RSRBNB":0,"RUNEBNB":0,"RVNBNB":0,"SANDBNB":0,"SCBNB":0,"SNXBNB":0,"SOLBNB":0,"SPARTABNB":0.024139206863766444,"SRMBNB":0,"STMXBNB":0,"STXBNB":0,"SUSHIBNB":0,"SWRVBNB":0,"SXPBNB":0,"THETABNB":0,"TROYBNB":0,"TRXBNB":0.06445012825659945,"UNFIBNB":0,"UNIBNB":0,"VETBNB":0.015189198348693844,"VTHOBNB":0,"WABIBNB":0.009774275504521483,"WANBNB":0,"WAVESBNB":0,"WINBNB":0,"WINGBNB":0,"WNXMBNB":0.020607837088085758,"WRXBNB":0,"WTCBNB":0,"XLMBNB":0,"XMRBNB":0,"XRPBNB":0,"XTZBNB":0.005744734263281141,"XVSBNB":0.013297402059133753,"YFIBNB":0,"YFIIBNB":0.0032491938307025216,"ZECBNB":0,"ZENBNB":0,"ZILBNB":0},"numerosità_campione":630,"expected_return":0.00007611671134154184,"standard_deviation":0.00275748935373694,"sharpe_ratio":0.027603628365197034}