{"weights":{"AAVEBNB":0,"ADABNB":0.02003848506791058,"ALGOBNB":0,"ALPHABNB":0.016907315798442787,"ANKRBNB":0,"ANTBNB":0.015041394757317951,"ARBNB":0,"ARPABNB":0.00971284554150043,"ATOMBNB":0,"AVABNB":0,"AVAXBNB":0.0080490650666227,"AXSBNB":0,"BAKEBNB":0,"BANDBNB":0.00281426602278774,"BATBNB":0,"BCHBNB":0,"BELBNB":0,"BIFIBNB":0.04283297712204876,"BLZBNB":0,"BTTBNB":0,"BURGERBNB":0.008663954071248656,"CAKEBNB":0.3475203446422775,"CELRBNB":0,"CHRBNB":0,"CHZBNB":0,"COCOSBNB":0,"COSBNB":0.012564881794962826,"COTIBNB":0,"CREAMBNB":0.023581759971849806,"CRVBNB":0,"CTKBNB":0,"CTSIBNB":0.024918519060750467,"DASHBNB":0,"DGBBNB":0,"DIABNB":0,"DOTBNB":0,"EGLDBNB":0,"ENJBNB":0,"EOSBNB":0,"ETCBNB":0,"FETBNB":0.012363954854524701,"FILBNB":0.007145113871447526,"FIOBNB":0,"FTMBNB":0,"FTTBNB":0.0889690707014706,"HARDBNB":0.007365163471326053,"HBARBNB":0,"HOTBNB":0,"ICPBNB":0,"ICXBNB":0,"INJBNB":0.023123863177416448,"IOSTBNB":0,"IOTABNB":0,"IQBNB":0.0021793670105744365,"JSTBNB":0,"KAVABNB":0.011662334064332421,"KP3RBNB":0.001100889602172603,"KSMBNB":0,"LPTBNB":0,"LTCBNB":0,"LUNABNB":0,"MASKBNB":0.01588948399278596,"MATICBNB":0,"MBLBNB":0,"MDXBNB":0.005787820850708002,"MFTBNB":0.00034122263976459836,"MITHBNB":0,"MKRBNB":0,"NEARBNB":0,"NEOBNB":0,"NMRBNB":0.007754767794018477,"OCEANBNB":0.020470743457022125,"OGNBNB":0,"ONEBNB":0,"ONTBNB":0,"PAXGBNB":0.019195407620002682,"PERLBNB":0,"POLSBNB":0,"PROMBNB":0,"RSRBNB":0,"RUNEBNB":0,"RVNBNB":0,"SANDBNB":0,"SCBNB":0,"SNXBNB":0,"SOLBNB":0,"SPARTABNB":0.033021348834298844,"SRMBNB":0,"STMXBNB":0,"STXBNB":0,"SUSHIBNB":0,"SWRVBNB":0,"SXPBNB":0.0210415484471601,"THETABNB":0,"TROYBNB":0,"TRXBNB":0.07475391527581825,"UNFIBNB":0,"UNIBNB":0,"VETBNB":0.018634816591551626,"VTHOBNB":0,"WABIBNB":0.003974388213930206,"WANBNB":0.00553447093514066,"WAVESBNB":0,"WINBNB":0.000158164368697687,"WINGBNB":0,"WNXMBNB":0.029944997459084882,"WRXBNB":0,"WTCBNB":0,"XLMBNB":0,"XMRBNB":0,"XRPBNB":0.0007693120132252187,"XTZBNB":0.009590140792637966,"XVSBNB":0.04226750803445193,"YFIBNB":0,"YFIIBNB":0.00431437700871567,"ZECBNB":0,"ZENBNB":0,"ZILBNB":0},"numerosità_campione":633,"expected_return":-0.000045156444476740094,"standard_deviation":0.0026509671084600293,"sharpe_ratio":-0.017033951244673072}