{"weights":{"AAVEBNB":0,"ADABNB":0.018930697946724046,"ALGOBNB":0,"ALPHABNB":0.017747145582631824,"ANKRBNB":0,"ANTBNB":0.0146566023307172,"ARBNB":0,"ARPABNB":0.008260412939405316,"ATOMBNB":0,"AVABNB":0,"AVAXBNB":0.010744949852226193,"AXSBNB":0,"BAKEBNB":0,"BANDBNB":0.0026278329269649246,"BATBNB":0,"BCHBNB":0,"BELBNB":0,"BIFIBNB":0.0414098263103092,"BLZBNB":0,"BTTBNB":0.00033835146001022693,"BURGERBNB":0.008343178414671611,"CAKEBNB":0.3455037763086254,"CELRBNB":0,"CHRBNB":0,"CHZBNB":0,"COCOSBNB":0,"COSBNB":0.011307320051922717,"COTIBNB":0,"CREAMBNB":0.022176390555831833,"CRVBNB":0,"CTKBNB":0,"CTSIBNB":0.02639179103527672,"DASHBNB":0,"DGBBNB":0,"DIABNB":0,"DOTBNB":0,"EGLDBNB":0,"ENJBNB":0,"EOSBNB":0,"ETCBNB":0,"FETBNB":0.011768759612134878,"FILBNB":0.0065538347647842955,"FIOBNB":0,"FTMBNB":0,"FTTBNB":0.0893128525905884,"HARDBNB":0.0064439232168654855,"HBARBNB":0,"HOTBNB":0,"ICPBNB":0,"ICXBNB":0,"INJBNB":0.02481597650084098,"IOSTBNB":0,"IOTABNB":0,"IQBNB":0.001816878982461065,"JSTBNB":0,"KAVABNB":0.010636361937073884,"KP3RBNB":0.0003983372220391773,"KSMBNB":0,"LPTBNB":0,"LTCBNB":0,"LUNABNB":0,"MASKBNB":0.017641382529992578,"MATICBNB":0,"MBLBNB":0,"MDXBNB":0.005072621822391428,"MFTBNB":0,"MITHBNB":0,"MKRBNB":0,"NEARBNB":0,"NEOBNB":0,"NMRBNB":0.0075289819084924095,"OCEANBNB":0.020997933658104123,"OGNBNB":0,"ONEBNB":0,"ONTBNB":0,"PAXGBNB":0.020306154579698647,"PERLBNB":0,"POLSBNB":0,"PROMBNB":0,"RSRBNB":0,"RUNEBNB":0,"RVNBNB":0,"SANDBNB":0,"SCBNB":0,"SNXBNB":0,"SOLBNB":0,"SPARTABNB":0.03362392242881548,"SRMBNB":0,"STMXBNB":0,"STXBNB":0,"SUSHIBNB":0,"SWRVBNB":0,"SXPBNB":0.02228860131177249,"THETABNB":0,"TROYBNB":0,"TRXBNB":0.07272131914275454,"UNFIBNB":0,"UNIBNB":0,"VETBNB":0.017953819723055958,"VTHOBNB":0,"WABIBNB":0.003059579380864372,"WANBNB":0.007498276560909299,"WAVESBNB":0,"WINBNB":0.0020416022655991477,"WINGBNB":0,"WNXMBNB":0.03054122452776273,"WRXBNB":0,"WTCBNB":0,"XLMBNB":0,"XMRBNB":0,"XRPBNB":0.0008391369101968472,"XTZBNB":0.009190346771276375,"XVSBNB":0.04458844956711617,"YFIBNB":0,"YFIIBNB":0.0039214463690922016,"ZECBNB":0,"ZENBNB":0,"ZILBNB":0},"numerosità_campione":633,"expected_return":-0.00005511214950421687,"standard_deviation":0.002650300183492597,"sharpe_ratio":-0.020794681993942826}