{"weights":{"AAVEBNB":0,"ADABNB":0.02205153738211927,"ALGOBNB":0,"ALPHABNB":0.0017326055040103885,"ANKRBNB":0,"ANTBNB":0.01715127539582511,"ARBNB":0.007028933951896763,"ARPABNB":0.027096600266928103,"ATOMBNB":0,"AVABNB":0,"AVAXBNB":0,"AXSBNB":0,"BAKEBNB":0,"BANDBNB":0.006884911652711184,"BATBNB":0,"BCHBNB":0,"BELBNB":0,"BIFIBNB":0.061921694216865886,"BLZBNB":0,"BTTBNB":0,"BURGERBNB":0.010165148054132607,"CAKEBNB":0.3676248704662862,"CELRBNB":0,"CHRBNB":0,"CHZBNB":0,"COCOSBNB":0,"COSBNB":0.031628391910072405,"COTIBNB":0,"CREAMBNB":0.043222063672199426,"CRVBNB":0.02267447797108825,"CTKBNB":0,"CTSIBNB":0.0004814959221097768,"DASHBNB":0,"DGBBNB":0,"DIABNB":0,"DOTBNB":0,"EGLDBNB":0,"ENJBNB":0,"EOSBNB":0,"ETCBNB":0,"FETBNB":0.019980843040082904,"FILBNB":0.013822030728332746,"FIOBNB":0,"FTMBNB":0,"FTTBNB":0.08403539928079479,"HARDBNB":0.019774671705105322,"HBARBNB":0,"HOTBNB":0,"ICPBNB":0,"ICXBNB":0,"INJBNB":0,"IOSTBNB":0,"IOTABNB":0,"IQBNB":0.006582758121444583,"JSTBNB":0,"KAVABNB":0.01863603114160122,"KP3RBNB":0.009437391287125063,"KSMBNB":0.02352278335231927,"LPTBNB":0,"LTCBNB":0,"LUNABNB":0,"MASKBNB":0,"MATICBNB":0,"MBLBNB":0,"MDXBNB":0.013949188566639386,"MFTBNB":0.0050942362519870886,"MITHBNB":0.0007352042518023848,"MKRBNB":0,"NEARBNB":0,"NEOBNB":0,"NMRBNB":0.010095945606362428,"OCEANBNB":0.009016551391290952,"OGNBNB":0,"ONEBNB":0,"ONTBNB":0,"PAXGBNB":0.014725920014236683,"PERLBNB":0,"POLSBNB":0,"PROMBNB":0,"RSRBNB":0,"RUNEBNB":0,"RVNBNB":0,"SANDBNB":0,"SCBNB":0,"SNXBNB":0,"SOLBNB":0,"SPARTABNB":0.022034679212487647,"SRMBNB":0,"STMXBNB":0,"STXBNB":0,"SUSHIBNB":0,"SWRVBNB":0,"SXPBNB":0,"THETABNB":0.0007096161378773869,"TROYBNB":0,"TRXBNB":0.05838256617079461,"UNFIBNB":0,"UNIBNB":0,"VETBNB":0.013327986764740282,"VTHOBNB":0,"WABIBNB":0.009519703944991192,"WANBNB":0,"WAVESBNB":0,"WINBNB":0,"WINGBNB":0,"WNXMBNB":0.01760169153461623,"WRXBNB":0,"WTCBNB":0,"XLMBNB":0,"XMRBNB":0,"XRPBNB":0,"XTZBNB":0.0030051191414409983,"XVSBNB":0.0043667004158730455,"YFIBNB":0,"YFIIBNB":0.001978975571808282,"ZECBNB":0,"ZENBNB":0,"ZILBNB":0},"numerosità_campione":630,"expected_return":0.00010425304096899273,"standard_deviation":0.0028045766113321247,"sharpe_ratio":0.03717247036424309}