{"weights":{"AAVEBNB":0.01513147926949713,"ADABNB":0.0021093174462567597,"ALGOBNB":0,"ALPHABNB":0,"ANKRBNB":0,"ANTBNB":0.0288624971590013,"ARBNB":0,"ARPABNB":0,"ATOMBNB":0,"AVABNB":0.029612764106134292,"AVAXBNB":0,"AXSBNB":0,"BAKEBNB":0.01938702913392384,"BANDBNB":0,"BATBNB":0,"BCHBNB":0,"BELBNB":0,"BIFIBNB":0.028172508260252853,"BLZBNB":0.011912360327441005,"BTTBNB":0.08093850879896862,"BURGERBNB":0,"CAKEBNB":0.2432125255862498,"CELRBNB":0.0143431989903421,"CHRBNB":0,"CHZBNB":0.005484442954105558,"COCOSBNB":0,"COSBNB":0,"COTIBNB":0,"CREAMBNB":0.013378874860228937,"CRVBNB":0,"CTKBNB":0,"CTSIBNB":0,"DASHBNB":0,"DGBBNB":0,"DIABNB":0,"DOTBNB":0.023785996359452218,"EGLDBNB":0.0037216776102625957,"ENJBNB":0,"EOSBNB":0,"ETCBNB":0,"FETBNB":0,"FILBNB":0,"FIOBNB":0,"FTMBNB":0,"FTTBNB":0.053959305157190385,"HARDBNB":0.0012774010308487086,"HBARBNB":0,"HOTBNB":0,"ICPBNB":0,"ICXBNB":0,"INJBNB":0.0020811064812763552,"IOSTBNB":0,"IOTABNB":0,"IQBNB":0,"JSTBNB":0,"KAVABNB":0,"KP3RBNB":0.03638496767353169,"KSMBNB":0,"LTCBNB":0.011262727846298974,"LUNABNB":0,"MATICBNB":0.020627089591923387,"MBLBNB":0,"MFTBNB":0,"MITHBNB":0,"MKRBNB":0.018448177011860682,"NEARBNB":0,"NEOBNB":0,"NMRBNB":0.0008497870986020283,"OCEANBNB":0,"OGNBNB":0,"ONEBNB":0,"ONTBNB":0,"PAXGBNB":0.12350965030096636,"PERLBNB":0.002530711656942796,"PROMBNB":0.0018917565628044292,"RSRBNB":0,"RUNEBNB":0.0610517698651151,"RVNBNB":0,"SANDBNB":0,"SCBNB":0,"SNXBNB":0.00883055511401308,"SOLBNB":0.005953376395058161,"SPARTABNB":0.015694720173337257,"SRMBNB":0,"STMXBNB":0,"STXBNB":0,"SUSHIBNB":0,"SWRVBNB":0,"SXPBNB":0.044262530647926346,"THETABNB":0,"TROYBNB":0,"TRXBNB":0,"UNFIBNB":0.012105179995345938,"UNIBNB":0,"VETBNB":0,"VTHOBNB":0.022969916129008356,"WABIBNB":0,"WANBNB":0,"WAVESBNB":0,"WINBNB":0,"WINGBNB":0,"WNXMBNB":0.0014586347234469437,"WRXBNB":0,"WTCBNB":0,"XLMBNB":0,"XMRBNB":0,"XRPBNB":0.03479745568238609,"XTZBNB":0,"XVSBNB":0,"YFIBNB":0,"YFIIBNB":0,"ZECBNB":0,"ZENBNB":0,"ZILBNB":0},"numerosità_campione":114,"expected_return":0.0005973173829201028,"standard_deviation":0.002522511275033328,"sharpe_ratio":0.23679473262699727}