{"weights":{"AAVEBNB":0,"ADABNB":0.022858550784694648,"ALGOBNB":0,"ALPHABNB":0.014661275617765703,"ANKRBNB":0,"ANTBNB":0.01586362248757683,"ARBNB":0.0005543850164731889,"ARPABNB":0.0139717275006511,"ATOMBNB":0,"AVABNB":0,"AVAXBNB":0,"AXSBNB":0,"BAKEBNB":0,"BANDBNB":0.003592712605461591,"BATBNB":0,"BCHBNB":0,"BELBNB":0,"BIFIBNB":0.04674250318043479,"BLZBNB":0,"BTTBNB":0,"BURGERBNB":0.00933750575611389,"CAKEBNB":0.3522950611351839,"CELRBNB":0,"CHRBNB":0,"CHZBNB":0,"COCOSBNB":0,"COSBNB":0.016240401724920854,"COTIBNB":0,"CREAMBNB":0.027237800452300065,"CRVBNB":0.003178545900108242,"CTKBNB":0,"CTSIBNB":0.020402912501531395,"DASHBNB":0,"DGBBNB":0,"DIABNB":0,"DOTBNB":0,"EGLDBNB":0,"ENJBNB":0,"EOSBNB":0,"ETCBNB":0,"FETBNB":0.01411091652901583,"FILBNB":0.008788487602513023,"FIOBNB":0,"FTMBNB":0,"FTTBNB":0.08772866818806023,"HARDBNB":0.010131078404917497,"HBARBNB":0,"HOTBNB":0,"ICPBNB":0,"ICXBNB":0,"INJBNB":0.018119458898409928,"IOSTBNB":0,"IOTABNB":0,"IQBNB":0.003185948731180846,"JSTBNB":0,"KAVABNB":0.014018136226421203,"KP3RBNB":0.003088378186075824,"KSMBNB":0,"LPTBNB":0,"LTCBNB":0,"LUNABNB":0,"MASKBNB":0.010964748055131781,"MATICBNB":0,"MBLBNB":0,"MDXBNB":0.007737952124771869,"MFTBNB":0.001321242566955432,"MITHBNB":0,"MKRBNB":0,"NEARBNB":0,"NEOBNB":0,"NMRBNB":0.008534387710268793,"OCEANBNB":0.018328146745337986,"OGNBNB":0,"ONEBNB":0,"ONTBNB":0,"PAXGBNB":0.01723033453432089,"PERLBNB":0,"POLSBNB":0,"PROMBNB":0,"RSRBNB":0,"RUNEBNB":0,"RVNBNB":0,"SANDBNB":0,"SCBNB":0,"SNXBNB":0,"SOLBNB":0,"SPARTABNB":0.031226021661570836,"SRMBNB":0,"STMXBNB":0,"STXBNB":0,"SUSHIBNB":0,"SWRVBNB":0,"SXPBNB":0.017040703953730574,"THETABNB":0,"TROYBNB":0,"TRXBNB":0.07635649621799653,"UNFIBNB":0,"UNIBNB":0,"VETBNB":0.019516117064207788,"VTHOBNB":0,"WABIBNB":0.006335464815037425,"WANBNB":0,"WAVESBNB":0,"WINBNB":0,"WINGBNB":0,"WNXMBNB":0.02810836188676225,"WRXBNB":0,"WTCBNB":0,"XLMBNB":0,"XMRBNB":0,"XRPBNB":0.0005440221468642634,"XTZBNB":0.010175011842376182,"XVSBNB":0.03551756795484438,"YFIBNB":0,"YFIIBNB":0.004955343290012539,"ZECBNB":0,"ZENBNB":0,"ZILBNB":0},"numerosità_campione":633,"expected_return":-0.000015289329394309838,"standard_deviation":0.0026609368948464435,"sharpe_ratio":-0.0057458444143945585}