{"weights":{"AAVEBNB":0,"ADABNB":0.017194841807722242,"ALGOBNB":0,"ALPHABNB":0,"ANKRBNB":0,"ANTBNB":0.016252577458299083,"ARBNB":0.010384210792302036,"ARPABNB":0.032660996423412955,"ATOMBNB":0,"AVABNB":0,"AVAXBNB":0,"AXSBNB":0,"BAKEBNB":0,"BANDBNB":0.005219213953112622,"BATBNB":0,"BCHBNB":0,"BELBNB":0,"BIFIBNB":0.06818694559991412,"BLZBNB":0,"BTTBNB":0,"BURGERBNB":0.007199886355241039,"CAKEBNB":0.36795884792324673,"CELRBNB":0,"CHRBNB":0,"CHZBNB":0,"COCOSBNB":0,"COSBNB":0.03605470153448251,"COTIBNB":0,"CREAMBNB":0.05716064145574946,"CRVBNB":0.03855659198517862,"CTKBNB":0,"CTSIBNB":0,"DASHBNB":0,"DGBBNB":0,"DIABNB":0,"DOTBNB":0,"EGLDBNB":0,"ENJBNB":0,"EOSBNB":0,"ETCBNB":0,"FETBNB":0.023203852054060947,"FILBNB":0.02071962055908949,"FIOBNB":0.003746997993458347,"FTMBNB":0,"FTTBNB":0.060757988594906845,"HARDBNB":0.027311572078591743,"HBARBNB":0,"HOTBNB":0,"ICPBNB":0,"ICXBNB":0,"INJBNB":0,"IOSTBNB":0,"IOTABNB":0,"IQBNB":0.010078327753406544,"JSTBNB":0,"KAVABNB":0.017321738062982362,"KP3RBNB":0.011653691903391553,"KSMBNB":0.0430277580276936,"LPTBNB":0.0005192683410460974,"LTCBNB":0,"LUNABNB":0,"MASKBNB":0,"MATICBNB":0,"MBLBNB":0,"MDXBNB":0.01902715620097686,"MFTBNB":0.008005590350067072,"MITHBNB":0.003434907285154193,"MKRBNB":0,"NEARBNB":0,"NEOBNB":0,"NMRBNB":0.011091836608887736,"OCEANBNB":0,"OGNBNB":0,"ONEBNB":0,"ONTBNB":0,"PAXGBNB":0.030685819947296356,"PERLBNB":0,"POLSBNB":0,"PROMBNB":0,"RSRBNB":0,"RUNEBNB":0,"RVNBNB":0,"SANDBNB":0,"SCBNB":0,"SNXBNB":0,"SOLBNB":0.0042938285597993,"SPARTABNB":0.014298111106074252,"SRMBNB":0,"STMXBNB":0,"STXBNB":0,"SUSHIBNB":0,"SWRVBNB":0,"SXPBNB":0,"THETABNB":0.004302035358760349,"TROYBNB":0,"TRXBNB":0.010962842200764177,"UNFIBNB":0,"UNIBNB":0,"VETBNB":0.00486644568999725,"VTHOBNB":0,"WABIBNB":0.007638243005880545,"WANBNB":0,"WAVESBNB":0,"WINBNB":0,"WINGBNB":0,"WNXMBNB":0.006222913029052836,"WRXBNB":0,"WTCBNB":0,"XLMBNB":0,"XMRBNB":0,"XRPBNB":0,"XTZBNB":0,"XVSBNB":0,"YFIBNB":0,"YFIIBNB":0,"ZECBNB":0,"ZENBNB":0,"ZILBNB":0},"numerosità_campione":633,"expected_return":0.00018382477115522544,"standard_deviation":0.0029856200311139313,"sharpe_ratio":0.061570048847321215}