{"weights":{"AAVEBNB":0,"ADABNB":0.025436744347925762,"ALGOBNB":0,"ALPHABNB":0.007376149940355544,"ANKRBNB":0,"ANTBNB":0.016724351850568198,"ARBNB":0.003631828888451118,"ARPABNB":0.021137167658608687,"ATOMBNB":0,"AVABNB":0,"AVAXBNB":0,"AXSBNB":0,"BAKEBNB":0,"BANDBNB":0.005288569260905356,"BATBNB":0,"BCHBNB":0,"BELBNB":0,"BIFIBNB":0.05484789466420409,"BLZBNB":0,"BTTBNB":0,"BURGERBNB":0.009999158314991104,"CAKEBNB":0.36067789591626875,"CELRBNB":0,"CHRBNB":0,"CHZBNB":0,"COCOSBNB":0,"COSBNB":0.023037336664554806,"COTIBNB":0,"CREAMBNB":0.03548137628569356,"CRVBNB":0.013892424939675225,"CTKBNB":0,"CTSIBNB":0.010097236824084234,"DASHBNB":0,"DGBBNB":0,"DIABNB":0,"DOTBNB":0,"EGLDBNB":0,"ENJBNB":0,"EOSBNB":0,"ETCBNB":0,"FETBNB":0.017821727347487628,"FILBNB":0.011745632543792045,"FIOBNB":0,"FTMBNB":0,"FTTBNB":0.08423974378258882,"HARDBNB":0.015919165538967182,"HBARBNB":0,"HOTBNB":0,"ICPBNB":0,"ICXBNB":0,"INJBNB":0.0075038653240077306,"IOSTBNB":0,"IOTABNB":0,"IQBNB":0.005231540881024987,"JSTBNB":0,"KAVABNB":0.016749167695971005,"KP3RBNB":0.006511722944190087,"KSMBNB":0.013147970488093765,"LPTBNB":0,"LTCBNB":0,"LUNABNB":0,"MASKBNB":0.001422020311783511,"MATICBNB":0,"MBLBNB":0,"MDXBNB":0.011035815180546707,"MFTBNB":0.003385310543609014,"MITHBNB":0,"MKRBNB":0,"NEARBNB":0,"NEOBNB":0,"NMRBNB":0.009546985440955622,"OCEANBNB":0.012116796569188869,"OGNBNB":0,"ONEBNB":0,"ONTBNB":0,"PAXGBNB":0.018015842534825063,"PERLBNB":0,"POLSBNB":0,"PROMBNB":0,"RSRBNB":0,"RUNEBNB":0,"RVNBNB":0,"SANDBNB":0,"SCBNB":0,"SNXBNB":0,"SOLBNB":0,"SPARTABNB":0.026475156714763515,"SRMBNB":0,"STMXBNB":0,"STXBNB":0,"SUSHIBNB":0,"SWRVBNB":0,"SXPBNB":0.003914103931254938,"THETABNB":0,"TROYBNB":0,"TRXBNB":0.06668899723612497,"UNFIBNB":0,"UNIBNB":0,"VETBNB":0.016732000475618597,"VTHOBNB":0,"WABIBNB":0.00914048446482356,"WANBNB":0,"WAVESBNB":0,"WINBNB":0,"WINGBNB":0,"WNXMBNB":0.022516207680448125,"WRXBNB":0,"WTCBNB":0,"XLMBNB":0,"XMRBNB":0,"XRPBNB":0,"XTZBNB":0.008381362554364042,"XVSBNB":0.02008298416103106,"YFIBNB":0,"YFIIBNB":0.004047260098252891,"ZECBNB":0,"ZENBNB":0,"ZILBNB":0},"numerosità_campione":633,"expected_return":0.00005440060579802753,"standard_deviation":0.0027238409419208303,"sharpe_ratio":0.019972020010707622}