{"weights":{"AAVEBNB":0,"ADABNB":0.014771307683960226,"ALGOBNB":0,"ALPHABNB":0,"ANKRBNB":0,"ANTBNB":0.016528742525864296,"ARBNB":0.011166901631522771,"ARPABNB":0.03265089832507742,"ATOMBNB":0,"AVABNB":0,"AVAXBNB":0,"AXSBNB":0,"BAKEBNB":0,"BANDBNB":0.006967171619844765,"BATBNB":0,"BCHBNB":0,"BELBNB":0,"BIFIBNB":0.06980922647611049,"BLZBNB":0,"BTTBNB":0,"BURGERBNB":0.0075151959367214,"CAKEBNB":0.36801018363122506,"CELRBNB":0,"CHRBNB":0,"CHZBNB":0,"COCOSBNB":0,"COSBNB":0.04016137583177175,"COTIBNB":0,"CREAMBNB":0.057168761894518055,"CRVBNB":0.03786236169500575,"CTKBNB":0,"CTSIBNB":0,"DASHBNB":0,"DGBBNB":0,"DIABNB":0,"DOTBNB":0,"EGLDBNB":0,"ENJBNB":0,"EOSBNB":0,"ETCBNB":0,"FETBNB":0.022720699702734704,"FILBNB":0.01965170430054329,"FIOBNB":0.0009610487953536891,"FTMBNB":0,"FTTBNB":0.06532662158557558,"HARDBNB":0.02531290588404382,"HBARBNB":0,"HOTBNB":0,"ICPBNB":0,"ICXBNB":0,"INJBNB":0,"IOSTBNB":0,"IOTABNB":0,"IQBNB":0.009492573956928384,"JSTBNB":0,"KAVABNB":0.018253326858603237,"KP3RBNB":0.011897790274819998,"KSMBNB":0.039978504816331396,"LPTBNB":0.0003911645093663615,"LTCBNB":0,"LUNABNB":0,"MASKBNB":0,"MATICBNB":0,"MBLBNB":0,"MDXBNB":0.01817479884801787,"MFTBNB":0.007721419610704489,"MITHBNB":0.0031572008647166917,"MKRBNB":0,"NEARBNB":0,"NEOBNB":0,"NMRBNB":0.011026282465019651,"OCEANBNB":0,"OGNBNB":0,"ONEBNB":0,"ONTBNB":0,"PAXGBNB":0.026189161492408602,"PERLBNB":0,"POLSBNB":0,"PROMBNB":0,"RSRBNB":0,"RUNEBNB":0,"RVNBNB":0,"SANDBNB":0,"SCBNB":0,"SNXBNB":0,"SOLBNB":0.00008409026086503123,"SPARTABNB":0.014701402772203798,"SRMBNB":0,"STMXBNB":0,"STXBNB":0,"SUSHIBNB":0,"SWRVBNB":0,"SXPBNB":0,"THETABNB":0.0057758395275598,"TROYBNB":0,"TRXBNB":0.01516391009262006,"UNFIBNB":0,"UNIBNB":0,"VETBNB":0.00627974041923086,"VTHOBNB":0,"WABIBNB":0.00797736721684378,"WANBNB":0,"WAVESBNB":0,"WINBNB":0,"WINGBNB":0,"WNXMBNB":0.007150318493886995,"WRXBNB":0,"WTCBNB":0,"XLMBNB":0,"XMRBNB":0,"XRPBNB":0,"XTZBNB":0,"XVSBNB":0,"YFIBNB":0,"YFIIBNB":0,"ZECBNB":0,"ZENBNB":0,"ZILBNB":0},"numerosità_campione":630,"expected_return":0.00016990447676637819,"standard_deviation":0.0029559103485806773,"sharpe_ratio":0.05747957709473843}