{"weights":{"AAVEBNB":0.025153612299167065,"ADABNB":0.004347272654258243,"ALGOBNB":0,"ALPHABNB":0,"ANKRBNB":0,"ANTBNB":0.022697236149154372,"ARBNB":0,"ARPABNB":0,"ATOMBNB":0,"AVABNB":0.02490766843047028,"AVAXBNB":0,"AXSBNB":0,"BAKEBNB":0.02043821078126071,"BANDBNB":0,"BATBNB":0,"BCHBNB":0,"BELBNB":0,"BIFIBNB":0.028428017293973852,"BLZBNB":0.015338143176692253,"BTTBNB":0.06285420443532252,"BURGERBNB":0,"CAKEBNB":0.24079274213244342,"CELRBNB":0.019384906874274514,"CHRBNB":0,"CHZBNB":0.006792818309840868,"COCOSBNB":0,"COSBNB":0,"COTIBNB":0,"CREAMBNB":0.015289256891803712,"CRVBNB":0,"CTKBNB":0,"CTSIBNB":0,"DASHBNB":0,"DGBBNB":0,"DIABNB":0,"DOTBNB":0.02009375806255175,"EGLDBNB":0,"ENJBNB":0,"EOSBNB":0,"ETCBNB":0,"FETBNB":0,"FILBNB":0,"FIOBNB":0,"FTMBNB":0,"FTTBNB":0.03907985355938787,"HARDBNB":0,"HBARBNB":0,"HOTBNB":0,"ICPBNB":0,"ICXBNB":0,"INJBNB":0.003481017267349492,"IOSTBNB":0,"IOTABNB":0,"IQBNB":0.0013156671665246129,"JSTBNB":0,"KAVABNB":0,"KP3RBNB":0.0381540149892664,"KSMBNB":0,"LTCBNB":0,"LUNABNB":0,"MATICBNB":0.028458317369466038,"MBLBNB":0,"MFTBNB":0,"MITHBNB":0,"MKRBNB":0.01791062764940806,"NEARBNB":0,"NEOBNB":0,"NMRBNB":0.0017398613534746524,"OCEANBNB":0,"OGNBNB":0,"ONEBNB":0,"ONTBNB":0,"PAXGBNB":0.13241098303284754,"PERLBNB":0.0017186283897082783,"PROMBNB":0.0004619420434314984,"RSRBNB":0,"RUNEBNB":0.06544599376846089,"RVNBNB":0,"SANDBNB":0,"SCBNB":0,"SNXBNB":0.015652227917617993,"SOLBNB":0.012066190565224857,"SPARTABNB":0.0156337336648849,"SRMBNB":0,"STMXBNB":0,"STXBNB":0,"SUSHIBNB":0,"SWRVBNB":0,"SXPBNB":0.04409328848160936,"THETABNB":0,"TROYBNB":0,"TRXBNB":0,"UNFIBNB":0.011267089578438584,"UNIBNB":0,"VETBNB":0,"VTHOBNB":0.016707616482021726,"WABIBNB":0,"WANBNB":0,"WAVESBNB":0,"WINBNB":0,"WINGBNB":0,"WNXMBNB":0.0007061253245968466,"WRXBNB":0,"WTCBNB":0,"XLMBNB":0,"XMRBNB":0,"XRPBNB":0.047178973905066875,"XTZBNB":0,"XVSBNB":0,"YFIBNB":0,"YFIIBNB":0,"ZECBNB":0,"ZENBNB":0,"ZILBNB":0},"numerosità_campione":114,"expected_return":0.0007204453935326189,"standard_deviation":0.002653790528215149,"sharpe_ratio":0.27147786755315856}