{"weights":{"AAVEBNB":0,"ADABNB":0.021673980238040513,"ALGOBNB":0,"ALPHABNB":0.011076579245115487,"ANKRBNB":0,"ANTBNB":0.016413475770901687,"ARBNB":0.002853629596545602,"ARPABNB":0.019233186882630073,"ATOMBNB":0,"AVABNB":0,"AVAXBNB":0,"AXSBNB":0,"BAKEBNB":0,"BANDBNB":0.004557028338826578,"BATBNB":0,"BCHBNB":0,"BELBNB":0,"BIFIBNB":0.0517869575228313,"BLZBNB":0,"BTTBNB":0,"BURGERBNB":0.009877782845606217,"CAKEBNB":0.3572611516283673,"CELRBNB":0,"CHRBNB":0,"CHZBNB":0,"COCOSBNB":0,"COSBNB":0.021362905893161387,"COTIBNB":0,"CREAMBNB":0.031698451846904396,"CRVBNB":0.008930544130235545,"CTKBNB":0,"CTSIBNB":0.014529030558760687,"DASHBNB":0,"DGBBNB":0,"DIABNB":0,"DOTBNB":0,"EGLDBNB":0,"ENJBNB":0,"EOSBNB":0,"ETCBNB":0,"FETBNB":0.015684272006026113,"FILBNB":0.01002678711653338,"FIOBNB":0,"FTMBNB":0,"FTTBNB":0.090345206657652,"HARDBNB":0.013184773634696287,"HBARBNB":0,"HOTBNB":0,"ICPBNB":0,"ICXBNB":0,"INJBNB":0.009392163398780223,"IOSTBNB":0,"IOTABNB":0,"IQBNB":0.00398918111487215,"JSTBNB":0,"KAVABNB":0.015624262901867256,"KP3RBNB":0.005244384106474917,"KSMBNB":0.006134056544817836,"LPTBNB":0,"LTCBNB":0,"LUNABNB":0,"MASKBNB":0.006292223943987329,"MATICBNB":0,"MBLBNB":0,"MDXBNB":0.00950377156961007,"MFTBNB":0.0025559851786952155,"MITHBNB":0,"MKRBNB":0,"NEARBNB":0,"NEOBNB":0,"NMRBNB":0.008943556919687057,"OCEANBNB":0.016318580090168545,"OGNBNB":0,"ONEBNB":0,"ONTBNB":0,"PAXGBNB":0.014493369570381448,"PERLBNB":0,"POLSBNB":0,"PROMBNB":0,"RSRBNB":0,"RUNEBNB":0,"RVNBNB":0,"SANDBNB":0,"SCBNB":0,"SNXBNB":0,"SOLBNB":0,"SPARTABNB":0.02812447557882857,"SRMBNB":0,"STMXBNB":0,"STXBNB":0,"SUSHIBNB":0,"SWRVBNB":0,"SXPBNB":0.009641714733776424,"THETABNB":0,"TROYBNB":0,"TRXBNB":0.0733221867591695,"UNFIBNB":0,"UNIBNB":0,"VETBNB":0.017693572668148732,"VTHOBNB":0,"WABIBNB":0.007917738775902397,"WANBNB":0,"WAVESBNB":0,"WINBNB":0,"WINGBNB":0,"WNXMBNB":0.02524265945598428,"WRXBNB":0,"WTCBNB":0,"XLMBNB":0,"XMRBNB":0,"XRPBNB":0,"XTZBNB":0.007934830633092119,"XVSBNB":0.02682887894831775,"YFIBNB":0,"YFIIBNB":0.004306663194603609,"ZECBNB":0,"ZENBNB":0,"ZILBNB":0},"numerosità_campione":630,"expected_return":0.000019844052086640002,"standard_deviation":0.0026894942727289156,"sharpe_ratio":0.007378358187208589}