{"weights":{"AAVEBNB":0,"ADABNB":0.02335112470548587,"ALGOBNB":0,"ALPHABNB":0.013637579443734327,"ANKRBNB":0,"ANTBNB":0.015991222393857217,"ARBNB":0.0010231177089649371,"ARPABNB":0.015103827099745358,"ATOMBNB":0,"AVABNB":0,"AVAXBNB":0,"AXSBNB":0,"BAKEBNB":0,"BANDBNB":0.0038432338590521993,"BATBNB":0,"BCHBNB":0,"BELBNB":0,"BIFIBNB":0.04797799319412373,"BLZBNB":0,"BTTBNB":0,"BURGERBNB":0.00943561582959669,"CAKEBNB":0.35356686019697203,"CELRBNB":0,"CHRBNB":0,"CHZBNB":0,"COCOSBNB":0,"COSBNB":0.017286692778810786,"COTIBNB":0,"CREAMBNB":0.028445639916179648,"CRVBNB":0.004883007426754111,"CTKBNB":0,"CTSIBNB":0.018875949634633387,"DASHBNB":0,"DGBBNB":0,"DIABNB":0,"DOTBNB":0,"EGLDBNB":0,"ENJBNB":0,"EOSBNB":0,"ETCBNB":0,"FETBNB":0.014701181074083603,"FILBNB":0.00923018881783206,"FIOBNB":0,"FTMBNB":0,"FTTBNB":0.08706702511798511,"HARDBNB":0.011006801672416635,"HBARBNB":0,"HOTBNB":0,"ICPBNB":0,"ICXBNB":0,"INJBNB":0.016491509005414,"IOSTBNB":0,"IOTABNB":0,"IQBNB":0.003491791153575389,"JSTBNB":0,"KAVABNB":0.014470953512437828,"KP3RBNB":0.0036131371367582035,"KSMBNB":0.0012657071358054912,"LPTBNB":0,"LTCBNB":0,"LUNABNB":0,"MASKBNB":0.009505871399015733,"MATICBNB":0,"MBLBNB":0,"MDXBNB":0.008246489930107717,"MFTBNB":0.001635774094975563,"MITHBNB":0,"MKRBNB":0,"NEARBNB":0,"NEOBNB":0,"NMRBNB":0.008712410095006843,"OCEANBNB":0.01740808519519979,"OGNBNB":0,"ONEBNB":0,"ONTBNB":0,"PAXGBNB":0.017348579305997168,"PERLBNB":0,"POLSBNB":0,"PROMBNB":0,"RSRBNB":0,"RUNEBNB":0,"RVNBNB":0,"SANDBNB":0,"SCBNB":0,"SNXBNB":0,"SOLBNB":0,"SPARTABNB":0.030529937994336908,"SRMBNB":0,"STMXBNB":0,"STXBNB":0,"SUSHIBNB":0,"SWRVBNB":0,"SXPBNB":0.015136767579685594,"THETABNB":0,"TROYBNB":0,"TRXBNB":0.07486255785891183,"UNFIBNB":0,"UNIBNB":0,"VETBNB":0.019203355411303812,"VTHOBNB":0,"WABIBNB":0.006833640196091625,"WANBNB":0,"WAVESBNB":0,"WINBNB":0,"WINGBNB":0,"WNXMBNB":0.027313622091245004,"WRXBNB":0,"WTCBNB":0,"XLMBNB":0,"XMRBNB":0,"XRPBNB":0.00040544656867285095,"XTZBNB":0.009983871716366924,"XVSBNB":0.03326186215099309,"YFIBNB":0,"YFIIBNB":0.004851569597871069,"ZECBNB":0,"ZENBNB":0,"ZILBNB":0},"numerosità_campione":633,"expected_return":-0.000005333624366833055,"standard_deviation":0.002666693082770612,"sharpe_ratio":-0.002000089324599584}