{"weights":{"AAVEBNB":0,"ADABNB":0.025822429045239507,"ALGOBNB":0,"ALPHABNB":0.002827281752529446,"ANKRBNB":0,"ANTBNB":0.017199267869981466,"ARBNB":0.005443929039956872,"ARPABNB":0.025013526314949144,"ATOMBNB":0,"AVABNB":0,"AVAXBNB":0,"AXSBNB":0,"BAKEBNB":0,"BANDBNB":0.006004906697594232,"BATBNB":0,"BCHBNB":0,"BELBNB":0,"BIFIBNB":0.05911444116735913,"BLZBNB":0,"BTTBNB":0,"BURGERBNB":0.010014149616613685,"CAKEBNB":0.3657904537491302,"CELRBNB":0,"CHRBNB":0,"CHZBNB":0,"COCOSBNB":0,"COSBNB":0.02698576800078918,"COTIBNB":0,"CREAMBNB":0.040759111251805424,"CRVBNB":0.02035201185219904,"CTKBNB":0,"CTSIBNB":0.0034653739089224984,"DASHBNB":0,"DGBBNB":0,"DIABNB":0,"DOTBNB":0,"EGLDBNB":0,"ENJBNB":0,"EOSBNB":0,"ETCBNB":0,"FETBNB":0.020068529666773582,"FILBNB":0.013634325940304639,"FIOBNB":0,"FTMBNB":0,"FTTBNB":0.08150569638768311,"HARDBNB":0.019343425336590062,"HBARBNB":0,"HOTBNB":0,"ICPBNB":0,"ICXBNB":0,"INJBNB":0.001090904501369642,"IOSTBNB":0,"IOTABNB":0,"IQBNB":0.0064998539483092505,"JSTBNB":0,"KAVABNB":0.01809472456061286,"KP3RBNB":0.008411680193758403,"KSMBNB":0.021584327955582502,"LPTBNB":0,"LTCBNB":0,"LUNABNB":0,"MASKBNB":0,"MATICBNB":0,"MBLBNB":0,"MDXBNB":0.013363485725203421,"MFTBNB":0.004560686388695865,"MITHBNB":0.0007661749407771235,"MKRBNB":0,"NEARBNB":0,"NEOBNB":0,"NMRBNB":0.010115354882749176,"OCEANBNB":0.008155132895196497,"OGNBNB":0,"ONEBNB":0,"ONTBNB":0,"PAXGBNB":0.018195873627250874,"PERLBNB":0,"POLSBNB":0,"PROMBNB":0,"RSRBNB":0,"RUNEBNB":0,"RVNBNB":0,"SANDBNB":0,"SCBNB":0,"SNXBNB":0,"SOLBNB":0,"SPARTABNB":0.023619565096811998,"SRMBNB":0,"STMXBNB":0,"STXBNB":0,"SUSHIBNB":0,"SWRVBNB":0,"SXPBNB":0,"THETABNB":0,"TROYBNB":0,"TRXBNB":0.05944166384434939,"UNFIBNB":0,"UNIBNB":0,"VETBNB":0.01462385244107719,"VTHOBNB":0,"WABIBNB":0.009960137027180176,"WANBNB":0,"WAVESBNB":0,"WINBNB":0,"WINGBNB":0,"WNXMBNB":0.018965152441117135,"WRXBNB":0,"WTCBNB":0,"XLMBNB":0,"XMRBNB":0,"XRPBNB":0,"XTZBNB":0.00633119908878195,"XVSBNB":0.010007182078033961,"YFIBNB":0,"YFIIBNB":0.002868420764720986,"ZECBNB":0,"ZENBNB":0,"ZILBNB":0},"numerosità_campione":633,"expected_return":0.00009422342590793451,"standard_deviation":0.0027829367234418366,"sharpe_ratio":0.033857552388543835}