{"weights":{"AAVEBNB":0,"ADABNB":0.02405582668052718,"ALGOBNB":0,"ALPHABNB":0.01154978148476735,"ANKRBNB":0,"ANTBNB":0.0162360386534981,"ARBNB":0.0018925709188331807,"ARPABNB":0.017114085031955696,"ATOMBNB":0,"AVABNB":0,"AVAXBNB":0,"AXSBNB":0,"BAKEBNB":0,"BANDBNB":0.0043294849165801475,"BATBNB":0,"BCHBNB":0,"BELBNB":0,"BIFIBNB":0.05026838541846282,"BLZBNB":0,"BTTBNB":0,"BURGERBNB":0.009623905523241234,"CAKEBNB":0.35593913037337366,"CELRBNB":0,"CHRBNB":0,"CHZBNB":0,"COCOSBNB":0,"COSBNB":0.019203868410660144,"COTIBNB":0,"CREAMBNB":0.030790575279210634,"CRVBNB":0.00788628552677325,"CTKBNB":0,"CTSIBNB":0.01595022049347116,"DASHBNB":0,"DGBBNB":0,"DIABNB":0,"DOTBNB":0,"EGLDBNB":0,"ENJBNB":0,"EOSBNB":0,"ETCBNB":0,"FETBNB":0.0157409521326105,"FILBNB":0.010067184336960435,"FIOBNB":0,"FTMBNB":0,"FTTBNB":0.08612669065798995,"HARDBNB":0.012643764020604822,"HBARBNB":0,"HOTBNB":0,"ICPBNB":0,"ICXBNB":0,"INJBNB":0.013494665776752571,"IOSTBNB":0,"IOTABNB":0,"IQBNB":0.004071792471859862,"JSTBNB":0,"KAVABNB":0.015230595864309786,"KP3RBNB":0.004580090994066913,"KSMBNB":0.0052259936760765974,"LPTBNB":0,"LTCBNB":0,"LUNABNB":0,"MASKBNB":0.006813182203474372,"MATICBNB":0,"MBLBNB":0,"MDXBNB":0.009176992874342888,"MFTBNB":0.0022187848064043137,"MITHBNB":0,"MKRBNB":0,"NEARBNB":0,"NEOBNB":0,"NMRBNB":0.008990241757332179,"OCEANBNB":0.01564626340435038,"OGNBNB":0,"ONEBNB":0,"ONTBNB":0,"PAXGBNB":0.01756922484632161,"PERLBNB":0,"POLSBNB":0,"PROMBNB":0,"RSRBNB":0,"RUNEBNB":0,"RVNBNB":0,"SANDBNB":0,"SCBNB":0,"SNXBNB":0,"SOLBNB":0,"SPARTABNB":0.02917738439090111,"SRMBNB":0,"STMXBNB":0,"STXBNB":0,"SUSHIBNB":0,"SWRVBNB":0,"SXPBNB":0.011394853220745831,"THETABNB":0,"TROYBNB":0,"TRXBNB":0.07215928182096232,"UNFIBNB":0,"UNIBNB":0,"VETBNB":0.018381211744130446,"VTHOBNB":0,"WABIBNB":0.00760338467511636,"WANBNB":0,"WAVESBNB":0,"WINBNB":0,"WINGBNB":0,"WNXMBNB":0.025716002193242084,"WRXBNB":0,"WTCBNB":0,"XLMBNB":0,"XMRBNB":0,"XRPBNB":0.00022713744668325758,"XTZBNB":0.009449653441267272,"XVSBNB":0.028869234154861975,"YFIBNB":0,"YFIIBNB":0.0045852783772777385,"ZECBNB":0,"ZENBNB":0,"ZILBNB":0},"numerosità_campione":633,"expected_return":0.000014577785688120475,"standard_deviation":0.0026814902740194663,"sharpe_ratio":0.005436449212351179}