{"weights":{"AAVEBNB":0,"ADABNB":0.023516895559161782,"ALGOBNB":0,"ALPHABNB":0,"ANKRBNB":0,"ANTBNB":0.0171456703009386,"ARBNB":0.007907057297437802,"ARPABNB":0.029534264452472814,"ATOMBNB":0,"AVABNB":0,"AVAXBNB":0,"AXSBNB":0,"BAKEBNB":0,"BANDBNB":0.006339711960497437,"BATBNB":0,"BCHBNB":0,"BELBNB":0,"BIFIBNB":0.06388254673940415,"BLZBNB":0,"BTTBNB":0,"BURGERBNB":0.009079705056836848,"CAKEBNB":0.3689747134607148,"CELRBNB":0,"CHRBNB":0,"CHZBNB":0,"COCOSBNB":0,"COSBNB":0.031999161339661505,"COTIBNB":0,"CREAMBNB":0.04880601452518289,"CRVBNB":0.030082306012264463,"CTKBNB":0,"CTSIBNB":0,"DASHBNB":0,"DGBBNB":0,"DIABNB":0,"DOTBNB":0,"EGLDBNB":0,"ENJBNB":0,"EOSBNB":0,"ETCBNB":0,"FETBNB":0.022354819301947854,"FILBNB":0.01707237851452854,"FIOBNB":0.0015814273947557542,"FTMBNB":0,"FTTBNB":0.07332597588075693,"HARDBNB":0.023704380519920312,"HBARBNB":0,"HOTBNB":0,"ICPBNB":0,"ICXBNB":0,"INJBNB":0,"IOSTBNB":0,"IOTABNB":0,"IQBNB":0.008364708945648412,"JSTBNB":0,"KAVABNB":0.018648307441502525,"KP3RBNB":0.010500186246730249,"KSMBNB":0.033195654327510336,"LPTBNB":0.00039714060593249107,"LTCBNB":0,"LUNABNB":0,"MASKBNB":0,"MATICBNB":0,"MBLBNB":0,"MDXBNB":0.016518940463751384,"MFTBNB":0.006358457546360339,"MITHBNB":0.0022200493056296145,"MKRBNB":0,"NEARBNB":0,"NEOBNB":0,"NMRBNB":0.010627009438972544,"OCEANBNB":0.00043788232895734537,"OGNBNB":0,"ONEBNB":0,"ONTBNB":0,"PAXGBNB":0.022158381482470714,"PERLBNB":0,"POLSBNB":0,"PROMBNB":0,"RSRBNB":0,"RUNEBNB":0,"RVNBNB":0,"SANDBNB":0,"SCBNB":0,"SNXBNB":0,"SOLBNB":0,"SPARTABNB":0.018888776145340756,"SRMBNB":0,"STMXBNB":0,"STXBNB":0,"SUSHIBNB":0,"SWRVBNB":0,"SXPBNB":0,"THETABNB":0.0021536281963926316,"TROYBNB":0,"TRXBNB":0.041759205758753776,"UNFIBNB":0,"UNIBNB":0,"VETBNB":0.010309539999934773,"VTHOBNB":0,"WABIBNB":0.009056832354605651,"WANBNB":0,"WAVESBNB":0,"WINBNB":0,"WINGBNB":0,"WNXMBNB":0.013052478427086038,"WRXBNB":0,"WTCBNB":0,"XLMBNB":0,"XMRBNB":0,"XRPBNB":0,"XTZBNB":0.00004579266793763657,"XVSBNB":0,"YFIBNB":0,"YFIIBNB":0,"ZECBNB":0,"ZENBNB":0,"ZILBNB":0},"numerosità_campione":633,"expected_return":0.00014400195104531826,"standard_deviation":0.0028818093106470293,"sharpe_ratio":0.049969285099223534}