{"weights":{"AAVEBNB":0,"ADABNB":0.01725367751967387,"ALGOBNB":0,"ALPHABNB":0,"ANKRBNB":0,"ANTBNB":0.016926631368240515,"ARBNB":0.009880131603482624,"ARPABNB":0.03133943331852151,"ATOMBNB":0,"AVABNB":0,"AVAXBNB":0,"AXSBNB":0,"BAKEBNB":0,"BANDBNB":0.007166470581183129,"BATBNB":0,"BCHBNB":0,"BELBNB":0,"BIFIBNB":0.06752456384651276,"BLZBNB":0,"BTTBNB":0,"BURGERBNB":0.008474714115289725,"CAKEBNB":0.368253123859974,"CELRBNB":0,"CHRBNB":0,"CHZBNB":0,"COCOSBNB":0,"COSBNB":0.03765892928461908,"COTIBNB":0,"CREAMBNB":0.05288126988837215,"CRVBNB":0.03347903335681622,"CTKBNB":0,"CTSIBNB":0,"DASHBNB":0,"DGBBNB":0,"DIABNB":0,"DOTBNB":0,"EGLDBNB":0,"ENJBNB":0,"EOSBNB":0,"ETCBNB":0,"FETBNB":0.022190866231931665,"FILBNB":0.01783573955596441,"FIOBNB":0.000022685398577867048,"FTMBNB":0,"FTTBNB":0.0720898151602998,"HARDBNB":0.02377796143916109,"HBARBNB":0,"HOTBNB":0,"ICPBNB":0,"ICXBNB":0,"INJBNB":0,"IOSTBNB":0,"IOTABNB":0,"IQBNB":0.008610637282422375,"JSTBNB":0,"KAVABNB":0.01863480093450581,"KP3RBNB":0.011225981252916786,"KSMBNB":0.03526528675564775,"LPTBNB":0.00020009918050421324,"LTCBNB":0,"LUNABNB":0,"MASKBNB":0,"MATICBNB":0,"MBLBNB":0,"MDXBNB":0.0170290704203285,"MFTBNB":0.006911899987801307,"MITHBNB":0.0024460584040696034,"MKRBNB":0,"NEARBNB":0,"NEOBNB":0,"NMRBNB":0.010784493797834088,"OCEANBNB":0.00048661059353025045,"OGNBNB":0,"ONEBNB":0,"ONTBNB":0,"PAXGBNB":0.021904080374661503,"PERLBNB":0,"POLSBNB":0,"PROMBNB":0,"RSRBNB":0,"RUNEBNB":0,"RVNBNB":0,"SANDBNB":0,"SCBNB":0,"SNXBNB":0,"SOLBNB":0,"SPARTABNB":0.01701497743819689,"SRMBNB":0,"STMXBNB":0,"STXBNB":0,"SUSHIBNB":0,"SWRVBNB":0,"SXPBNB":0,"THETABNB":0.004319504310785983,"TROYBNB":0,"TRXBNB":0.030844148481349143,"UNFIBNB":0,"UNIBNB":0,"VETBNB":0.008472587789264758,"VTHOBNB":0,"WABIBNB":0.008703027241892933,"WANBNB":0,"WAVESBNB":0,"WINBNB":0,"WINGBNB":0,"WNXMBNB":0.01039168922566774,"WRXBNB":0,"WTCBNB":0,"XLMBNB":0,"XMRBNB":0,"XRPBNB":0,"XTZBNB":0,"XVSBNB":0,"YFIBNB":0,"YFIIBNB":0,"ZECBNB":0,"ZENBNB":0,"ZILBNB":0},"numerosità_campione":630,"expected_return":0.00015114692368141093,"standard_deviation":0.002905911720240274,"sharpe_ratio":0.052013597876577417}