{"weights":{"AAVEBNB":0,"ADABNB":0.02286665272607801,"ALGOBNB":0,"ALPHABNB":0.006493337038182672,"ANKRBNB":0,"ANTBNB":0.016952754740545566,"ARBNB":0.005174583449961585,"ARPABNB":0.02384057985636868,"ATOMBNB":0,"AVABNB":0,"AVAXBNB":0,"AXSBNB":0,"BAKEBNB":0,"BANDBNB":0.005882437882699986,"BATBNB":0,"BCHBNB":0,"BELBNB":0,"BIFIBNB":0.057687897806640805,"BLZBNB":0,"BTTBNB":0,"BURGERBNB":0.010393647062672165,"CAKEBNB":0.3630928977286025,"CELRBNB":0,"CHRBNB":0,"CHZBNB":0,"COCOSBNB":0,"COSBNB":0.026890616233183492,"COTIBNB":0,"CREAMBNB":0.03749089037863659,"CRVBNB":0.01606921464208953,"CTKBNB":0,"CTSIBNB":0.007491560743648773,"DASHBNB":0,"DGBBNB":0,"DIABNB":0,"DOTBNB":0,"EGLDBNB":0,"ENJBNB":0,"EOSBNB":0,"ETCBNB":0,"FETBNB":0.018132752583196323,"FILBNB":0.012067265077940663,"FIOBNB":0,"FTMBNB":0,"FTTBNB":0.08818938394369644,"HARDBNB":0.01681109034372147,"HBARBNB":0,"HOTBNB":0,"ICPBNB":0,"ICXBNB":0,"INJBNB":0.0011362910971483367,"IOSTBNB":0,"IOTABNB":0,"IQBNB":0.0053207717035225555,"JSTBNB":0,"KAVABNB":0.017532723785523594,"KP3RBNB":0.007650190756903029,"KSMBNB":0.015219805708181319,"LPTBNB":0,"LTCBNB":0,"LUNABNB":0,"MASKBNB":0.0001301194477836287,"MATICBNB":0,"MBLBNB":0,"MDXBNB":0.011630684599413825,"MFTBNB":0.003947298187566289,"MITHBNB":0,"MKRBNB":0,"NEARBNB":0,"NEOBNB":0,"NMRBNB":0.009600182478597195,"OCEANBNB":0.012860262320652724,"OGNBNB":0,"ONEBNB":0,"ONTBNB":0,"PAXGBNB":0.01455722814788247,"PERLBNB":0,"POLSBNB":0,"PROMBNB":0,"RSRBNB":0,"RUNEBNB":0,"RVNBNB":0,"SANDBNB":0,"SCBNB":0,"SNXBNB":0,"SOLBNB":0,"SPARTABNB":0.024843796325915272,"SRMBNB":0,"STMXBNB":0,"STXBNB":0,"SUSHIBNB":0,"SWRVBNB":0,"SXPBNB":0.0011732013676287057,"THETABNB":0,"TROYBNB":0,"TRXBNB":0.06621135587787218,"UNFIBNB":0,"UNIBNB":0,"VETBNB":0.015740745028558566,"VTHOBNB":0,"WABIBNB":0.009611393518163813,"WANBNB":0,"WAVESBNB":0,"WINBNB":0,"WINGBNB":0,"WNXMBNB":0.021504522850853486,"WRXBNB":0,"WTCBNB":0,"XLMBNB":0,"XMRBNB":0,"XRPBNB":0,"XTZBNB":0.006332434239754981,"XVSBNB":0.01593750794727679,"YFIBNB":0,"YFIIBNB":0.003531922372936055,"ZECBNB":0,"ZENBNB":0,"ZILBNB":0},"numerosità_campione":630,"expected_return":0.00006673793479905817,"standard_deviation":0.0027438414472829337,"sharpe_ratio":0.024322810221102557}