{"weights":{"AAVEBNB":0,"ADABNB":0.02584756660833772,"ALGOBNB":0,"ALPHABNB":0.0040574872326387046,"ANKRBNB":0,"ANTBNB":0.01709056486229095,"ARBNB":0.004986216129297733,"ARPABNB":0.02407615097292497,"ATOMBNB":0,"AVABNB":0,"AVAXBNB":0,"AXSBNB":0,"BAKEBNB":0,"BANDBNB":0.005842312080324752,"BATBNB":0,"BCHBNB":0,"BELBNB":0,"BIFIBNB":0.05808198453068261,"BLZBNB":0,"BTTBNB":0,"BURGERBNB":0.010067924034353597,"CAKEBNB":0.36447070951643157,"CELRBNB":0,"CHRBNB":0,"CHZBNB":0,"COCOSBNB":0,"COSBNB":0.026017695622621018,"COTIBNB":0,"CREAMBNB":0.03935761765275588,"CRVBNB":0.018701683189913873,"CTKBNB":0,"CTSIBNB":0.0052367363375421475,"DASHBNB":0,"DGBBNB":0,"DIABNB":0,"DOTBNB":0,"EGLDBNB":0,"ENJBNB":0,"EOSBNB":0,"ETCBNB":0,"FETBNB":0.01950337800707468,"FILBNB":0.013156007059354926,"FIOBNB":0,"FTMBNB":0,"FTTBNB":0.08237310461523702,"HARDBNB":0.018473221689386622,"HBARBNB":0,"HOTBNB":0,"ICPBNB":0,"ICXBNB":0,"INJBNB":0.0027365539604805693,"IOSTBNB":0,"IOTABNB":0,"IQBNB":0.006173357232533452,"JSTBNB":0,"KAVABNB":0.017833477446119628,"KP3RBNB":0.007944695096537696,"KSMBNB":0.01943680306133332,"LPTBNB":0,"LTCBNB":0,"LUNABNB":0,"MASKBNB":0,"MATICBNB":0,"MBLBNB":0,"MDXBNB":0.012729948441138155,"MFTBNB":0.004261637317342859,"MITHBNB":0.000420437708322071,"MKRBNB":0,"NEARBNB":0,"NEOBNB":0,"NMRBNB":0.009965273734720382,"OCEANBNB":0.009233762836233832,"OGNBNB":0,"ONEBNB":0,"ONTBNB":0,"PAXGBNB":0.018082217268898016,"PERLBNB":0,"POLSBNB":0,"PROMBNB":0,"RSRBNB":0,"RUNEBNB":0,"RVNBNB":0,"SANDBNB":0,"SCBNB":0,"SNXBNB":0,"SOLBNB":0,"SPARTABNB":0.02434219775193496,"SRMBNB":0,"STMXBNB":0,"STXBNB":0,"SUSHIBNB":0,"SWRVBNB":0,"SXPBNB":0,"THETABNB":0,"TROYBNB":0,"TRXBNB":0.06153437347835761,"UNFIBNB":0,"UNIBNB":0,"VETBNB":0.01519468725877118,"VTHOBNB":0,"WABIBNB":0.009874905011147683,"WANBNB":0,"WAVESBNB":0,"WINBNB":0,"WINGBNB":0,"WNXMBNB":0.01988022596111062,"WRXBNB":0,"WTCBNB":0,"XLMBNB":0,"XMRBNB":0,"XRPBNB":0,"XTZBNB":0.007039362017763326,"XVSBNB":0.012708119315421292,"YFIBNB":0,"YFIIBNB":0.003267604960664461,"ZECBNB":0,"ZENBNB":0,"ZILBNB":0},"numerosità_campione":633,"expected_return":0.00008426772088045781,"standard_deviation":0.002766544145725771,"sharpe_ratio":0.03045956125827558}