{"weights":{"AAVEBNB":0,"ADABNB":0.011663034497307578,"ALGOBNB":0,"ALPHABNB":0,"ANKRBNB":0,"ANTBNB":0.01600642914887132,"ARBNB":0.012415728752255379,"ARPABNB":0.03367207418170613,"ATOMBNB":0,"AVABNB":0,"AVAXBNB":0,"AXSBNB":0,"BAKEBNB":0,"BANDBNB":0.0065997338734016435,"BATBNB":0,"BCHBNB":0,"BELBNB":0,"BIFIBNB":0.07215561099117043,"BLZBNB":0,"BTTBNB":0,"BURGERBNB":0.0066213778037051765,"CAKEBNB":0.36739325637537057,"CELRBNB":0,"CHRBNB":0,"CHZBNB":0,"COCOSBNB":0,"COSBNB":0.04249824164426469,"COTIBNB":0,"CREAMBNB":0.06119795401614975,"CRVBNB":0.04176671373764176,"CTKBNB":0,"CTSIBNB":0,"DASHBNB":0,"DGBBNB":0,"DIABNB":0,"DOTBNB":0,"EGLDBNB":0,"ENJBNB":0,"EOSBNB":0,"ETCBNB":0,"FETBNB":0.023062098463810615,"FILBNB":0.02143906200736841,"FIOBNB":0.0019108915077338643,"FTMBNB":0,"FTTBNB":0.05861937035631991,"HARDBNB":0.026598588174493062,"HBARBNB":0,"HOTBNB":0,"ICPBNB":0,"ICXBNB":0,"INJBNB":0,"IOSTBNB":0,"IOTABNB":0,"IQBNB":0.01031331589446452,"JSTBNB":0,"KAVABNB":0.017800425103169447,"KP3RBNB":0.012456700279971577,"KSMBNB":0.04423233494273918,"LPTBNB":0.0004995158654142655,"LTCBNB":0,"LUNABNB":0,"MASKBNB":0,"MATICBNB":0,"MBLBNB":0,"MDXBNB":0.019218449096001622,"MFTBNB":0.008441826537000987,"MITHBNB":0.0037576159533265264,"MKRBNB":0,"NEARBNB":0,"NEOBNB":0,"NMRBNB":0.011266886136235887,"OCEANBNB":0,"OGNBNB":0,"ONEBNB":0,"ONTBNB":0,"PAXGBNB":0.030475030248027574,"PERLBNB":0,"POLSBNB":0,"PROMBNB":0,"RSRBNB":0,"RUNEBNB":0,"RVNBNB":0,"SANDBNB":0,"SCBNB":0,"SNXBNB":0,"SOLBNB":0.003629048417271822,"SPARTABNB":0.012696025884199066,"SRMBNB":0,"STMXBNB":0,"STXBNB":0,"SUSHIBNB":0,"SWRVBNB":0,"SXPBNB":0,"THETABNB":0.006834411981756745,"TROYBNB":0,"TRXBNB":0.000047225912062523,"UNFIBNB":0,"UNIBNB":0,"VETBNB":0.003633479906430469,"VTHOBNB":0,"WABIBNB":0.00714203189048685,"WANBNB":0,"WAVESBNB":0,"WINBNB":0,"WINGBNB":0,"WNXMBNB":0.003935510419870314,"WRXBNB":0,"WTCBNB":0,"XLMBNB":0,"XMRBNB":0,"XRPBNB":0,"XTZBNB":0,"XVSBNB":0,"YFIBNB":0,"YFIIBNB":0,"ZECBNB":0,"ZENBNB":0,"ZILBNB":0},"numerosità_campione":630,"expected_return":0.00018866202985134539,"standard_deviation":0.0030109497076306387,"sharpe_ratio":0.06265864533479915}