{"weights":{"AAVEBNB":0.03193102365479524,"ADABNB":0.005296080543755764,"ALGOBNB":0,"ALPHABNB":0,"ANKRBNB":0,"ANTBNB":0.015902526611227954,"ARBNB":0,"ARPABNB":0,"ATOMBNB":0,"AVABNB":0.020760429008371394,"AVAXBNB":0,"AXSBNB":0,"BAKEBNB":0.021604194616128117,"BANDBNB":0,"BATBNB":0,"BCHBNB":0,"BELBNB":0,"BIFIBNB":0.02858385820495829,"BLZBNB":0.018818277662599053,"BTTBNB":0.04017328410666298,"BURGERBNB":0,"CAKEBNB":0.23621921027903392,"CELRBNB":0.023448122999910292,"CHRBNB":0,"CHZBNB":0.006375631499238971,"COCOSBNB":0,"COSBNB":0,"COTIBNB":0,"CREAMBNB":0.01726628513914566,"CRVBNB":0,"CTKBNB":0,"CTSIBNB":0,"DASHBNB":0,"DGBBNB":0,"DIABNB":0,"DOTBNB":0.016392625680102007,"EGLDBNB":0,"ENJBNB":0,"EOSBNB":0,"ETCBNB":0,"FETBNB":0,"FILBNB":0,"FIOBNB":0,"FTMBNB":0,"FTTBNB":0.023771552939501436,"HARDBNB":0,"HBARBNB":0,"HOTBNB":0,"ICPBNB":0,"ICXBNB":0,"INJBNB":0.004403000610023017,"IOSTBNB":0,"IOTABNB":0,"IQBNB":0.00424962244887854,"JSTBNB":0,"KAVABNB":0,"KP3RBNB":0.038842727928456555,"KSMBNB":0,"LTCBNB":0,"LUNABNB":0,"MATICBNB":0.0353652121685765,"MBLBNB":0,"MFTBNB":0,"MITHBNB":0,"MKRBNB":0.015993051329504307,"NEARBNB":0,"NEOBNB":0,"NMRBNB":0.0028985786403647154,"OCEANBNB":0,"OGNBNB":0,"ONEBNB":0.002017135698880723,"ONTBNB":0,"PAXGBNB":0.14077020284337902,"PERLBNB":0.00009887859983763082,"PROMBNB":0,"RSRBNB":0,"RUNEBNB":0.06816187384723858,"RVNBNB":0,"SANDBNB":0,"SCBNB":0,"SNXBNB":0.02049910113902424,"SOLBNB":0.017425346716824136,"SPARTABNB":0.01575445514962634,"SRMBNB":0,"STMXBNB":0,"STXBNB":0,"SUSHIBNB":0.006452905203886716,"SWRVBNB":0,"SXPBNB":0.04343318057066873,"THETABNB":0,"TROYBNB":0,"TRXBNB":0,"UNFIBNB":0.008417418829341178,"UNIBNB":0,"VETBNB":0,"VTHOBNB":0.009649222134380533,"WABIBNB":0,"WANBNB":0,"WAVESBNB":0,"WINBNB":0,"WINGBNB":0,"WNXMBNB":0.00023270120888158047,"WRXBNB":0,"WTCBNB":0,"XLMBNB":0,"XMRBNB":0,"XRPBNB":0.058792281986795675,"XTZBNB":0,"XVSBNB":0,"YFIBNB":0,"YFIIBNB":0,"ZECBNB":0,"ZENBNB":0,"ZILBNB":0},"numerosità_campione":114,"expected_return":0.0008435734041451344,"standard_deviation":0.0028147456377705946,"sharpe_ratio":0.2996979168651568}