{"weights":{"AAVEBNB":0,"ADABNB":0.022389583730863014,"ALGOBNB":0,"ALPHABNB":0.008326633920955798,"ANKRBNB":0,"ANTBNB":0.016737043152688015,"ARBNB":0.004246201908595193,"ARPABNB":0.021997622666873242,"ATOMBNB":0,"AVABNB":0,"AVAXBNB":0,"AXSBNB":0,"BAKEBNB":0,"BANDBNB":0.005352274065150623,"BATBNB":0,"BCHBNB":0,"BELBNB":0,"BIFIBNB":0.055327521693117006,"BLZBNB":0,"BTTBNB":0,"BURGERBNB":0.010187301375845786,"CAKEBNB":0.36076019928850844,"CELRBNB":0,"CHRBNB":0,"CHZBNB":0,"COCOSBNB":0,"COSBNB":0.02467953209717465,"COTIBNB":0,"CREAMBNB":0.035173914965943714,"CRVBNB":0.013213746437347936,"CTKBNB":0,"CTSIBNB":0.010306548669693539,"DASHBNB":0,"DGBBNB":0,"DIABNB":0,"DOTBNB":0,"EGLDBNB":0,"ENJBNB":0,"EOSBNB":0,"ETCBNB":0,"FETBNB":0.01715336035232824,"FILBNB":0.01125107389337775,"FIOBNB":0,"FTMBNB":0,"FTTBNB":0.08905171302927867,"HARDBNB":0.015360563660111397,"HBARBNB":0,"HOTBNB":0,"ICPBNB":0,"ICXBNB":0,"INJBNB":0.004438640017801091,"IOSTBNB":0,"IOTABNB":0,"IQBNB":0.004788135468062393,"JSTBNB":0,"KAVABNB":0.01676933943206106,"KP3RBNB":0.006687868096731784,"KSMBNB":0.011585506042835926,"LPTBNB":0,"LTCBNB":0,"LUNABNB":0,"MASKBNB":0.0025949612462651092,"MATICBNB":0,"MBLBNB":0,"MDXBNB":0.010779919387492324,"MFTBNB":0.0033907729840178596,"MITHBNB":0,"MKRBNB":0,"NEARBNB":0,"NEOBNB":0,"NMRBNB":0.009337532255033141,"OCEANBNB":0.014243589428459052,"OGNBNB":0,"ONEBNB":0,"ONTBNB":0,"PAXGBNB":0.014531684716882062,"PERLBNB":0,"POLSBNB":0,"PROMBNB":0,"RSRBNB":0,"RUNEBNB":0,"RVNBNB":0,"SANDBNB":0,"SCBNB":0,"SNXBNB":0,"SOLBNB":0,"SPARTABNB":0.026156068027080592,"SRMBNB":0,"STMXBNB":0,"STXBNB":0,"SUSHIBNB":0,"SWRVBNB":0,"SXPBNB":0.004560606714087793,"THETABNB":0,"TROYBNB":0,"TRXBNB":0.0690556882303911,"UNFIBNB":0,"UNIBNB":0,"VETBNB":0.016521876084394635,"VTHOBNB":0,"WABIBNB":0.008933931621259246,"WANBNB":0,"WAVESBNB":0,"WINBNB":0,"WINGBNB":0,"WNXMBNB":0.022999777492905802,"WRXBNB":0,"WTCBNB":0,"XLMBNB":0,"XMRBNB":0,"XRPBNB":0,"XTZBNB":0.006973392797089837,"XVSBNB":0.020294056347693174,"YFIBNB":0,"YFIIBNB":0.0038418187016030767,"ZECBNB":0,"ZENBNB":0,"ZILBNB":0},"numerosità_campione":630,"expected_return":0.0000479803817140909,"standard_deviation":0.002719323047242326,"sharpe_ratio":0.017644237510783412}