{"weights":{"AAVEBNB":0,"ADABNB":0.02476052865556849,"ALGOBNB":0,"ALPHABNB":0.009461983525800372,"ANKRBNB":0,"ANTBNB":0.01648085491313898,"ARBNB":0.0027620241287014233,"ARPABNB":0.019124342964166034,"ATOMBNB":0,"AVABNB":0,"AVAXBNB":0,"AXSBNB":0,"BAKEBNB":0,"BANDBNB":0.004815735974108096,"BATBNB":0,"BCHBNB":0,"BELBNB":0,"BIFIBNB":0.05255877764280191,"BLZBNB":0,"BTTBNB":0,"BURGERBNB":0.009812195216885776,"CAKEBNB":0.3583114005497753,"CELRBNB":0,"CHRBNB":0,"CHZBNB":0,"COCOSBNB":0,"COSBNB":0.0211210440425095,"COTIBNB":0,"CREAMBNB":0.03313551064224162,"CRVBNB":0.010889563626792387,"CTKBNB":0,"CTSIBNB":0.013024491352308933,"DASHBNB":0,"DGBBNB":0,"DIABNB":0,"DOTBNB":0,"EGLDBNB":0,"ENJBNB":0,"EOSBNB":0,"ETCBNB":0,"FETBNB":0.0167807231911374,"FILBNB":0.01090417985608881,"FIOBNB":0,"FTMBNB":0,"FTTBNB":0.08518635619799478,"HARDBNB":0.014280726368793007,"HBARBNB":0,"HOTBNB":0,"ICPBNB":0,"ICXBNB":0,"INJBNB":0.010497822548091144,"IOSTBNB":0,"IOTABNB":0,"IQBNB":0.004651793790144335,"JSTBNB":0,"KAVABNB":0.01599023821618174,"KP3RBNB":0.005547044851375621,"KSMBNB":0.0091862802163477,"LPTBNB":0,"LTCBNB":0,"LUNABNB":0,"MASKBNB":0.004120493007933012,"MATICBNB":0,"MBLBNB":0,"MDXBNB":0.01010749581857806,"MFTBNB":0.0028017955178330643,"MITHBNB":0,"MKRBNB":0,"NEARBNB":0,"NEOBNB":0,"NMRBNB":0.009268073419657514,"OCEANBNB":0.013884441613500966,"OGNBNB":0,"ONEBNB":0,"ONTBNB":0,"PAXGBNB":0.017789870386646055,"PERLBNB":0,"POLSBNB":0,"PROMBNB":0,"RSRBNB":0,"RUNEBNB":0,"RVNBNB":0,"SANDBNB":0,"SCBNB":0,"SNXBNB":0,"SOLBNB":0,"SPARTABNB":0.02782483078746531,"SRMBNB":0,"STMXBNB":0,"STXBNB":0,"SUSHIBNB":0,"SWRVBNB":0,"SXPBNB":0.007652938861806076,"THETABNB":0,"TROYBNB":0,"TRXBNB":0.06945600578301282,"UNFIBNB":0,"UNIBNB":0,"VETBNB":0.017559068076957077,"VTHOBNB":0,"WABIBNB":0.008373129154141096,"WANBNB":0,"WAVESBNB":0,"WINBNB":0,"WINGBNB":0,"WNXMBNB":0.024118382295239164,"WRXBNB":0,"WTCBNB":0,"XLMBNB":0,"XMRBNB":0,"XRPBNB":0.000048828324693664344,"XTZBNB":0.00891543516616762,"XVSBNB":0.024476606158730863,"YFIBNB":0,"YFIIBNB":0.0043189871566844075,"ZECBNB":0,"ZENBNB":0,"ZILBNB":0},"numerosità_campione":633,"expected_return":0.000034489195743073966,"standard_deviation":0.002700569531185021,"sharpe_ratio":0.012771082301272933}