{"weights":{"AAVEBNB":0,"ADABNB":0.018937803786197,"ALGOBNB":0,"ALPHABNB":0,"ANKRBNB":0,"ANTBNB":0.016505740128678406,"ARBNB":0.009771447051515851,"ARPABNB":0.03194843939100543,"ATOMBNB":0,"AVABNB":0,"AVAXBNB":0,"AXSBNB":0,"BAKEBNB":0,"BANDBNB":0.005536936891092702,"BATBNB":0,"BCHBNB":0,"BELBNB":0,"BIFIBNB":0.06709055398191668,"BLZBNB":0,"BTTBNB":0,"BURGERBNB":0.007653613001288635,"CAKEBNB":0.3683049837555279,"CELRBNB":0,"CHRBNB":0,"CHZBNB":0,"COCOSBNB":0,"COSBNB":0.03507043789153347,"COTIBNB":0,"CREAMBNB":0.0551309218922999,"CRVBNB":0.03655263412123348,"CTKBNB":0,"CTSIBNB":0,"DASHBNB":0,"DGBBNB":0,"DIABNB":0,"DOTBNB":0,"EGLDBNB":0,"ENJBNB":0,"EOSBNB":0,"ETCBNB":0,"FETBNB":0.02303772560090426,"FILBNB":0.019816046329257837,"FIOBNB":0.0032074350733886222,"FTMBNB":0,"FTTBNB":0.0638796089424043,"HARDBNB":0.026471346321652395,"HBARBNB":0,"HOTBNB":0,"ICPBNB":0,"ICXBNB":0,"INJBNB":0,"IOSTBNB":0,"IOTABNB":0,"IQBNB":0.00966571863848588,"JSTBNB":0,"KAVABNB":0.017670164937669444,"KP3RBNB":0.011392772936046434,"KSMBNB":0.040683858769698364,"LPTBNB":0.0005098347210343093,"LTCBNB":0,"LUNABNB":0,"MASKBNB":0,"MATICBNB":0,"MBLBNB":0,"MDXBNB":0.018425876952354245,"MFTBNB":0.0076158856412870644,"MITHBNB":0.003157733910469781,"MKRBNB":0,"NEARBNB":0,"NEOBNB":0,"NMRBNB":0.01097579018726153,"OCEANBNB":0,"OGNBNB":0,"ONEBNB":0,"ONTBNB":0,"PAXGBNB":0.028561697410113277,"PERLBNB":0,"POLSBNB":0,"PROMBNB":0,"RSRBNB":0,"RUNEBNB":0,"RVNBNB":0,"SANDBNB":0,"SCBNB":0,"SNXBNB":0,"SOLBNB":0.0023861623908117526,"SPARTABNB":0.015371925160023982,"SRMBNB":0,"STMXBNB":0,"STXBNB":0,"SUSHIBNB":0,"SWRVBNB":0,"SXPBNB":0,"THETABNB":0.003858319971551515,"TROYBNB":0,"TRXBNB":0.01852575048910943,"UNFIBNB":0,"UNIBNB":0,"VETBNB":0.006338445714698076,"VTHOBNB":0,"WABIBNB":0.00801932681604806,"WANBNB":0,"WAVESBNB":0,"WINBNB":0,"WINGBNB":0,"WNXMBNB":0.007925061193439786,"WRXBNB":0,"WTCBNB":0,"XLMBNB":0,"XMRBNB":0,"XRPBNB":0,"XTZBNB":0,"XVSBNB":0,"YFIBNB":0,"YFIIBNB":0,"ZECBNB":0,"ZENBNB":0,"ZILBNB":0},"numerosità_campione":633,"expected_return":0.00017386906612774865,"standard_deviation":0.00295758141577463,"sharpe_ratio":0.05878758407136191}