{"weights":{"AAVEBNB":0,"ADABNB":0,"ALGOBNB":0,"ALPHABNB":0,"ANKRBNB":0,"ANTBNB":0.04124409488316444,"ARBNB":0,"ARPABNB":0,"ATOMBNB":0,"AVABNB":0.03478906121182461,"AVAXBNB":0,"AXSBNB":0,"BAKEBNB":0.015982458869704945,"BANDBNB":0.0034304573208077415,"BATBNB":0.007455275941635388,"BCHBNB":0,"BELBNB":0,"BIFIBNB":0.026853013631787485,"BLZBNB":0.004415789960204477,"BTTBNB":0.09911016937611196,"BURGERBNB":0,"CAKEBNB":0.2467830646708564,"CELRBNB":0.0016331975392386193,"CHRBNB":0,"CHZBNB":0,"COCOSBNB":0.006809198658008993,"COSBNB":0,"COTIBNB":0,"CREAMBNB":0.010281878112120899,"CRVBNB":0,"CTKBNB":0,"CTSIBNB":0,"DASHBNB":0,"DGBBNB":0,"DIABNB":0,"DOTBNB":0.02305956976958787,"EGLDBNB":0.02458802952762514,"ENJBNB":0,"EOSBNB":0,"ETCBNB":0,"FETBNB":0,"FILBNB":0,"FIOBNB":0,"FTMBNB":0,"FTTBNB":0.0770418726406594,"HARDBNB":0.0074456595547252105,"HBARBNB":0,"HOTBNB":0,"ICPBNB":0,"ICXBNB":0,"INJBNB":0,"IOSTBNB":0,"IOTABNB":0,"IQBNB":0,"JSTBNB":0,"KAVABNB":0,"KP3RBNB":0.030251631982013055,"KSMBNB":0,"LTCBNB":0.02824543034983819,"LUNABNB":0,"MATICBNB":0.0037614169589017805,"MBLBNB":0,"MFTBNB":0.003226493232617012,"MITHBNB":0,"MKRBNB":0.011744807162325316,"NEARBNB":0,"NEOBNB":0,"NMRBNB":0,"OCEANBNB":0,"OGNBNB":0,"ONEBNB":0,"ONTBNB":0,"PAXGBNB":0.10585784462707082,"PERLBNB":0.0014905498431692626,"PROMBNB":0.0038578837725473983,"RSRBNB":0,"RUNEBNB":0.05057570673957562,"RVNBNB":0,"SANDBNB":0,"SCBNB":0,"SNXBNB":0,"SOLBNB":0,"SPARTABNB":0.01610535974129737,"SRMBNB":0,"STMXBNB":0,"STXBNB":0,"SUSHIBNB":0,"SWRVBNB":0,"SXPBNB":0.0409350936507488,"THETABNB":0,"TROYBNB":0,"TRXBNB":0,"UNFIBNB":0.011085669625902296,"UNIBNB":0,"VETBNB":0,"VTHOBNB":0.03045346976172428,"WABIBNB":0,"WANBNB":0,"WAVESBNB":0,"WINBNB":0,"WINGBNB":0,"WNXMBNB":0.0008038662982467826,"WRXBNB":0,"WTCBNB":0.00951030703870146,"XLMBNB":0,"XMRBNB":0.008775533888513095,"XRPBNB":0.011396777135716449,"XTZBNB":0,"XVSBNB":0.0009993665230272294,"YFIBNB":0,"YFIIBNB":0,"ZECBNB":0,"ZENBNB":0,"ZILBNB":0},"numerosità_campione":114,"expected_return":0.0003510613616950715,"standard_deviation":0.002359110846206564,"sharpe_ratio":0.14881088027702305}