{"weights":{"AAVEBNB":0,"ADABNB":0.02193286478084267,"ALGOBNB":0,"ALPHABNB":0.015391606790885236,"ANKRBNB":0,"ANTBNB":0.01570566185833895,"ARBNB":0.00003883733722786633,"ARPABNB":0.01264550101280717,"ATOMBNB":0,"AVABNB":0,"AVAXBNB":0.002344577212284414,"AXSBNB":0,"BAKEBNB":0,"BANDBNB":0.0033401018489809106,"BATBNB":0,"BCHBNB":0,"BELBNB":0,"BIFIBNB":0.04564257466874061,"BLZBNB":0,"BTTBNB":0,"BURGERBNB":0.00916399555315469,"CAKEBNB":0.3508710586284689,"CELRBNB":0,"CHRBNB":0,"CHZBNB":0,"COCOSBNB":0,"COSBNB":0.015100568719954808,"COTIBNB":0,"CREAMBNB":0.026207108567852112,"CRVBNB":0.0010580057088361875,"CTKBNB":0,"CTSIBNB":0.021858373503914362,"DASHBNB":0,"DGBBNB":0,"DIABNB":0,"DOTBNB":0,"EGLDBNB":0,"ENJBNB":0,"EOSBNB":0,"ETCBNB":0,"FETBNB":0.013500819297090546,"FILBNB":0.00830468071128262,"FIOBNB":0,"FTMBNB":0,"FTTBNB":0.08833154479133783,"HARDBNB":0.009267606590600387,"HBARBNB":0,"HOTBNB":0,"ICPBNB":0,"ICXBNB":0,"INJBNB":0.019665970083252663,"IOSTBNB":0,"IOTABNB":0,"IQBNB":0.0028761842482036993,"JSTBNB":0,"KAVABNB":0.013488244999580566,"KP3RBNB":0.0025084649610273295,"KSMBNB":0,"LPTBNB":0,"LTCBNB":0,"LUNABNB":0,"MASKBNB":0.012431808800096731,"MATICBNB":0,"MBLBNB":0,"MDXBNB":0.0071653998007335205,"MFTBNB":0.0010178927762668764,"MITHBNB":0,"MKRBNB":0,"NEARBNB":0,"NEOBNB":0,"NMRBNB":0.008273760882985067,"OCEANBNB":0.019173608379410782,"OGNBNB":0,"ONEBNB":0,"ONTBNB":0,"PAXGBNB":0.017521843965510774,"PERLBNB":0,"POLSBNB":0,"PROMBNB":0,"RSRBNB":0,"RUNEBNB":0,"RVNBNB":0,"SANDBNB":0,"SCBNB":0,"SNXBNB":0,"SOLBNB":0,"SPARTABNB":0.03183274335744123,"SRMBNB":0,"STMXBNB":0,"STXBNB":0,"SUSHIBNB":0,"SWRVBNB":0,"SXPBNB":0.018480594492460003,"THETABNB":0,"TROYBNB":0,"TRXBNB":0.0763059171552807,"UNFIBNB":0,"UNIBNB":0,"VETBNB":0.019531603667722112,"VTHOBNB":0,"WABIBNB":0.005706374937009492,"WANBNB":0.001478217921789903,"WAVESBNB":0,"WINBNB":0,"WINGBNB":0,"WNXMBNB":0.028685708196988027,"WRXBNB":0,"WTCBNB":0,"XLMBNB":0,"XMRBNB":0,"XRPBNB":0.000628592677555924,"XTZBNB":0.010120127949163693,"XVSBNB":0.03750453016085591,"YFIBNB":0,"YFIIBNB":0.0048969230040645075,"ZECBNB":0,"ZENBNB":0,"ZILBNB":0},"numerosità_campione":633,"expected_return":-0.00002524503442178659,"standard_deviation":0.0026563842361947225,"sharpe_ratio":-0.009503532688460074}