{"weights":{"AAVEBNB":0,"ADABNB":0.018746270409221062,"ALGOBNB":0,"ALPHABNB":0.015767643910314242,"ANKRBNB":0,"ANTBNB":0.015593305541278486,"ARBNB":0,"ARPABNB":0.012909805204397062,"ATOMBNB":0,"AVABNB":0,"AVAXBNB":0.005397251389306128,"AXSBNB":0,"BAKEBNB":0,"BANDBNB":0.002945710736828552,"BATBNB":0,"BCHBNB":0,"BELBNB":0,"BIFIBNB":0.04459243102403876,"BLZBNB":0,"BTTBNB":0,"BURGERBNB":0.009047964735579268,"CAKEBNB":0.3494929014672929,"CELRBNB":0,"CHRBNB":0,"CHZBNB":0,"COCOSBNB":0,"COSBNB":0.01418728439077966,"COTIBNB":0,"CREAMBNB":0.02492491970299404,"CRVBNB":0,"CTKBNB":0,"CTSIBNB":0.022919921699507656,"DASHBNB":0,"DGBBNB":0,"DIABNB":0,"DOTBNB":0,"EGLDBNB":0,"ENJBNB":0,"EOSBNB":0,"ETCBNB":0,"FETBNB":0.012555998156222988,"FILBNB":0.00738583687744332,"FIOBNB":0,"FTMBNB":0,"FTTBNB":0.09314268185023984,"HARDBNB":0.008707259224921573,"HBARBNB":0,"HOTBNB":0,"ICPBNB":0,"ICXBNB":0,"INJBNB":0.019560373741008205,"IOSTBNB":0,"IOTABNB":0,"IQBNB":0.002317148126908797,"JSTBNB":0,"KAVABNB":0.012767006122032425,"KP3RBNB":0.0020822713747337615,"KSMBNB":0,"LPTBNB":0,"LTCBNB":0,"LUNABNB":0,"MASKBNB":0.014122701256238804,"MATICBNB":0,"MBLBNB":0,"MDXBNB":0.0066626041426528695,"MFTBNB":0.0008455805477410145,"MITHBNB":0,"MKRBNB":0,"NEARBNB":0,"NEOBNB":0,"NMRBNB":0.007857007436198061,"OCEANBNB":0.02020511762114409,"OGNBNB":0,"ONEBNB":0,"ONTBNB":0,"PAXGBNB":0.01547313143507173,"PERLBNB":0,"POLSBNB":0,"PROMBNB":0,"RSRBNB":0,"RUNEBNB":0,"RVNBNB":0,"SANDBNB":0,"SCBNB":0,"SNXBNB":0,"SOLBNB":0,"SPARTABNB":0.031860664352045466,"SRMBNB":0,"STMXBNB":0,"STXBNB":0,"SUSHIBNB":0,"SWRVBNB":0,"SXPBNB":0.018600616411224027,"THETABNB":0,"TROYBNB":0,"TRXBNB":0.07833089092546495,"UNFIBNB":0,"UNIBNB":0,"VETBNB":0.01880727462711245,"VTHOBNB":0,"WABIBNB":0.005241911248508832,"WANBNB":0.004691732489057865,"WAVESBNB":0,"WINBNB":0,"WINGBNB":0,"WNXMBNB":0.02921374336786764,"WRXBNB":0,"WTCBNB":0,"XLMBNB":0,"XMRBNB":0,"XRPBNB":0,"XTZBNB":0.008894197908816851,"XVSBNB":0.03961450983614169,"YFIBNB":0,"YFIIBNB":0.0045343307096651145,"ZECBNB":0,"ZENBNB":0,"ZILBNB":0},"numerosità_campione":630,"expected_return":-0.000036428607168261805,"standard_deviation":0.002656015847444167,"sharpe_ratio":-0.01371550821254186}