{"weights":{"AAVEBNB":0,"ADABNB":0.015451879829247474,"ALGOBNB":0,"ALPHABNB":0,"ANKRBNB":0,"ANTBNB":0.015999414787919768,"ARBNB":0.010996974533088228,"ARPABNB":0.033373553455820486,"ATOMBNB":0,"AVABNB":0,"AVAXBNB":0,"AXSBNB":0,"BAKEBNB":0,"BANDBNB":0.004901491015132542,"BATBNB":0,"BCHBNB":0,"BELBNB":0,"BIFIBNB":0.06928333721791155,"BLZBNB":0,"BTTBNB":0,"BURGERBNB":0.006746159709193441,"CAKEBNB":0.3676127120909655,"CELRBNB":0,"CHRBNB":0,"CHZBNB":0,"COCOSBNB":0,"COSBNB":0.037038965177431556,"COTIBNB":0,"CREAMBNB":0.05919036101919902,"CRVBNB":0.04056054984912377,"CTKBNB":0,"CTSIBNB":0,"DASHBNB":0,"DGBBNB":0,"DIABNB":0,"DOTBNB":0,"EGLDBNB":0,"ENJBNB":0,"EOSBNB":0,"ETCBNB":0,"FETBNB":0.02336997850721764,"FILBNB":0.021623194788921152,"FIOBNB":0.004286560913528075,"FTMBNB":0,"FTTBNB":0.05763636824740937,"HARDBNB":0.028151797835531102,"HBARBNB":0,"HOTBNB":0,"ICPBNB":0,"ICXBNB":0,"INJBNB":0,"IOSTBNB":0,"IOTABNB":0,"IQBNB":0.010490936868327212,"JSTBNB":0,"KAVABNB":0.01697331118829528,"KP3RBNB":0.011914610870736676,"KSMBNB":0.04537165728568885,"LPTBNB":0.0005287019610578856,"LTCBNB":0,"LUNABNB":0,"MASKBNB":0,"MATICBNB":0,"MBLBNB":0,"MDXBNB":0.019628435449599482,"MFTBNB":0.008395295058847084,"MITHBNB":0.0037120806598386073,"MKRBNB":0,"NEARBNB":0,"NEOBNB":0,"NMRBNB":0.011207883030513942,"OCEANBNB":0,"OGNBNB":0,"ONEBNB":0,"ONTBNB":0,"PAXGBNB":0.03280994248447946,"PERLBNB":0,"POLSBNB":0,"PROMBNB":0,"RSRBNB":0,"RUNEBNB":0,"RVNBNB":0,"SANDBNB":0,"SCBNB":0,"SNXBNB":0,"SOLBNB":0.006201494728786859,"SPARTABNB":0.013224297052124516,"SRMBNB":0,"STMXBNB":0,"STXBNB":0,"SUSHIBNB":0,"SWRVBNB":0,"SXPBNB":0,"THETABNB":0.004745750745969186,"TROYBNB":0,"TRXBNB":0.0033999339124188782,"UNFIBNB":0,"UNIBNB":0,"VETBNB":0.0033944456652964168,"VTHOBNB":0,"WABIBNB":0.007257159195713029,"WANBNB":0,"WAVESBNB":0,"WINBNB":0,"WINGBNB":0,"WNXMBNB":0.004520764864665876,"WRXBNB":0,"WTCBNB":0,"XLMBNB":0,"XMRBNB":0,"XRPBNB":0,"XTZBNB":0,"XVSBNB":0,"YFIBNB":0,"YFIIBNB":0,"ZECBNB":0,"ZENBNB":0,"ZILBNB":0},"numerosità_campione":633,"expected_return":0.00019378047618270224,"standard_deviation":0.0030149591281696184,"sharpe_ratio":0.06427300269915977}