{"weights":{"AAVEBNB":0,"ADABNB":0.0210705384537122,"ALGOBNB":0,"ALPHABNB":0,"ANKRBNB":0,"ANTBNB":0.01716745631415,"ARBNB":0.008010324909998727,"ARPABNB":0.028783064925615127,"ATOMBNB":0,"AVABNB":0,"AVAXBNB":0,"AXSBNB":0,"BAKEBNB":0,"BANDBNB":0.007203568893554032,"BATBNB":0,"BCHBNB":0,"BELBNB":0,"BIFIBNB":0.06403079841732487,"BLZBNB":0,"BTTBNB":0,"BURGERBNB":0.00971101087805758,"CAKEBNB":0.3687833304849685,"CELRBNB":0,"CHRBNB":0,"CHZBNB":0,"COCOSBNB":0,"COSBNB":0.03397154703036256,"COTIBNB":0,"CREAMBNB":0.04648808235869193,"CRVBNB":0.026505555637486643,"CTKBNB":0,"CTSIBNB":0,"DASHBNB":0,"DGBBNB":0,"DIABNB":0,"DOTBNB":0,"EGLDBNB":0,"ENJBNB":0,"EOSBNB":0,"ETCBNB":0,"FETBNB":0.020953859036176956,"FILBNB":0.015183901581560601,"FIOBNB":0,"FTMBNB":0,"FTTBNB":0.08072755862061255,"HARDBNB":0.021267619713521778,"HBARBNB":0,"HOTBNB":0,"ICPBNB":0,"ICXBNB":0,"INJBNB":0,"IOSTBNB":0,"IOTABNB":0,"IQBNB":0.007317749210862366,"JSTBNB":0,"KAVABNB":0.01879451846543572,"KP3RBNB":0.01028332948827289,"KSMBNB":0.027993521285781302,"LPTBNB":0,"LTCBNB":0,"LUNABNB":0,"MASKBNB":0,"MATICBNB":0,"MBLBNB":0,"MDXBNB":0.015209446241040415,"MFTBNB":0.0057776098546932,"MITHBNB":0.0013609279867330512,"MKRBNB":0,"NEARBNB":0,"NEOBNB":0,"NMRBNB":0.010299072988341743,"OCEANBNB":0.00635653207722401,"OGNBNB":0,"ONEBNB":0,"ONTBNB":0,"PAXGBNB":0.016340778549179636,"PERLBNB":0,"POLSBNB":0,"PROMBNB":0,"RSRBNB":0,"RUNEBNB":0,"RVNBNB":0,"SANDBNB":0,"SCBNB":0,"SNXBNB":0,"SOLBNB":0,"SPARTABNB":0.02031475795995577,"SRMBNB":0,"STMXBNB":0,"STXBNB":0,"SUSHIBNB":0,"SWRVBNB":0,"SXPBNB":0,"THETABNB":0.0018551716541083134,"TROYBNB":0,"TRXBNB":0.051061583771352594,"UNFIBNB":0,"UNIBNB":0,"VETBNB":0.011770276748518133,"VTHOBNB":0,"WABIBNB":0.009181104194340754,"WANBNB":0,"WAVESBNB":0,"WINBNB":0,"WINGBNB":0,"WNXMBNB":0.015279478151838399,"WRXBNB":0,"WTCBNB":0,"XLMBNB":0,"XMRBNB":0,"XRPBNB":0,"XTZBNB":0.000380286886284291,"XVSBNB":0,"YFIBNB":0,"YFIIBNB":0.000565637230243516,"ZECBNB":0,"ZENBNB":0,"ZILBNB":0},"numerosità_campione":630,"expected_return":0.00012301059405396,"standard_deviation":0.002841119436709565,"sharpe_ratio":0.04329652335785799}