{"weights":{"AAVEBNB":0,"ADABNB":0.021196911242825515,"ALGOBNB":0,"ALPHABNB":0.012909876127888612,"ANKRBNB":0,"ANTBNB":0.016197764183044135,"ARBNB":0.001925248055179209,"ARPABNB":0.01739022969313463,"ATOMBNB":0,"AVABNB":0,"AVAXBNB":0,"AXSBNB":0,"BAKEBNB":0,"BANDBNB":0.004026864521277215,"BATBNB":0,"BCHBNB":0,"BELBNB":0,"BIFIBNB":0.04942658140930751,"BLZBNB":0,"BTTBNB":0,"BURGERBNB":0.009671437158779838,"CAKEBNB":0.35492845318827326,"CELRBNB":0,"CHRBNB":0,"CHZBNB":0,"COCOSBNB":0,"COSBNB":0.01915182175715254,"COTIBNB":0,"CREAMBNB":0.029381476434211518,"CRVBNB":0.0060750759254939515,"CTKBNB":0,"CTSIBNB":0.017344018484805452,"DASHBNB":0,"DGBBNB":0,"DIABNB":0,"DOTBNB":0,"EGLDBNB":0,"ENJBNB":0,"EOSBNB":0,"ETCBNB":0,"FETBNB":0.01470487977515803,"FILBNB":0.009210595931970468,"FIOBNB":0,"FTMBNB":0,"FTTBNB":0.09120753574323424,"HARDBNB":0.011734246951086214,"HBARBNB":0,"HOTBNB":0,"ICPBNB":0,"ICXBNB":0,"INJBNB":0.012694512319432975,"IOSTBNB":0,"IOTABNB":0,"IQBNB":0.0034565448794119874,"JSTBNB":0,"KAVABNB":0.014860878548404722,"KP3RBNB":0.004282061446303671,"KSMBNB":0.002499756879472445,"LPTBNB":0,"LTCBNB":0,"LUNABNB":0,"MASKBNB":0.008757065742468808,"MATICBNB":0,"MBLBNB":0,"MDXBNB":0.00865300635768857,"MFTBNB":0.0019994599751467865,"MITHBNB":0,"MKRBNB":0,"NEARBNB":0,"NEOBNB":0,"NMRBNB":0.008680906696123005,"OCEANBNB":0.017701907197974872,"OGNBNB":0,"ONEBNB":0,"ONTBNB":0,"PAXGBNB":0.014467826139381038,"PERLBNB":0,"POLSBNB":0,"PROMBNB":0,"RSRBNB":0,"RUNEBNB":0,"RVNBNB":0,"SANDBNB":0,"SCBNB":0,"SNXBNB":0,"SOLBNB":0,"SPARTABNB":0.02943674727999389,"SRMBNB":0,"STMXBNB":0,"STXBNB":0,"SUSHIBNB":0,"SWRVBNB":0,"SXPBNB":0.013029120080235511,"THETABNB":0,"TROYBNB":0,"TRXBNB":0.07616651911168842,"UNFIBNB":0,"UNIBNB":0,"VETBNB":0.018474703723984798,"VTHOBNB":0,"WABIBNB":0.00724027687899783,"WANBNB":0,"WAVESBNB":0,"WINBNB":0,"WINGBNB":0,"WNXMBNB":0.0267379140980366,"WRXBNB":0,"WTCBNB":0,"XLMBNB":0,"XMRBNB":0,"XRPBNB":0,"XTZBNB":0.008575789190426975,"XVSBNB":0.031185427348734134,"YFIBNB":0,"YFIIBNB":0.00461655952327063,"ZECBNB":0,"ZENBNB":0,"ZILBNB":0},"numerosità_campione":630,"expected_return":0.000001086499001672745,"standard_deviation":0.0026743615386313284,"sharpe_ratio":0.0004062648172201834}