{"weights":{"AAVEBNB":0,"ADABNB":0.025863764139633816,"ALGOBNB":0,"ALPHABNB":0.005275579455494998,"ANKRBNB":0,"ANTBNB":0.01698156313552806,"ARBNB":0.0045275336922827,"ARPABNB":0.02313767132646432,"ATOMBNB":0,"AVABNB":0,"AVAXBNB":0,"AXSBNB":0,"BAKEBNB":0,"BANDBNB":0.005680049166489515,"BATBNB":0,"BCHBNB":0,"BELBNB":0,"BIFIBNB":0.05704986817444653,"BLZBNB":0,"BTTBNB":0,"BURGERBNB":0.010118295877455573,"CAKEBNB":0.36315190971308475,"CELRBNB":0,"CHRBNB":0,"CHZBNB":0,"COCOSBNB":0,"COSBNB":0.02504949295284311,"COTIBNB":0,"CREAMBNB":0.03796134093920718,"CRVBNB":0.017051479698592602,"CTKBNB":0,"CTSIBNB":0.007000497205301801,"DASHBNB":0,"DGBBNB":0,"DIABNB":0,"DOTBNB":0,"EGLDBNB":0,"ENJBNB":0,"EOSBNB":0,"ETCBNB":0,"FETBNB":0.018936875723825162,"FILBNB":0.012675173064579827,"FIOBNB":0,"FTMBNB":0,"FTTBNB":0.08322218855324491,"HARDBNB":0.01760329789291217,"HBARBNB":0,"HOTBNB":0,"ICPBNB":0,"ICXBNB":0,"INJBNB":0.004382199079537564,"IOSTBNB":0,"IOTABNB":0,"IQBNB":0.005846848109609943,"JSTBNB":0,"KAVABNB":0.017559955232913715,"KP3RBNB":0.0074774770364507345,"KSMBNB":0.017290708821943203,"LPTBNB":0,"LTCBNB":0,"LUNABNB":0,"MASKBNB":0,"MATICBNB":0,"MBLBNB":0,"MDXBNB":0.012098986120110105,"MFTBNB":0.0039643708551961145,"MITHBNB":0.00007464188635528697,"MKRBNB":0,"NEARBNB":0,"NEOBNB":0,"NMRBNB":0.009816549613609104,"OCEANBNB":0.010299992993093487,"OGNBNB":0,"ONEBNB":0,"ONTBNB":0,"PAXGBNB":0.01798456680003911,"PERLBNB":0,"POLSBNB":0,"PROMBNB":0,"RSRBNB":0,"RUNEBNB":0,"RVNBNB":0,"SANDBNB":0,"SCBNB":0,"SNXBNB":0,"SOLBNB":0,"SPARTABNB":0.025065261916961554,"SRMBNB":0,"STMXBNB":0,"STXBNB":0,"SUSHIBNB":0,"SWRVBNB":0,"SXPBNB":0.00014014274478433655,"THETABNB":0,"TROYBNB":0,"TRXBNB":0.06359685599010478,"UNFIBNB":0,"UNIBNB":0,"VETBNB":0.015761105719948102,"VTHOBNB":0,"WABIBNB":0.009782844567694219,"WANBNB":0,"WAVESBNB":0,"WINBNB":0,"WINGBNB":0,"WNXMBNB":0.02079607134016776,"WRXBNB":0,"WTCBNB":0,"XLMBNB":0,"XMRBNB":0,"XRPBNB":0,"XTZBNB":0.007723393820398401,"XVSBNB":0.015391783737564528,"YFIBNB":0,"YFIIBNB":0.003659662902130817,"ZECBNB":0,"ZENBNB":0,"ZILBNB":0},"numerosità_campione":633,"expected_return":0.00007431201585298107,"standard_deviation":0.0027512372615213997,"sharpe_ratio":0.027010398882096942}