{"weights":{"AAVEBNB":0.018479844565207668,"ADABNB":0.002844004729802078,"ALGOBNB":0,"ALPHABNB":0,"ANKRBNB":0,"ANTBNB":0.02690946476836864,"ARBNB":0,"ARPABNB":0,"ATOMBNB":0,"AVABNB":0.028178230839858,"AVAXBNB":0,"AXSBNB":0,"BAKEBNB":0.019698594609680386,"BANDBNB":0,"BATBNB":0,"BCHBNB":0,"BELBNB":0,"BIFIBNB":0.028377066580215674,"BLZBNB":0.013001144363976034,"BTTBNB":0.07636990658901399,"BURGERBNB":0,"CAKEBNB":0.2427063083996659,"CELRBNB":0.01605452554442701,"CHRBNB":0,"CHZBNB":0.006141814303910039,"COCOSBNB":0,"COSBNB":0,"COTIBNB":0,"CREAMBNB":0.013973187101359263,"CRVBNB":0,"CTKBNB":0,"CTSIBNB":0,"DASHBNB":0,"DGBBNB":0,"DIABNB":0,"DOTBNB":0.02263591920059142,"EGLDBNB":0,"ENJBNB":0,"EOSBNB":0,"ETCBNB":0,"FETBNB":0,"FILBNB":0,"FIOBNB":0,"FTMBNB":0,"FTTBNB":0.04955392858987702,"HARDBNB":0.0001070015721348809,"HBARBNB":0,"HOTBNB":0,"ICPBNB":0,"ICXBNB":0,"INJBNB":0.002692219422174582,"IOSTBNB":0,"IOTABNB":0,"IQBNB":0.0003576824713801189,"JSTBNB":0,"KAVABNB":0,"KP3RBNB":0.036987087103873224,"KSMBNB":0,"LTCBNB":0.007022995571358342,"LUNABNB":0,"MATICBNB":0.023210213964336923,"MBLBNB":0,"MFTBNB":0,"MITHBNB":0,"MKRBNB":0.018498960208797054,"NEARBNB":0,"NEOBNB":0,"NMRBNB":0.0010601770667935109,"OCEANBNB":0,"OGNBNB":0,"ONEBNB":0,"ONTBNB":0,"PAXGBNB":0.126820028873242,"PERLBNB":0.002287695867268784,"PROMBNB":0.001389408628487065,"RSRBNB":0,"RUNEBNB":0.06260117204195208,"RVNBNB":0,"SANDBNB":0,"SCBNB":0,"SNXBNB":0.011078380075145638,"SOLBNB":0.007943309894465605,"SPARTABNB":0.015735268255960257,"SRMBNB":0,"STMXBNB":0,"STXBNB":0,"SUSHIBNB":0,"SWRVBNB":0,"SXPBNB":0.04423826774519548,"THETABNB":0,"TROYBNB":0,"TRXBNB":0,"UNFIBNB":0.011985722150811737,"UNIBNB":0,"VETBNB":0,"VTHOBNB":0.021139824410005222,"WABIBNB":0,"WANBNB":0,"WAVESBNB":0,"WINBNB":0,"WINGBNB":0,"WNXMBNB":0.0011583549030116113,"WRXBNB":0,"WTCBNB":0,"XLMBNB":0,"XMRBNB":0,"XRPBNB":0.0387622895876531,"XTZBNB":0,"XVSBNB":0,"YFIBNB":0,"YFIIBNB":0,"ZECBNB":0,"ZENBNB":0,"ZILBNB":0},"numerosità_campione":114,"expected_return":0.0006383600531242748,"standard_deviation":0.002562745621674101,"sharpe_ratio":0.24909224221297047}