{"weights":{"AAVEBNB":0,"ADABNB":0,"ALGOBNB":0,"ALPHABNB":0,"ANKRBNB":0,"ANTBNB":0.043448143760282366,"ARBNB":0,"ARPABNB":0,"ATOMBNB":0,"AVABNB":0.03504901744115339,"AVAXBNB":0,"AXSBNB":0,"BAKEBNB":0.014925380555735989,"BANDBNB":0.006807871447343507,"BATBNB":0.009663721171943009,"BCHBNB":0,"BELBNB":0,"BIFIBNB":0.026291264445880223,"BLZBNB":0.0027230445555755144,"BTTBNB":0.10107445438453802,"BURGERBNB":0,"CAKEBNB":0.2479921659590432,"CELRBNB":0,"CHRBNB":0,"CHZBNB":0,"COCOSBNB":0.008499501080497938,"COSBNB":0,"COTIBNB":0,"CREAMBNB":0.009626940449519611,"CRVBNB":0,"CTKBNB":0,"CTSIBNB":0,"DASHBNB":0,"DGBBNB":0,"DIABNB":0,"DOTBNB":0.020577526945795635,"EGLDBNB":0.02633948261201512,"ENJBNB":0,"EOSBNB":0,"ETCBNB":0,"FETBNB":0,"FILBNB":0,"FIOBNB":0,"FTMBNB":0,"FTTBNB":0.08040843144553082,"HARDBNB":0.008535472996038542,"HBARBNB":0,"HOTBNB":0,"ICPBNB":0,"ICXBNB":0,"INJBNB":0,"IOSTBNB":0,"IOTABNB":0,"IQBNB":0,"JSTBNB":0,"KAVABNB":0,"KP3RBNB":0.028997237479264467,"KSMBNB":0,"LTCBNB":0.028284905925824076,"LUNABNB":0,"MATICBNB":0.00022709917157600907,"MBLBNB":0,"MFTBNB":0.005691971697231768,"MITHBNB":0,"MKRBNB":0.008404376900499956,"NEARBNB":0,"NEOBNB":0,"NMRBNB":0,"OCEANBNB":0,"OGNBNB":0,"ONEBNB":0,"ONTBNB":0,"PAXGBNB":0.10311780656698646,"PERLBNB":0.00021953370137455514,"PROMBNB":0.004184835116019604,"RSRBNB":0,"RUNEBNB":0.04816810903432489,"RVNBNB":0.0005313691508627596,"SANDBNB":0,"SCBNB":0,"SNXBNB":0,"SOLBNB":0,"SPARTABNB":0.01628575982145502,"SRMBNB":0,"STMXBNB":0,"STXBNB":0,"SUSHIBNB":0,"SWRVBNB":0,"SXPBNB":0.03842240268730778,"THETABNB":0,"TROYBNB":0,"TRXBNB":0,"UNFIBNB":0.010709959819549695,"UNIBNB":0,"VETBNB":0,"VTHOBNB":0.03073442546015038,"WABIBNB":0,"WANBNB":0,"WAVESBNB":0,"WINBNB":0,"WINGBNB":0,"WNXMBNB":0.000004480309016463601,"WRXBNB":0,"WTCBNB":0.01206142698208204,"XLMBNB":0,"XMRBNB":0.013636244594153185,"XRPBNB":0.007063547958687901,"XTZBNB":0,"XVSBNB":0.0012920883727401238,"YFIBNB":0,"YFIIBNB":0,"ZECBNB":0,"ZENBNB":0,"ZILBNB":0},"numerosità_campione":114,"expected_return":0.00031001869149089976,"standard_deviation":0.0023463724451394928,"sharpe_ratio":0.1321268037105972}