{"weights":{"AAVEBNB":0.03397674041886637,"ADABNB":0.0055207126739049185,"ALGOBNB":0,"ALPHABNB":0,"ANKRBNB":0,"ANTBNB":0.013669470067955535,"ARBNB":0,"ARPABNB":0,"ATOMBNB":0,"AVABNB":0.019364062671488713,"AVAXBNB":0,"AXSBNB":0,"BAKEBNB":0.022005679717528894,"BANDBNB":0,"BATBNB":0,"BCHBNB":0,"BELBNB":0,"BIFIBNB":0.028680329668929277,"BLZBNB":0.019940805846446683,"BTTBNB":0.032580719074544455,"BURGERBNB":0,"CAKEBNB":0.2345695501032321,"CELRBNB":0.024715458660581446,"CHRBNB":0,"CHZBNB":0.006157298043995267,"COCOSBNB":0,"COSBNB":0,"COTIBNB":0,"CREAMBNB":0.0179231197307776,"CRVBNB":0,"CTKBNB":0,"CTSIBNB":0,"DASHBNB":0,"DGBBNB":0,"DIABNB":0,"DOTBNB":0.015195919474709949,"EGLDBNB":0,"ENJBNB":0,"EOSBNB":0,"ETCBNB":0,"FETBNB":0,"FILBNB":0,"FIOBNB":0,"FTMBNB":0,"FTTBNB":0.018662711806690234,"HARDBNB":0,"HBARBNB":0,"HOTBNB":0,"ICPBNB":0,"ICXBNB":0,"INJBNB":0.004733894198606966,"IOSTBNB":0,"IOTABNB":0,"IQBNB":0.005239827399818606,"JSTBNB":0,"KAVABNB":0,"KP3RBNB":0.039014616548103474,"KSMBNB":0,"LTCBNB":0,"LUNABNB":0,"MATICBNB":0.03760447148602501,"MBLBNB":0,"MFTBNB":0,"MITHBNB":0,"MKRBNB":0.01533669878914393,"NEARBNB":0,"NEOBNB":0,"NMRBNB":0.003276364496452963,"OCEANBNB":0,"OGNBNB":0,"ONEBNB":0.0027002774483937918,"ONTBNB":0,"PAXGBNB":0.14359910497592884,"PERLBNB":0,"PROMBNB":0,"RSRBNB":0,"RUNEBNB":0.06902834354906795,"RVNBNB":0,"SANDBNB":0,"SCBNB":0,"SNXBNB":0.022044417503138843,"SOLBNB":0.019166100330080975,"SPARTABNB":0.0157883827942839,"SRMBNB":0,"STMXBNB":0,"STXBNB":0,"SUSHIBNB":0.009093900261226381,"SWRVBNB":0,"SXPBNB":0.04313565003960113,"THETABNB":0,"TROYBNB":0,"TRXBNB":0,"UNFIBNB":0.007285067224572639,"UNIBNB":0,"VETBNB":0,"VTHOBNB":0.0072778516057948875,"WABIBNB":0,"WANBNB":0,"WAVESBNB":0,"WINBNB":0,"WINGBNB":0,"WNXMBNB":0.00005706326062357307,"WRXBNB":0,"WTCBNB":0,"XLMBNB":0,"XMRBNB":0,"XRPBNB":0.06265539012948441,"XTZBNB":0,"XVSBNB":0,"YFIBNB":0,"YFIIBNB":0,"ZECBNB":0,"ZENBNB":0,"ZILBNB":0},"numerosità_campione":114,"expected_return":0.0008846160743493064,"standard_deviation":0.002874001690018786,"sharpe_ratio":0.3077994273355921}