{"weights":{"AAVEBNB":0,"ADABNB":0.024408177668047835,"ALGOBNB":0,"ALPHABNB":0.010505882505283861,"ANKRBNB":0,"ANTBNB":0.01635844678331854,"ARBNB":0.002327297523767302,"ARPABNB":0.018119213998060865,"ATOMBNB":0,"AVABNB":0,"AVAXBNB":0,"AXSBNB":0,"BAKEBNB":0,"BANDBNB":0.004572610445344122,"BATBNB":0,"BCHBNB":0,"BELBNB":0,"BIFIBNB":0.05141358153063237,"BLZBNB":0,"BTTBNB":0,"BURGERBNB":0.009718050370063505,"CAKEBNB":0.35712526546157447,"CELRBNB":0,"CHRBNB":0,"CHZBNB":0,"COCOSBNB":0,"COSBNB":0.020162456226584826,"COTIBNB":0,"CREAMBNB":0.03196304296072612,"CRVBNB":0.00938792457678282,"CTKBNB":0,"CTSIBNB":0.014487355922890046,"DASHBNB":0,"DGBBNB":0,"DIABNB":0,"DOTBNB":0,"EGLDBNB":0,"ENJBNB":0,"EOSBNB":0,"ETCBNB":0,"FETBNB":0.01626083766187395,"FILBNB":0.010485682096524621,"FIOBNB":0,"FTMBNB":0,"FTTBNB":0.08565652342799236,"HARDBNB":0.013462245194698914,"HBARBNB":0,"HOTBNB":0,"ICPBNB":0,"ICXBNB":0,"INJBNB":0.011996244162421859,"IOSTBNB":0,"IOTABNB":0,"IQBNB":0.004361793131002099,"JSTBNB":0,"KAVABNB":0.015610417040245763,"KP3RBNB":0.005063567922721267,"KSMBNB":0.007206136946212149,"LPTBNB":0,"LTCBNB":0,"LUNABNB":0,"MASKBNB":0.0054668376057036925,"MATICBNB":0,"MBLBNB":0,"MDXBNB":0.009642244346460474,"MFTBNB":0.0025102901621186892,"MITHBNB":0,"MKRBNB":0,"NEARBNB":0,"NEOBNB":0,"NMRBNB":0.009129157588494847,"OCEANBNB":0.014765352508925671,"OGNBNB":0,"ONEBNB":0,"ONTBNB":0,"PAXGBNB":0.017679547616483837,"PERLBNB":0,"POLSBNB":0,"PROMBNB":0,"RSRBNB":0,"RUNEBNB":0,"RVNBNB":0,"SANDBNB":0,"SCBNB":0,"SNXBNB":0,"SOLBNB":0,"SPARTABNB":0.02850110758918321,"SRMBNB":0,"STMXBNB":0,"STXBNB":0,"SUSHIBNB":0,"SWRVBNB":0,"SXPBNB":0.009523896041275955,"THETABNB":0,"TROYBNB":0,"TRXBNB":0.07080764380198758,"UNFIBNB":0,"UNIBNB":0,"VETBNB":0.01797013991054376,"VTHOBNB":0,"WABIBNB":0.007988256914628728,"WANBNB":0,"WAVESBNB":0,"WINBNB":0,"WINGBNB":0,"WNXMBNB":0.024917192244240625,"WRXBNB":0,"WTCBNB":0,"XLMBNB":0,"XMRBNB":0,"XRPBNB":0.00013798288568846098,"XTZBNB":0.009182544303717446,"XVSBNB":0.02667292015679642,"YFIBNB":0,"YFIIBNB":0.004452132766981073,"ZECBNB":0,"ZENBNB":0,"ZILBNB":0},"numerosità_campione":633,"expected_return":0.000024533490715597202,"standard_deviation":0.0026904998587289498,"sharpe_ratio":0.009118562350412964}