{"weights":{"AAVEBNB":0.0010048400777658668,"ADABNB":0,"ALGOBNB":0,"ALPHABNB":0,"ANKRBNB":0,"ANTBNB":0.03649227793500758,"ARBNB":0,"ARPABNB":0,"ATOMBNB":0,"AVABNB":0.03410506122317283,"AVAXBNB":0,"AXSBNB":0,"BAKEBNB":0.017859433350247474,"BANDBNB":0,"BATBNB":0.0017669272137434647,"BCHBNB":0,"BELBNB":0,"BIFIBNB":0.027631138553646246,"BLZBNB":0.0073829045605686705,"BTTBNB":0.09544811046748708,"BURGERBNB":0,"CAKEBNB":0.24560628254742561,"CELRBNB":0.007251425227591189,"CHRBNB":0,"CHZBNB":0.0011589387175281968,"COCOSBNB":0.0037481348882677026,"COSBNB":0,"COTIBNB":0,"CREAMBNB":0.011402067218049799,"CRVBNB":0,"CTKBNB":0,"CTSIBNB":0,"DASHBNB":0,"DGBBNB":0,"DIABNB":0,"DOTBNB":0.02667030553512707,"EGLDBNB":0.02006703488989271,"ENJBNB":0,"EOSBNB":0,"ETCBNB":0,"FETBNB":0,"FILBNB":0,"FIOBNB":0,"FTMBNB":0,"FTTBNB":0.0711305819994161,"HARDBNB":0.005491817708612167,"HBARBNB":0,"HOTBNB":0,"ICPBNB":0,"ICXBNB":0,"INJBNB":0,"IOSTBNB":0,"IOTABNB":0,"IQBNB":0,"JSTBNB":0,"KAVABNB":0,"KP3RBNB":0.0329619402991317,"KSMBNB":0,"LTCBNB":0.027385589321510785,"LUNABNB":0,"MATICBNB":0.010161020305752104,"MBLBNB":0,"MFTBNB":0,"MITHBNB":0,"MKRBNB":0.01693011526237998,"NEARBNB":0,"NEOBNB":0,"NMRBNB":0.00014959597560203715,"OCEANBNB":0,"OGNBNB":0,"ONEBNB":0,"ONTBNB":0,"PAXGBNB":0.11112584511354903,"PERLBNB":0.002575794339054744,"PROMBNB":0.0034000349711618945,"RSRBNB":0,"RUNEBNB":0.054337962447183454,"RVNBNB":0,"SANDBNB":0,"SCBNB":0,"SNXBNB":0.00022288946814520355,"SOLBNB":0,"SPARTABNB":0.015607963827315306,"SRMBNB":0,"STMXBNB":0,"STXBNB":0,"SUSHIBNB":0,"SWRVBNB":0,"SXPBNB":0.04383449857482127,"THETABNB":0,"TROYBNB":0,"TRXBNB":0,"UNFIBNB":0.011751353522603333,"UNIBNB":0,"VETBNB":0,"VTHOBNB":0.02947082019134499,"WABIBNB":0,"WANBNB":0,"WAVESBNB":0,"WINBNB":0,"WINGBNB":0,"WNXMBNB":0.0018770397474480436,"WRXBNB":0,"WTCBNB":0.0044269128622928785,"XLMBNB":0,"XMRBNB":0,"XRPBNB":0.01932013825166158,"XTZBNB":0,"XVSBNB":0.00024320340549194755,"YFIBNB":0,"YFIIBNB":0,"ZECBNB":0,"ZENBNB":0,"ZILBNB":0},"numerosità_campione":114,"expected_return":0.0004331467021034152,"standard_deviation":0.0023978703824805137,"sharpe_ratio":0.18063808005140794}