{"weights":{"AAVEBNB":0,"ADABNB":0.02262811822847051,"ALGOBNB":0,"ALPHABNB":0.007409985479569235,"ANKRBNB":0,"ANTBNB":0.01684489894661679,"ARBNB":0.004710392679278389,"ARPABNB":0.022919101261620962,"ATOMBNB":0,"AVABNB":0,"AVAXBNB":0,"AXSBNB":0,"BAKEBNB":0,"BANDBNB":0.005617355973925304,"BATBNB":0,"BCHBNB":0,"BELBNB":0,"BIFIBNB":0.056507709749878905,"BLZBNB":0,"BTTBNB":0,"BURGERBNB":0.010290474219258975,"CAKEBNB":0.36192654850855543,"CELRBNB":0,"CHRBNB":0,"CHZBNB":0,"COCOSBNB":0,"COSBNB":0.02578507416517907,"COTIBNB":0,"CREAMBNB":0.03633240267229015,"CRVBNB":0.014641480539718733,"CTKBNB":0,"CTSIBNB":0.008899054706671156,"DASHBNB":0,"DGBBNB":0,"DIABNB":0,"DOTBNB":0,"EGLDBNB":0,"ENJBNB":0,"EOSBNB":0,"ETCBNB":0,"FETBNB":0.01764305646776228,"FILBNB":0.011659169485659206,"FIOBNB":0,"FTMBNB":0,"FTTBNB":0.08862054848648754,"HARDBNB":0.016085827001916433,"HBARBNB":0,"HOTBNB":0,"ICPBNB":0,"ICXBNB":0,"INJBNB":0.0027874655574747133,"IOSTBNB":0,"IOTABNB":0,"IQBNB":0.005054453585792474,"JSTBNB":0,"KAVABNB":0.017151031608792326,"KP3RBNB":0.0071690294268174064,"KSMBNB":0.013402655875508623,"LPTBNB":0,"LTCBNB":0,"LUNABNB":0,"MASKBNB":0.0013625403470243684,"MATICBNB":0,"MBLBNB":0,"MDXBNB":0.011205301993453074,"MFTBNB":0.003669035585792074,"MITHBNB":0,"MKRBNB":0,"NEARBNB":0,"NEOBNB":0,"NMRBNB":0.009468857366815167,"OCEANBNB":0.013551925874555889,"OGNBNB":0,"ONEBNB":0,"ONTBNB":0,"PAXGBNB":0.014544456432382264,"PERLBNB":0,"POLSBNB":0,"PROMBNB":0,"RSRBNB":0,"RUNEBNB":0,"RVNBNB":0,"SANDBNB":0,"SCBNB":0,"SNXBNB":0,"SOLBNB":0,"SPARTABNB":0.02549993217649793,"SRMBNB":0,"STMXBNB":0,"STXBNB":0,"SUSHIBNB":0,"SWRVBNB":0,"SXPBNB":0.002866904040858249,"THETABNB":0,"TROYBNB":0,"TRXBNB":0.06763352205413165,"UNFIBNB":0,"UNIBNB":0,"VETBNB":0.016131310556476597,"VTHOBNB":0,"WABIBNB":0.009272662569711529,"WANBNB":0,"WAVESBNB":0,"WINBNB":0,"WINGBNB":0,"WNXMBNB":0.022252150171879644,"WRXBNB":0,"WTCBNB":0,"XLMBNB":0,"XMRBNB":0,"XRPBNB":0,"XTZBNB":0.006652913518422409,"XVSBNB":0.01811578214748498,"YFIBNB":0,"YFIIBNB":0.0036868705372695657,"ZECBNB":0,"ZENBNB":0,"ZILBNB":0},"numerosità_campione":630,"expected_return":0.00005735915825657456,"standard_deviation":0.002731126681262484,"sharpe_ratio":0.02100201307032007}