{"weights":{"AAVEBNB":0,"ADABNB":0.02531176177096663,"ALGOBNB":0,"ALPHABNB":0,"ANKRBNB":0,"ANTBNB":0.01733576709949912,"ARBNB":0.006775771850544048,"ARPABNB":0.02774226484802192,"ATOMBNB":0,"AVABNB":0,"AVAXBNB":0,"AXSBNB":0,"BAKEBNB":0,"BANDBNB":0.006383665886527175,"BATBNB":0,"BCHBNB":0,"BELBNB":0,"BIFIBNB":0.06201138342030986,"BLZBNB":0,"BTTBNB":0,"BURGERBNB":0.009656107794741617,"CAKEBNB":0.36879721321606607,"CELRBNB":0,"CHRBNB":0,"CHZBNB":0,"COCOSBNB":0,"COSBNB":0.03001187524460074,"COTIBNB":0,"CREAMBNB":0.045110014966778994,"CRVBNB":0.02555502256553297,"CTKBNB":0,"CTSIBNB":0,"DASHBNB":0,"DGBBNB":0,"DIABNB":0,"DOTBNB":0,"EGLDBNB":0,"ENJBNB":0,"EOSBNB":0,"ETCBNB":0,"FETBNB":0.021564559758135617,"FILBNB":0.01529637719479796,"FIOBNB":0.0006229066471774424,"FTMBNB":0,"FTTBNB":0.07800839099188134,"HARDBNB":0.021811705284779645,"HBARBNB":0,"HOTBNB":0,"ICPBNB":0,"ICXBNB":0,"INJBNB":0,"IOSTBNB":0,"IOTABNB":0,"IQBNB":0.007542755615267885,"JSTBNB":0,"KAVABNB":0.018673985239064966,"KP3RBNB":0.009790578758196092,"KSMBNB":0.02823347232070613,"LPTBNB":0.00031076952759218383,"LTCBNB":0,"LUNABNB":0,"MASKBNB":0,"MATICBNB":0,"MBLBNB":0,"MDXBNB":0.015290073582938659,"MFTBNB":0.005511022660408498,"MITHBNB":0.0016175945166282536,"MKRBNB":0,"NEARBNB":0,"NEOBNB":0,"NMRBNB":0.010438607623198766,"OCEANBNB":0.004228004402153623,"OGNBNB":0,"ONEBNB":0,"ONTBNB":0,"PAXGBNB":0.019204319353420818,"PERLBNB":0,"POLSBNB":0,"PROMBNB":0,"RSRBNB":0,"RUNEBNB":0,"RVNBNB":0,"SANDBNB":0,"SCBNB":0,"SNXBNB":0,"SOLBNB":0,"SPARTABNB":0.021134268698713727,"SRMBNB":0,"STMXBNB":0,"STXBNB":0,"SUSHIBNB":0,"SWRVBNB":0,"SXPBNB":0,"THETABNB":0.0007426013376388218,"TROYBNB":0,"TRXBNB":0.05155762179833794,"UNFIBNB":0,"UNIBNB":0,"VETBNB":0.012489204714739022,"VTHOBNB":0,"WABIBNB":0.009565837543582693,"WANBNB":0,"WAVESBNB":0,"WINBNB":0,"WINGBNB":0,"WNXMBNB":0.015842852876311767,"WRXBNB":0,"WTCBNB":0,"XLMBNB":0,"XMRBNB":0,"XRPBNB":0,"XTZBNB":0.00341563205060229,"XVSBNB":0.0009115058650829889,"YFIBNB":0,"YFIIBNB":0.0015045029750536862,"ZECBNB":0,"ZENBNB":0,"ZILBNB":0},"numerosità_campione":633,"expected_return":0.00012409054099036477,"standard_deviation":0.002838601732486031,"sharpe_ratio":0.0437153756267481}