{"weights":{"AAVEBNB":0,"ADABNB":0.022310273368495743,"ALGOBNB":0,"ALPHABNB":0.002972173800890948,"ANKRBNB":0,"ANTBNB":0.017132295262119332,"ARBNB":0.006571365261586975,"ARPABNB":0.02632813556314382,"ATOMBNB":0,"AVABNB":0,"AVAXBNB":0,"AXSBNB":0,"BAKEBNB":0,"BANDBNB":0.006618064718321123,"BATBNB":0,"BCHBNB":0,"BELBNB":0,"BIFIBNB":0.06088084215455726,"BLZBNB":0,"BTTBNB":0,"BURGERBNB":0.01025375625048416,"CAKEBNB":0.36653142577581826,"CELRBNB":0,"CHRBNB":0,"CHZBNB":0,"COCOSBNB":0,"COSBNB":0.030486462416068363,"COTIBNB":0,"CREAMBNB":0.041748499229233994,"CRVBNB":0.02102019653080123,"CTKBNB":0,"CTSIBNB":0.0022760016136406107,"DASHBNB":0,"DGBBNB":0,"DIABNB":0,"DOTBNB":0,"EGLDBNB":0,"ENJBNB":0,"EOSBNB":0,"ETCBNB":0,"FETBNB":0.019548732335695408,"FILBNB":0.013388274443772304,"FIOBNB":0,"FTMBNB":0,"FTTBNB":0.08519928399148982,"HARDBNB":0.01903980108172059,"HBARBNB":0,"HOTBNB":0,"ICPBNB":0,"ICXBNB":0,"INJBNB":0,"IOSTBNB":0,"IOTABNB":0,"IQBNB":0.0062642369682488,"JSTBNB":0,"KAVABNB":0.018401049087280755,"KP3RBNB":0.009006129323210287,"KSMBNB":0.021456138216177242,"LPTBNB":0,"LTCBNB":0,"LUNABNB":0,"MASKBNB":0,"MATICBNB":0,"MBLBNB":0,"MDXBNB":0.013369825938271206,"MFTBNB":0.004811470191958643,"MITHBNB":0.00040761497400679047,"MKRBNB":0,"NEARBNB":0,"NEOBNB":0,"NMRBNB":0.009971166622570003,"OCEANBNB":0.010022044343439219,"OGNBNB":0,"ONEBNB":0,"ONTBNB":0,"PAXGBNB":0.014596623619783977,"PERLBNB":0,"POLSBNB":0,"PROMBNB":0,"RSRBNB":0,"RUNEBNB":0,"RVNBNB":0,"SANDBNB":0,"SCBNB":0,"SNXBNB":0,"SOLBNB":0,"SPARTABNB":0.02273803393951175,"SRMBNB":0,"STMXBNB":0,"STXBNB":0,"SUSHIBNB":0,"SWRVBNB":0,"SXPBNB":0,"THETABNB":0.00036635441690973666,"TROYBNB":0,"TRXBNB":0.060434563482618185,"UNFIBNB":0,"UNIBNB":0,"VETBNB":0.013952957064484035,"VTHOBNB":0,"WABIBNB":0.009630960930232392,"WANBNB":0,"WAVESBNB":0,"WINBNB":0,"WINGBNB":0,"WNXMBNB":0.018603598669544565,"WRXBNB":0,"WTCBNB":0,"XLMBNB":0,"XMRBNB":0,"XRPBNB":0,"XTZBNB":0.0039217019962697755,"XVSBNB":0.007319978145838003,"YFIBNB":0,"YFIIBNB":0.0024199682718046723,"ZECBNB":0,"ZENBNB":0,"ZILBNB":0},"numerosità_campione":630,"expected_return":0.0000948742644265091,"standard_deviation":0.0027878710471956106,"sharpe_ratio":0.034031080641963515}