{"weights":{"AAVEBNB":0,"ADABNB":0.021798683992264,"ALGOBNB":0,"ALPHABNB":0.00032807170791277217,"ANKRBNB":0,"ANTBNB":0.017200506130972487,"ARBNB":0.007467356734918987,"ARPABNB":0.027952101502611043,"ATOMBNB":0,"AVABNB":0,"AVAXBNB":0,"AXSBNB":0,"BAKEBNB":0,"BANDBNB":0.007091367411662587,"BATBNB":0,"BCHBNB":0,"BELBNB":0,"BIFIBNB":0.06297596627742325,"BLZBNB":0,"BTTBNB":0,"BURGERBNB":0.009977095304619214,"CAKEBNB":0.368500528501657,"CELRBNB":0,"CHRBNB":0,"CHZBNB":0,"COCOSBNB":0,"COSBNB":0.03279327423707743,"COTIBNB":0,"CREAMBNB":0.04469067207415713,"CRVBNB":0.02439768758288562,"CTKBNB":0,"CTSIBNB":0,"DASHBNB":0,"DGBBNB":0,"DIABNB":0,"DOTBNB":0,"EGLDBNB":0,"ENJBNB":0,"EOSBNB":0,"ETCBNB":0,"FETBNB":0.020488160031281545,"FILBNB":0.014365603581469343,"FIOBNB":0,"FTMBNB":0,"FTTBNB":0.08280044402123397,"HARDBNB":0.020489469124686625,"HBARBNB":0,"HOTBNB":0,"ICPBNB":0,"ICXBNB":0,"INJBNB":0,"IOSTBNB":0,"IOTABNB":0,"IQBNB":0.006926266516005308,"JSTBNB":0,"KAVABNB":0.018765787220073177,"KP3RBNB":0.009888000055258108,"KSMBNB":0.025666514805808702,"LPTBNB":0,"LTCBNB":0,"LUNABNB":0,"MASKBNB":0,"MATICBNB":0,"MBLBNB":0,"MDXBNB":0.014571701512354155,"MFTBNB":0.005404849608935517,"MITHBNB":0.0010264075054131645,"MKRBNB":0,"NEARBNB":0,"NEOBNB":0,"NMRBNB":0.01018366627852521,"OCEANBNB":0.007865041854067462,"OGNBNB":0,"ONEBNB":0,"ONTBNB":0,"PAXGBNB":0.015104715879978777,"PERLBNB":0,"POLSBNB":0,"PROMBNB":0,"RSRBNB":0,"RUNEBNB":0,"RVNBNB":0,"SANDBNB":0,"SCBNB":0,"SNXBNB":0,"SOLBNB":0,"SPARTABNB":0.021271250460810152,"SRMBNB":0,"STMXBNB":0,"STXBNB":0,"SUSHIBNB":0,"SWRVBNB":0,"SXPBNB":0,"THETABNB":0.0011440497953527956,"TROYBNB":0,"TRXBNB":0.05558171151004654,"UNFIBNB":0,"UNIBNB":0,"VETBNB":0.012648949747930283,"VTHOBNB":0,"WABIBNB":0.009341981312435172,"WANBNB":0,"WAVESBNB":0,"WINBNB":0,"WINGBNB":0,"WNXMBNB":0.01659304218742648,"WRXBNB":0,"WTCBNB":0,"XLMBNB":0,"XMRBNB":0,"XRPBNB":0,"XTZBNB":0.001933354891263591,"XVSBNB":0.0012690150887712955,"YFIBNB":0,"YFIIBNB":0.0014967055527111439,"ZECBNB":0,"ZENBNB":0,"ZILBNB":0},"numerosità_campione":630,"expected_return":0.00011363181751147634,"standard_deviation":0.0028222892613337337,"sharpe_ratio":0.04026228603434404}