{"weights":{"AAVEBNB":0,"ADABNB":0.020680765764671764,"ALGOBNB":0,"ALPHABNB":0,"ANKRBNB":0,"ANTBNB":0.016758902799057722,"ARBNB":0.009158683310729662,"ARPABNB":0.031235882358597908,"ATOMBNB":0,"AVABNB":0,"AVAXBNB":0,"AXSBNB":0,"BAKEBNB":0,"BANDBNB":0.005854659829072784,"BATBNB":0,"BCHBNB":0,"BELBNB":0,"BIFIBNB":0.06599416236391926,"BLZBNB":0,"BTTBNB":0,"BURGERBNB":0.008107339647336233,"CAKEBNB":0.36865111958780916,"CELRBNB":0,"CHRBNB":0,"CHZBNB":0,"COCOSBNB":0,"COSBNB":0.03408617424858442,"COTIBNB":0,"CREAMBNB":0.053101202328850336,"CRVBNB":0.03454867625728833,"CTKBNB":0,"CTSIBNB":0,"DASHBNB":0,"DGBBNB":0,"DIABNB":0,"DOTBNB":0,"EGLDBNB":0,"ENJBNB":0,"EOSBNB":0,"ETCBNB":0,"FETBNB":0.022871599147747574,"FILBNB":0.018912472099426182,"FIOBNB":0.0026678721533188957,"FTMBNB":0,"FTTBNB":0.06700122928990176,"HARDBNB":0.02563112056471304,"HBARBNB":0,"HOTBNB":0,"ICPBNB":0,"ICXBNB":0,"INJBNB":0,"IOSTBNB":0,"IOTABNB":0,"IQBNB":0.009253109523565214,"JSTBNB":0,"KAVABNB":0.01801859181235653,"KP3RBNB":0.011131853968701312,"KSMBNB":0.038339959511703124,"LPTBNB":0.000500401101022521,"LTCBNB":0,"LUNABNB":0,"MASKBNB":0,"MATICBNB":0,"MBLBNB":0,"MDXBNB":0.017824597703731626,"MFTBNB":0.007226180932507055,"MITHBNB":0.0028805605357853682,"MKRBNB":0,"NEARBNB":0,"NEOBNB":0,"NMRBNB":0.010859743765635326,"OCEANBNB":0,"OGNBNB":0,"ONEBNB":0,"ONTBNB":0,"PAXGBNB":0.026437574872930185,"PERLBNB":0,"POLSBNB":0,"PROMBNB":0,"RSRBNB":0,"RUNEBNB":0,"RVNBNB":0,"SANDBNB":0,"SCBNB":0,"SNXBNB":0,"SOLBNB":0.0004784962218241986,"SPARTABNB":0.016445739213973715,"SRMBNB":0,"STMXBNB":0,"STXBNB":0,"SUSHIBNB":0,"SWRVBNB":0,"SXPBNB":0,"THETABNB":0.00341460458434268,"TROYBNB":0,"TRXBNB":0.02608865877745471,"UNFIBNB":0,"UNIBNB":0,"VETBNB":0.007810445739398905,"VTHOBNB":0,"WABIBNB":0.008400410626215573,"WANBNB":0,"WAVESBNB":0,"WINBNB":0,"WINGBNB":0,"WNXMBNB":0.009627209357826742,"WRXBNB":0,"WTCBNB":0,"XLMBNB":0,"XMRBNB":0,"XRPBNB":0,"XTZBNB":0,"XVSBNB":0,"YFIBNB":0,"YFIIBNB":0,"ZECBNB":0,"ZENBNB":0,"ZILBNB":0},"numerosità_campione":633,"expected_return":0.00016391336110027188,"standard_deviation":0.002930880606024996,"sharpe_ratio":0.05592631810498047}