{"weights":{"AAVEBNB":0,"ADABNB":0.017958974418742505,"ALGOBNB":0,"ALPHABNB":0.01640622774246672,"ANKRBNB":0,"ANTBNB":0.015254428863895856,"ARBNB":0,"ARPABNB":0.011573399705910951,"ATOMBNB":0,"AVABNB":0,"AVAXBNB":0.008105732593809546,"AXSBNB":0,"BAKEBNB":0,"BANDBNB":0.0026479436500737967,"BATBNB":0,"BCHBNB":0,"BELBNB":0,"BIFIBNB":0.0430529746184066,"BLZBNB":0,"BTTBNB":0,"BURGERBNB":0.00878764208358401,"CAKEBNB":0.34778459871839773,"CELRBNB":0,"CHRBNB":0,"CHZBNB":0,"COCOSBNB":0,"COSBNB":0.012728793507552048,"COTIBNB":0,"CREAMBNB":0.02352462679083468,"CRVBNB":0,"CTKBNB":0,"CTSIBNB":0.024426564401405212,"DASHBNB":0,"DGBBNB":0,"DIABNB":0,"DOTBNB":0,"EGLDBNB":0,"ENJBNB":0,"EOSBNB":0,"ETCBNB":0,"FETBNB":0.012031400752407263,"FILBNB":0.006800917701654024,"FIOBNB":0,"FTMBNB":0,"FTTBNB":0.09347306682649092,"HARDBNB":0.007871451244344003,"HBARBNB":0,"HOTBNB":0,"ICPBNB":0,"ICXBNB":0,"INJBNB":0.02156597920556119,"IOSTBNB":0,"IOTABNB":0,"IQBNB":0.0019786730557889132,"JSTBNB":0,"KAVABNB":0.011736707443169922,"KP3RBNB":0.0013498894457032596,"KSMBNB":0,"LPTBNB":0,"LTCBNB":0,"LUNABNB":0,"MASKBNB":0.015789792607394184,"MATICBNB":0,"MBLBNB":0,"MDXBNB":0.006007352075583597,"MFTBNB":0.0005114903950636009,"MITHBNB":0,"MKRBNB":0,"NEARBNB":0,"NEOBNB":0,"NMRBNB":0.007614292524812227,"OCEANBNB":0.020586946561689634,"OGNBNB":0,"ONEBNB":0,"ONTBNB":0,"PAXGBNB":0.01642840029144194,"PERLBNB":0,"POLSBNB":0,"PROMBNB":0,"RSRBNB":0,"RUNEBNB":0,"RVNBNB":0,"SANDBNB":0,"SCBNB":0,"SNXBNB":0,"SOLBNB":0,"SPARTABNB":0.032451041411608275,"SRMBNB":0,"STMXBNB":0,"STXBNB":0,"SUSHIBNB":0,"SWRVBNB":0,"SXPBNB":0.01970781160738147,"THETABNB":0,"TROYBNB":0,"TRXBNB":0.07783583907983814,"UNFIBNB":0,"UNIBNB":0,"VETBNB":0.018251530065824553,"VTHOBNB":0,"WABIBNB":0.004381832404886436,"WANBNB":0.006372453172355686,"WAVESBNB":0,"WINBNB":0.00012986228794237842,"WINGBNB":0,"WNXMBNB":0.029833804492814215,"WRXBNB":0,"WTCBNB":0,"XLMBNB":0,"XMRBNB":0,"XRPBNB":0,"XTZBNB":0.008668320761441221,"XVSBNB":0.04211246743636527,"YFIBNB":0,"YFIIBNB":0.004256770053358076,"ZECBNB":0,"ZENBNB":0,"ZILBNB":0},"numerosità_campione":630,"expected_return":-0.00004580738371074544,"standard_deviation":0.002654184595287007,"sharpe_ratio":-0.017258552322278138}