{"weights":{"AAVEBNB":0.027730635891481156,"ADABNB":0.0048045437615339154,"ALGOBNB":0,"ALPHABNB":0,"ANKRBNB":0,"ANTBNB":0.020327701545546063,"ARBNB":0,"ARPABNB":0,"ATOMBNB":0,"AVABNB":0.023420776631050917,"AVAXBNB":0,"AXSBNB":0,"BAKEBNB":0.020790565780087415,"BANDBNB":0,"BATBNB":0,"BCHBNB":0,"BELBNB":0,"BIFIBNB":0.028455251990230804,"BLZBNB":0.01653653013058159,"BTTBNB":0.05514816974489198,"BURGERBNB":0,"CAKEBNB":0.2394016163371043,"CELRBNB":0.020802219586745094,"CHRBNB":0,"CHZBNB":0.0067358475965812415,"COCOSBNB":0,"COSBNB":0,"COTIBNB":0,"CREAMBNB":0.015958281956947096,"CRVBNB":0,"CTKBNB":0,"CTSIBNB":0,"DASHBNB":0,"DGBBNB":0,"DIABNB":0,"DOTBNB":0.01891431075398645,"EGLDBNB":0,"ENJBNB":0,"EOSBNB":0,"ETCBNB":0,"FETBNB":0,"FILBNB":0,"FIOBNB":0,"FTMBNB":0,"FTTBNB":0.03372386905445122,"HARDBNB":0,"HBARBNB":0,"HOTBNB":0,"ICPBNB":0,"ICXBNB":0,"INJBNB":0.003802429733629901,"IOSTBNB":0,"IOTABNB":0,"IQBNB":0.0022623271540829996,"JSTBNB":0,"KAVABNB":0,"KP3RBNB":0.03850201989544237,"KSMBNB":0,"LTCBNB":0,"LUNABNB":0,"MATICBNB":0.030881291155031763,"MBLBNB":0,"MFTBNB":0,"MITHBNB":0,"MKRBNB":0.017344317483268673,"NEARBNB":0,"NEOBNB":0,"NMRBNB":0.002138456928440679,"OCEANBNB":0,"OGNBNB":0,"ONEBNB":0.0006542019459308936,"ONTBNB":0,"PAXGBNB":0.13512214260780436,"PERLBNB":0.0012128783056399432,"PROMBNB":0.00013976568109411866,"RSRBNB":0,"RUNEBNB":0.0664773160226523,"RVNBNB":0,"SANDBNB":0,"SCBNB":0,"SNXBNB":0.017456789073008475,"SOLBNB":0.013973070707113282,"SPARTABNB":0.0156615584574632,"SRMBNB":0,"STMXBNB":0,"STXBNB":0,"SUSHIBNB":0.0011516784411310902,"SWRVBNB":0,"SXPBNB":0.04388496035154879,"THETABNB":0,"TROYBNB":0,"TRXBNB":0,"UNFIBNB":0.010587138729794547,"UNIBNB":0,"VETBNB":0,"VTHOBNB":0.014360790699986168,"WABIBNB":0,"WANBNB":0,"WAVESBNB":0,"WINBNB":0,"WINGBNB":0,"WNXMBNB":0.0005439783087669717,"WRXBNB":0,"WTCBNB":0,"XLMBNB":0,"XMRBNB":0,"XRPBNB":0.05109256755695046,"XTZBNB":0,"XVSBNB":0,"YFIBNB":0,"YFIIBNB":0,"ZECBNB":0,"ZENBNB":0,"ZILBNB":0},"numerosità_campione":114,"expected_return":0.0007614880637367903,"standard_deviation":0.0027044572787835435,"sharpe_ratio":0.28156779170100454}