{"weights":{"AAVEBNB":0,"ADABNB":0.02096546186802487,"ALGOBNB":0,"ALPHABNB":0.01614033391762361,"ANKRBNB":0,"ANTBNB":0.015405419914312105,"ARBNB":0,"ARPABNB":0.011209796999967098,"ATOMBNB":0,"AVABNB":0,"AVAXBNB":0.005236271019297457,"AXSBNB":0,"BAKEBNB":0,"BANDBNB":0.0030714772961238567,"BATBNB":0,"BCHBNB":0,"BELBNB":0,"BIFIBNB":0.044342613153921656,"BLZBNB":0,"BTTBNB":0,"BURGERBNB":0.008929951646926663,"CAKEBNB":0.34929645815858384,"CELRBNB":0,"CHRBNB":0,"CHZBNB":0,"COCOSBNB":0,"COSBNB":0.013872137007310915,"COTIBNB":0,"CREAMBNB":0.02499004905874894,"CRVBNB":0,"CTKBNB":0,"CTSIBNB":0.02334092974075768,"DASHBNB":0,"DGBBNB":0,"DIABNB":0,"DOTBNB":0,"EGLDBNB":0,"ENJBNB":0,"EOSBNB":0,"ETCBNB":0,"FETBNB":0.012921806401045876,"FILBNB":0.007731364498555994,"FIOBNB":0,"FTMBNB":0,"FTTBNB":0.08870347906753734,"HARDBNB":0.008349691003268885,"HBARBNB":0,"HOTBNB":0,"ICPBNB":0,"ICXBNB":0,"INJBNB":0.021300807657223274,"IOSTBNB":0,"IOTABNB":0,"IQBNB":0.0025406186314939666,"JSTBNB":0,"KAVABNB":0.012705715131839313,"KP3RBNB":0.0018312948708289949,"KSMBNB":0,"LPTBNB":0,"LTCBNB":0,"LUNABNB":0,"MASKBNB":0.01406700572319149,"MATICBNB":0,"MBLBNB":0,"MDXBNB":0.006499382487799733,"MFTBNB":0.0006946539354402854,"MITHBNB":0,"MKRBNB":0,"NEARBNB":0,"NEOBNB":0,"NMRBNB":0.008016269483823012,"OCEANBNB":0.019876140408587678,"OGNBNB":0,"ONEBNB":0,"ONTBNB":0,"PAXGBNB":0.018237785641329184,"PERLBNB":0,"POLSBNB":0,"PROMBNB":0,"RSRBNB":0,"RUNEBNB":0,"RVNBNB":0,"SANDBNB":0,"SCBNB":0,"SNXBNB":0,"SOLBNB":0,"SPARTABNB":0.03241346977379288,"SRMBNB":0,"STMXBNB":0,"STXBNB":0,"SUSHIBNB":0,"SWRVBNB":0,"SXPBNB":0.019751956729374506,"THETABNB":0,"TROYBNB":0,"TRXBNB":0.07560067567560869,"UNFIBNB":0,"UNIBNB":0,"VETBNB":0.019208909667698143,"VTHOBNB":0,"WABIBNB":0.004911105740890368,"WANBNB":0.0035229176251465747,"WAVESBNB":0,"WINBNB":0,"WINGBNB":0,"WNXMBNB":0.029283486559647267,"WRXBNB":0,"WTCBNB":0,"XLMBNB":0,"XMRBNB":0,"XRPBNB":0.0006963825240920553,"XTZBNB":0.009913193724442491,"XVSBNB":0.03974587989237542,"YFIBNB":0,"YFIIBNB":0.00467510736336804,"ZECBNB":0,"ZENBNB":0,"ZILBNB":0},"numerosità_campione":633,"expected_return":-0.00003520073944926335,"standard_deviation":0.0026529951587919726,"sharpe_ratio":-0.01326830142626111}