{"weights":{"AAVEBNB":0.02185687107113817,"ADABNB":0.0036365105799251035,"ALGOBNB":0,"ALPHABNB":0,"ANKRBNB":0,"ANTBNB":0.02487280735738845,"ARBNB":0,"ARPABNB":0,"ATOMBNB":0,"AVABNB":0.02654580101176754,"AVAXBNB":0,"AXSBNB":0,"BAKEBNB":0.020078049747308584,"BANDBNB":0,"BATBNB":0,"BCHBNB":0,"BELBNB":0,"BIFIBNB":0.02839569782381124,"BLZBNB":0.014158319969283913,"BTTBNB":0.06985663975922109,"BURGERBNB":0,"CAKEBNB":0.2418285371154947,"CELRBNB":0.017701289826861873,"CHRBNB":0,"CHZBNB":0.00652623022585849,"COCOSBNB":0,"COSBNB":0,"COTIBNB":0,"CREAMBNB":0.014624769995090364,"CRVBNB":0,"CTKBNB":0,"CTSIBNB":0,"DASHBNB":0,"DGBBNB":0,"DIABNB":0,"DOTBNB":0.021344131241697276,"EGLDBNB":0,"ENJBNB":0,"EOSBNB":0,"ETCBNB":0,"FETBNB":0,"FILBNB":0,"FIOBNB":0,"FTMBNB":0,"FTTBNB":0.04448543598072056,"HARDBNB":0,"HBARBNB":0,"HOTBNB":0,"ICPBNB":0,"ICXBNB":0,"INJBNB":0.003116032136298281,"IOSTBNB":0,"IOTABNB":0,"IQBNB":0.000772728093024815,"JSTBNB":0,"KAVABNB":0,"KP3RBNB":0.03761151624884155,"KSMBNB":0,"LTCBNB":0.0026677736879190577,"LUNABNB":0,"MATICBNB":0.02582755153798877,"MBLBNB":0,"MFTBNB":0,"MITHBNB":0,"MKRBNB":0.018255033179799637,"NEARBNB":0,"NEOBNB":0,"NMRBNB":0.0013858230514359733,"OCEANBNB":0,"OGNBNB":0,"ONEBNB":0,"ONTBNB":0,"PAXGBNB":0.1296476769557665,"PERLBNB":0.00204350082411602,"PROMBNB":0.0009009330155644322,"RSRBNB":0,"RUNEBNB":0.06403602492771501,"RVNBNB":0,"SANDBNB":0,"SCBNB":0,"SNXBNB":0.013391608896310626,"SOLBNB":0.01000726094807734,"SPARTABNB":0.01567862826877417,"SRMBNB":0,"STMXBNB":0,"STXBNB":0,"SUSHIBNB":0,"SWRVBNB":0,"SXPBNB":0.04419193775916354,"THETABNB":0,"TROYBNB":0,"TRXBNB":0,"UNFIBNB":0.011641345666385867,"UNIBNB":0,"VETBNB":0,"VTHOBNB":0.01898316119857784,"WABIBNB":0,"WANBNB":0,"WAVESBNB":0,"WINBNB":0,"WINGBNB":0,"WNXMBNB":0.0009447597139652242,"WRXBNB":0,"WTCBNB":0,"XLMBNB":0,"XMRBNB":0,"XRPBNB":0.04298561218470811,"XTZBNB":0,"XVSBNB":0,"YFIBNB":0,"YFIIBNB":0,"ZECBNB":0,"ZENBNB":0,"ZILBNB":0},"numerosità_campione":114,"expected_return":0.0006794027233284468,"standard_deviation":0.002606523276797631,"sharpe_ratio":0.26065476927685816}