{"weights":{"AAVEBNB":0.02982467196145425,"ADABNB":0.005065319196504922,"ALGOBNB":0,"ALPHABNB":0,"ANKRBNB":0,"ANTBNB":0.018123045555104286,"ARBNB":0,"ARPABNB":0,"ATOMBNB":0,"AVABNB":0.02210224480646537,"AVAXBNB":0,"AXSBNB":0,"BAKEBNB":0.021202554212728295,"BANDBNB":0,"BATBNB":0,"BCHBNB":0,"BELBNB":0,"BIFIBNB":0.02850751774549754,"BLZBNB":0.017679799511621887,"BTTBNB":0.04768810534309661,"BURGERBNB":0,"CAKEBNB":0.23780549558656322,"CELRBNB":0.02212713813542168,"CHRBNB":0,"CHZBNB":0.006554355433593112,"COCOSBNB":0,"COSBNB":0,"COTIBNB":0,"CREAMBNB":0.01660944109775832,"CRVBNB":0,"CTKBNB":0,"CTSIBNB":0,"DASHBNB":0,"DGBBNB":0,"DIABNB":0,"DOTBNB":0.017644912515470308,"EGLDBNB":0,"ENJBNB":0,"EOSBNB":0,"ETCBNB":0,"FETBNB":0,"FILBNB":0,"FIOBNB":0,"FTMBNB":0,"FTTBNB":0.028766171197331273,"HARDBNB":0,"HBARBNB":0,"HOTBNB":0,"ICPBNB":0,"ICXBNB":0,"INJBNB":0.004098006756049519,"IOSTBNB":0,"IOTABNB":0,"IQBNB":0.0032499130574259643,"JSTBNB":0,"KAVABNB":0,"KP3RBNB":0.03868495060590699,"KSMBNB":0,"LTCBNB":0,"LUNABNB":0,"MATICBNB":0.03312394825505995,"MBLBNB":0,"MFTBNB":0,"MITHBNB":0,"MKRBNB":0.016666492208275104,"NEARBNB":0,"NEOBNB":0,"NMRBNB":0.0025177035506005045,"OCEANBNB":0,"OGNBNB":0,"ONEBNB":0.0013315942322183784,"ONTBNB":0,"PAXGBNB":0.13793296318242224,"PERLBNB":0.0006642890676134825,"PROMBNB":0,"RSRBNB":0,"RUNEBNB":0.06731514232144581,"RVNBNB":0,"SANDBNB":0,"SCBNB":0,"SNXBNB":0.01897644859906278,"SOLBNB":0.01570008437672732,"SPARTABNB":0.015711485630239556,"SRMBNB":0,"STMXBNB":0,"STXBNB":0,"SUSHIBNB":0.003805942871103778,"SWRVBNB":0,"SXPBNB":0.043664714147587026,"THETABNB":0,"TROYBNB":0,"TRXBNB":0,"UNFIBNB":0.009501648677072424,"UNIBNB":0,"VETBNB":0,"VTHOBNB":0.012023469882298623,"WABIBNB":0,"WANBNB":0,"WAVESBNB":0,"WINBNB":0,"WINGBNB":0,"WNXMBNB":0.0003903499125107953,"WRXBNB":0,"WTCBNB":0,"XLMBNB":0,"XMRBNB":0,"XRPBNB":0.054940080367768665,"XTZBNB":0,"XVSBNB":0,"YFIBNB":0,"YFIIBNB":0,"ZECBNB":0,"ZENBNB":0,"ZILBNB":0},"numerosità_campione":114,"expected_return":0.0008025307339409622,"standard_deviation":0.0027581760113205064,"sharpe_ratio":0.290964293303654}