{"weights":{"AAVEBNB":0,"ADABNB":0.02215104923325551,"ALGOBNB":0,"ALPHABNB":0.009243282362342363,"ANKRBNB":0,"ANTBNB":0.016629187358759238,"ARBNB":0.0037820111379119952,"ARPABNB":0.02107614407212552,"ATOMBNB":0,"AVABNB":0,"AVAXBNB":0,"AXSBNB":0,"BAKEBNB":0,"BANDBNB":0.005087192156375942,"BATBNB":0,"BCHBNB":0,"BELBNB":0,"BIFIBNB":0.054147333636355106,"BLZBNB":0,"BTTBNB":0,"BURGERBNB":0.010084128532432596,"CAKEBNB":0.3595938500684614,"CELRBNB":0,"CHRBNB":0,"CHZBNB":0,"COCOSBNB":0,"COSBNB":0.023573990029170228,"COTIBNB":0,"CREAMBNB":0.034015427259597275,"CRVBNB":0.011786012334977138,"CTKBNB":0,"CTSIBNB":0.011714042632715922,"DASHBNB":0,"DGBBNB":0,"DIABNB":0,"DOTBNB":0,"EGLDBNB":0,"ENJBNB":0,"EOSBNB":0,"ETCBNB":0,"FETBNB":0.016663664236894197,"FILBNB":0.010842978301096293,"FIOBNB":0,"FTMBNB":0,"FTTBNB":0.0894828775720698,"HARDBNB":0.01463530031830636,"HBARBNB":0,"HOTBNB":0,"ICPBNB":0,"ICXBNB":0,"INJBNB":0.006089814478127469,"IOSTBNB":0,"IOTABNB":0,"IQBNB":0.004521817350332312,"JSTBNB":0,"KAVABNB":0.01638764725532979,"KP3RBNB":0.006206706766646162,"KSMBNB":0.00976835621016323,"LPTBNB":0,"LTCBNB":0,"LUNABNB":0,"MASKBNB":0.0038273821455058494,"MATICBNB":0,"MBLBNB":0,"MDXBNB":0.010354536781531573,"MFTBNB":0.0031125103822436445,"MITHBNB":0,"MKRBNB":0,"NEARBNB":0,"NEOBNB":0,"NMRBNB":0.009206207143251113,"OCEANBNB":0.014935252982362217,"OGNBNB":0,"ONEBNB":0,"ONTBNB":0,"PAXGBNB":0.014518913001381858,"PERLBNB":0,"POLSBNB":0,"PROMBNB":0,"RSRBNB":0,"RUNEBNB":0,"RVNBNB":0,"SANDBNB":0,"SCBNB":0,"SNXBNB":0,"SOLBNB":0,"SPARTABNB":0.026812203877663254,"SRMBNB":0,"STMXBNB":0,"STXBNB":0,"SUSHIBNB":0,"SWRVBNB":0,"SXPBNB":0.0062543093873173375,"THETABNB":0,"TROYBNB":0,"TRXBNB":0.07047785440665058,"UNFIBNB":0,"UNIBNB":0,"VETBNB":0.016912441612312666,"VTHOBNB":0,"WABIBNB":0.008595200672806964,"WANBNB":0,"WAVESBNB":0,"WINBNB":0,"WINGBNB":0,"WNXMBNB":0.023747404813931963,"WRXBNB":0,"WTCBNB":0,"XLMBNB":0,"XMRBNB":0,"XRPBNB":0,"XTZBNB":0.007293872075757265,"XVSBNB":0.02247233054790137,"YFIBNB":0,"YFIIBNB":0.003996766865936588,"ZECBNB":0,"ZENBNB":0,"ZILBNB":0},"numerosità_campione":630,"expected_return":0.00003860160517160728,"standard_deviation":0.0027084424576324447,"sharpe_ratio":0.01425232611563417}