{"weights":{"AAVEBNB":0,"ADABNB":0.025574230099867243,"ALGOBNB":0,"ALPHABNB":0.00013660362696646936,"ANKRBNB":0,"ANTBNB":0.01731881681299511,"ARBNB":0.006315408999168548,"ARPABNB":0.026817753135778895,"ATOMBNB":0,"AVABNB":0,"AVAXBNB":0,"AXSBNB":0,"BAKEBNB":0,"BANDBNB":0.0063877503044856565,"BATBNB":0,"BCHBNB":0,"BELBNB":0,"BIFIBNB":0.06107734835129777,"BLZBNB":0,"BTTBNB":0,"BURGERBNB":0.009816619536023342,"CAKEBNB":0.368144418604179,"CELRBNB":0,"CHRBNB":0,"CHZBNB":0,"COCOSBNB":0,"COSBNB":0.028933654028127018,"COTIBNB":0,"CREAMBNB":0.043625555131581284,"CRVBNB":0.02376387486415691,"CTKBNB":0,"CTSIBNB":0,"DASHBNB":0,"DGBBNB":0,"DIABNB":0,"DOTBNB":0,"EGLDBNB":0,"ENJBNB":0,"EOSBNB":0,"ETCBNB":0,"FETBNB":0.02104889679556926,"FILBNB":0.014569516199695121,"FIOBNB":0.0001956285158743996,"FTMBNB":0,"FTTBNB":0.07934166440818449,"HARDBNB":0.021022122928499046,"HBARBNB":0,"HOTBNB":0,"ICPBNB":0,"ICXBNB":0,"INJBNB":0,"IOSTBNB":0,"IOTABNB":0,"IQBNB":0.007173867740252099,"JSTBNB":0,"KAVABNB":0.018592317214674425,"KP3RBNB":0.009301213036995529,"KSMBNB":0.02598171919014414,"LPTBNB":0.00023807724008957182,"LTCBNB":0,"LUNABNB":0,"MASKBNB":0,"MATICBNB":0,"MBLBNB":0,"MDXBNB":0.014611714867199019,"MFTBNB":0.005167659298855387,"MITHBNB":0.0014028980623357278,"MKRBNB":0,"NEARBNB":0,"NEOBNB":0,"NMRBNB":0.010375169596771396,"OCEANBNB":0.0058054594063412235,"OGNBNB":0,"ONEBNB":0,"ONTBNB":0,"PAXGBNB":0.01844847366177148,"PERLBNB":0,"POLSBNB":0,"PROMBNB":0,"RSRBNB":0,"RUNEBNB":0,"RVNBNB":0,"SANDBNB":0,"SCBNB":0,"SNXBNB":0,"SOLBNB":0,"SPARTABNB":0.022124820050899545,"SRMBNB":0,"STMXBNB":0,"STXBNB":0,"SUSHIBNB":0,"SWRVBNB":0,"SXPBNB":0,"THETABNB":0.00028704340696527567,"TROYBNB":0,"TRXBNB":0.05521903446965444,"UNFIBNB":0,"UNIBNB":0,"VETBNB":0.013370805101903728,"VTHOBNB":0,"WABIBNB":0.009844145014579843,"WANBNB":0,"WAVESBNB":0,"WINBNB":0,"WINGBNB":0,"WNXMBNB":0.016979633908332483,"WRXBNB":0,"WTCBNB":0,"XLMBNB":0,"XMRBNB":0,"XRPBNB":0,"XTZBNB":0.004691525205476655,"XVSBNB":0.004236548487421561,"YFIBNB":0,"YFIIBNB":0.0020580126968867928,"ZECBNB":0,"ZENBNB":0,"ZILBNB":0},"numerosità_campione":633,"expected_return":0.00011413483596288803,"standard_deviation":0.002818942263672587,"sharpe_ratio":0.04048853267898803}