{"weights":{"AAVEBNB":0,"ADABNB":0.02191251473564801,"ALGOBNB":0,"ALPHABNB":0.010159930803728923,"ANKRBNB":0,"ANTBNB":0.01652133156483046,"ARBNB":0.0033178203672287986,"ARPABNB":0.020154665477377796,"ATOMBNB":0,"AVABNB":0,"AVAXBNB":0,"AXSBNB":0,"BAKEBNB":0,"BANDBNB":0.00482211024760126,"BATBNB":0,"BCHBNB":0,"BELBNB":0,"BIFIBNB":0.0529671455795932,"BLZBNB":0,"BTTBNB":0,"BURGERBNB":0.009980955689019405,"CAKEBNB":0.35842750084841435,"CELRBNB":0,"CHRBNB":0,"CHZBNB":0,"COCOSBNB":0,"COSBNB":0.022468447961165806,"COTIBNB":0,"CREAMBNB":0.03285693955325083,"CRVBNB":0.010358278232606342,"CTKBNB":0,"CTSIBNB":0.013121536595738304,"DASHBNB":0,"DGBBNB":0,"DIABNB":0,"DOTBNB":0,"EGLDBNB":0,"ENJBNB":0,"EOSBNB":0,"ETCBNB":0,"FETBNB":0.016173968121460155,"FILBNB":0.010434882708814836,"FIOBNB":0,"FTMBNB":0,"FTTBNB":0.08991404211486088,"HARDBNB":0.013910036976501321,"HBARBNB":0,"HOTBNB":0,"ICPBNB":0,"ICXBNB":0,"INJBNB":0.007740988938453845,"IOSTBNB":0,"IOTABNB":0,"IQBNB":0.00425549923260223,"JSTBNB":0,"KAVABNB":0.016005955078598526,"KP3RBNB":0.005725545436560539,"KSMBNB":0.007951206377490532,"LPTBNB":0,"LTCBNB":0,"LUNABNB":0,"MASKBNB":0.005059803044746588,"MATICBNB":0,"MBLBNB":0,"MDXBNB":0.00992915417557082,"MFTBNB":0.00283424778046943,"MITHBNB":0,"MKRBNB":0,"NEARBNB":0,"NEOBNB":0,"NMRBNB":0.009074882031469085,"OCEANBNB":0.01562691653626538,"OGNBNB":0,"ONEBNB":0,"ONTBNB":0,"PAXGBNB":0.014506141285881652,"PERLBNB":0,"POLSBNB":0,"PROMBNB":0,"RSRBNB":0,"RUNEBNB":0,"RVNBNB":0,"SANDBNB":0,"SCBNB":0,"SNXBNB":0,"SOLBNB":0,"SPARTABNB":0.02746833972824591,"SRMBNB":0,"STMXBNB":0,"STXBNB":0,"SUSHIBNB":0,"SWRVBNB":0,"SXPBNB":0.007948012060546879,"THETABNB":0,"TROYBNB":0,"TRXBNB":0.07190002058291003,"UNFIBNB":0,"UNIBNB":0,"VETBNB":0.017303007140230697,"VTHOBNB":0,"WABIBNB":0.00825646972435468,"WANBNB":0,"WAVESBNB":0,"WINBNB":0,"WINGBNB":0,"WNXMBNB":0.02449503213495812,"WRXBNB":0,"WTCBNB":0,"XLMBNB":0,"XMRBNB":0,"XRPBNB":0,"XTZBNB":0.007614351354424691,"XVSBNB":0.024650604748109553,"YFIBNB":0,"YFIIBNB":0.0041517150302700975,"ZECBNB":0,"ZENBNB":0,"ZILBNB":0},"numerosità_campione":630,"expected_return":0.000029222828629123646,"standard_deviation":0.002698496077861184,"sharpe_ratio":0.010829301872576939}