{"weights":{"AAVEBNB":0,"ADABNB":0.025769480982738468,"ALGOBNB":0,"ALPHABNB":0.0063336035387264915,"ANKRBNB":0,"ANTBNB":0.016845851555393983,"ARBNB":0.004066797554571169,"ARPABNB":0.02214406397991076,"ATOMBNB":0,"AVABNB":0,"AVAXBNB":0,"AXSBNB":0,"BAKEBNB":0,"BANDBNB":0.005522455925806843,"BATBNB":0,"BCHBNB":0,"BELBNB":0,"BIFIBNB":0.055992212729895754,"BLZBNB":0,"BTTBNB":0,"BURGERBNB":0.010092389728737688,"CAKEBNB":0.3618600547342199,"CELRBNB":0,"CHRBNB":0,"CHZBNB":0,"COCOSBNB":0,"COSBNB":0.02399531648027344,"COTIBNB":0,"CREAMBNB":0.03665448451580208,"CRVBNB":0.015393777009105887,"CTKBNB":0,"CTSIBNB":0.008633321941667375,"DASHBNB":0,"DGBBNB":0,"DIABNB":0,"DOTBNB":0,"EGLDBNB":0,"ENJBNB":0,"EOSBNB":0,"ETCBNB":0,"FETBNB":0.018342461931571553,"FILBNB":0.01216719930598728,"FIOBNB":0,"FTMBNB":0,"FTTBNB":0.08376525383933738,"HARDBNB":0.016738663585204316,"HBARBNB":0,"HOTBNB":0,"ICPBNB":0,"ICXBNB":0,"INJBNB":0.006007430880566877,"IOSTBNB":0,"IOTABNB":0,"IQBNB":0.005521366490792694,"JSTBNB":0,"KAVABNB":0.017128498020762217,"KP3RBNB":0.006993632885394186,"KSMBNB":0.015129080303585986,"LPTBNB":0,"LTCBNB":0,"LUNABNB":0,"MASKBNB":0.00007169345974424446,"MATICBNB":0,"MBLBNB":0,"MDXBNB":0.011499563137684207,"MFTBNB":0.003677163147140571,"MITHBNB":0,"MKRBNB":0,"NEARBNB":0,"NEOBNB":0,"NMRBNB":0.00968664515794496,"OCEANBNB":0.011231876047496257,"OGNBNB":0,"ONEBNB":0,"ONTBNB":0,"PAXGBNB":0.018129832963781352,"PERLBNB":0,"POLSBNB":0,"PROMBNB":0,"RSRBNB":0,"RUNEBNB":0,"RVNBNB":0,"SANDBNB":0,"SCBNB":0,"SNXBNB":0,"SOLBNB":0,"SPARTABNB":0.02580086262634228,"SRMBNB":0,"STMXBNB":0,"STXBNB":0,"SUSHIBNB":0,"SWRVBNB":0,"SXPBNB":0.0020452671054733,"THETABNB":0,"TROYBNB":0,"TRXBNB":0.06529347592345605,"UNFIBNB":0,"UNIBNB":0,"VETBNB":0.016317538245942103,"VTHOBNB":0,"WABIBNB":0.009523711632177384,"WANBNB":0,"WAVESBNB":0,"WINBNB":0,"WINGBNB":0,"WNXMBNB":0.021714261561572985,"WRXBNB":0,"WTCBNB":0,"XLMBNB":0,"XMRBNB":0,"XRPBNB":0,"XTZBNB":0.008114353713904487,"XVSBNB":0.017885985738901593,"YFIBNB":0,"YFIIBNB":0.003910371618386193,"ZECBNB":0,"ZENBNB":0,"ZILBNB":0},"numerosità_campione":633,"expected_return":0.00006435631082550428,"standard_deviation":0.0027370161075344714,"sharpe_ratio":0.023513310955073998}