{"weights":{"AAVEBNB":0,"ADABNB":0.023703475693006522,"ALGOBNB":0,"ALPHABNB":0.012593680464250839,"ANKRBNB":0,"ANTBNB":0.016113630523677657,"ARBNB":0.001457844313899059,"ARPABNB":0.016108956065850527,"ATOMBNB":0,"AVABNB":0,"AVAXBNB":0,"AXSBNB":0,"BAKEBNB":0,"BANDBNB":0.004086359387816174,"BATBNB":0,"BCHBNB":0,"BELBNB":0,"BIFIBNB":0.04912318930629327,"BLZBNB":0,"BTTBNB":0,"BURGERBNB":0.00952976067641896,"CAKEBNB":0.3547529952851728,"CELRBNB":0,"CHRBNB":0,"CHZBNB":0,"COCOSBNB":0,"COSBNB":0.018245280594735465,"COTIBNB":0,"CREAMBNB":0.02961810759769514,"CRVBNB":0.006384646476763681,"CTKBNB":0,"CTSIBNB":0.017413085064052276,"DASHBNB":0,"DGBBNB":0,"DIABNB":0,"DOTBNB":0,"EGLDBNB":0,"ENJBNB":0,"EOSBNB":0,"ETCBNB":0,"FETBNB":0.015221066603347051,"FILBNB":0.009648686577396245,"FIOBNB":0,"FTMBNB":0,"FTTBNB":0.08659685788798753,"HARDBNB":0.011825282846510727,"HBARBNB":0,"HOTBNB":0,"ICPBNB":0,"ICXBNB":0,"INJBNB":0.014993087391083286,"IOSTBNB":0,"IOTABNB":0,"IQBNB":0.0037817918127176255,"JSTBNB":0,"KAVABNB":0.014850774688373806,"KP3RBNB":0.0040966140654125575,"KSMBNB":0.0032458504059410436,"LPTBNB":0,"LTCBNB":0,"LUNABNB":0,"MASKBNB":0.008159526801245053,"MATICBNB":0,"MBLBNB":0,"MDXBNB":0.008711741402225304,"MFTBNB":0.0019272794506899383,"MITHBNB":0,"MKRBNB":0,"NEARBNB":0,"NEOBNB":0,"NMRBNB":0.00885132592616951,"OCEANBNB":0.016527174299775085,"OGNBNB":0,"ONEBNB":0,"ONTBNB":0,"PAXGBNB":0.01745890207615939,"PERLBNB":0,"POLSBNB":0,"PROMBNB":0,"RSRBNB":0,"RUNEBNB":0,"RVNBNB":0,"SANDBNB":0,"SCBNB":0,"SNXBNB":0,"SOLBNB":0,"SPARTABNB":0.029853661192619008,"SRMBNB":0,"STMXBNB":0,"STXBNB":0,"SUSHIBNB":0,"SWRVBNB":0,"SXPBNB":0.013265810400215714,"THETABNB":0,"TROYBNB":0,"TRXBNB":0.07351091983993707,"UNFIBNB":0,"UNIBNB":0,"VETBNB":0.01879228357771713,"VTHOBNB":0,"WABIBNB":0.007218512435603993,"WANBNB":0,"WAVESBNB":0,"WINBNB":0,"WINGBNB":0,"WNXMBNB":0.026514812142243542,"WRXBNB":0,"WTCBNB":0,"XLMBNB":0,"XMRBNB":0,"XRPBNB":0.0003162920076780543,"XTZBNB":0.009716762578817097,"XVSBNB":0.03106554815292753,"YFIBNB":0,"YFIIBNB":0.004718423987574404,"ZECBNB":0,"ZENBNB":0,"ZILBNB":0},"numerosità_campione":633,"expected_return":0.000004622080660643689,"standard_deviation":0.0026735514942275505,"sharpe_ratio":0.001728816770734806}