{"weights":{"AAVEBNB":0,"ADABNB":0.02510400771311306,"ALGOBNB":0,"ALPHABNB":0.008418696341984598,"ANKRBNB":0,"ANTBNB":0.016602852145742416,"ARBNB":0.003196860222331067,"ARPABNB":0.020130271337306615,"ATOMBNB":0,"AVABNB":0,"AVAXBNB":0,"AXSBNB":0,"BAKEBNB":0,"BANDBNB":0.005054682596003869,"BATBNB":0,"BCHBNB":0,"BELBNB":0,"BIFIBNB":0.05370357659851244,"BLZBNB":0,"BTTBNB":0,"BURGERBNB":0.00990592690124452,"CAKEBNB":0.3594957370983176,"CELRBNB":0,"CHRBNB":0,"CHZBNB":0,"COCOSBNB":0,"COSBNB":0.022079356848836173,"COTIBNB":0,"CREAMBNB":0.03430826805558503,"CRVBNB":0.012391072870244563,"CTKBNB":0,"CTSIBNB":0.011561151706501094,"DASHBNB":0,"DGBBNB":0,"DIABNB":0,"DOTBNB":0,"EGLDBNB":0,"ENJBNB":0,"EOSBNB":0,"ETCBNB":0,"FETBNB":0.01730099276340371,"FILBNB":0.01132406578159681,"FIOBNB":0,"FTMBNB":0,"FTTBNB":0.08471423372584029,"HARDBNB":0.015099667492730055,"HBARBNB":0,"HOTBNB":0,"ICPBNB":0,"ICXBNB":0,"INJBNB":0.009000299767448589,"IOSTBNB":0,"IOTABNB":0,"IQBNB":0.004941715271257282,"JSTBNB":0,"KAVABNB":0.016369837371179793,"KP3RBNB":0.006029813002985988,"KSMBNB":0.011166860672601541,"LPTBNB":0,"LTCBNB":0,"LUNABNB":0,"MASKBNB":0.002772347163822779,"MATICBNB":0,"MBLBNB":0,"MDXBNB":0.010572067223409209,"MFTBNB":0.0030934579400774577,"MITHBNB":0,"MKRBNB":0,"NEARBNB":0,"NEOBNB":0,"NMRBNB":0.009407325723966286,"OCEANBNB":0.01300171709088148,"OGNBNB":0,"ONEBNB":0,"ONTBNB":0,"PAXGBNB":0.017901852105868775,"PERLBNB":0,"POLSBNB":0,"PROMBNB":0,"RSRBNB":0,"RUNEBNB":0,"RVNBNB":0,"SANDBNB":0,"SCBNB":0,"SNXBNB":0,"SOLBNB":0,"SPARTABNB":0.027149450803184753,"SRMBNB":0,"STMXBNB":0,"STXBNB":0,"SUSHIBNB":0,"SWRVBNB":0,"SXPBNB":0.005782940757036579,"THETABNB":0,"TROYBNB":0,"TRXBNB":0.06808451854879392,"UNFIBNB":0,"UNIBNB":0,"VETBNB":0.01714646270529509,"VTHOBNB":0,"WABIBNB":0.008757257297469739,"WANBNB":0,"WAVESBNB":0,"WINBNB":0,"WINGBNB":0,"WNXMBNB":0.023318153799323272,"WRXBNB":0,"WTCBNB":0,"XLMBNB":0,"XMRBNB":0,"XRPBNB":0,"XTZBNB":0.0086483713948236,"XVSBNB":0.022279982583160534,"YFIBNB":0,"YFIIBNB":0.004184148578119588,"ZECBNB":0,"ZENBNB":0,"ZILBNB":0},"numerosità_campione":633,"expected_return":0.00004444490077055076,"standard_deviation":0.0027116874883311185,"sharpe_ratio":0.016390126429319456}