{"weights":{"AAVEBNB":0,"ADABNB":0,"ALGOBNB":0,"ALPHABNB":0,"ANKRBNB":0,"ANTBNB":0.0389204172454109,"ARBNB":0,"ARPABNB":0,"ATOMBNB":0,"AVABNB":0.034508242397529816,"AVAXBNB":0,"AXSBNB":0,"BAKEBNB":0.016942244377981378,"BANDBNB":0.0005948644206353211,"BATBNB":0.00530018845777902,"BCHBNB":0,"BELBNB":0,"BIFIBNB":0.027341793539619214,"BLZBNB":0.00592970277426784,"BTTBNB":0.09779355904834948,"BURGERBNB":0,"CAKEBNB":0.24627626446815304,"CELRBNB":0.004464655574926049,"CHRBNB":0,"CHZBNB":0,"COCOSBNB":0.005346682615208164,"COSBNB":0,"COTIBNB":0,"CREAMBNB":0.01086200974015726,"CRVBNB":0,"CTKBNB":0,"CTSIBNB":0,"DASHBNB":0,"DGBBNB":0,"DIABNB":0,"DOTBNB":0.0250860088626865,"EGLDBNB":0.02253499903674083,"ENJBNB":0,"EOSBNB":0,"ETCBNB":0,"FETBNB":0,"FILBNB":0,"FIOBNB":0,"FTMBNB":0,"FTTBNB":0.07447976016891046,"HARDBNB":0.00638372789921692,"HBARBNB":0,"HOTBNB":0,"ICPBNB":0,"ICXBNB":0,"INJBNB":0,"IOSTBNB":0,"IOTABNB":0,"IQBNB":0,"JSTBNB":0,"KAVABNB":0,"KP3RBNB":0.031579871997670594,"KSMBNB":0,"LTCBNB":0.028253901195268664,"LUNABNB":0,"MATICBNB":0.007037209046282224,"MBLBNB":0,"MFTBNB":0.0008753118968209883,"MITHBNB":0,"MKRBNB":0.014658531273336741,"NEARBNB":0,"NEOBNB":0,"NMRBNB":0,"OCEANBNB":0,"OGNBNB":0,"ONEBNB":0,"ONTBNB":0,"PAXGBNB":0.10853943750766698,"PERLBNB":0.0021472954023048964,"PROMBNB":0.003526787961441245,"RSRBNB":0,"RUNEBNB":0.05249217404206953,"RVNBNB":0,"SANDBNB":0,"SCBNB":0,"SNXBNB":0,"SOLBNB":0,"SPARTABNB":0.015826913621591793,"SRMBNB":0,"STMXBNB":0,"STXBNB":0,"SUSHIBNB":0,"SWRVBNB":0,"SXPBNB":0.04253545552332513,"THETABNB":0,"TROYBNB":0,"TRXBNB":0,"UNFIBNB":0.011486619456659049,"UNIBNB":0,"VETBNB":0,"VTHOBNB":0.030185842674640903,"WABIBNB":0,"WANBNB":0,"WAVESBNB":0,"WINBNB":0,"WINGBNB":0,"WNXMBNB":0.001397729457980963,"WRXBNB":0,"WTCBNB":0.007127789886797236,"XLMBNB":0,"XMRBNB":0.0035378613180311273,"XRPBNB":0.015352345911216482,"XTZBNB":0,"XVSBNB":0.0006738011993231045,"YFIBNB":0,"YFIIBNB":0,"ZECBNB":0,"ZENBNB":0,"ZILBNB":0},"numerosità_campione":114,"expected_return":0.0003921040318992433,"standard_deviation":0.002376316794375087,"sharpe_ratio":0.16500494918328304}