{"weights":{"AAVEBNB":0,"ADABNB":0.019546683971099748,"ALGOBNB":0,"ALPHABNB":0.015200133300502554,"ANKRBNB":0,"ANTBNB":0.01582213329871726,"ARBNB":0.0003827776109333575,"ARPABNB":0.014165402136413685,"ATOMBNB":0,"AVABNB":0,"AVAXBNB":0.0026982823260300096,"AXSBNB":0,"BAKEBNB":0,"BANDBNB":0.003226573422244902,"BATBNB":0,"BCHBNB":0,"BELBNB":0,"BIFIBNB":0.04589887997220749,"BLZBNB":0,"BTTBNB":0,"BURGERBNB":0.009269896950287104,"CAKEBNB":0.35105859641055787,"CELRBNB":0,"CHRBNB":0,"CHZBNB":0,"COCOSBNB":0,"COSBNB":0.015548259877201896,"COTIBNB":0,"CREAMBNB":0.02610553022048428,"CRVBNB":0.0008953766779886451,"CTKBNB":0,"CTSIBNB":0.021486547181760525,"DASHBNB":0,"DGBBNB":0,"DIABNB":0,"DOTBNB":0,"EGLDBNB":0,"ENJBNB":0,"EOSBNB":0,"ETCBNB":0,"FETBNB":0.013080064333815977,"FILBNB":0.007893566071672948,"FIOBNB":0,"FTMBNB":0,"FTTBNB":0.09276079221468032,"HARDBNB":0.00949224944816735,"HBARBNB":0,"HOTBNB":0,"ICPBNB":0,"ICXBNB":0,"INJBNB":0.01772695679694653,"IOSTBNB":0,"IOTABNB":0,"IQBNB":0.002625837994995862,"JSTBNB":0,"KAVABNB":0.013551563694393517,"KP3RBNB":0.00272142714447634,"KSMBNB":0,"LPTBNB":0,"LTCBNB":0,"LUNABNB":0,"MASKBNB":0.012636297874001102,"MATICBNB":0,"MBLBNB":0,"MDXBNB":0.007237523722748353,"MFTBNB":0.0011480779997621346,"MITHBNB":0,"MKRBNB":0,"NEARBNB":0,"NEOBNB":0,"NMRBNB":0.008107280519860132,"OCEANBNB":0.01971967217305204,"OGNBNB":0,"ONEBNB":0,"ONTBNB":0,"PAXGBNB":0.014788042619261511,"PERLBNB":0,"POLSBNB":0,"PROMBNB":0,"RSRBNB":0,"RUNEBNB":0,"RVNBNB":0,"SANDBNB":0,"SCBNB":0,"SNXBNB":0,"SOLBNB":0,"SPARTABNB":0.03128460246237892,"SRMBNB":0,"STMXBNB":0,"STXBNB":0,"SUSHIBNB":0,"SWRVBNB":0,"SXPBNB":0.01746946106504858,"THETABNB":0,"TROYBNB":0,"TRXBNB":0.07870113587134062,"UNFIBNB":0,"UNIBNB":0,"VETBNB":0.019095492623143886,"VTHOBNB":0,"WABIBNB":0.005935883043298404,"WANBNB":0.0028963579429259426,"WAVESBNB":0,"WINBNB":0,"WINGBNB":0,"WNXMBNB":0.02865829780349344,"WRXBNB":0,"WTCBNB":0,"XLMBNB":0,"XMRBNB":0,"XRPBNB":0,"XTZBNB":0.009025711424525455,"XVSBNB":0.03741425586981762,"YFIBNB":0,"YFIIBNB":0.004724375929763621,"ZECBNB":0,"ZENBNB":0,"ZILBNB":0},"numerosità_campione":630,"expected_return":-0.00002704983062577816,"standard_deviation":0.0026590617207398626,"sharpe_ratio":-0.010172697540187882}