{"weights":{"AAVEBNB":0,"ADABNB":0.025750303457648838,"ALGOBNB":0,"ALPHABNB":0.0015388518580707862,"ANKRBNB":0,"ANTBNB":0.01729096319885627,"ARBNB":0.005892683969580539,"ARPABNB":0.025943792158037562,"ATOMBNB":0,"AVABNB":0,"AVAXBNB":0,"AXSBNB":0,"BAKEBNB":0,"BANDBNB":0.0061823195904671426,"BATBNB":0,"BCHBNB":0,"BELBNB":0,"BIFIBNB":0.06012229602827177,"BLZBNB":0,"BTTBNB":0,"BURGERBNB":0.009939137030747988,"CAKEBNB":0.3670523700425126,"CELRBNB":0,"CHRBNB":0,"CHZBNB":0,"COCOSBNB":0,"COSBNB":0.0279547294021605,"COTIBNB":0,"CREAMBNB":0.042184505458894975,"CRVBNB":0.022039014218303902,"CTKBNB":0,"CTSIBNB":0.0016497921916988406,"DASHBNB":0,"DGBBNB":0,"DIABNB":0,"DOTBNB":0,"EGLDBNB":0,"ENJBNB":0,"EOSBNB":0,"ETCBNB":0,"FETBNB":0.02060423235834511,"FILBNB":0.014103966061812537,"FIOBNB":0,"FTMBNB":0,"FTTBNB":0.08052675894018257,"HARDBNB":0.020204145522336864,"HBARBNB":0,"HOTBNB":0,"ICPBNB":0,"ICXBNB":0,"INJBNB":0,"IOSTBNB":0,"IOTABNB":0,"IQBNB":0.006832224793968337,"JSTBNB":0,"KAVABNB":0.01835517449578639,"KP3RBNB":0.008866401880455678,"KSMBNB":0.02377481723846009,"LPTBNB":0.00007091332301922315,"LTCBNB":0,"LUNABNB":0,"MASKBNB":0,"MATICBNB":0,"MBLBNB":0,"MDXBNB":0.014002186588243246,"MFTBNB":0.004860926626009907,"MITHBNB":0.0011063117621167658,"MKRBNB":0,"NEARBNB":0,"NEOBNB":0,"NMRBNB":0.010262149066313807,"OCEANBNB":0.007033615643149731,"OGNBNB":0,"ONEBNB":0,"ONTBNB":0,"PAXGBNB":0.018294942832948847,"PERLBNB":0,"POLSBNB":0,"PROMBNB":0,"RSRBNB":0,"RUNEBNB":0,"RVNBNB":0,"SANDBNB":0,"SCBNB":0,"SNXBNB":0,"SOLBNB":0,"SPARTABNB":0.022895415126740423,"SRMBNB":0,"STMXBNB":0,"STXBNB":0,"SUSHIBNB":0,"SWRVBNB":0,"SXPBNB":0,"THETABNB":0,"TROYBNB":0,"TRXBNB":0.05738219983821427,"UNFIBNB":0,"UNIBNB":0,"VETBNB":0.014049578234026866,"VTHOBNB":0,"WABIBNB":0.009992972490851449,"WANBNB":0,"WAVESBNB":0,"WINBNB":0,"WINGBNB":0,"WNXMBNB":0.01799950829058724,"WRXBNB":0,"WTCBNB":0,"XLMBNB":0,"XMRBNB":0,"XRPBNB":0,"XTZBNB":0.005572609392276274,"XVSBNB":0.0072057116171850375,"YFIBNB":0,"YFIIBNB":0.00246247927171764,"ZECBNB":0,"ZENBNB":0,"ZILBNB":0},"numerosità_campione":633,"expected_return":0.00010417913093541131,"standard_deviation":0.0028003989358427648,"sharpe_ratio":0.037201532111016594}