{"weights":{"AAVEBNB":0,"ADABNB":0.020958376745218013,"ALGOBNB":0,"ALPHABNB":0.013826524569275177,"ANKRBNB":0,"ANTBNB":0.01608990838911536,"ARBNB":0.0014610572844960114,"ARPABNB":0.016468751098386906,"ATOMBNB":0,"AVABNB":0,"AVAXBNB":0,"AXSBNB":0,"BAKEBNB":0,"BANDBNB":0.003761782612502533,"BATBNB":0,"BCHBNB":0,"BELBNB":0,"BIFIBNB":0.0482463933525456,"BLZBNB":0,"BTTBNB":0,"BURGERBNB":0.00956826431536665,"CAKEBNB":0.3537621039682262,"CELRBNB":0,"CHRBNB":0,"CHZBNB":0,"COCOSBNB":0,"COSBNB":0.01804627968914812,"COTIBNB":0,"CREAMBNB":0.028222988727865075,"CRVBNB":0.004647341823123152,"CTKBNB":0,"CTSIBNB":0.01875151244782784,"DASHBNB":0,"DGBBNB":0,"DIABNB":0,"DOTBNB":0,"EGLDBNB":0,"ENJBNB":0,"EOSBNB":0,"ETCBNB":0,"FETBNB":0.014215183659723987,"FILBNB":0.00880250033968901,"FIOBNB":0,"FTMBNB":0,"FTTBNB":0.09163870028602535,"HARDBNB":0.011008983609281176,"HBARBNB":0,"HOTBNB":0,"ICPBNB":0,"ICXBNB":0,"INJBNB":0.014345686779759356,"IOSTBNB":0,"IOTABNB":0,"IQBNB":0.003190226761681906,"JSTBNB":0,"KAVABNB":0.014479186371673454,"KP3RBNB":0.0038009001162180485,"KSMBNB":0.0006826070467997453,"LPTBNB":0,"LTCBNB":0,"LUNABNB":0,"MASKBNB":0.00998948664170955,"MATICBNB":0,"MBLBNB":0,"MDXBNB":0.008227623751727817,"MFTBNB":0.0017211973733725712,"MITHBNB":0,"MKRBNB":0,"NEARBNB":0,"NEOBNB":0,"NMRBNB":0.008549581584340977,"OCEANBNB":0.01839357075187804,"OGNBNB":0,"ONEBNB":0,"ONTBNB":0,"PAXGBNB":0.014455054423880833,"PERLBNB":0,"POLSBNB":0,"PROMBNB":0,"RSRBNB":0,"RUNEBNB":0,"RVNBNB":0,"SANDBNB":0,"SCBNB":0,"SNXBNB":0,"SOLBNB":0,"SPARTABNB":0.03009288313057655,"SRMBNB":0,"STMXBNB":0,"STXBNB":0,"SUSHIBNB":0,"SWRVBNB":0,"SXPBNB":0.014722822753465056,"THETABNB":0,"TROYBNB":0,"TRXBNB":0.07758868528794789,"UNFIBNB":0,"UNIBNB":0,"VETBNB":0.018865269251902832,"VTHOBNB":0,"WABIBNB":0.0069015459305455445,"WANBNB":0,"WAVESBNB":0,"WINBNB":0,"WINGBNB":0,"WNXMBNB":0.02748554141906276,"WRXBNB":0,"WTCBNB":0,"XLMBNB":0,"XMRBNB":0,"XRPBNB":0,"XTZBNB":0.008896268469094403,"XVSBNB":0.03336370154894233,"YFIBNB":0,"YFIIBNB":0.004771507687604141,"ZECBNB":0,"ZENBNB":0,"ZILBNB":0},"numerosità_campione":630,"expected_return":-0.000008292277540810908,"standard_deviation":0.002668246891644393,"sharpe_ratio":-0.0031077624663512775}