{"weights":{"AAVEBNB":0,"ADABNB":0.024523416085274106,"ALGOBNB":0,"ALPHABNB":0,"ANKRBNB":0,"ANTBNB":0.017258644178437896,"ARBNB":0.007322104376546179,"ARPABNB":0.028635041686500794,"ATOMBNB":0,"AVABNB":0,"AVAXBNB":0,"AXSBNB":0,"BAKEBNB":0,"BANDBNB":0.006383656747731933,"BATBNB":0,"BCHBNB":0,"BELBNB":0,"BIFIBNB":0.06293340389961366,"BLZBNB":0,"BTTBNB":0,"BURGERBNB":0.009394504450578593,"CAKEBNB":0.3689976202845481,"CELRBNB":0,"CHRBNB":0,"CHZBNB":0,"COCOSBNB":0,"COSBNB":0.03101274005085254,"COTIBNB":0,"CREAMBNB":0.04689883874722675,"CRVBNB":0.027748720074519725,"CTKBNB":0,"CTSIBNB":0,"DASHBNB":0,"DGBBNB":0,"DIABNB":0,"DOTBNB":0,"EGLDBNB":0,"ENJBNB":0,"EOSBNB":0,"ETCBNB":0,"FETBNB":0.021980281904181758,"FILBNB":0.016170808658927217,"FIOBNB":0.001091216204929688,"FTMBNB":0,"FTTBNB":0.07586290508304,"HARDBNB":0.022732139230162346,"HBARBNB":0,"HOTBNB":0,"ICPBNB":0,"ICXBNB":0,"INJBNB":0,"IOSTBNB":0,"IOTABNB":0,"IQBNB":0.007945109045964242,"JSTBNB":0,"KAVABNB":0.018675934032232652,"KP3RBNB":0.010168755464453613,"KSMBNB":0.03067715122966802,"LPTBNB":0.00035759530077070093,"LTCBNB":0,"LUNABNB":0,"MASKBNB":0,"MATICBNB":0,"MBLBNB":0,"MDXBNB":0.015922950781246854,"MFTBNB":0.005918124875408037,"MITHBNB":0.001911012626077359,"MKRBNB":0,"NEARBNB":0,"NEOBNB":0,"NMRBNB":0.010527140193794094,"OCEANBNB":0.0023985417182815416,"OGNBNB":0,"ONEBNB":0,"ONTBNB":0,"PAXGBNB":0.020576541165975924,"PERLBNB":0,"POLSBNB":0,"PROMBNB":0,"RSRBNB":0,"RUNEBNB":0,"RVNBNB":0,"SANDBNB":0,"SCBNB":0,"SNXBNB":0,"SOLBNB":0,"SPARTABNB":0.020036923440971858,"SRMBNB":0,"STMXBNB":0,"STXBNB":0,"SUSHIBNB":0,"SWRVBNB":0,"SXPBNB":0,"THETABNB":0.0014104138072013883,"TROYBNB":0,"TRXBNB":0.04693091452094267,"UNFIBNB":0,"UNIBNB":0,"VETBNB":0.011435226675234996,"VTHOBNB":0,"WABIBNB":0.009314464682952939,"WANBNB":0,"WAVESBNB":0,"WINBNB":0,"WINGBNB":0,"WNXMBNB":0.014490913640102836,"WRXBNB":0,"WTCBNB":0,"XLMBNB":0,"XMRBNB":0,"XRPBNB":0,"XTZBNB":0.0018056942177517629,"XVSBNB":0,"YFIBNB":0,"YFIIBNB":0.0005505509178972859,"ZECBNB":0,"ZENBNB":0,"ZILBNB":0},"numerosità_campione":633,"expected_return":0.00013404624601784162,"standard_deviation":0.002859496642224965,"sharpe_ratio":0.0468775672048143}