{"weights":{"AAVEBNB":0.0049667053251750085,"ADABNB":0,"ALGOBNB":0,"ALPHABNB":0,"ANKRBNB":0,"ANTBNB":0.03447591512210771,"ARBNB":0,"ARPABNB":0,"ATOMBNB":0,"AVABNB":0.03332993816020711,"AVAXBNB":0,"AXSBNB":0,"BAKEBNB":0.01843903320784534,"BANDBNB":0,"BATBNB":0,"BCHBNB":0,"BELBNB":0,"BIFIBNB":0.02757889399290439,"BLZBNB":0.008646754613002166,"BTTBNB":0.0925771416432131,"BURGERBNB":0,"CAKEBNB":0.24474164236351148,"CELRBNB":0.009241160520441999,"CHRBNB":0,"CHZBNB":0.0028429326464893224,"COCOSBNB":0.0019421933382258263,"COSBNB":0,"COTIBNB":0,"CREAMBNB":0.011769662234389366,"CRVBNB":0,"CTKBNB":0,"CTSIBNB":0,"DASHBNB":0,"DGBBNB":0,"DIABNB":0,"DOTBNB":0.02659707627385507,"EGLDBNB":0.016966801196365903,"ENJBNB":0,"EOSBNB":0,"ETCBNB":0,"FETBNB":0,"FILBNB":0,"FIOBNB":0,"FTMBNB":0,"FTTBNB":0.06649783498847972,"HARDBNB":0.004535914419318321,"HBARBNB":0,"HOTBNB":0,"ICPBNB":0,"ICXBNB":0,"INJBNB":0,"IOSTBNB":0,"IOTABNB":0,"IQBNB":0,"JSTBNB":0,"KAVABNB":0,"KP3RBNB":0.03424584766683621,"KSMBNB":0,"LTCBNB":0.024066420142025726,"LUNABNB":0,"MATICBNB":0.012906154521617618,"MBLBNB":0,"MFTBNB":0,"MITHBNB":0,"MKRBNB":0.017833823625875992,"NEARBNB":0,"NEOBNB":0,"NMRBNB":0.00037702131821708263,"OCEANBNB":0,"OGNBNB":0,"ONEBNB":0,"ONTBNB":0,"PAXGBNB":0.11385301937217515,"PERLBNB":0.0027324146682102166,"PROMBNB":0.0033125860675645913,"RSRBNB":0,"RUNEBNB":0.05613013144064848,"RVNBNB":0,"SANDBNB":0,"SCBNB":0,"SNXBNB":0.0023543116464373624,"SOLBNB":0.00007713850489585427,"SPARTABNB":0.015583808155419342,"SRMBNB":0,"STMXBNB":0,"STXBNB":0,"SUSHIBNB":0,"SWRVBNB":0,"SXPBNB":0.044261127749202794,"THETABNB":0,"TROYBNB":0,"TRXBNB":0,"UNFIBNB":0.0120106855911641,"UNIBNB":0,"VETBNB":0,"VTHOBNB":0.028280780995431694,"WABIBNB":0,"WANBNB":0,"WAVESBNB":0,"WINBNB":0,"WINGBNB":0,"WNXMBNB":0.002098152747555452,"WRXBNB":0,"WTCBNB":0.001459562937288903,"XLMBNB":0,"XMRBNB":0,"XRPBNB":0.023267412803901745,"XTZBNB":0,"XVSBNB":0,"YFIBNB":0,"YFIIBNB":0,"ZECBNB":0,"ZENBNB":0,"ZILBNB":0},"numerosità_campione":114,"expected_return":0.00047418937230758734,"standard_deviation":0.002423456690693032,"sharpe_ratio":0.19566653455316513}