{"weights":{"AAVEBNB":0.011783589181742033,"ADABNB":0.0013137300939458027,"ALGOBNB":0,"ALPHABNB":0,"ANKRBNB":0,"ANTBNB":0.030740203272477902,"ARBNB":0,"ARPABNB":0,"ATOMBNB":0,"AVABNB":0.031003092564632385,"AVAXBNB":0,"AXSBNB":0,"BAKEBNB":0.01908017548928999,"BANDBNB":0,"BATBNB":0,"BCHBNB":0,"BELBNB":0,"BIFIBNB":0.02793799860930216,"BLZBNB":0.010832056873561226,"BTTBNB":0.08494451738883022,"BURGERBNB":0,"CAKEBNB":0.2436758616693979,"CELRBNB":0.012623144158032396,"CHRBNB":0,"CHZBNB":0.004729264468939754,"COCOSBNB":0,"COSBNB":0,"COTIBNB":0,"CREAMBNB":0.012792225035646903,"CRVBNB":0,"CTKBNB":0,"CTSIBNB":0,"DASHBNB":0,"DGBBNB":0,"DIABNB":0,"DOTBNB":0.024934097700796694,"EGLDBNB":0.008403121054662701,"ENJBNB":0,"EOSBNB":0,"ETCBNB":0,"FETBNB":0,"FILBNB":0,"FIOBNB":0,"FTMBNB":0,"FTTBNB":0.05817582537835718,"HARDBNB":0.0023642516946736566,"HBARBNB":0,"HOTBNB":0,"ICPBNB":0,"ICXBNB":0,"INJBNB":0.0014406830165894116,"IOSTBNB":0,"IOTABNB":0,"IQBNB":0,"JSTBNB":0,"KAVABNB":0,"KP3RBNB":0.035771228084014194,"KSMBNB":0,"LTCBNB":0.015585775933784605,"LUNABNB":0,"MATICBNB":0.018068395576943532,"MBLBNB":0,"MFTBNB":0,"MITHBNB":0,"MKRBNB":0.018251215566869487,"NEARBNB":0,"NEOBNB":0,"NMRBNB":0.000675480937164465,"OCEANBNB":0,"OGNBNB":0,"ONEBNB":0,"ONTBNB":0,"PAXGBNB":0.12015748998526499,"PERLBNB":0.0027200275504894074,"PROMBNB":0.002417902181962776,"RSRBNB":0,"RUNEBNB":0.059457385943064524,"RVNBNB":0,"SANDBNB":0,"SCBNB":0,"SNXBNB":0.0065791325962571805,"SOLBNB":0.003967971643333812,"SPARTABNB":0.01565141245450155,"SRMBNB":0,"STMXBNB":0,"STXBNB":0,"SUSHIBNB":0,"SWRVBNB":0,"SXPBNB":0.04432723030461812,"THETABNB":0,"TROYBNB":0,"TRXBNB":0,"UNFIBNB":0.012152011320472686,"UNIBNB":0,"VETBNB":0,"VTHOBNB":0.024762423111865405,"WABIBNB":0,"WANBNB":0,"WAVESBNB":0,"WINBNB":0,"WINGBNB":0,"WNXMBNB":0.0017950715209637028,"WRXBNB":0,"WTCBNB":0,"XLMBNB":0,"XMRBNB":0,"XRPBNB":0.030886007637551432,"XTZBNB":0,"XVSBNB":0,"YFIBNB":0,"YFIIBNB":0,"ZECBNB":0,"ZENBNB":0,"ZILBNB":0},"numerosità_campione":114,"expected_return":0.0005562747127159309,"standard_deviation":0.002485798943961496,"sharpe_ratio":0.22378105601309134}