{"weights":{"AAVEETH":0.01932399893924136,"ADAETH":0,"ADXETH":0.0051623946098726245,"AIONETH":0,"BATETH":0,"BETHETH":0.7983203669793291,"BLZETH":0,"BNBETH":0,"BNTETH":0.011923457687621288,"BQXETH":0,"BRDETH":0.01221647693579684,"CDTETH":0.0019560547565221887,"COVERETH":0,"CVCETH":0.0008516730461666834,"CVPETH":0,"DASHETH":0.00023564097675586663,"DATAETH":0,"DENTETH":0.00008158780011889809,"DEXEETH":0.005333690830746193,"DFETH":0.00398797180930503,"ELFETH":0,"ENJETH":0,"EOSETH":0,"ETCETH":0.004210148392995027,"EZETH":0.0003962888422303751,"FIROETH":0,"FRONTETH":0,"FUNETH":0,"GHSTETH":0.0006371676324325396,"GLMETH":0,"GRTETH":0,"GXSETH":0,"HEGICETH":0.00040222465465844515,"HOTETH":0,"ICXETH":0,"IOSTETH":0.0008496362112858984,"IOTAETH":0,"IOTXETH":0.001210669545529204,"KEYETH":0.0000304617518654674,"KMDETH":0.0015360695732739831,"KNCETH":0,"LINKETH":0.003405878091243771,"LOOMETH":0,"LRCETH":0,"LSKETH":0,"LTCETH":0,"MANAETH":0,"MFTETH":0,"MTLETH":0,"NANOETH":0,"NASETH":0.00695758598359988,"NAVETH":0.005353457179721275,"NCASHETH":0.004701569541252742,"NEBLETH":0,"NEOETH":0,"OMGETH":0,"ONTETH":0,"OSTETH":0.011603369758242032,"PIVXETH":0.008534471954452009,"POWRETH":0,"PROSETH":0.011886700446815703,"PUNDIXETH":0.004243990398569098,"QKCETH":0,"QLCETH":0.001092672152229521,"QSPETH":0.007204456545874848,"QTUMETH":0,"RENBTCETH":0.0321472141080328,"REPETH":0,"RLCETH":0.0029992331219692464,"SCETH":0.0044278468559636195,"SCRTETH":0.00413069431893126,"SLPETH":0,"SNTETH":0.00011763269915386939,"STEEMETH":0,"STMXETH":0,"STRAXETH":0,"THETAETH":0,"TRXETH":0,"UFTETH":0,"VETETH":0.00322021326212971,"VIBETH":0,"WANETH":0.00490323315986833,"WAVESETH":0.001229497981167194,"XEMETH":0,"XLMETH":0,"XMRETH":0,"XRPETH":0.009611993800232248,"XVGETH":0,"ZECETH":0,"ZENETH":0.0035623076648037006,"ZILETH":0,"ZRXETH":0},"numerosità_campione":6955,"expected_return":-0.000005464403888658264,"standard_deviation":0.0008372375256564653,"sharpe_ratio":-0.006526706843883649}