{"weights":{"AAVEETH":0.01936466451956681,"ADAETH":0,"ADXETH":0.005147195270109528,"AIONETH":0,"BATETH":0,"BETHETH":0.7982452622151948,"BLZETH":0,"BNBETH":0,"BNTETH":0.01199202519988362,"BQXETH":0,"BRDETH":0.01223481772276961,"CDTETH":0.0019384199710390914,"COVERETH":0,"CVCETH":0.0008476789083121698,"CVPETH":0,"DASHETH":0.00023450965341779043,"DATAETH":0,"DENTETH":0.00011116392381563969,"DEXEETH":0.005345093867832087,"DFETH":0.004002436707196172,"ELFETH":0,"ENJETH":0,"EOSETH":0,"ETCETH":0.004202198773730631,"EZETH":0.0003587419265419925,"FIROETH":0,"FRONTETH":0,"FUNETH":0,"GHSTETH":0.0006115614863288518,"GLMETH":0,"GRTETH":0,"GXSETH":0,"HEGICETH":0.00041379979254185795,"HOTETH":0,"ICXETH":0,"IOSTETH":0.0009077912841604479,"IOTAETH":0,"IOTXETH":0.0011426117243139601,"KEYETH":0.000055395238401594765,"KMDETH":0.0015909017770920993,"KNCETH":0,"LINKETH":0.003391728231421881,"LOOMETH":0,"LRCETH":0,"LSKETH":0,"LTCETH":0,"MANAETH":0,"MFTETH":0,"MTLETH":0,"NANOETH":0,"NASETH":0.006999720627981777,"NAVETH":0.005311684839821142,"NCASHETH":0.004722259946305048,"NEBLETH":0,"NEOETH":0,"OMGETH":0,"ONTETH":0,"OSTETH":0.011636667027768841,"PIVXETH":0.008487723492241861,"POWRETH":0,"PROSETH":0.011886698388765243,"PUNDIXETH":0.004279152324871035,"QKCETH":0,"QLCETH":0.0011318258612366026,"QSPETH":0.007195528051101686,"QTUMETH":0,"RENBTCETH":0.032119731215707596,"REPETH":0,"RLCETH":0.0029895539410734074,"SCETH":0.00446090982333304,"SCRTETH":0.004139429765363171,"SLPETH":0,"SNTETH":0.00012683204612554987,"STEEMETH":0,"STMXETH":0,"STRAXETH":0,"THETAETH":0,"TRXETH":0,"UFTETH":0,"VETETH":0.0031531282986445807,"VIBETH":0,"WANETH":0.004881220309220882,"WAVESETH":0.00124767519895945,"XEMETH":0,"XLMETH":0,"XMRETH":0,"XRPETH":0.009614902502045806,"XVGETH":0,"ZECETH":0,"ZENETH":0.0034773581457630707,"ZILETH":0,"ZRXETH":0},"numerosità_campione":6977,"expected_return":-0.000006015096477710103,"standard_deviation":0.0008363773484931173,"sharpe_ratio":-0.007191845270017619}