{"weights":{"AAVEBNB":0,"ADABNB":0,"ALGOBNB":0,"ALPHABNB":0.047006164605426726,"ANKRBNB":0,"ANTBNB":0,"ARBNB":0.006203511479594558,"ARPABNB":0,"ATABNB":0.0017836290645856252,"ATOMBNB":0,"AVABNB":0,"AVAXBNB":0.012340630056930669,"AXSBNB":0,"BAKEBNB":0.03157661647840855,"BANDBNB":0,"BATBNB":0,"BCHBNB":0,"BELBNB":0.022202551161023043,"BIFIBNB":0.021902567496242132,"BLZBNB":0,"BTTBNB":0,"BURGERBNB":0.0011574190901204936,"CAKEBNB":0.20013115466251688,"CELRBNB":0,"CHRBNB":0,"CHZBNB":0,"COCOSBNB":0,"COSBNB":0.0072371435080300205,"COTIBNB":0,"CREAMBNB":0,"CRVBNB":0.0012403739838924336,"CTKBNB":0.0077555632883738145,"CTSIBNB":0,"DASHBNB":0.03760332465520006,"DGBBNB":0.01021772789802432,"DIABNB":0,"DOTBNB":0.0026071604150216423,"EGLDBNB":0,"ENJBNB":0.0038367038616146047,"EOSBNB":0.012675846519973279,"ETCBNB":0,"FETBNB":0.009118625185446984,"FILBNB":0,"FIOBNB":0,"FTMBNB":0.003682135025681962,"FTTBNB":0.031299597952452046,"HARDBNB":0.002584518955619848,"HBARBNB":0,"HOTBNB":0,"ICPBNB":0.015251778099370726,"ICXBNB":0,"INJBNB":0.004933038934586124,"IOSTBNB":0,"IOTABNB":0,"IQBNB":0.003031407446969389,"JSTBNB":0.005652178183339957,"KAVABNB":0.001507963766557639,"KP3RBNB":0.002610359000575498,"KSMBNB":0,"LPTBNB":0.012018418955896356,"LTCBNB":0,"LUNABNB":0,"MASKBNB":0.01738923416671035,"MATICBNB":0.025428296893865228,"MBLBNB":0.0011703581939743178,"MDXBNB":0.018853573949550218,"MFTBNB":0.0012180560845486757,"MITHBNB":0,"MKRBNB":0.011483725596732783,"NEARBNB":0.01297524689753679,"NEOBNB":0,"NMRBNB":0.006489799759613559,"NUBNB":0,"OCEANBNB":0.015389621489233103,"OGNBNB":0,"ONEBNB":0,"ONTBNB":0.033445214135291564,"PAXGBNB":0,"PERLBNB":0,"POLSBNB":0.003156598154320774,"PROMBNB":0.004381057890895281,"RSRBNB":0.0019145559693716334,"RUNEBNB":0.000844703437764966,"RVNBNB":0.013656577655134974,"SANDBNB":0,"SCBNB":0.0016619985348809037,"SNXBNB":0.002908602121502825,"SOLBNB":0.006108676895127559,"SPARTABNB":0.02211968998963651,"SRMBNB":0.012709030689919116,"STMXBNB":0,"STXBNB":0.005719616675140324,"SUSHIBNB":0,"SWRVBNB":0.016058007728158366,"SXPBNB":0.008455904614232816,"THETABNB":0,"TROYBNB":0,"TRXBNB":0.013219379823500176,"UNFIBNB":0.01750767918621414,"UNIBNB":0,"VETBNB":0,"VTHOBNB":0,"WABIBNB":0.023345375003422212,"WANBNB":0.029712384190290386,"WAVESBNB":0,"WINBNB":0.018083528634245814,"WINGBNB":0,"WNXMBNB":0.01488229126969486,"WRXBNB":0.0016588122649582734,"WTCBNB":0,"XLMBNB":0,"XMRBNB":0,"XRPBNB":0.0368484405590249,"XTZBNB":0,"XVSBNB":0.005939608630157175,"YFIBNB":0.005307347195505397,"YFIIBNB":0.0707888959883688,"ZECBNB":0,"ZENBNB":0,"ZILBNB":0},"numerosità_campione":922,"expected_return":0.0000072688504916604105,"standard_deviation":0.0010780409040723462,"sharpe_ratio":0.006742648135336992}