{"weights":{"1INCHDOWNUSDT":0.0010868897855898499,"1INCHUPUSDT":0,"1INCHUSDT":0,"AAVEDOWNUSDT":0.007555903335016573,"AAVEUPUSDT":0,"AAVEUSDT":0.0033949302281936706,"ADADOWNUSDT":0.008339485037015206,"ADAUPUSDT":0,"ADAUSDT":0,"AIONUSDT":0,"AKROUSDT":0.000718856085893835,"ALGOUSDT":0,"ALICEUSDT":0,"ALPHAUSDT":0,"ANKRUSDT":0,"ANTUSDT":0,"ARDRUSDT":0,"ARPAUSDT":0,"ARUSDT":0.0006976877470193294,"ATAUSDT":0,"ATOMUSDT":0,"AUDIOUSDT":0,"AUDUSDT":0.0505905807373276,"AUTOUSDT":0,"AVAUSDT":0.0015685668928419935,"AVAXUSDT":0,"AXSUSDT":0,"BADGERUSDT":0.0010543015169033056,"BAKEUSDT":0,"BALUSDT":0,"BANDUSDT":0,"BATUSDT":0,"BCHDOWNUSDT":0.002370678827533016,"BCHUPUSDT":0,"BCHUSDT":0,"BEAMUSDT":0,"BELUSDT":0,"BLZUSDT":0,"BNBDOWNUSDT":0.003915201830599027,"BNBUPUSDT":0,"BNBUSDT":0,"BNTUSDT":0,"BTCDOWNUSDT":0.013252387466057284,"BTCSTUSDT":0,"BTCUPUSDT":0,"BTCUSDT":0.031617832508109865,"BTGUSDT":0.0015629619750645123,"BTSUSDT":0,"BTTUSDT":0,"BURGERUSDT":0.0014419079055540101,"BZRXUSDT":0,"CAKEUSDT":0,"CELOUSDT":0.001130941718431162,"CELRUSDT":0,"CFXUSDT":0,"CHRUSDT":0,"CHZUSDT":0,"CKBUSDT":0.0008913382160071415,"COCOSUSDT":0,"COMPUSDT":0,"COSUSDT":0.0015145612204335917,"COTIUSDT":0,"CRVUSDT":0.003942745535424958,"CTKUSDT":0.000726460765995057,"CTSIUSDT":0,"CTXCUSDT":0.00012915446361895302,"CVCUSDT":0,"DASHUSDT":0,"DATAUSDT":0.001808167871416404,"DCRUSDT":0,"DEGOUSDT":0,"DENTUSDT":0.000019364736329391153,"DGBUSDT":0.0003923687980878746,"DIAUSDT":0,"DNTUSDT":0,"DOCKUSDT":0.00064938997056472,"DODOUSDT":0,"DOGEUSDT":0,"DOTDOWNUSDT":0.00017173229407188215,"DOTUPUSDT":0,"DOTUSDT":0.000698989056531265,"DREPUSDT":0,"DUSKUSDT":0.0001634951044206415,"EGLDUSDT":0,"ENJUSDT":0,"EOSDOWNUSDT":0,"EOSUPUSDT":0,"EOSUSDT":0,"EPSUSDT":0,"ETCUSDT":0.0006593792913427636,"ETHDOWNUSDT":0.0016004965253315047,"ETHUPUSDT":0,"ETHUSDT":0,"EURUSDT":0.5000645617148263,"FETUSDT":0,"FILDOWNUSDT":0.0036383888173527118,"FILUPUSDT":0,"FILUSDT":0.0031656286426854554,"FIOUSDT":0.0010548336743271983,"FIROUSDT":0,"FISUSDT":0.000047285965508593986,"FLMUSDT":0.0018517483507267739,"FORTHUSDT":0,"FTMUSDT":0,"FTTUSDT":0,"FUNUSDT":0.0011068203740570149,"GBPUSDT":0.2334715308663332,"GRTUSDT":0,"GTOUSDT":0.0010230201580596126,"GXSUSDT":0,"HARDUSDT":0.0024138770228252526,"HBARUSDT":0.0005261490121698537,"HIVEUSDT":0,"HNTUSDT":0,"HOTUSDT":0,"ICPUSDT":0,"ICXUSDT":0,"INJUSDT":0,"IOSTUSDT":0,"IOTAUSDT":0,"IOTXUSDT":0.0007747696181983792,"IRISUSDT":0,"JSTUSDT":0.004669992123304632,"KAVAUSDT":0,"KEYUSDT":0.0002991203057932445,"KMDUSDT":0,"KNCUSDT":0,"KSMUSDT":0.00790976350078383,"LINAUSDT":0,"LINKDOWNUSDT":0.001740708497518812,"LINKUPUSDT":0,"LINKUSDT":0,"LITUSDT":0,"LPTUSDT":0.008475911890912673,"LRCUSDT":0,"LSKUSDT":0,"LTCDOWNUSDT":0,"LTCUPUSDT":0,"LTCUSDT":0,"LTOUSDT":0.003356202374513209,"LUNAUSDT":0,"MANAUSDT":0,"MASKUSDT":0,"MATICUSDT":0,"MBLUSDT":0,"MDTUSDT":0.0003936223610356036,"MDXUSDT":0.0019820246013056487,"MFTUSDT":0.0005146077164077794,"MIRUSDT":0,"MITHUSDT":0.0022874795324789123,"MKRUSDT":0,"MTLUSDT":0,"NANOUSDT":0,"NBSUSDT":0,"NEARUSDT":0.0063975632447915935,"NEOUSDT":0,"NKNUSDT":0,"NMRUSDT":0,"NULSUSDT":0,"NUUSDT":0,"OCEANUSDT":0,"OGNUSDT":0,"OMGUSDT":0,"OMUSDT":0,"ONEUSDT":0,"ONGUSDT":0,"ONTUSDT":0,"ORNUSDT":0.002027524833784193,"OXTUSDT":0,"PAXGUSDT":0.021230981689129236,"PERLUSDT":0,"PERPUSDT":0,"PNTUSDT":0,"POLSUSDT":0,"PONDUSDT":0,"PUNDIXUSDT":0,"QTUMUSDT":0,"RAMPUSDT":0,"REEFUSDT":0,"RENUSDT":0,"REPUSDT":0,"RIFUSDT":0.000309798519662821,"RLCUSDT":0,"ROSEUSDT":0.0011703531377491852,"RSRUSDT":0,"RUNEUSDT":0.00019754590583012188,"RVNUSDT":0,"SANDUSDT":0,"SCUSDT":0,"SFPUSDT":0,"SHIBUSDT":0,"SKLUSDT":0,"SLPUSDT":0.0007452748852103254,"SNXUSDT":0,"SOLUSDT":0,"SRMUSDT":0,"STMXUSDT":0,"STORJUSDT":0,"STPTUSDT":0.0012015553667961347,"STRAXUSDT":0.0006674238508555185,"STXUSDT":0,"SUNUSDT":0,"SUPERUSDT":0,"SUSHIDOWNUSDT":0.0016012622630185336,"SUSHIUPUSDT":0,"SUSHIUSDT":0.0001936062853465718,"SXPDOWNUSDT":0.0036275167516568283,"SXPUPUSDT":0,"SXPUSDT":0,"TCTUSDT":0.00047250953204579764,"TFUELUSDT":0.0019590973958192714,"THETAUSDT":0,"TKOUSDT":0,"TLMUSDT":0,"TOMOUSDT":0,"TRBUSDT":0,"TROYUSDT":0,"TRUUSDT":0,"TRXDOWNUSDT":0.0001819109041695791,"TRXUPUSDT":0.0015759445710231044,"TRXUSDT":0,"TWTUSDT":0,"UMAUSDT":0,"UNFIUSDT":0,"UNIDOWNUSDT":0.0017231639712051564,"UNIUPUSDT":0,"UNIUSDT":0.003212282369026128,"UTKUSDT":0,"VETUSDT":0,"VITEUSDT":0,"VTHOUSDT":0,"WANUSDT":0,"WAVESUSDT":0,"WINGUSDT":0.001557207532486164,"WINUSDT":0,"WNXMUSDT":0,"WRXUSDT":0,"WTCUSDT":0,"XEMUSDT":0,"XLMDOWNUSDT":0.001689742435736863,"XLMUPUSDT":0,"XLMUSDT":0,"XMRUSDT":0.006844216578908455,"XRPDOWNUSDT":0.004684994590114514,"XRPUPUSDT":0.0042177192864408675,"XRPUSDT":0,"XTZDOWNUSDT":0.0017406826776961322,"XTZUPUSDT":0,"XTZUSDT":0,"XVGUSDT":0.002386283266343842,"XVSUSDT":0,"YFIDOWNUSDT":0.003949033587301644,"YFIIUSDT":0,"YFIUPUSDT":0,"YFIUSDT":0,"ZECUSDT":0,"ZENUSDT":0,"ZILUSDT":0,"ZRXUSDT":0},"numerosità_campione":921,"expected_return":0.00002351055124502418,"standard_deviation":0.00015095803531904175,"sharpe_ratio":0.15574229748907295}