{"weights":{"1INCHDOWNUSDT":0.001333236349647853,"1INCHUPUSDT":0,"1INCHUSDT":0,"AAVEDOWNUSDT":0.006946366943126536,"AAVEUPUSDT":0,"AAVEUSDT":0.010126161137383159,"ADADOWNUSDT":0.003628274846538415,"ADAUPUSDT":0,"ADAUSDT":0,"AIONUSDT":0,"AKROUSDT":0.0006258154810595785,"ALGOUSDT":0,"ALICEUSDT":0,"ALPHAUSDT":0.0031049919537527314,"ANKRUSDT":0,"ANTUSDT":0,"ARDRUSDT":0,"ARPAUSDT":0.0005474259370830996,"ARUSDT":0.000042784023985947264,"ATAUSDT":0,"ATOMUSDT":0,"AUDIOUSDT":0,"AUDUSDT":0.039098203982498414,"AUTOUSDT":0,"AVAUSDT":0.001255041546646549,"AVAXUSDT":0,"AXSUSDT":0,"BADGERUSDT":0.001201090578344893,"BAKEUSDT":0,"BALUSDT":0,"BANDUSDT":0.00179403010949356,"BATUSDT":0,"BCHDOWNUSDT":0.0016493673734685834,"BCHUPUSDT":0,"BCHUSDT":0,"BEAMUSDT":0,"BELUSDT":0,"BLZUSDT":0.0006575177728121518,"BNBDOWNUSDT":0.0034962134687286962,"BNBUPUSDT":0,"BNBUSDT":0,"BNTUSDT":0.00010214994737641991,"BTCDOWNUSDT":0.013926683683796851,"BTCSTUSDT":0,"BTCUPUSDT":0,"BTCUSDT":0.02634074752670822,"BTGUSDT":0.0010633369540487812,"BTSUSDT":0,"BTTUSDT":0,"BURGERUSDT":0.0011806129129231435,"BZRXUSDT":0,"CAKEUSDT":0,"CELOUSDT":0.0006621102105365226,"CELRUSDT":0,"CFXUSDT":0,"CHRUSDT":0,"CHZUSDT":0,"CKBUSDT":0.0005755348354387222,"COCOSUSDT":0.0004973174832492534,"COMPUSDT":0,"COSUSDT":0.0003657594411951818,"COTIUSDT":0.0005686271523055953,"CRVUSDT":0,"CTKUSDT":0,"CTSIUSDT":0,"CTXCUSDT":0.0008679631146519402,"CVCUSDT":0,"DASHUSDT":0,"DATAUSDT":0.0012294233122140032,"DCRUSDT":0,"DEGOUSDT":0,"DENTUSDT":0.0005402732637854943,"DGBUSDT":0.00020739385990440167,"DIAUSDT":0.00002294976858686814,"DNTUSDT":0,"DOCKUSDT":0.0003578851514608527,"DODOUSDT":0,"DOGEUSDT":0,"DOTDOWNUSDT":0.0011391780344427163,"DOTUPUSDT":0.00048525623209698247,"DOTUSDT":0,"DREPUSDT":0,"DUSKUSDT":0,"EGLDUSDT":0,"ENJUSDT":0,"EOSDOWNUSDT":0.0015881623897238588,"EOSUPUSDT":0,"EOSUSDT":0,"EPSUSDT":0,"ETCUSDT":0.0009650784134904251,"ETHDOWNUSDT":0.0009303600277936682,"ETHUPUSDT":0,"ETHUSDT":0,"EURUSDT":0.5102990547497538,"FETUSDT":0,"FILDOWNUSDT":0.0026171216469160147,"FILUPUSDT":0.000192500825028856,"FILUSDT":0.005325196764271111,"FIOUSDT":0.00039337026904910476,"FIROUSDT":0,"FISUSDT":0,"FLMUSDT":0.0020293482870221893,"FORTHUSDT":0,"FTMUSDT":0,"FTTUSDT":0,"FUNUSDT":0.0003262349111435025,"GBPUSDT":0.2832712857484717,"GRTUSDT":0,"GTOUSDT":0.00018967617531786708,"GXSUSDT":0,"HARDUSDT":0.0008706983841580525,"HBARUSDT":0.0013193768465042598,"HIVEUSDT":0,"HNTUSDT":0,"HOTUSDT":0,"ICPUSDT":0,"ICXUSDT":0,"INJUSDT":0,"IOSTUSDT":0,"IOTAUSDT":0,"IOTXUSDT":0.000613730942866386,"IRISUSDT":0,"JSTUSDT":0.0042223534294441225,"KAVAUSDT":0,"KEYUSDT":0.00011823443912475124,"KMDUSDT":0.000605949690729433,"KNCUSDT":0,"KSMUSDT":0.0034448035017162633,"LINAUSDT":0,"LINKDOWNUSDT":0.0013735596318938674,"LINKUPUSDT":0,"LINKUSDT":0,"LITUSDT":0,"LPTUSDT":0.006651807615668089,"LRCUSDT":0,"LSKUSDT":0,"LTCDOWNUSDT":0,"LTCUPUSDT":0,"LTCUSDT":0.0008731151746099841,"LTOUSDT":0.0016943845890567697,"LUNAUSDT":0.00020290624765347697,"MANAUSDT":0,"MASKUSDT":0,"MATICUSDT":0,"MBLUSDT":0.0001398170555209971,"MDTUSDT":0.00006605598852722517,"MDXUSDT":0.0026802914103737888,"MFTUSDT":0.000004676740097980594,"MIRUSDT":0,"MITHUSDT":0.0011418594987620359,"MKRUSDT":0,"MTLUSDT":0,"NANOUSDT":0,"NBSUSDT":0,"NEARUSDT":0.0026781287831170427,"NEOUSDT":0,"NKNUSDT":0,"NMRUSDT":0,"NULSUSDT":0,"NUUSDT":0,"OCEANUSDT":0,"OGNUSDT":0,"OMGUSDT":0,"OMUSDT":0,"ONEUSDT":0,"ONGUSDT":0,"ONTUSDT":0,"ORNUSDT":0.0007082231199517277,"OXTUSDT":0,"PAXGUSDT":0.0007789525007382473,"PERLUSDT":0,"PERPUSDT":0,"PNTUSDT":0,"POLSUSDT":0,"PONDUSDT":0,"PUNDIXUSDT":0,"QTUMUSDT":0,"RAMPUSDT":0,"REEFUSDT":0.00011354358620054769,"RENUSDT":0,"REPUSDT":0,"RIFUSDT":0.0010844459029964709,"RLCUSDT":0,"ROSEUSDT":0.0022427015474514624,"RSRUSDT":0,"RUNEUSDT":0,"RVNUSDT":0,"SANDUSDT":0,"SCUSDT":0,"SFPUSDT":0,"SHIBUSDT":0,"SKLUSDT":0.0010783221705100406,"SLPUSDT":0.00009235108347668457,"SNXUSDT":0,"SOLUSDT":0,"SRMUSDT":0,"STMXUSDT":0,"STORJUSDT":0,"STPTUSDT":0.0011072871109464556,"STRAXUSDT":0.0014588765688941217,"STXUSDT":0,"SUNUSDT":0.00009676849095168623,"SUPERUSDT":0,"SUSHIDOWNUSDT":0.0013669199515441636,"SUSHIUPUSDT":0.0007999429669006257,"SUSHIUSDT":0,"SXPDOWNUSDT":0.0021596647858780943,"SXPUPUSDT":0,"SXPUSDT":0,"TCTUSDT":0.0001770077702361352,"TFUELUSDT":0.0011162239075999296,"THETAUSDT":0,"TKOUSDT":0,"TLMUSDT":0,"TOMOUSDT":0,"TRBUSDT":0,"TROYUSDT":0,"TRUUSDT":0,"TRXDOWNUSDT":0.001162268325290899,"TRXUPUSDT":0.0001509781142612991,"TRXUSDT":0.002224296574322076,"TWTUSDT":0,"UMAUSDT":0,"UNFIUSDT":0.0003256898704704974,"UNIDOWNUSDT":0.0018574885752399113,"UNIUPUSDT":0,"UNIUSDT":0,"UTKUSDT":0,"VETUSDT":0,"VITEUSDT":0,"VTHOUSDT":0.0005504167967331488,"WANUSDT":0,"WAVESUSDT":0,"WINGUSDT":0.0006387219804674052,"WINUSDT":0,"WNXMUSDT":0,"WRXUSDT":0,"WTCUSDT":0,"XEMUSDT":0,"XLMDOWNUSDT":0.0008370007310741284,"XLMUPUSDT":0,"XLMUSDT":0,"XMRUSDT":0.004545151967957521,"XRPDOWNUSDT":0.0044749701555840795,"XRPUPUSDT":0.0023601530952414252,"XRPUSDT":0,"XTZDOWNUSDT":0.0005052261120743228,"XTZUPUSDT":0.0003588221561202295,"XTZUSDT":0,"XVGUSDT":0.0011317666704423295,"XVSUSDT":0,"YFIDOWNUSDT":0.0020269528433453986,"YFIIUSDT":0,"YFIUPUSDT":0,"YFIUSDT":0,"ZECUSDT":0,"ZENUSDT":0,"ZILUSDT":0,"ZRXUSDT":0},"numerosità_campione":899,"expected_return":0.000011637619452674026,"standard_deviation":0.0001185673656135453,"sharpe_ratio":0.09815196105988652}