{"weights":{"1INCHDOWNUSDT":0.0015406417416486866,"1INCHUPUSDT":0,"1INCHUSDT":0,"AAVEDOWNUSDT":0.010070831629118801,"AAVEUPUSDT":0,"AAVEUSDT":0.010555136335119484,"ADADOWNUSDT":0.006281494324550621,"ADAUPUSDT":0,"ADAUSDT":0,"AIONUSDT":0,"AKROUSDT":0.0010177343341421512,"ALGOUSDT":0,"ALICEUSDT":0,"ALPHAUSDT":0.0033668443382778284,"ANKRUSDT":0,"ANTUSDT":0,"ARDRUSDT":0,"ARPAUSDT":0.0003253703850521616,"ARUSDT":0.0005726145992090536,"ATAUSDT":0,"ATOMUSDT":0,"AUDIOUSDT":0,"AUDUSDT":0.05083649325744377,"AUTOUSDT":0,"AVAUSDT":0.0017527822792637138,"AVAXUSDT":0,"AXSUSDT":0,"BADGERUSDT":0.0012229985768305925,"BAKEUSDT":0,"BALUSDT":0,"BANDUSDT":0,"BATUSDT":0,"BCHDOWNUSDT":0.002601468800338595,"BCHUPUSDT":0,"BCHUSDT":0,"BEAMUSDT":0,"BELUSDT":0,"BLZUSDT":0.001304799062585784,"BNBDOWNUSDT":0.005258541319212705,"BNBUPUSDT":0,"BNBUSDT":0,"BNTUSDT":0,"BTCDOWNUSDT":0.014523155604104818,"BTCSTUSDT":0,"BTCUPUSDT":0,"BTCUSDT":0.03616115750162844,"BTGUSDT":0.0019052055136198742,"BTSUSDT":0,"BTTUSDT":0,"BURGERUSDT":0.002043906071940998,"BZRXUSDT":0,"CAKEUSDT":0.000269718980143095,"CELOUSDT":0.001265377290936999,"CELRUSDT":0,"CFXUSDT":0,"CHRUSDT":0,"CHZUSDT":0,"CKBUSDT":0.0013647259133651671,"COCOSUSDT":0,"COMPUSDT":0,"COSUSDT":0,"COTIUSDT":0,"CRVUSDT":0,"CTKUSDT":0,"CTSIUSDT":0,"CTXCUSDT":0.0005720345830276356,"CVCUSDT":0,"DASHUSDT":0,"DATAUSDT":0.002492666337620691,"DCRUSDT":0,"DEGOUSDT":0,"DENTUSDT":0.0001921188849400497,"DGBUSDT":0,"DIAUSDT":0,"DNTUSDT":0,"DOCKUSDT":0.000983533999740549,"DODOUSDT":0,"DOGEUSDT":0,"DOTDOWNUSDT":0.0015502374739640055,"DOTUPUSDT":0.0014460146996146828,"DOTUSDT":0,"DREPUSDT":0,"DUSKUSDT":0,"EGLDUSDT":0,"ENJUSDT":0,"EOSDOWNUSDT":0.002154377564448664,"EOSUPUSDT":0,"EOSUSDT":0,"EPSUSDT":0,"ETCUSDT":0.0006412682910467114,"ETHDOWNUSDT":0.001397142646603938,"ETHUPUSDT":0,"ETHUSDT":0,"EURUSDT":0.5219054947128479,"FETUSDT":0,"FILDOWNUSDT":0.0037714722789679326,"FILUPUSDT":0.00009037697269226605,"FILUSDT":0.005035859026540475,"FIOUSDT":0.0006954830362651575,"FIROUSDT":0,"FISUSDT":0,"FLMUSDT":0.004525377228035414,"FORTHUSDT":0,"FTMUSDT":0,"FTTUSDT":0,"FUNUSDT":0.00048004607930761205,"GBPUSDT":0.2038244041260653,"GRTUSDT":0,"GTOUSDT":0.000904312851842447,"GXSUSDT":0,"HARDUSDT":0.0022658017337692854,"HBARUSDT":0.00018915328263829792,"HIVEUSDT":0,"HNTUSDT":0,"HOTUSDT":0,"ICPUSDT":0,"ICXUSDT":0,"INJUSDT":0,"IOSTUSDT":0,"IOTAUSDT":0,"IOTXUSDT":0.0008477781890810776,"IRISUSDT":0,"JSTUSDT":0.00507086217497442,"KAVAUSDT":0,"KEYUSDT":0.0003646459630805932,"KMDUSDT":0.0004668153890328501,"KNCUSDT":0,"KSMUSDT":0.006979146202496972,"LINAUSDT":0,"LINKDOWNUSDT":0.0010640944318919732,"LINKUPUSDT":0,"LINKUSDT":0,"LITUSDT":0,"LPTUSDT":0.011227366109604682,"LRCUSDT":0,"LSKUSDT":0,"LTCDOWNUSDT":0,"LTCUPUSDT":0,"LTCUSDT":0,"LTOUSDT":0.0031774555331816477,"LUNAUSDT":0,"MANAUSDT":0,"MASKUSDT":0,"MATICUSDT":0,"MBLUSDT":0,"MDTUSDT":0.0006174421535301874,"MDXUSDT":0.003613132673822849,"MFTUSDT":0.00029484241681562744,"MIRUSDT":0,"MITHUSDT":0.0019701289317855682,"MKRUSDT":0,"MTLUSDT":0,"NANOUSDT":0,"NBSUSDT":0,"NEARUSDT":0.005761962042548172,"NEOUSDT":0,"NKNUSDT":0,"NMRUSDT":0,"NULSUSDT":0,"NUUSDT":0,"OCEANUSDT":0,"OGNUSDT":0,"OMGUSDT":0,"OMUSDT":0,"ONEUSDT":0,"ONGUSDT":0,"ONTUSDT":0,"ORNUSDT":0.0013192080727300074,"OXTUSDT":0,"PAXGUSDT":0,"PERLUSDT":0,"PERPUSDT":0,"PNTUSDT":0,"POLSUSDT":0,"PONDUSDT":0,"PUNDIXUSDT":0,"QTUMUSDT":0,"RAMPUSDT":0,"REEFUSDT":0,"RENUSDT":0,"REPUSDT":0,"RIFUSDT":0.001164065463452314,"RLCUSDT":0,"ROSEUSDT":0.0033805514195490083,"RSRUSDT":0,"RUNEUSDT":0,"RVNUSDT":0,"SANDUSDT":0,"SCUSDT":0,"SFPUSDT":0,"SHIBUSDT":0,"SKLUSDT":0,"SLPUSDT":0.0012346499045065855,"SNXUSDT":0,"SOLUSDT":0,"SRMUSDT":0,"STMXUSDT":0,"STORJUSDT":0,"STPTUSDT":0.00196074130278866,"STRAXUSDT":0.0018424033776204864,"STXUSDT":0,"SUNUSDT":0,"SUPERUSDT":0,"SUSHIDOWNUSDT":0.002217507483963317,"SUSHIUPUSDT":0.0002217873334965902,"SUSHIUSDT":0,"SXPDOWNUSDT":0.002058866321455464,"SXPUPUSDT":0,"SXPUSDT":0,"TCTUSDT":0.0006918349933373337,"TFUELUSDT":0.002708894545687213,"THETAUSDT":0,"TKOUSDT":0,"TLMUSDT":0,"TOMOUSDT":0,"TRBUSDT":0,"TROYUSDT":0,"TRUUSDT":0,"TRXDOWNUSDT":0.0006726563632877249,"TRXUPUSDT":0,"TRXUSDT":0,"TWTUSDT":0,"UMAUSDT":0,"UNFIUSDT":0.0010130048108050174,"UNIDOWNUSDT":0.002959071646802398,"UNIUPUSDT":0,"UNIUSDT":0,"UTKUSDT":0,"VETUSDT":0,"VITEUSDT":0,"VTHOUSDT":0,"WANUSDT":0,"WAVESUSDT":0,"WINGUSDT":0.0010940754020257203,"WINUSDT":0,"WNXMUSDT":0,"WRXUSDT":0,"WTCUSDT":0.0006696860297061126,"XEMUSDT":0,"XLMDOWNUSDT":0.0012456428055929144,"XLMUPUSDT":0,"XLMUSDT":0,"XMRUSDT":0.007787432273875758,"XRPDOWNUSDT":0.005908038470147982,"XRPUPUSDT":0.0024004699895577566,"XRPUSDT":0,"XTZDOWNUSDT":0.0015551381781207627,"XTZUPUSDT":0,"XTZUSDT":0,"XVGUSDT":0.0015358034425647475,"XVSUSDT":0,"YFIDOWNUSDT":0.0035446244885672887,"YFIIUSDT":0,"YFIUPUSDT":0,"YFIUSDT":0,"ZECUSDT":0,"ZENUSDT":0,"ZILUSDT":0,"ZRXUSDT":0},"numerosità_campione":899,"expected_return":0.000024176986758186232,"standard_deviation":0.00015351180032767677,"sharpe_ratio":0.1574926924612931}