{"weights":{"1INCHDOWNUSDT":0.0009982855740842216,"1INCHUPUSDT":0,"1INCHUSDT":0,"AAVEDOWNUSDT":0.005562226420830493,"AAVEUPUSDT":0,"AAVEUSDT":0.006025132132831951,"ADADOWNUSDT":0.005069075864771503,"ADAUPUSDT":0,"ADAUSDT":0,"AIONUSDT":0,"AKROUSDT":0.0010652988677094717,"ALGOUSDT":0,"ALICEUSDT":0,"ALPHAUSDT":0.0011419497579600022,"ANKRUSDT":0,"ANTUSDT":0,"ARDRUSDT":0,"ARPAUSDT":0.0002698969446189143,"ARUSDT":0.00017302313068616066,"ATAUSDT":0,"ATOMUSDT":0,"AUDIOUSDT":0,"AUDUSDT":0.04004153829511043,"AUTOUSDT":0,"AVAUSDT":0.0008564926760930912,"AVAXUSDT":0,"AXSUSDT":0,"BADGERUSDT":0.0010577265099690394,"BAKEUSDT":0,"BALUSDT":0,"BANDUSDT":0.0014441055125294234,"BATUSDT":0,"BCHDOWNUSDT":0.0014990713919676914,"BCHUPUSDT":0,"BCHUSDT":0,"BEAMUSDT":0,"BELUSDT":0,"BLZUSDT":0,"BNBDOWNUSDT":0.0030008464089548255,"BNBUPUSDT":0,"BNBUSDT":0,"BNTUSDT":0,"BTCDOWNUSDT":0.012801615720076858,"BTCSTUSDT":0,"BTCUPUSDT":0,"BTCUSDT":0.021322604233885017,"BTGUSDT":0.0008467793020777463,"BTSUSDT":0,"BTTUSDT":0,"BURGERUSDT":0.0010023347228062442,"BZRXUSDT":0,"CAKEUSDT":0,"CELOUSDT":0.0005782872790666231,"CELRUSDT":0,"CFXUSDT":0,"CHRUSDT":0,"CHZUSDT":0,"CKBUSDT":0.00043724377472498883,"COCOSUSDT":0.0003329334587943812,"COMPUSDT":0,"COSUSDT":0.0012429624392711783,"COTIUSDT":0.00022560606810120232,"CRVUSDT":0.0019366608662862612,"CTKUSDT":0.0003460683614779033,"CTSIUSDT":0.0004930298977159374,"CTXCUSDT":0.0005757636067206381,"CVCUSDT":0,"DASHUSDT":0,"DATAUSDT":0.000868115624781469,"DCRUSDT":0,"DEGOUSDT":0,"DENTUSDT":0.0003272133818659887,"DGBUSDT":0.0003124665917191802,"DIAUSDT":0,"DNTUSDT":0,"DOCKUSDT":0.0001965797834252775,"DODOUSDT":0,"DOGEUSDT":0,"DOTDOWNUSDT":0,"DOTUPUSDT":0,"DOTUSDT":0.00011331217328997042,"DREPUSDT":0,"DUSKUSDT":0.000006592915311409034,"EGLDUSDT":0.0001364837743250929,"ENJUSDT":0,"EOSDOWNUSDT":0.0000032003499487941485,"EOSUPUSDT":0,"EOSUSDT":0,"EPSUSDT":0,"ETCUSDT":0.0011921000147068921,"ETHDOWNUSDT":0.0010435738539004444,"ETHUPUSDT":0,"ETHUSDT":0,"EURUSDT":0.502702800024939,"FETUSDT":0,"FILDOWNUSDT":0.0022966941169927347,"FILUPUSDT":0,"FILUSDT":0.003958978541008194,"FIOUSDT":0.0006237312296033235,"FIROUSDT":0,"FISUSDT":0,"FLMUSDT":0.0012451172035122383,"FORTHUSDT":0,"FTMUSDT":0,"FTTUSDT":0,"FUNUSDT":0.0006737607259295716,"GBPUSDT":0.29066171233922344,"GRTUSDT":0,"GTOUSDT":0.000305362691523404,"GXSUSDT":0,"HARDUSDT":0.000975415528105166,"HBARUSDT":0.0017917307286359934,"HIVEUSDT":0,"HNTUSDT":0,"HOTUSDT":0,"ICPUSDT":0,"ICXUSDT":0,"INJUSDT":0,"IOSTUSDT":0,"IOTAUSDT":0,"IOTXUSDT":0.0005561295225562111,"IRISUSDT":0,"JSTUSDT":0.003435659413389222,"KAVAUSDT":0,"KEYUSDT":0.00006888977736045164,"KMDUSDT":0.00019313814850837664,"KNCUSDT":0,"KSMUSDT":0.0033647756005882458,"LINAUSDT":0,"LINKDOWNUSDT":0.0017157161410728925,"LINKUPUSDT":0,"LINKUSDT":0,"LITUSDT":0,"LPTUSDT":0.005529953593212904,"LRCUSDT":0,"LSKUSDT":0,"LTCDOWNUSDT":0.00021354799506167614,"LTCUPUSDT":0,"LTCUSDT":0,"LTOUSDT":0.001956800716835111,"LUNAUSDT":0,"MANAUSDT":0,"MASKUSDT":0,"MATICUSDT":0,"MBLUSDT":0,"MDTUSDT":0.000038664994073392024,"MDXUSDT":0.0018261108732725005,"MFTUSDT":0.00009704795460408863,"MIRUSDT":0,"MITHUSDT":0.0012123726992523112,"MKRUSDT":0,"MTLUSDT":0,"NANOUSDT":0,"NBSUSDT":0,"NEARUSDT":0.003442466258769335,"NEOUSDT":0,"NKNUSDT":0,"NMRUSDT":0,"NULSUSDT":0,"NUUSDT":0,"OCEANUSDT":0,"OGNUSDT":0,"OMGUSDT":0,"OMUSDT":0,"ONEUSDT":0,"ONGUSDT":0,"ONTUSDT":0,"ORNUSDT":0.0013538439593246219,"OXTUSDT":0.00009486448513861088,"PAXGUSDT":0.02134203927929542,"PERLUSDT":0.0000025978965740099516,"PERPUSDT":0.0005809690983477037,"PNTUSDT":0.00013063908544320448,"POLSUSDT":0,"PONDUSDT":0,"PUNDIXUSDT":0,"QTUMUSDT":0,"RAMPUSDT":0,"REEFUSDT":0,"RENUSDT":0,"REPUSDT":0,"RIFUSDT":0.0005316429924335918,"RLCUSDT":0,"ROSEUSDT":0.0009899529699812957,"RSRUSDT":0,"RUNEUSDT":0,"RVNUSDT":0,"SANDUSDT":0,"SCUSDT":0,"SFPUSDT":0,"SHIBUSDT":0,"SKLUSDT":0.00030047930512527865,"SLPUSDT":0,"SNXUSDT":0,"SOLUSDT":0,"SRMUSDT":0,"STMXUSDT":0,"STORJUSDT":0,"STPTUSDT":0.000747926120321848,"STRAXUSDT":0.0005144234898929944,"STXUSDT":0,"SUNUSDT":0,"SUPERUSDT":0,"SUSHIDOWNUSDT":0.0013347513125766622,"SUSHIUPUSDT":0.0003350567405085843,"SUSHIUSDT":0.003314877265379747,"SXPDOWNUSDT":0.0029137069871942142,"SXPUPUSDT":0,"SXPUSDT":0,"TCTUSDT":0.00010303827742845494,"TFUELUSDT":0.0008128724278535513,"THETAUSDT":0,"TKOUSDT":0,"TLMUSDT":0.00002559614022857527,"TOMOUSDT":0,"TRBUSDT":0,"TROYUSDT":0,"TRUUSDT":0,"TRXDOWNUSDT":0.00003158944324260367,"TRXUPUSDT":0.0002815357246895765,"TRXUSDT":0,"TWTUSDT":0,"UMAUSDT":0,"UNFIUSDT":0,"UNIDOWNUSDT":0.0015280721917473345,"UNIUPUSDT":0,"UNIUSDT":0.0012695887159585126,"UTKUSDT":0.000307564793230705,"VETUSDT":0,"VITEUSDT":0,"VTHOUSDT":0.0011935246852811845,"WANUSDT":0,"WAVESUSDT":0,"WINGUSDT":0.0010312539677520974,"WINUSDT":0,"WNXMUSDT":0,"WRXUSDT":0,"WTCUSDT":0,"XEMUSDT":0,"XLMDOWNUSDT":0.0009522555323152843,"XLMUPUSDT":0,"XLMUSDT":0,"XMRUSDT":0.003906628972187307,"XRPDOWNUSDT":0.0031311571893871282,"XRPUPUSDT":0.0024330355652941358,"XRPUSDT":0,"XTZDOWNUSDT":0.0007271621455531723,"XTZUPUSDT":0.0002741870557589457,"XTZUSDT":0,"XVGUSDT":0.0017328669187940207,"XVSUSDT":0,"YFIDOWNUSDT":0.0023375247653330163,"YFIIUSDT":0,"YFIUPUSDT":0,"YFIUSDT":0,"ZECUSDT":0,"ZENUSDT":0,"ZILUSDT":0,"ZRXUSDT":0},"numerosità_campione":921,"expected_return":0.000011298396647713607,"standard_deviation":0.00011769522902275457,"sharpe_ratio":0.09599706582438644}