{"weights":{"1INCHDOWNUSDT":0.001329812627357537,"1INCHUPUSDT":0.000055833815210549495,"1INCHUSDT":0.0014973993924648477,"AAVEDOWNUSDT":0.0037370475728457477,"AAVEUPUSDT":0,"AAVEUSDT":0.007610501304428295,"ADADOWNUSDT":0.0019257892436738446,"ADAUPUSDT":0,"ADAUSDT":0,"AIONUSDT":0,"AKROUSDT":0.00022278423684008968,"ALGOUSDT":0,"ALICEUSDT":0,"ALPHAUSDT":0.0014106414508126908,"ANKRUSDT":0,"ANTUSDT":0,"ARDRUSDT":0,"ARPAUSDT":0.00040949885424302636,"ARUSDT":0,"ATAUSDT":0,"ATOMUSDT":0,"AUDIOUSDT":0,"AUDUSDT":0.03364680186919631,"AUTOUSDT":0,"AVAUSDT":0.0002534211486353173,"AVAXUSDT":0,"AXSUSDT":0.00018245656111263257,"BADGERUSDT":0.000739628193120274,"BAKEUSDT":0,"BALUSDT":0,"BANDUSDT":0.002578822185710506,"BATUSDT":0,"BCHDOWNUSDT":0.0008596397920992044,"BCHUPUSDT":0,"BCHUSDT":0,"BEAMUSDT":0,"BELUSDT":0,"BLZUSDT":0,"BNBDOWNUSDT":0.0029298422215584857,"BNBUPUSDT":0,"BNBUSDT":0,"BNTUSDT":0.005177834952068133,"BTCDOWNUSDT":0.013175806644933886,"BTCSTUSDT":0.00033990076210549034,"BTCUPUSDT":0,"BTCUSDT":0.010411547788586018,"BTGUSDT":0.00017538055467138864,"BTSUSDT":0,"BTTUSDT":0.0007413478163339954,"BURGERUSDT":0.0003913460901284075,"BZRXUSDT":0,"CAKEUSDT":0,"CELOUSDT":0,"CELRUSDT":0,"CFXUSDT":0,"CHRUSDT":0,"CHZUSDT":0,"CKBUSDT":0,"COCOSUSDT":0.0010529749270749022,"COMPUSDT":0,"COSUSDT":0.000671145695648888,"COTIUSDT":0,"CRVUSDT":0,"CTKUSDT":0,"CTSIUSDT":0.002099423512570793,"CTXCUSDT":0.0005227385535778301,"CVCUSDT":0,"DASHUSDT":0,"DATAUSDT":0.00011426306976913182,"DCRUSDT":0.0007325295510641854,"DEGOUSDT":0,"DENTUSDT":0.00033831552684501933,"DGBUSDT":0,"DIAUSDT":0.0005362155498424852,"DNTUSDT":0,"DOCKUSDT":0,"DODOUSDT":0.0006810738791959742,"DOGEUSDT":0,"DOTDOWNUSDT":0.0008903688460429513,"DOTUPUSDT":0,"DOTUSDT":0,"DREPUSDT":0,"DUSKUSDT":0,"EGLDUSDT":0,"ENJUSDT":0,"EOSDOWNUSDT":0.001130423378223986,"EOSUPUSDT":0,"EOSUSDT":0,"EPSUSDT":0,"ETCUSDT":0,"ETHDOWNUSDT":0.0007519501341842912,"ETHUPUSDT":0,"ETHUSDT":0,"EURUSDT":0.4867080171382749,"FETUSDT":0.00017318715005818955,"FILDOWNUSDT":0.0011764627265739742,"FILUPUSDT":0,"FILUSDT":0.004080560076402364,"FIOUSDT":0.0001415604671472334,"FIROUSDT":0,"FISUSDT":0,"FLMUSDT":0,"FORTHUSDT":0.0010845388592350075,"FTMUSDT":0,"FTTUSDT":0,"FUNUSDT":0,"GBPUSDT":0.3388911812899413,"GRTUSDT":0,"GTOUSDT":0,"GXSUSDT":0.0008405969495116931,"HARDUSDT":0,"HBARUSDT":0.0009871557788977555,"HIVEUSDT":0.00013549289277877823,"HNTUSDT":0,"HOTUSDT":0,"ICPUSDT":0.0007248459900732432,"ICXUSDT":0.00010953152182673864,"INJUSDT":0,"IOSTUSDT":0.002119157362241928,"IOTAUSDT":0,"IOTXUSDT":0.00011946987332796438,"IRISUSDT":0.00004948734391363927,"JSTUSDT":0.0018804263705084001,"KAVAUSDT":0,"KEYUSDT":0,"KMDUSDT":0.0002124407324010322,"KNCUSDT":0,"KSMUSDT":0,"LINAUSDT":0,"LINKDOWNUSDT":0.0015563926602785586,"LINKUPUSDT":0,"LINKUSDT":0,"LITUSDT":0,"LPTUSDT":0.0028449652181742357,"LRCUSDT":0,"LSKUSDT":0.00046112524460698576,"LTCDOWNUSDT":0,"LTCUPUSDT":0,"LTCUSDT":0.0006430114463181644,"LTOUSDT":0.00020649446138740527,"LUNAUSDT":0.0010171945789351395,"MANAUSDT":0,"MASKUSDT":0.00037155580926979026,"MATICUSDT":0.0002200516469792819,"MBLUSDT":0.0005180333742577073,"MDTUSDT":0,"MDXUSDT":0.0008165465455369766,"MFTUSDT":0,"MIRUSDT":0.0003001647184224382,"MITHUSDT":0.00023876208453357602,"MKRUSDT":0,"MTLUSDT":0.00009871575215780748,"NANOUSDT":0,"NBSUSDT":0.000058633377881637364,"NEARUSDT":0.00018464700342654412,"NEOUSDT":0.000006572358330001382,"NKNUSDT":0,"NMRUSDT":0,"NULSUSDT":0.0019174723060338564,"NUUSDT":0,"OCEANUSDT":0,"OGNUSDT":0,"OMGUSDT":0.0017356526024930625,"OMUSDT":0,"ONEUSDT":0,"ONGUSDT":0,"ONTUSDT":0,"ORNUSDT":0.00009082680516988708,"OXTUSDT":0,"PAXGUSDT":0.0092331950501473,"PERLUSDT":0.00009417601267528376,"PERPUSDT":0.0012384713329734122,"PNTUSDT":0.00014319125542777735,"POLSUSDT":0,"PONDUSDT":0,"PUNDIXUSDT":0,"QTUMUSDT":0,"RAMPUSDT":0,"REEFUSDT":0.0005923645278893264,"RENUSDT":0,"REPUSDT":0,"RIFUSDT":0.0006378538026680856,"RLCUSDT":0,"ROSEUSDT":0.0013374999119792413,"RSRUSDT":0,"RUNEUSDT":0.00114981763849499,"RVNUSDT":0,"SANDUSDT":0,"SCUSDT":0,"SFPUSDT":0,"SHIBUSDT":0,"SKLUSDT":0.002536527793926525,"SLPUSDT":0,"SNXUSDT":0,"SOLUSDT":0,"SRMUSDT":0,"STMXUSDT":0,"STORJUSDT":0,"STPTUSDT":0.0000580747511728232,"STRAXUSDT":0.0006123940178841352,"STXUSDT":0.0007609064860729638,"SUNUSDT":0.00035718822760601995,"SUPERUSDT":0,"SUSHIDOWNUSDT":0.0005735140702129071,"SUSHIUPUSDT":0.0008827695635671569,"SUSHIUSDT":0.0015157463180487912,"SXPDOWNUSDT":0.0030579460963460793,"SXPUPUSDT":0.00021387737950896756,"SXPUSDT":0,"TCTUSDT":0,"TFUELUSDT":0,"THETAUSDT":0,"TKOUSDT":0,"TLMUSDT":0.00005718786461889775,"TOMOUSDT":0,"TRBUSDT":0,"TROYUSDT":0,"TRUUSDT":0.0005739601225426157,"TRXDOWNUSDT":0.002407305425124192,"TRXUPUSDT":0.00012017843300394775,"TRXUSDT":0.005959993030797968,"TWTUSDT":0,"UMAUSDT":0,"UNFIUSDT":0,"UNIDOWNUSDT":0.0013800885120204575,"UNIUPUSDT":0,"UNIUSDT":0,"UTKUSDT":0,"VETUSDT":0,"VITEUSDT":0,"VTHOUSDT":0.0024253285618085173,"WANUSDT":0,"WAVESUSDT":0,"WINGUSDT":0,"WINUSDT":0,"WNXMUSDT":0.00004649675204923034,"WRXUSDT":0,"WTCUSDT":0,"XEMUSDT":0.00037607610633634526,"XLMDOWNUSDT":0.0008333608837931959,"XLMUPUSDT":0,"XLMUSDT":0,"XMRUSDT":0.000523071644747624,"XRPDOWNUSDT":0.0030720672962758675,"XRPUPUSDT":0.001274905046199334,"XRPUSDT":0.0009126476734914065,"XTZDOWNUSDT":0.00004091778456082638,"XTZUPUSDT":0.0005239956822258922,"XTZUSDT":0.0004977505439305028,"XVGUSDT":0.0005244029053021848,"XVSUSDT":0,"YFIDOWNUSDT":0.0009095773986103598,"YFIIUSDT":0,"YFIUPUSDT":0,"YFIUSDT":0.0004997358764744001,"ZECUSDT":0,"ZENUSDT":0,"ZILUSDT":0,"ZRXUSDT":0},"numerosità_campione":899,"expected_return":-9.017478528382106e-7,"standard_deviation":0.0001056240474020181,"sharpe_ratio":-0.008537334773832776}