{"weights":{"1INCHDOWNUSDT":0.0010870090238403838,"1INCHUPUSDT":0.0005672124724427837,"1INCHUSDT":0,"AAVEDOWNUSDT":0.003528141702837268,"AAVEUPUSDT":0,"AAVEUSDT":0.00634633490016965,"ADADOWNUSDT":0.0030566413142119418,"ADAUPUSDT":0,"ADAUSDT":0.0006516539814322348,"AIONUSDT":0,"AKROUSDT":0.0009179890787269095,"ALGOUSDT":0,"ALICEUSDT":0,"ALPHAUSDT":0.0013616879156614888,"ANKRUSDT":0,"ANTUSDT":0,"ARDRUSDT":0.00019076727969033038,"ARPAUSDT":0.00034531679797620164,"ARUSDT":0,"ATAUSDT":0,"ATOMUSDT":0,"AUDIOUSDT":0,"AUDUSDT":0.03343045301936697,"AUTOUSDT":0,"AVAUSDT":0,"AVAXUSDT":0,"AXSUSDT":0.00023161944443738383,"BADGERUSDT":0.0006897813532768739,"BAKEUSDT":0,"BALUSDT":0,"BANDUSDT":0.002365615250224773,"BATUSDT":0,"BCHDOWNUSDT":0.0008383232649093374,"BCHUPUSDT":0,"BCHUSDT":0,"BEAMUSDT":0,"BELUSDT":0,"BLZUSDT":0,"BNBDOWNUSDT":0.002935197938523505,"BNBUPUSDT":0,"BNBUSDT":0,"BNTUSDT":0.004229754121554802,"BTCDOWNUSDT":0.012289193941047312,"BTCSTUSDT":0.00047888870409730066,"BTCUPUSDT":0,"BTCUSDT":0.00841440658724348,"BTGUSDT":0.0000816198793687971,"BTSUSDT":0,"BTTUSDT":0.00043840464280645876,"BURGERUSDT":0.0005220962484929076,"BZRXUSDT":0,"CAKEUSDT":0,"CELOUSDT":0.00002586118741433295,"CELRUSDT":0,"CFXUSDT":0.00008730603084096751,"CHRUSDT":0,"CHZUSDT":0,"CKBUSDT":0,"COCOSUSDT":0.0009567641524557813,"COMPUSDT":0,"COSUSDT":0.0008628522537460894,"COTIUSDT":0.0001886704385610221,"CRVUSDT":0,"CTKUSDT":0.000025094418700594138,"CTSIUSDT":0.002486970745187778,"CTXCUSDT":0.00037721760906567545,"CVCUSDT":0,"DASHUSDT":0,"DATAUSDT":0,"DCRUSDT":0.0004283855884144798,"DEGOUSDT":0,"DENTUSDT":0.000011329493917677436,"DGBUSDT":0,"DIAUSDT":0,"DNTUSDT":0,"DOCKUSDT":0,"DODOUSDT":0.0007921026225417561,"DOGEUSDT":0,"DOTDOWNUSDT":0,"DOTUPUSDT":0,"DOTUSDT":0,"DREPUSDT":0,"DUSKUSDT":0,"EGLDUSDT":0.0006627533451069897,"ENJUSDT":0,"EOSDOWNUSDT":0.00030194428054309755,"EOSUPUSDT":0,"EOSUSDT":0,"EPSUSDT":0,"ETCUSDT":0.0004222690043616334,"ETHDOWNUSDT":0.0007463245202210017,"ETHUPUSDT":0,"ETHUSDT":0,"EURUSDT":0.4932022517966912,"FETUSDT":0,"FILDOWNUSDT":0.0008015608474249447,"FILUPUSDT":0,"FILUSDT":0.0031591951079664306,"FIOUSDT":0.00014790297285142433,"FIROUSDT":0,"FISUSDT":0,"FLMUSDT":0,"FORTHUSDT":0.0008662616099574182,"FTMUSDT":0,"FTTUSDT":0,"FUNUSDT":0.00004903028141674526,"GBPUSDT":0.33538582460502053,"GRTUSDT":0,"GTOUSDT":0,"GXSUSDT":0.0008593074626253045,"HARDUSDT":0,"HBARUSDT":0.0019735310630437652,"HIVEUSDT":0,"HNTUSDT":0,"HOTUSDT":0,"ICPUSDT":0.0007706824651263289,"ICXUSDT":0.00008803033868546197,"INJUSDT":0,"IOSTUSDT":0.0012702605848295364,"IOTAUSDT":0,"IOTXUSDT":0.000009696525127503955,"IRISUSDT":0,"JSTUSDT":0.0011479498555502785,"KAVAUSDT":0,"KEYUSDT":0,"KMDUSDT":0,"KNCUSDT":0,"KSMUSDT":0,"LINAUSDT":0,"LINKDOWNUSDT":0.0017412537995215023,"LINKUPUSDT":0,"LINKUSDT":0,"LITUSDT":0,"LPTUSDT":0.002893846347828898,"LRCUSDT":0,"LSKUSDT":0,"LTCDOWNUSDT":0.0010270875532526447,"LTCUPUSDT":0,"LTCUSDT":0,"LTOUSDT":0.0003840255833091166,"LUNAUSDT":0,"MANAUSDT":0.0005396110679298582,"MASKUSDT":0.00019428745494645764,"MATICUSDT":0,"MBLUSDT":0.00022672162340044166,"MDTUSDT":0,"MDXUSDT":0.000754211828830271,"MFTUSDT":0,"MIRUSDT":0.0005757021628730544,"MITHUSDT":0.00008969520754598322,"MKRUSDT":0,"MTLUSDT":0,"NANOUSDT":0,"NBSUSDT":0,"NEARUSDT":0.0006481592504288893,"NEOUSDT":0,"NKNUSDT":0,"NMRUSDT":0,"NULSUSDT":0.0017687276392978069,"NUUSDT":0,"OCEANUSDT":0,"OGNUSDT":0,"OMGUSDT":0.0016889579910233494,"OMUSDT":0,"ONEUSDT":0,"ONGUSDT":0,"ONTUSDT":0,"ORNUSDT":0.0005641636561715545,"OXTUSDT":0.0008038983921969337,"PAXGUSDT":0.020462102854437628,"PERLUSDT":0.00021735088243123802,"PERPUSDT":0.0017368348001996056,"PNTUSDT":0.00003801469644903776,"POLSUSDT":0,"PONDUSDT":0,"PUNDIXUSDT":0,"QTUMUSDT":0,"RAMPUSDT":0,"REEFUSDT":0.0007415889204071616,"RENUSDT":0,"REPUSDT":0,"RIFUSDT":0.00022923504943865,"RLCUSDT":0,"ROSEUSDT":0.0006800416520958812,"RSRUSDT":0,"RUNEUSDT":0,"RVNUSDT":0,"SANDUSDT":0,"SCUSDT":0,"SFPUSDT":0,"SHIBUSDT":0,"SKLUSDT":0.0018486495968621018,"SLPUSDT":0,"SNXUSDT":0,"SOLUSDT":0,"SRMUSDT":0,"STMXUSDT":0,"STORJUSDT":0,"STPTUSDT":0.00005293046219301817,"STRAXUSDT":0,"STXUSDT":0,"SUNUSDT":0,"SUPERUSDT":0.0001755264468754348,"SUSHIDOWNUSDT":0.0007514695929319371,"SUSHIUPUSDT":0.0006686460764389235,"SUSHIUSDT":0.004682556658200758,"SXPDOWNUSDT":0.0030777340025874484,"SXPUPUSDT":0.0003978233317106685,"SXPUSDT":0,"TCTUSDT":0,"TFUELUSDT":0,"THETAUSDT":0,"TKOUSDT":0,"TLMUSDT":0.00034560102114817833,"TOMOUSDT":0,"TRBUSDT":0,"TROYUSDT":0,"TRUUSDT":0.0009074050166014741,"TRXDOWNUSDT":0.00020524197656721755,"TRXUPUSDT":0,"TRXUSDT":0,"TWTUSDT":0,"UMAUSDT":0,"UNFIUSDT":0,"UNIDOWNUSDT":0.0015824348369902874,"UNIUPUSDT":0,"UNIUSDT":0,"UTKUSDT":0.00003933712891977063,"VETUSDT":0,"VITEUSDT":0,"VTHOUSDT":0.002748104828754092,"WANUSDT":0,"WAVESUSDT":0.0006525455382202524,"WINGUSDT":0.0003892277339222722,"WINUSDT":0,"WNXMUSDT":0,"WRXUSDT":0,"WTCUSDT":0,"XEMUSDT":0.0007553907528380811,"XLMDOWNUSDT":0.0005061046429100319,"XLMUPUSDT":0,"XLMUSDT":0,"XMRUSDT":0.0003611335302729344,"XRPDOWNUSDT":0.0021944586710230525,"XRPUPUSDT":0.0011572611787481007,"XRPUSDT":0,"XTZDOWNUSDT":0.00045100144475559116,"XTZUPUSDT":0.0005302145963601733,"XTZUSDT":0.0009100270706785407,"XVGUSDT":0.0009378050524715653,"XVSUSDT":0,"YFIDOWNUSDT":0.0009490833979279822,"YFIIUSDT":0.0003896678694977845,"YFIUPUSDT":0,"YFIUSDT":0.0012216590598418929,"ZECUSDT":0,"ZENUSDT":0,"ZILUSDT":0,"ZRXUSDT":0},"numerosità_campione":921,"expected_return":-9.137579495969707e-7,"standard_deviation":0.00010538228449572167,"sharpe_ratio":-0.008670887654120532}