{"weights":{"ADAETH":0.05888449148476165,"ADXETH":0.013117537796821507,"AIONETH":0,"BATETH":0,"BLZETH":0,"BNBETH":0.02279644050424623,"BNTETH":0.06666850623431841,"BQXETH":0.014690507947786197,"BRDETH":0,"CDTETH":0.006434091930594683,"CVCETH":0,"DASHETH":0,"DATAETH":0,"DENTETH":0,"ELFETH":0,"ENJETH":0,"EOSETH":0,"ETCETH":0.013164844326143248,"FUNETH":0.004608699360732378,"GXSETH":0,"HOTETH":0,"ICXETH":0,"IOSTETH":0,"IOTAETH":0,"IOTXETH":0,"KEYETH":0,"KMDETH":0,"KNCETH":0,"LINKETH":0.0811680114200554,"LOOMETH":0.0004118310609538667,"LRCETH":0.06611568938435876,"LSKETH":0,"LTCETH":0.26763367564288715,"MANAETH":0,"MFTETH":0,"MTLETH":0.009551162569639286,"NANOETH":0,"NASETH":0,"NAVETH":0.17521968134630111,"NCASHETH":0.015914869141049073,"NEBLETH":0,"NEOETH":0,"OMGETH":0,"ONTETH":0,"OSTETH":0.004609895632585552,"PIVXETH":0,"POWRETH":0.030142972989336953,"QKCETH":0,"QLCETH":0,"QSPETH":0,"QTUMETH":0,"REPETH":0,"RLCETH":0,"SCETH":0,"SNTETH":0,"STEEMETH":0,"STMXETH":0.009601723837423656,"THETAETH":0.0038016145552488578,"TRXETH":0.05701705998624018,"VETETH":0,"VIBETH":0.018175271540911853,"WANETH":0,"WAVESETH":0.03989572919812951,"XEMETH":0,"XLMETH":0,"XMRETH":0.020375692109474694,"XRPETH":0,"XVGETH":0,"ZECETH":0,"ZENETH":0,"ZILETH":0,"ZRXETH":0},"numerosità_campione":363,"expected_return":-0.0008300258387919931,"standard_deviation":0.026242897495869597,"sharpe_ratio":-0.03162858975167022}