{"ADABUSD":[0.0041281637832126655,-0.0001854448879353592,0.000009663207682139451,0.000056109686485721595,-0.00024694295304953935,0.0002454944332812004,0.00009747409609654684,0.000032730851759513927,0.0000997963525740883,0.00009170948477618058,-0.0003616315297004323,0.0002344663924600903,0.0030865188832071943,0.00016214070793302618],"BCHBUSD":[-0.0001854448879353592,0.0036412673682152947,0.00022054921894844328,0.00020320787916205144,-0.00005728371542222442,0.000047228584866463334,0.00006714008884117427,0.00011453570370127623,-3.8524524859413824e-7,-0.00009956597591234971,0.0000738227922253031,0.0000755970212199308,-0.0003265665128348712,0.000013467385100495489],"BNBBUSD":[0.000009663207682139451,0.00022054921894844328,0.0027108688494061673,0.0014719041539356698,0.00022501909378044174,-0.00005681087198396697,-0.00007775083474012516,-0.0000920427700807709,-0.000021677872912544567,0.0002445242653513099,0.00035135263564822913,0.000031060469018442306,-0.000010316492340495147,-0.000032802743537087384],"BTCBUSD":[0.000056109686485721595,0.00020320787916205144,0.0014719041539356698,0.001648505986323696,0.00010890381630522376,-0.0001027918258894573,0.00002955446319359108,0.000011171221429679195,0.00008035163315225277,0.00021468881141966533,0.00004962747067171359,0.00013573674924060282,0.000004450875190096212,0.000026215281541446832],"EOSBUSD":[-0.00024694295304953935,-0.00005728371542222442,0.00022501909378044174,0.00010890381630522376,0.0030588489846547794,-0.0001390065652508128,-0.00008988018230744787,-0.00007675482316031517,-0.00014226701113616432,-0.0000792317746387666,0.0023686799409295056,0.000013116782859078693,-0.0005048876142651893,-0.00032386797642484645],"ETCBUSD":[0.0002454944332812004,0.000047228584866463334,-0.00005681087198396697,-0.0001027918258894573,-0.0001390065652508128,0.003231212901450549,0.0021573134041936613,0.0021658513975510666,0.0023374142827928294,0.00011341263285186976,-0.000026389847538618844,0.000041454989524556254,-0.000021375029613544714,0.0019846627078826235],"ETHBUSD":[0.00009747409609654684,0.00006714008884117427,-0.00007775083474012516,0.00002955446319359108,-0.00008988018230744787,0.0021573134041936613,0.0027705278183335863,0.0024535794121028167,0.002349300115739526,0.0000676463681228616,-0.000044768778396632946,0.0001864860772374682,0.000056780941227323866,0.0019088811157315089],"LINKBUSD":[0.000032730851759513927,0.00011453570370127623,-0.0000920427700807709,0.000011171221429679195,-0.00007675482316031517,0.0021658513975510666,0.0024535794121028167,0.004422156577401309,0.002232307661169998,-0.00008144888100956314,-0.00001164381324763556,0.00019725757792723019,-0.000008398236644732257,0.0019945412885519604],"LTCBUSD":[0.0000997963525740883,-3.8524524859413824e-7,-0.000021677872912544567,0.00008035163315225277,-0.00014226701113616432,0.0023374142827928294,0.002349300115739526,0.002232307661169998,0.0028869497239508842,0.00006224185155091911,-0.00002388378360259586,-0.00004232600490961392,0.00015085703359962307,0.0019565002222504484],"QTUMBUSD":[0.00009170948477618058,-0.00009956597591234971,0.0002445242653513099,0.00021468881141966533,-0.0000792317746387666,0.00011341263285186976,0.0000676463681228616,-0.00008144888100956314,0.00006224185155091911,0.0044783002754183055,-0.00007228151152588589,0.003036385049651332,-0.00017304779320697153,-0.00009202849635512427],"TRXBUSD":[-0.0003616315297004323,0.0000738227922253031,0.00035135263564822913,0.00004962747067171359,0.0023686799409295056,-0.000026389847538618844,-0.000044768778396632946,-0.00001164381324763556,-0.00002388378360259586,-0.00007228151152588589,0.003422445658965882,-0.00009700135198273087,-0.0006200664457945099,-0.00009840770845627429],"VETBUSD":[0.0002344663924600903,0.0000755970212199308,0.000031060469018442306,0.00013573674924060282,0.000013116782859078693,0.000041454989524556254,0.0001864860772374682,0.00019725757792723019,-0.00004232600490961392,0.003036385049651332,-0.00009700135198273087,0.005608242488086691,0.000041147176176376585,-0.00006492164333831511],"XLMBUSD":[0.0030865188832071943,-0.0003265665128348712,-0.000010316492340495147,0.000004450875190096212,-0.0005048876142651893,-0.000021375029613544714,0.000056780941227323866,-0.000008398236644732257,0.00015085703359962307,-0.00017304779320697153,-0.0006200664457945099,0.000041147176176376585,0.005075612448716066,0.00009003874786367648],"XRPBUSD":[0.00016214070793302618,0.000013467385100495489,-0.000032802743537087384,0.000026215281541446832,-0.00032386797642484645,0.0019846627078826235,0.0019088811157315089,0.0019945412885519604,0.0019565002222504484,-0.00009202849635512427,-0.00009840770845627429,-0.00006492164333831511,0.00009003874786367648,0.004214709125964573]}