{"ADABUSD":[0.6376680864657962,0.18870894032218255,0.23994910189655447,0.1527801529465126,0.04642129751314446,0.6722344691745578,0.3756334113679186,0.07852621561176353,0.29321016265163047,0.20912263687507754,0.08685511861470631,0.07314338971492614,0.09714058529814286,0.07074919789157444,0.18888535551229355,0.07154688884890902,0.07675144586023873,0.21138053705026144,0.1260521837168978,0.12076891275724587,0.12287579943417987,0.877708613655001,0.1386650431762089,0.062488648464120944,0.12221322649838363,0.03904838325062096,0.21104308633296054,0.08856080291361704,0.07276764125711786,0.0999533528792686,0.1036739950560987],"ALGOBUSD":[0.18870894032218255,0.1671108869734974,0.13080178360806666,0.11745886742384644,0.036004056662431075,0.1425006269156826,0.13163076722245673,0.040582307313493535,0.16811870427530645,0.0661619162996759,0.1929597862427953,0.06411791247625899,0.05852435256963891,0.10586919230883532,0.14411589173688147,0.15225302578354857,0.04680402414166909,0.19210919015599554,0.11064993603128434,0.11156104836200362,0.12204105581558318,0.24561548230835212,0.14305697041788645,0.07800772622991098,0.10500952410601881,0.0758269387384715,0.1551903176401289,0.02033098576198891,0.12005540342751381,0.09960258740102917,0.0835136521916259],"ATOMBUSD":[0.23994910189655447,0.13080178360806666,0.18281147321869315,0.09808748154653647,0.031079119445516428,0.2982886152479007,0.12532791940002885,0.04013064911917915,0.16045595517137792,0.09783737163062187,0.05416759697603542,0.05149335638257508,0.05464759473752968,0.05730120807167474,0.13097558029639408,0.11160583099967944,0.05098053299388413,0.07837446941807258,0.1096737569340756,0.08361435830901794,0.09551699660658113,0.36626904155917717,0.08589915432529757,0.07460513619981743,0.07489523628725296,0.11064069467833973,0.06852786282870423,0.05872803145806646,0.025880059521475065,0.07225808901776358,0.061522482543453834],"BATBUSD":[0.1527801529465126,0.11745886742384644,0.09808748154653647,0.1768156466076258,0.025131009656188932,0.18711322600163735,0.14766478443141828,0.03369376988423067,0.3786041693806829,0.07134201099063067,0.34776254817268853,0.06677841265835244,0.06413198504768292,0.06335269969600382,0.17882138169037393,0.08378968700237696,0.028599784625614712,0.11712641252709712,0.10638422223144195,0.15466064097312465,0.141041458592901,0.28469416617884835,0.11077765360853,0.12598567474983374,0.13481300736126894,0.07003869445656717,0.08643698197270401,0.017908938319571622,0.08383422641763044,0.09230730669307026,0.07841809513950954],"BCHBUSD":[0.04642129751314446,0.036004056662431075,0.031079119445516428,0.025131009656188932,0.07319387932653251,0.08461167728568743,0.0017315303801747617,0.01799732821695979,0.06795751444008206,0.050112288620076106,0.03098367499523281,0.048594904298216286,0.11783124858418208,0.05578668380714954,0.01543925931910425,0.042419581881041814,0.050845665538570506,0.059162072763781534,0.06470909799748442,0.03248301919029945,0.06593170944409078,0.03676255665143858,0.025478777158541743,0.0400100620819605,0.10990302874500847,0.059795791810126106,0.06030137803945564,0.05170005452532959,0.14346122595698202,0.040583989156895275,0.060244205626435385],"BNBBUSD":[0.6722344691745578,0.1425006269156826,0.2982886152479007,0.18711322600163735,0.08461167728568743,1.0002850367037195,0.2978078520787687,0.06618845367324024,0.5320433543345964,0.25801111246310626,0.13125627595587097,0.08399225165482926,0.1899612457425097,0.010640614642408444,0.21570840804837416,-0.003538678797157686,0.07766848368372928,0.0837104181116594,0.1840274059255108,0.13202497895658535,0.14904662998877832,1.0967657469019163,0.0812889247512867,0.12637527989766373,0.17194738226739806,0.06679803583155322,0.04269890869346704,0.1803103673136142,0.000491344639176033,0.07654943683650095,0.10395589642508246],"BNTBUSD":[0.3756334113679186,0.13163076722245673,0.12532791940002885,0.14766478443141828,0.0017315303801747617,0.2978078520787687,0.4995114076574064,0.04674031188216683,0.2667665300740445,0.09524612949412883,0.17964161602865986,0.04092684096690376,0.027943625498333236,0.04113733187196042,0.16207753379940526,0.03729007618699246,0.03563971202766526,0.12459001532785866,0.08201190242858651,0.13353968080206072,0.1060297185982583,0.46097785221639814,0.12417642928104018,0.05760619229984944,0.15224594875434444,0.0071515433964712185,0.09258521435444203,0.021204364383242642,-0.007747284115356386,0.061509216846135785,0.07639158376753717],"BTCBUSD":[0.07852621561176353,0.040582307313493535,0.04013064911917915,0.03369376988423067,0.01799732821695979,0.06618845367324024,0.04674031188216683,0.045763757315218936,0.07644112180229731,0.0359627624691069,0.05028122517334032,0.02514889125612735,0.011627624094365581,0.037573077689853615,0.04934487828814593,0.01982743287640905,0.04473490571105154,0.017352929638190406,0.009225460581224986,0.03563227903553307,0.030372382327088995,0.09417510965704687,0.029749639748058023,0.023005077000129787,0.03673117115443063,0.015789732216813776,0.04715829554700479,0.017743769577757227,0.010864529696841062,0.03489652259992472,0.02512519933461663],"BTTBUSD":[0.29321016265163047,0.16811870427530645,0.16045595517137792,0.3786041693806829,0.06795751444008206,0.5320433543345964,0.2667665300740445,0.07644112180229731,1.0582949597469247,0.15857579561213136,0.8593150473826905,0.14431454137148345,0.15831850290661337,0.06904511644809554,0.3906875535204271,0.04487646588871559,0.06476236866320749,0.05940457176729021,0.18515609714550088,0.33855011405142665,0.30034463445082504,0.6582792847872807,0.17900071447180405,0.2978149212477119,0.32898081643658333,0.08562704815580514,0.0312861590973845,0.07680850446069815,0.07811789149855122,0.15212232235650053,0.1518546311853785],"DASHBUSD":[0.20912263687507754,0.0661619162996759,0.09783737163062187,0.07134201099063067,0.050112288620076106,0.25801111246310626,0.09524612949412883,0.0359627624691069,0.15857579561213136,0.10745763775146246,0.04373370525668606,0.05466898082364287,0.09169765680846975,0.04497107941978578,0.07808363252689124,0.0366967470531317,0.05675772612341837,0.05846137126916699,0.07721568909285127,0.06542677038480273,0.08277000956899339,0.2886566808972887,0.040562473628585366,0.05754737250329052,0.09403992626106451,0.08923681126522544,0.10141536719189105,0.05531474459457675,0.11620777116727585,0.05487519618564713,0.06386359091324977],"ENJBUSD":[0.08685511861470631,0.1929597862427953,0.05416759697603542,0.34776254817268853,0.03098367499523281,0.13125627595587097,0.17964161602865986,0.05028122517334032,0.8593150473826905,0.04373370525668606,0.9733296964725995,0.11550139373265737,0.09771258648820412,0.11795493917110332,0.35403402506931264,0.11604779480967747,0.01471599612871138,0.2355411599494568,0.15582439280822283,0.31222175534390395,0.26850736192338587,0.30641555998191394,0.21229816875886032,0.25081704353460144,0.2511505778666938,0.01066929701244408,0.11410050322037216,-0.021637943572243776,0.14060742875932397,0.16995699679556303,0.13098351883685003],"EOSBUSD":[0.07314338971492614,0.06411791247625899,0.05149335638257508,0.06677841265835244,0.048594904298216286,0.08399225165482926,0.04092684096690376,0.02514889125612735,0.14431454137148345,0.05466898082364287,0.11550139373265737,0.05655332864998071,0.08177498976981148,0.06112128605371206,0.06682035907875751,0.06467294295674299,0.042254386296270055,0.060954407522546175,0.06861310804887388,0.07264772189529152,0.08672760202488336,0.08700552461150998,0.06021302720687249,0.06492744329713279,0.10423187329336678,0.06515545170784881,0.08298226830113822,0.03388043646807321,0.12053448309989959,0.06343149612126495,0.066658408864438],