{"ADAUSDT":[0.003406802533237603,0.001921914177729612,0.0014802171289698674,0.0023712141032762725,0.00203109788786719,0.0022638432020468877,0.0024988637339601713,0.0023777463402188527,0.002179960474695774,0.0023037833055683686,0.00220583416945074,0.0025171880394397692,0.0026122492984593927,0.0021968121553815794,-0.00003937155695585318,0.0025584308295160665,0.002626407766343,0.0020687607898636213],"BNBUSDT":[0.001921914177729612,0.0033753463682441465,0.0013519706401111662,0.0019587129558637176,0.0016656518420750746,0.0018232712711507343,0.0021059493462076105,0.00193709327507257,0.001834507186877776,0.001999120926257052,0.0018686785593966142,0.002066457332677132,0.0020250198889461358,0.0018287370686275147,-0.000023105771110138023,0.0019842221064846257,0.0017756666178171281,0.0016706795706878815],"BTCUSDT":[0.0014802171289698674,0.0013519706401111662,0.0014695508858839441,0.0015637346437608712,0.0013503817704103673,0.0015563611277835151,0.001393421773544308,0.0014863740486389966,0.0015746852677510988,0.0015204672151173976,0.0013390888102595114,0.0015552992128788888,0.0015104836434839167,0.0013956439285415549,-0.000025051769112698016,0.0014856351890375765,0.0014092553364447422,0.0012731280101043261],"EOSUSDT":[0.0023712141032762725,0.0019587129558637176,0.0015637346437608712,0.003159438484090147,0.002290743031174374,0.0022576441474061676,0.0023001697953661817,0.002431979837030385,0.002407850105032769,0.002433125320989251,0.002190461542033141,0.002747460899562233,0.0024948177631970033,0.0023520959528091903,-0.00003233014440562663,0.002439115715084773,0.0024367552785217747,0.0023838725190326],"ETCUSDT":[0.00203109788786719,0.0016656518420750746,0.0013503817704103673,0.002290743031174374,0.0030827198041856875,0.0019891067025227718,0.0020740164243558197,0.0021957715403923012,0.002094365739008881,0.0022008070991257874,0.0019502374617678825,0.0023256647625722305,0.002323423287357358,0.0020743577311333997,-0.00003046050984849667,0.002227729984355308,0.0020763103657694777,0.0018715137733746434],"ETHUSDT":[0.0022638432020468877,0.0018232712711507343,0.0015563611277835151,0.0022576441474061676,0.0019891067025227718,0.0025462427234362837,0.002139298029248644,0.0021502900313377367,0.0021775902421896746,0.0021858075012664655,0.0019593583057150375,0.002253692880469147,0.002216440765896894,0.0020833479309306817,-0.000036133102365075625,0.0023016699067495883,0.002077329900316761,0.0019393406395542992],"ICXUSDT":[0.0024988637339601713,0.0021059493462076105,0.001393421773544308,0.0023001697953661817,0.0020740164243558197,0.002139298029248644,0.004217480378836852,0.002560591428473303,0.002084247278840376,0.0024755668653139687,0.0025514854010167403,0.00293496763602053,0.0026426795960207534,0.0022588179391936215,-0.000033324739169045174,0.0028414634632412143,0.002288057094036587,0.001962089983272932],"IOTAUSDT":[0.0023777463402188527,0.00193709327507257,0.0014863740486389966,0.002431979837030385,0.0021957715403923012,0.0021502900313377367,0.002560591428473303,0.003253834250379793,0.0021116049480252455,0.0024605769066821707,0.0022843429354351096,0.0027512798276050094,0.002566805567404083,0.002263347587485592,-0.00003675697308540656,0.0026255412645339077,0.002385950138143287,0.002319216917424106],"LTCUSDT":[0.002179960474695774,0.001834507186877776,0.0015746852677510988,0.002407850105032769,0.002094365739008881,0.0021775902421896746,0.002084247278840376,0.0021116049480252455,0.002752595169607665,0.002181657604976722,0.0019471800530146293,0.002305532594008538,0.00222808812984286,0.0020037848639054587,-0.00003379660702995267,0.002262004918084885,0.002068826106785495,0.001999563345296351],"NEOUSDT":[0.0023037833055683686,0.001999120926257052,0.0015204672151173976,0.002433125320989251,0.0022008070991257874,0.0021858075012664655,0.0024755668653139687,0.0024605769066821707,0.002181657604976722,0.003377103839451864,0.002367795752920911,0.0030827503047289036,0.0027737620003087846,0.0023481356404568264,-0.000035853843936601575,0.0027046285673577395,0.002301961175681995,0.002175884294395248],"NULSUSDT":[0.00220583416945074,0.0018686785593966142,0.0013390888102595114,0.002190461542033141,0.0019502374617678825,0.0019593583057150375,0.0025514854010167403,0.0022843429354351096,0.0019471800530146293,0.002367795752920911,0.004489163801881136,0.002758282247861904,0.0025506067194129155,0.002116794933799557,-0.00003288165288031392,0.002562088285878738,0.0021582217329963334,0.0019307038617202464],"ONTUSDT":[0.0025171880394397692,0.002066457332677132,0.0015552992128788888,0.002747460899562233,0.0023256647625722305,0.002253692880469147,0.00293496763602053,0.0027512798276050094,0.002305532594008538,0.0030827503047289036,0.002758282247861904,0.00429353995087707,0.0029238555345229163,0.002486429623796487,-0.00003407814806350971,0.0032050754419853467,0.002454899899125814,0.002376620201957778],"QTUMUSDT":[0.0026122492984593927,0.0020250198889461358,0.0015104836434839167,0.0024948177631970033,0.002323423287357358,0.002216440765896894,0.0026426795960207534,0.002566805567404083,0.00222808812984286,0.0027737620003087846,0.0025506067194129155,0.0029238555345229163,0.003876966439282468,0.0023312629457708685,-0.00003311069683519969,0.0027313629892315896,0.002462556320670433,0.0022695662920661015],"TRXUSDT":[0.0021968121553815794,0.0018287370686275147,0.0013956439285415549,0.0023520959528091903,0.0020743577311333997,0.0020833479309306817,0.0022588179391936215,0.002263347587485592,0.0020037848639054587,0.0023481356404568264,0.002116794933799557,0.002486429623796487,0.0023312629457708685,0.00330373169353733,-0.000032717252039904706,0.0022835243796630517,0.0022034593379133614,0.002182854910996898],"TUSDUSDT":[-0.00003937155695585318,-0.000023105771110138023,-0.000025051769112698016,-0.00003233014440562663,-0.00003046050984849667,-0.000036133102365075625,-0.000033324739169045174,-0.00003675697308540656,-0.00003379660702995267,-0.000035853843936601575,-0.00003288165288031392,-0.00003407814806350971,-0.00003311069683519969,-0.000032717252039904706,0.000009429007179269768,-0.00003583287504786154,-0.00003599270125143731,-0.000030609231251069696],"VETUSDT":[0.0025584308295160665,0.0019842221064846257,0.0014856351890375765,0.002439115715084773,0.002227729984355308,0.0023016699067495883,0.0028414634632412143,0.0026255412645339077,0.002262004918084885,0.0027046285673577395,0.002562088285878738,0.0032050754419853467,0.0027313629892315896,0.0022835243796630517,-0.00003583287504786154,0.00475199178740285,0.0024133808708307514,0.0021398606754227468],"XLMUSDT":[0.002626407766343,0.0017756666178171281,0.0014092553364447422,0.0024367552785217747,0.0020763103657694777,0.002077329900316761,0.002288057094036587,0.002385950138143287,0.002068826106785495,0.002301961175681995,0.0021582217329963334,0.002454899899125814,0.002462556320670433,0.0022034593379133614,-0.00003599270125143731,0.0024133808708307514,0.0038708600497689943,0.0026850513763230807],"XRPUSDT":[0.0020687607898636213,0.0016706795706878815,0.0012731280101043261,0.0023838725190326,0.0018715137733746434,0.0019393406395542992,0.001962089983272932,0.002319216917424106,0.001999563345296351,0.002175884294395248,0.0019307038617202464,0.002376620201957778,0.0022695662920661015,0.002182854910996898,-0.000030609231251069696,0.0021398606754227468,0.0026850513763230807,0.004027129213532449]}