{"ADAUSDT":[0.0034101778969465434,0.0019237918420377928,0.0014817838244621222,0.00237340554723196,0.0020322170263819346,0.002265904787300427,0.002501508971021288,0.0023802056847762984,0.0021821206998886016,0.002305302861477341,0.002207779319608028,0.002519673223274073,0.0026144978139600113,0.00219902176242759,-0.00003941153453906529,0.0025604727682039165,0.0026287319373661665,0.0020707271136125374],"BNBUSDT":[0.0019237918420377928,0.0033786639148530367,0.0013534365815666331,0.0019604322956635716,0.0016661081543853486,0.0018248253805746245,0.002108248028732247,0.001939137268471196,0.0018363144906172824,0.002000079920021235,0.001870200786087306,0.0020684801156057937,0.002026561537218997,0.0018305816754189787,-0.000023129650754812848,0.0019855205882613938,0.0017770401258002048,0.0016722134534774488],"BTCUSDT":[0.0014817838244621222,0.0013534365815666331,0.0014708146012609926,0.0015657441915594723,0.0013539627280417476,0.0015584178802039938,0.001394465686984102,0.0014876686979373528,0.0015763149857926154,0.0015239075564045612,0.0013410704321869923,0.001556940272635753,0.0015128891620706415,0.0013970151262026832,-0.000025075463986194205,0.0014883882799026622,0.0014114095688870555,0.0012746573068075288],"EOSUSDT":[0.00237340554723196,0.0019604322956635716,0.0015657441915594723,0.003161649083538574,0.0022882589479046246,0.0022588350756979395,0.002303224236089672,0.0024348282965517124,0.0024101458106815174,0.0024314499462692886,0.0021912801513539553,0.0027500306662479454,0.0024954003018746286,0.002354505784170605,-0.0000323654684125931,0.0024388443630612186,0.0024376010461273578,0.0023857125516907893],"ETCUSDT":[0.0020322170263819346,0.0016661081543853486,0.0013539627280417476,0.0022882589479046246,0.0030618341497907126,0.001985733707893792,0.0020798658749349125,0.0022000471782481082,0.002095887368635302,0.0021823815418055828,0.0019452947301388825,0.0023270872899181965,0.002316140738449259,0.0020767120654997997,-0.00003050586157923153,0.0022163466363422425,0.0020703929801402688,0.0018706462121400446],"ETHUSDT":[0.002265904787300427,0.0018248253805746245,0.0015584178802039938,0.0022588350756979395,0.001985733707893792,0.002547591192251478,0.002142283832865835,0.0021529073935553857,0.0021796413819448164,0.0021833794432415204,0.001959776749143702,0.0022557462133482083,0.0022165093769625326,0.0020854955500093433,-0.00003617259702150985,0.002300927631376426,0.0020776200955847876,0.0019406685795878567],"ICXUSDT":[0.002501508971021288,0.002108248028732247,0.001394465686984102,0.002303224236089672,0.0020798658749349125,0.002142283832865835,0.004221108114965634,0.002562827536368251,0.002086424097101243,0.0024812920620958987,0.0025551247730483976,0.0029380480712704123,0.002646837367346955,0.002261035273818955,-0.00003335575803228436,0.0028464506478050548,0.0022916060598404293,0.001964485491202615],"IOTAUSDT":[0.0023802056847762984,0.001939137268471196,0.0014876686979373528,0.0024348282965517124,0.0022000471782481082,0.0021529073935553857,0.002562827536368251,0.0032569112648403132,0.0021137684889157207,0.0024648278778420436,0.0022872271656339065,0.0027541123404919094,0.002570207718343112,0.0022655891143581637,-0.00003679247883442114,0.0026293493345254755,0.002389031491035171,0.0023217760209560036],"LTCUSDT":[0.0021821206998886016,0.0018363144906172824,0.0015763149857926154,0.0024101458106815174,0.002095887368635302,0.0021796413819448164,0.002086424097101243,0.0021137684889157207,0.0027553367357154514,0.0021833467759889186,0.0019489638428578052,0.002307818721497148,0.002230088042523388,0.0020057973185716466,-0.00003383079382584059,0.002263942741871546,0.0020707052661322733,0.0020014991826111986],"NEOUSDT":[0.002305302861477341,0.002000079920021235,0.0015239075564045612,0.0024314499462692886,0.0021823815418055828,0.0021833794432415204,0.0024812920620958987,0.0024648278778420436,0.0021833467759889186,0.0033627324724446674,0.0023642325151786614,0.0030850569453494173,0.002768270147102166,0.002350725272761243,-0.000035902522026443546,0.002695621012258103,0.002297384701652405,0.0021757036418978155],"NULSUSDT":[0.002207779319608028,0.001870200786087306,0.0013410704321869923,0.0021912801513539553,0.0019452947301388825,0.001959776749143702,0.0025551247730483976,0.0022872271656339065,0.0019489638428578052,0.0023642325151786614,0.004491674270187469,0.0027607828517506,0.0025503962404503193,0.002118993780200753,-0.000032918841845846416,0.002560737337234944,0.0021580822871101074,0.0019318481180607906],"ONTUSDT":[0.002519673223274073,0.0020684801156057937,0.001556940272635753,0.0027500306662479454,0.0023270872899181965,0.0022557462133482083,0.0029380480712704123,0.0027541123404919094,0.002307818721497148,0.0030850569453494173,0.0027607828517506,0.004297803586843761,0.002926419386028291,0.0024889290393640103,-0.00003411282165288347,0.0032077695150847605,0.002457055234848086,0.002378895668292762],"QTUMUSDT":[0.0026144978139600113,0.002026561537218997,0.0015128891620706415,0.0024954003018746286,0.002316140738449259,0.0022165093769625326,0.002646837367346955,0.002570207718343112,0.002230088042523388,0.002768270147102166,0.0025503962404503193,0.002926419386028291,0.0038769960656016103,0.0023337079309365964,-0.00003314979718917867,0.0027286405676561934,0.0024618164565961727,0.002270739496703563],"TRXUSDT":[0.00219902176242759,0.0018305816754189787,0.0013970151262026832,0.002354505784170605,0.0020767120654997997,0.0020854955500093433,0.002261035273818955,0.0022655891143581637,0.0020057973185716466,0.002350725272761243,0.002118993780200753,0.0024889290393640103,0.0023337079309365964,0.0033070355105834057,-0.00003274982976208453,0.0022859680084012235,0.002205757697616925,0.0021850717266557115],"TUSDUSDT":[-0.00003941153453906529,-0.000023129650754812848,-0.000025075463986194205,-0.0000323654684125931,-0.00003050586157923153,-0.00003617259702150985,-0.00003335575803228436,-0.00003679247883442114,-0.00003383079382584059,-0.000035902522026443546,-0.000032918841845846416,-0.00003411282165288347,-0.00003314979718917867,-0.00003274982976208453,0.000009438436412218729,-0.000035877183147969517,-0.00003603368683608344,-0.0000306415703300717],"VETUSDT":[0.0025604727682039165,0.0019855205882613938,0.0014883882799026622,0.0024388443630612186,0.0022163466363422425,0.002300927631376426,0.0028464506478050548,0.0026293493345254755,0.002263942741871546,0.002695621012258103,0.002560737337234944,0.0032077695150847605,0.0027286405676561934,0.0022859680084012235,-0.000035877183147969517,0.004749017586154957,0.0024112558953040754,0.0021404461031324985],"XLMUSDT":[0.0026287319373661665,0.0017770401258002048,0.0014114095688870555,0.0024376010461273578,0.0020703929801402688,0.0020776200955847876,0.0022916060598404293,0.002389031491035171,0.0020707052661322733,0.002297384701652405,0.0021580822871101074,0.002457055234848086,0.0024618164565961727,0.002205757697616925,-0.00003603368683608344,0.0024112558953040754,0.003872067762687425,0.0026868248613646875],"XRPUSDT":[0.0020707271136125374,0.0016722134534774488,0.0012746573068075288,0.0023857125516907893,0.0018706462121400446,0.0019406685795878567,0.001964485491202615,0.0023217760209560036,0.0020014991826111986,0.0021757036418978155,0.0019318481180607906,0.002378895668292762,0.002270739496703563,0.0021850717266557115,-0.0000306415703300717,0.0021404461031324985,0.0026868248613646875,0.004030846967960144]}