{"weights":{"AAVEBNB":0,"ADABNB":0.043932340363081614,"ALGOBNB":0,"ALPHABNB":0.01892730268322275,"ANKRBNB":0,"ANTBNB":0,"ARBNB":0,"ARPABNB":0.01169353146664472,"ATOMBNB":0,"AVABNB":0.009173639472650673,"AVAXBNB":0.00899698822112183,"AXSBNB":0,"BAKEBNB":0,"BANDBNB":0,"BATBNB":0,"BCHBNB":0,"BELBNB":0.007859624096943312,"BIFIBNB":0.04160246333447365,"BLZBNB":0.003541144235150166,"BTTBNB":0,"BURGERBNB":0,"CAKEBNB":0.34543171639358994,"CELRBNB":0,"CHRBNB":0,"CHZBNB":0,"COCOSBNB":0,"COSBNB":0.005038447492849692,"COTIBNB":0,"CREAMBNB":0.03169376128779719,"CRVBNB":0,"CTKBNB":0,"CTSIBNB":0.0065562927338283445,"DASHBNB":0,"DGBBNB":0,"DIABNB":0,"DOTBNB":0,"EGLDBNB":0,"ENJBNB":0,"EOSBNB":0,"ETCBNB":0,"FETBNB":0,"FILBNB":0,"FIOBNB":0,"FTMBNB":0,"FTTBNB":0.13384113936125897,"HARDBNB":0.0020645153704635984,"HBARBNB":0,"HOTBNB":0,"ICPBNB":0.0051968452325013475,"ICXBNB":0,"INJBNB":0.009536916441113,"IOSTBNB":0,"IOTABNB":0,"IQBNB":0,"JSTBNB":0,"KAVABNB":0.04029596415223924,"KP3RBNB":0,"KSMBNB":0,"LPTBNB":0,"LTCBNB":0.0035040670301473365,"LUNABNB":0,"MASKBNB":0.020981757260131836,"MATICBNB":0,"MBLBNB":0,"MDXBNB":0.00174804869241228,"MFTBNB":0,"MITHBNB":0,"MKRBNB":0,"NEARBNB":0,"NEOBNB":0,"NMRBNB":0.004484189695633373,"OCEANBNB":0.008644485285076168,"OGNBNB":0,"ONEBNB":0,"ONTBNB":0,"PAXGBNB":0,"PERLBNB":0.0026295670932200334,"POLSBNB":0.015728093948910792,"PROMBNB":0.0026778571008478644,"RSRBNB":0,"RUNEBNB":0,"RVNBNB":0,"SANDBNB":0,"SCBNB":0,"SNXBNB":0,"SOLBNB":0,"SPARTABNB":0.028902475724615986,"SRMBNB":0,"STMXBNB":0,"STXBNB":0,"SUSHIBNB":0,"SWRVBNB":0,"SXPBNB":0,"THETABNB":0,"TROYBNB":0,"TRXBNB":0.06570638019598524,"UNFIBNB":0.0004300943035348149,"UNIBNB":0,"VETBNB":0,"VTHOBNB":0,"WABIBNB":0.004939764307952497,"WANBNB":0.04333152342601686,"WAVESBNB":0,"WINBNB":0.028555138361636413,"WINGBNB":0.00022553185913941286,"WNXMBNB":0.01167593354816856,"WRXBNB":0,"WTCBNB":0,"XLMBNB":0,"XMRBNB":0,"XRPBNB":0,"XTZBNB":0,"XVSBNB":0.030452459827640607,"YFIBNB":0,"YFIIBNB":0,"ZECBNB":0,"ZENBNB":0,"ZILBNB":0},"numerosità_campione":316,"expected_return":-0.00012068573053032993,"standard_deviation":0.0033107345248793415,"sharpe_ratio":-0.036452856495562194}