{"weights":{"AAVEBNB":0,"ADABNB":0.013218409688740357,"ALGOBNB":0.018349712620967195,"ALPHABNB":0,"ANKRBNB":0,"ANTBNB":0,"ARBNB":0,"ARPABNB":0.02235602839345366,"ATOMBNB":0,"AVABNB":0,"AVAXBNB":0,"AXSBNB":0,"BAKEBNB":0.02154224497688328,"BANDBNB":0,"BATBNB":0,"BCHBNB":0,"BELBNB":0.0073989233874839026,"BIFIBNB":0.04674669874289188,"BLZBNB":0,"BTTBNB":0,"BURGERBNB":0.008530915310854108,"CAKEBNB":0.2353267806163769,"CELRBNB":0,"CHRBNB":0,"CHZBNB":0,"COCOSBNB":0,"COSBNB":0.043483006641066795,"COTIBNB":0,"CREAMBNB":0.039686682667303866,"CRVBNB":0.010511007495681297,"CTKBNB":0.005362017015836825,"CTSIBNB":0,"DASHBNB":0,"DGBBNB":0,"DIABNB":0,"DOTBNB":0,"EGLDBNB":0,"ENJBNB":0,"EOSBNB":0.0248687090446838,"ETCBNB":0,"FETBNB":0,"FILBNB":0,"FIOBNB":0.00514612438825808,"FTMBNB":0,"FTTBNB":0.09546640881939186,"HARDBNB":0.0073500566269009155,"HBARBNB":0,"HOTBNB":0,"ICPBNB":0.00107577888925798,"ICXBNB":0,"INJBNB":0.009432423266004512,"IOSTBNB":0.0065220177115473555,"IOTABNB":0,"IQBNB":0,"JSTBNB":0,"KAVABNB":0.022020529219842534,"KP3RBNB":0.013947931400377759,"KSMBNB":0.012945021033836308,"LTCBNB":0,"LUNABNB":0,"MATICBNB":0,"MBLBNB":0,"MFTBNB":0.019566063419965488,"MITHBNB":0,"MKRBNB":0,"NEARBNB":0,"NEOBNB":0,"NMRBNB":0,"OCEANBNB":0,"OGNBNB":0,"ONEBNB":0,"ONTBNB":0,"PAXGBNB":0.0752777930076418,"PERLBNB":0,"POLSBNB":0.00281431042657071,"PROMBNB":0.0024056841623181953,"RSRBNB":0,"RUNEBNB":0.00635053405791924,"RVNBNB":0,"SANDBNB":0,"SCBNB":0,"SNXBNB":0,"SOLBNB":0,"SPARTABNB":0.05423928171504258,"SRMBNB":0,"STMXBNB":0,"STXBNB":0.013405296677248942,"SUSHIBNB":0,"SWRVBNB":0.016787511913099726,"SXPBNB":0,"THETABNB":0,"TROYBNB":0,"TRXBNB":0,"UNFIBNB":0.008115237668957885,"UNIBNB":0,"VETBNB":0.006226624414230544,"VTHOBNB":0,"WABIBNB":0.030809741149913722,"WANBNB":0,"WAVESBNB":0,"WINBNB":0.040915653564607524,"WINGBNB":0,"WNXMBNB":0,"WRXBNB":0.006203452290567647,"WTCBNB":0,"XLMBNB":0,"XMRBNB":0,"XRPBNB":0.016121189451348,"XTZBNB":0.010322853453143944,"XVSBNB":0,"YFIBNB":0.01084265363489444,"YFIIBNB":0,"ZECBNB":0,"ZENBNB":0.008308691034888073,"ZILBNB":0},"numerosità_campione":528,"expected_return":0.0000333734125715897,"standard_deviation":0.005143110790237007,"sharpe_ratio":0.0064889546293541486}