{"weights":{"AAVEBNB":0,"ADABNB":0.04764603369945523,"ALGOBNB":0,"ALPHABNB":0.017858619373090488,"ANKRBNB":0,"ANTBNB":0,"ARBNB":0,"ARPABNB":0.013390127703517189,"ATOMBNB":0,"AVABNB":0.009260363758778192,"AVAXBNB":0.006944193667001631,"AXSBNB":0,"BAKEBNB":0,"BANDBNB":0,"BATBNB":0,"BCHBNB":0,"BELBNB":0.0074724555259397035,"BIFIBNB":0.04323339217719152,"BLZBNB":0.0037994363165722474,"BTTBNB":0,"BURGERBNB":0,"CAKEBNB":0.34841066157390643,"CELRBNB":0,"CHRBNB":0,"CHZBNB":0,"COCOSBNB":0,"COSBNB":0.0063174314718258615,"COTIBNB":0,"CREAMBNB":0.03270548606918425,"CRVBNB":0,"CTKBNB":0,"CTSIBNB":0.0055734524336845444,"DASHBNB":0,"DGBBNB":0,"DIABNB":0,"DOTBNB":0,"EGLDBNB":0,"ENJBNB":0,"EOSBNB":0,"ETCBNB":0,"FETBNB":0,"FILBNB":0,"FIOBNB":0,"FTMBNB":0,"FTTBNB":0.13516029868673313,"HARDBNB":0.0028909306314550383,"HBARBNB":0,"HOTBNB":0,"ICPBNB":0.002940641855395382,"ICXBNB":0,"INJBNB":0.008277768081665884,"IOSTBNB":0,"IOTABNB":0,"IQBNB":0,"JSTBNB":0,"KAVABNB":0.04078102888650037,"KP3RBNB":0,"KSMBNB":0,"LPTBNB":0,"LTCBNB":0,"LUNABNB":0,"MASKBNB":0.01946400332335623,"MATICBNB":0,"MBLBNB":0,"MDXBNB":0.0022814328735479253,"MFTBNB":0,"MITHBNB":0,"MKRBNB":0,"NEARBNB":0,"NEOBNB":0,"NMRBNB":0.00463335535020788,"OCEANBNB":0.008776296561881737,"OGNBNB":0,"ONEBNB":0,"ONTBNB":0,"PAXGBNB":0,"PERLBNB":0.0028918470603943236,"POLSBNB":0.014751392788537536,"PROMBNB":0.0028896819522216013,"RSRBNB":0,"RUNEBNB":0,"RVNBNB":0,"SANDBNB":0,"SCBNB":0,"SNXBNB":0,"SOLBNB":0,"SPARTABNB":0.02831493105619945,"SRMBNB":0,"STMXBNB":0,"STXBNB":0,"SUSHIBNB":0,"SWRVBNB":0,"SXPBNB":0,"THETABNB":0,"TROYBNB":0,"TRXBNB":0.06708016545789527,"UNFIBNB":0.00013021655115679658,"UNIBNB":0,"VETBNB":0,"VTHOBNB":0,"WABIBNB":0.006460722830846836,"WANBNB":0.041796729281245774,"WAVESBNB":0,"WINBNB":0.02707736826573801,"WINGBNB":0.00024178929470730493,"WNXMBNB":0.011551502507251534,"WRXBNB":0,"WTCBNB":0.00010131376010886203,"XLMBNB":0,"XMRBNB":0,"XRPBNB":0,"XTZBNB":0,"XVSBNB":0.028894929172805894,"YFIBNB":0,"YFIIBNB":0,"ZECBNB":0,"ZENBNB":0,"ZILBNB":0},"numerosità_campione":316,"expected_return":-0.00010072060854706467,"standard_deviation":0.0033115835782042006,"sharpe_ratio":-0.030414635828603563}