{"weights":{"AAVEBNB":0,"ADABNB":0.04412728248384111,"ALGOBNB":0.0166019985456238,"ALPHABNB":0,"ANKRBNB":0,"ANTBNB":0,"ARBNB":0.00474398888601368,"ARPABNB":0.011881107689382109,"ATOMBNB":0,"AVABNB":0,"AVAXBNB":0,"AXSBNB":0,"BAKEBNB":0.01235513166814408,"BANDBNB":0,"BATBNB":0,"BCHBNB":0,"BELBNB":0.007266041544620404,"BIFIBNB":0.06031174816743744,"BLZBNB":0,"BTTBNB":0,"BURGERBNB":0.011482144346329085,"CAKEBNB":0.24909404077277159,"CELRBNB":0,"CHRBNB":0,"CHZBNB":0,"COCOSBNB":0,"COSBNB":0.058177559118565966,"COTIBNB":0,"CREAMBNB":0.06540991644471492,"CRVBNB":0.02054569184637798,"CTKBNB":0,"CTSIBNB":0,"DASHBNB":0,"DGBBNB":0,"DIABNB":0,"DOTBNB":0,"EGLDBNB":0,"ENJBNB":0,"EOSBNB":0.002097101010379698,"ETCBNB":0,"FETBNB":0,"FILBNB":0,"FIOBNB":0.010022498008594252,"FTMBNB":0,"FTTBNB":0.013449992250807678,"HARDBNB":0.013942446893971209,"HBARBNB":0,"HOTBNB":0,"ICPBNB":0,"ICXBNB":0,"INJBNB":0,"IOSTBNB":0,"IOTABNB":0,"IQBNB":0,"JSTBNB":0,"KAVABNB":0.034280215122486246,"KP3RBNB":0.011857663240815311,"KSMBNB":0.02807067590770593,"LTCBNB":0,"LUNABNB":0,"MATICBNB":0,"MBLBNB":0,"MFTBNB":0.02955850057559653,"MITHBNB":0.005264886361538622,"MKRBNB":0,"NEARBNB":0,"NEOBNB":0,"NMRBNB":0,"OCEANBNB":0,"OGNBNB":0,"ONEBNB":0,"ONTBNB":0,"PAXGBNB":0.09558230443014883,"PERLBNB":0,"POLSBNB":0,"PROMBNB":0.004735882526057513,"RSRBNB":0,"RUNEBNB":0.004006077207680186,"RVNBNB":0,"SANDBNB":0,"SCBNB":0,"SNXBNB":0,"SOLBNB":0,"SPARTABNB":0.04809837964508795,"SRMBNB":0,"STMXBNB":0,"STXBNB":0.015741622063117355,"SUSHIBNB":0,"SWRVBNB":0.016361873777967086,"SXPBNB":0,"THETABNB":0,"TROYBNB":0,"TRXBNB":0,"UNFIBNB":0.0036961029581705374,"UNIBNB":0.007133212619071842,"VETBNB":0.011555284209524232,"VTHOBNB":0,"WABIBNB":0.04183729171260724,"WANBNB":0,"WAVESBNB":0,"WINBNB":0.004035998536636249,"WINGBNB":0,"WNXMBNB":0,"WRXBNB":0.016298260758251384,"WTCBNB":0,"XLMBNB":0,"XMRBNB":0,"XRPBNB":0,"XTZBNB":0.0017565179313523448,"XVSBNB":0,"YFIBNB":0,"YFIIBNB":0,"ZECBNB":0,"ZENBNB":0.018620560738609748,"ZILBNB":0},"numerosità_campione":528,"expected_return":0.0002111926864390007,"standard_deviation":0.005563561924167185,"sharpe_ratio":0.037959977675743106}