{"weights":{"AAVEBNB":0,"ADABNB":0.04227551882139786,"ALGOBNB":0.016973003051864992,"ALPHABNB":0,"ANKRBNB":0,"ANTBNB":0,"ARBNB":0.004368222118637476,"ARPABNB":0.01269407892294475,"ATOMBNB":0,"AVABNB":0,"AVAXBNB":0,"AXSBNB":0,"BAKEBNB":0.013325817154223606,"BANDBNB":0,"BATBNB":0,"BCHBNB":0,"BELBNB":0.007384413974078975,"BIFIBNB":0.05934026135478131,"BLZBNB":0,"BTTBNB":0,"BURGERBNB":0.011402232318703333,"CAKEBNB":0.2481750146148256,"CELRBNB":0,"CHRBNB":0,"CHZBNB":0,"COCOSBNB":0,"COSBNB":0.05731238362280536,"COTIBNB":0,"CREAMBNB":0.06360511961205388,"CRVBNB":0.019917799610275445,"CTKBNB":0,"CTSIBNB":0,"DASHBNB":0,"DGBBNB":0,"DIABNB":0,"DOTBNB":0,"EGLDBNB":0,"ENJBNB":0,"EOSBNB":0.003995010316625481,"ETCBNB":0,"FETBNB":0,"FILBNB":0,"FIOBNB":0.009670958842813248,"FTMBNB":0,"FTTBNB":0.020276951562775203,"HARDBNB":0.013495548980711668,"HBARBNB":0,"HOTBNB":0,"ICPBNB":0,"ICXBNB":0,"INJBNB":0,"IOSTBNB":0,"IOTABNB":0,"IQBNB":0,"JSTBNB":0,"KAVABNB":0.03347657666733246,"KP3RBNB":0.01211968459710884,"KSMBNB":0.02713979634960436,"LTCBNB":0,"LUNABNB":0,"MATICBNB":0,"MBLBNB":0,"MFTBNB":0.02898012585766265,"MITHBNB":0.0045267632900164384,"MKRBNB":0,"NEARBNB":0,"NEOBNB":0,"NMRBNB":0,"OCEANBNB":0,"OGNBNB":0,"ONEBNB":0,"ONTBNB":0,"PAXGBNB":0.09403923039002421,"PERLBNB":0,"POLSBNB":0,"PROMBNB":0.004591184806152858,"RSRBNB":0,"RUNEBNB":0.004327196698116706,"RVNBNB":0,"SANDBNB":0,"SCBNB":0,"SNXBNB":0,"SOLBNB":0,"SPARTABNB":0.04851340269575557,"SRMBNB":0,"STMXBNB":0,"STXBNB":0.015588756179905341,"SUSHIBNB":0,"SWRVBNB":0.01633920169710837,"SXPBNB":0,"THETABNB":0,"TROYBNB":0,"TRXBNB":0,"UNFIBNB":0.004117266563177597,"UNIBNB":0.0060817829669686085,"VETBNB":0.011344783254106532,"VTHOBNB":0,"WABIBNB":0.041240961375658525,"WANBNB":0,"WAVESBNB":0,"WINBNB":0.006926640263338456,"WINGBNB":0,"WNXMBNB":0,"WRXBNB":0.015698337096925107,"WTCBNB":0,"XLMBNB":0,"XMRBNB":0,"XRPBNB":0,"XTZBNB":0.002776511295730522,"XVSBNB":0,"YFIBNB":0,"YFIIBNB":0,"ZECBNB":0,"ZENBNB":0.017959463075788704,"ZILBNB":0},"numerosità_campione":528,"expected_return":0.00019933806818117338,"standard_deviation":0.005529546369560707,"sharpe_ratio":0.03604962412079559}