{"weights":{"AAVEBNB":0,"ADABNB":0,"ALGOBNB":0.012146798028172867,"ALPHABNB":0,"ANKRBNB":0,"ANTBNB":0,"ARBNB":0,"ARPABNB":0.02424766546338592,"ATOMBNB":0,"AVABNB":0,"AVAXBNB":0,"AXSBNB":0,"BAKEBNB":0.024653866631842814,"BANDBNB":0,"BATBNB":0,"BCHBNB":0,"BELBNB":0.005272609711743955,"BIFIBNB":0.032830836678551564,"BLZBNB":0.0033575065642401313,"BTTBNB":0,"BURGERBNB":0.0038471692152041072,"CAKEBNB":0.2186445347095609,"CELRBNB":0,"CHRBNB":0,"CHZBNB":0,"COCOSBNB":0,"COSBNB":0.023604327297948896,"COTIBNB":0,"CREAMBNB":0.014990461568501385,"CRVBNB":0,"CTKBNB":0.014633606490118984,"CTSIBNB":0,"DASHBNB":0,"DGBBNB":0,"DIABNB":0,"DOTBNB":0,"EGLDBNB":0,"ENJBNB":0,"EOSBNB":0.030616195861335724,"ETCBNB":0,"FETBNB":0,"FILBNB":0,"FIOBNB":0.0007487819676919701,"FTMBNB":0,"FTTBNB":0.14782519351797208,"HARDBNB":0.0016241170524407265,"HBARBNB":0,"HOTBNB":0,"ICPBNB":0.005914374201469515,"ICXBNB":0,"INJBNB":0.019293996759089417,"IOSTBNB":0.0050047315908622,"IOTABNB":0,"IQBNB":0,"JSTBNB":0,"KAVABNB":0.009475154643826807,"KP3RBNB":0.013682066392686789,"KSMBNB":0,"LTCBNB":0.020083768469394657,"LUNABNB":0,"MATICBNB":0,"MBLBNB":0,"MFTBNB":0.007990497051042399,"MITHBNB":0,"MKRBNB":0,"NEARBNB":0,"NEOBNB":0,"NMRBNB":0,"OCEANBNB":0,"OGNBNB":0,"ONEBNB":0,"ONTBNB":0,"PAXGBNB":0.056086769831757255,"PERLBNB":0,"POLSBNB":0.011116314175620314,"PROMBNB":0,"RSRBNB":0,"RUNEBNB":0.006375385549720555,"RVNBNB":0,"SANDBNB":0,"SCBNB":0,"SNXBNB":0,"SOLBNB":0,"SPARTABNB":0.058812310253295766,"SRMBNB":0,"STMXBNB":0,"STXBNB":0.010020484476841177,"SUSHIBNB":0,"SWRVBNB":0.01796265037906884,"SXPBNB":0,"THETABNB":0,"TROYBNB":0,"TRXBNB":0.0096060960258397,"UNFIBNB":0.00996283549128683,"UNIBNB":0,"VETBNB":0,"VTHOBNB":0,"WABIBNB":0.01602047857150146,"WANBNB":0,"WAVESBNB":0,"WINBNB":0.06597466991538202,"WINGBNB":0,"WNXMBNB":0,"WRXBNB":0,"WTCBNB":0,"XLMBNB":0,"XMRBNB":0,"XRPBNB":0.053866948922285135,"XTZBNB":0.010729796781930838,"XVSBNB":0.010668352872763163,"YFIBNB":0.022308646885622903,"YFIIBNB":0,"ZECBNB":0,"ZENBNB":0,"ZILBNB":0},"numerosità_campione":528,"expected_return":-0.0001444458612958213,"standard_deviation":0.004911638369475898,"sharpe_ratio":-0.02940889585713424}