{"weights":{"AAVEBNB":0,"ADABNB":0.040423755158954605,"ALGOBNB":0.017344007558106188,"ALPHABNB":0,"ANKRBNB":0,"ANTBNB":0,"ARBNB":0.003992455351261271,"ARPABNB":0.013507050156507395,"ATOMBNB":0,"AVABNB":0,"AVAXBNB":0,"AXSBNB":0,"BAKEBNB":0.014296502640303138,"BANDBNB":0,"BATBNB":0,"BCHBNB":0,"BELBNB":0.007502786403537546,"BIFIBNB":0.05836877454212517,"BLZBNB":0,"BTTBNB":0,"BURGERBNB":0.011322320291077582,"CAKEBNB":0.24725598845687963,"CELRBNB":0,"CHRBNB":0,"CHZBNB":0,"COCOSBNB":0,"COSBNB":0.05644720812704474,"COTIBNB":0,"CREAMBNB":0.06180032277939285,"CRVBNB":0.01928990737417291,"CTKBNB":0,"CTSIBNB":0,"DASHBNB":0,"DGBBNB":0,"DIABNB":0,"DOTBNB":0,"EGLDBNB":0,"ENJBNB":0,"EOSBNB":0.005892919622871274,"ETCBNB":0,"FETBNB":0,"FILBNB":0,"FIOBNB":0.009319419677032242,"FTMBNB":0,"FTTBNB":0.02710391087474276,"HARDBNB":0.013048651067452123,"HBARBNB":0,"HOTBNB":0,"ICPBNB":0,"ICXBNB":0,"INJBNB":0,"IOSTBNB":0,"IOTABNB":0,"IQBNB":0,"JSTBNB":0,"KAVABNB":0.032672938212178676,"KP3RBNB":0.012381705953402372,"KSMBNB":0.026208916791502786,"LTCBNB":0,"LUNABNB":0,"MATICBNB":0,"MBLBNB":0,"MFTBNB":0.028401751139728766,"MITHBNB":0.003788640218494252,"MKRBNB":0,"NEARBNB":0,"NEOBNB":0,"NMRBNB":0,"OCEANBNB":0,"OGNBNB":0,"ONEBNB":0,"ONTBNB":0,"PAXGBNB":0.09249615634989958,"PERLBNB":0,"POLSBNB":0,"PROMBNB":0.004446487086248202,"RSRBNB":0,"RUNEBNB":0.004648316188553227,"RVNBNB":0,"SANDBNB":0,"SCBNB":0,"SNXBNB":0,"SOLBNB":0,"SPARTABNB":0.04892842574642319,"SRMBNB":0,"STMXBNB":0,"STXBNB":0.015435890296693325,"SUSHIBNB":0,"SWRVBNB":0.01631652961624965,"SXPBNB":0,"THETABNB":0,"TROYBNB":0,"TRXBNB":0,"UNFIBNB":0.0045384301681846585,"UNIBNB":0.005030353314865371,"VETBNB":0.011134282298688828,"VTHOBNB":0,"WABIBNB":0.0406446310387098,"WANBNB":0,"WAVESBNB":0,"WINBNB":0.009817281990040675,"WINGBNB":0,"WNXMBNB":0,"WRXBNB":0.015098413435598824,"WTCBNB":0,"XLMBNB":0,"XMRBNB":0,"XRPBNB":0,"XTZBNB":0.003796504660108703,"XVSBNB":0,"YFIBNB":0,"YFIIBNB":0,"ZECBNB":0,"ZENBNB":0.01729836541296765,"ZILBNB":0},"numerosità_campione":528,"expected_return":0.00018748344992334587,"standard_deviation":0.005496368638556025,"sharpe_ratio":0.03411042130765823}