{"weights":{"AAVEBNB":0,"ADABNB":0.02496387397844565,"ALGOBNB":0.019003085789836886,"ALPHABNB":0,"ANKRBNB":0,"ANTBNB":0,"ARBNB":0.0008451815091355625,"ARPABNB":0.01955442691225797,"ATOMBNB":0,"AVABNB":0,"AVAXBNB":0,"AXSBNB":0,"BAKEBNB":0.019874877543264072,"BANDBNB":0,"BATBNB":0,"BCHBNB":0,"BELBNB":0.007788863597533498,"BIFIBNB":0.05107100080957192,"BLZBNB":0,"BTTBNB":0,"BURGERBNB":0.010207039230405876,"CAKEBNB":0.23984246872668258,"CELRBNB":0,"CHRBNB":0,"CHZBNB":0,"COCOSBNB":0,"COSBNB":0.048872122575512364,"COTIBNB":0,"CREAMBNB":0.04743938709852106,"CRVBNB":0.01392571388771947,"CTKBNB":0.0032077250951472016,"CTSIBNB":0,"DASHBNB":0,"DGBBNB":0,"DIABNB":0,"DOTBNB":0,"EGLDBNB":0,"ENJBNB":0,"EOSBNB":0.020137488270950944,"ETCBNB":0,"FETBNB":0,"FILBNB":0,"FIOBNB":0.006548539442479909,"FTMBNB":0,"FTTBNB":0.07550980922015228,"HARDBNB":0.009192273655209589,"HBARBNB":0,"HOTBNB":0,"ICPBNB":0,"ICXBNB":0,"INJBNB":0.004953344783653258,"IOSTBNB":0.004926734362136679,"IOTABNB":0,"IQBNB":0,"JSTBNB":0,"KAVABNB":0.025778169593257495,"KP3RBNB":0.014000009149234058,"KSMBNB":0.0179862040980564,"LTCBNB":0,"LUNABNB":0,"MATICBNB":0,"MBLBNB":0,"MFTBNB":0.02307176173425508,"MITHBNB":0,"MKRBNB":0,"NEARBNB":0,"NEOBNB":0,"NMRBNB":0,"OCEANBNB":0,"OGNBNB":0,"ONEBNB":0,"ONTBNB":0,"PAXGBNB":0.0815697355506633,"PERLBNB":0,"POLSBNB":0,"PROMBNB":0.003239119403262159,"RSRBNB":0,"RUNEBNB":0.006166548538459784,"RVNBNB":0,"SANDBNB":0,"SCBNB":0,"SNXBNB":0,"SOLBNB":0,"SPARTABNB":0.05237965363295933,"SRMBNB":0,"STMXBNB":0,"STXBNB":0.014154877202587433,"SUSHIBNB":0,"SWRVBNB":0.0164143310071092,"SXPBNB":0,"THETABNB":0,"TROYBNB":0,"TRXBNB":0,"UNFIBNB":0.007333437250440193,"UNIBNB":0,"VETBNB":0.008587444774420696,"VTHOBNB":0,"WABIBNB":0.03480354808843353,"WANBNB":0,"WAVESBNB":0,"WINBNB":0.0308856565519221,"WINGBNB":0,"WNXMBNB":0,"WRXBNB":0.009940185996391043,"WTCBNB":0,"XLMBNB":0,"XMRBNB":0,"XRPBNB":0.0006433178047028868,"XTZBNB":0.008757594707265132,"XVSBNB":0,"YFIBNB":0.004992904119097464,"YFIIBNB":0,"ZECBNB":0,"ZENBNB":0.011431544308866035,"ZILBNB":0},"numerosità_campione":528,"expected_return":0.00009264650386072676,"standard_deviation":0.005262210007610879,"sharpe_ratio":0.01760600654985825}