{"weights":{"AAVEBNB":0,"ADABNB":0.018019267772260265,"ALGOBNB":0.01868365290475259,"ALPHABNB":0,"ANKRBNB":0,"ANTBNB":0,"ARBNB":0,"ARPABNB":0.02142948575229502,"ATOMBNB":0,"AVABNB":0,"AVAXBNB":0,"AXSBNB":0,"BAKEBNB":0.02092829087826141,"BANDBNB":0,"BATBNB":0,"BCHBNB":0,"BELBNB":0.0075471983086622925,"BIFIBNB":0.04848654738767031,"BLZBNB":0,"BTTBNB":0,"BURGERBNB":0.009215380378634308,"CAKEBNB":0.23705794930333726,"CELRBNB":0,"CHRBNB":0,"CHZBNB":0,"COCOSBNB":0,"COSBNB":0.045668474543549435,"COTIBNB":0,"CREAMBNB":0.04275242541279748,"CRVBNB":0.011876927765514165,"CTKBNB":0.004548518186968055,"CTSIBNB":0,"DASHBNB":0,"DGBBNB":0,"DIABNB":0,"DOTBNB":0,"EGLDBNB":0,"ENJBNB":0,"EOSBNB":0.022952133550776424,"ETCBNB":0,"FETBNB":0,"FILBNB":0,"FIOBNB":0.005678005310389241,"FTMBNB":0,"FTTBNB":0.08778002810966852,"HARDBNB":0.00807765610733305,"HBARBNB":0,"HOTBNB":0,"ICPBNB":0.00017749191466914587,"ICXBNB":0,"INJBNB":0.007770901627664397,"IOSTBNB":0.006003184816359496,"IOTABNB":0,"IQBNB":0,"JSTBNB":0,"KAVABNB":0.023512969402774538,"KP3RBNB":0.014026789910642554,"KSMBNB":0.014921957417883679,"LTCBNB":0,"LUNABNB":0,"MATICBNB":0,"MBLBNB":0,"MFTBNB":0.02095624665117048,"MITHBNB":0,"MKRBNB":0,"NEARBNB":0,"NEOBNB":0,"NMRBNB":0,"OCEANBNB":0,"OGNBNB":0,"ONEBNB":0,"ONTBNB":0,"PAXGBNB":0.07784625924564549,"PERLBNB":0,"POLSBNB":0.0016587367861040099,"PROMBNB":0.0027629523741111847,"RSRBNB":0,"RUNEBNB":0.006196304473655747,"RVNBNB":0,"SANDBNB":0,"SCBNB":0,"SNXBNB":0,"SOLBNB":0,"SPARTABNB":0.05355581848605153,"SRMBNB":0,"STMXBNB":0,"STXBNB":0.013653535184910049,"SUSHIBNB":0,"SWRVBNB":0.016645238372618304,"SXPBNB":0,"THETABNB":0,"TROYBNB":0,"TRXBNB":0,"UNFIBNB":0.007888328172481907,"UNIBNB":0,"VETBNB":0.007268308593542393,"VTHOBNB":0,"WABIBNB":0.03242384849714293,"WANBNB":0,"WAVESBNB":0,"WINBNB":0.03691694713330463,"WINGBNB":0,"WNXMBNB":0,"WRXBNB":0.007684450038657628,"WTCBNB":0,"XLMBNB":0,"XMRBNB":0,"XRPBNB":0.009706447870447358,"XTZBNB":0.009521004732122765,"XVSBNB":0,"YFIBNB":0.008569158907133403,"YFIIBNB":0,"ZECBNB":0,"ZENBNB":0.009631177718036515,"ZILBNB":0},"numerosità_campione":528,"expected_return":0.00005708264908724451,"standard_deviation":0.005188399211804822,"sharpe_ratio":0.01100197705630826}