{"weights":{"AAVEBNB":0,"ADABNB":0.028990031302456858,"ALGOBNB":0.018742682200824774,"ALPHABNB":0,"ANKRBNB":0,"ANTBNB":0,"ARBNB":0.001636060833387056,"ARPABNB":0.018222037027924097,"ATOMBNB":0,"AVABNB":0,"AVAXBNB":0,"AXSBNB":0,"BAKEBNB":0.019107847682918636,"BANDBNB":0,"BATBNB":0,"BCHBNB":0,"BELBNB":0.007784327306191739,"BIFIBNB":0.05280481943693811,"BLZBNB":0,"BTTBNB":0,"BURGERBNB":0.010554058583534108,"CAKEBNB":0.24179685017908534,"CELRBNB":0,"CHRBNB":0,"CHZBNB":0,"COCOSBNB":0,"COSBNB":0.051115234286117195,"COTIBNB":0,"CREAMBNB":0.05111552264795477,"CRVBNB":0.015339073282948812,"CTKBNB":0.0018122582652431124,"CTSIBNB":0,"DASHBNB":0,"DGBBNB":0,"DIABNB":0,"DOTBNB":0,"EGLDBNB":0,"ENJBNB":0,"EOSBNB":0.01674872384086627,"ETCBNB":0,"FETBNB":0,"FILBNB":0,"FIOBNB":0.007264285932645417,"FTMBNB":0,"FTTBNB":0.06516380746318015,"HARDBNB":0.010238253768904082,"HBARBNB":0,"HOTBNB":0,"ICPBNB":0,"ICXBNB":0,"INJBNB":0.00272586157153274,"IOSTBNB":0.0037992984218244786,"IOTABNB":0,"IQBNB":0,"JSTBNB":0,"KAVABNB":0.027596184129126906,"KP3RBNB":0.0137332698855013,"KSMBNB":0.020282415314443622,"LTCBNB":0,"LUNABNB":0,"MATICBNB":0,"MBLBNB":0,"MFTBNB":0.02448993153651851,"MITHBNB":0,"MKRBNB":0,"NEARBNB":0,"NEOBNB":0,"NMRBNB":0,"OCEANBNB":0,"OGNBNB":0,"ONEBNB":0,"ONTBNB":0,"PAXGBNB":0.08386104118117504,"PERLBNB":0,"POLSBNB":0,"PROMBNB":0.0035755462327153173,"RSRBNB":0,"RUNEBNB":0.0061436158613611645,"RVNBNB":0,"SANDBNB":0,"SCBNB":0,"SNXBNB":0,"SOLBNB":0,"SPARTABNB":0.05146325361159916,"SRMBNB":0,"STMXBNB":0,"STXBNB":0.014457528024089382,"SUSHIBNB":0,"SWRVBNB":0.016305164403971086,"SXPBNB":0,"THETABNB":0,"TROYBNB":0,"TRXBNB":0,"UNFIBNB":0.006753181285097411,"UNIBNB":0,"VETBNB":0.009393710362650624,"VTHOBNB":0,"WABIBNB":0.03651370797521195,"WANBNB":0,"WAVESBNB":0,"WINBNB":0.02605440230932141,"WINGBNB":0,"WNXMBNB":0,"WRXBNB":0.011390623509312128,"WTCBNB":0,"XLMBNB":0,"XMRBNB":0,"XRPBNB":0,"XTZBNB":0.008477150802511267,"XVSBNB":0,"YFIBNB":0.0015105000234393912,"YFIIBNB":0,"ZECBNB":0,"ZENBNB":0.013037739517476643,"ZILBNB":0},"numerosità_campione":528,"expected_return":0.0001163557403763815,"standard_deviation":0.005315481630225665,"sharpe_ratio":0.021889971308477967}