{"weights":{"AAVEBNB":0,"ADABNB":0,"ALGOBNB":0.011078017458622313,"ALPHABNB":0,"ANKRBNB":0,"ANTBNB":0,"ARBNB":0,"ARPABNB":0.02376512937798495,"ATOMBNB":0,"AVABNB":0,"AVAXBNB":0,"AXSBNB":0,"BAKEBNB":0.02469325644550651,"BANDBNB":0,"BATBNB":0,"BCHBNB":0,"BELBNB":0.0050652103571441195,"BIFIBNB":0.03162514127214028,"BLZBNB":0.003470893589215009,"BTTBNB":0,"BURGERBNB":0.0034750283952874905,"CAKEBNB":0.21734612938548598,"CELRBNB":0,"CHRBNB":0,"CHZBNB":0,"COCOSBNB":0,"COSBNB":0.022059202118216763,"COTIBNB":0,"CREAMBNB":0.012942369017815312,"CRVBNB":0,"CTKBNB":0.015240210574309545,"CTSIBNB":0,"DASHBNB":0,"DGBBNB":0,"DIABNB":0,"DOTBNB":0,"EGLDBNB":0,"ENJBNB":0,"EOSBNB":0.030346558793219767,"ETCBNB":0,"FETBNB":0,"FILBNB":0,"FIOBNB":0.00035695006956799956,"FTMBNB":0,"FTTBNB":0.15142228365455643,"HARDBNB":0.001219292246709755,"HBARBNB":0,"HOTBNB":0,"ICPBNB":0.006203853750967986,"ICXBNB":0,"INJBNB":0.019823579989724883,"IOSTBNB":0.004256110967069286,"IOTABNB":0,"IQBNB":0,"JSTBNB":0,"KAVABNB":0.008167957847119234,"KP3RBNB":0.013568295210237908,"KSMBNB":0,"LTCBNB":0.022126243662667723,"LUNABNB":0,"MATICBNB":0,"MBLBNB":0,"MFTBNB":0.007071389045026253,"MITHBNB":0,"MKRBNB":0,"NEARBNB":0,"NEOBNB":0,"NMRBNB":0,"OCEANBNB":0,"OGNBNB":0,"ONEBNB":0,"ONTBNB":0,"PAXGBNB":0.05444469399073379,"PERLBNB":0,"POLSBNB":0.011701117033005016,"PROMBNB":0,"RSRBNB":0,"RUNEBNB":0.006412539049267278,"RVNBNB":0,"SANDBNB":0,"SCBNB":0,"SNXBNB":0,"SOLBNB":0,"SPARTABNB":0.05906897090138907,"SRMBNB":0,"STMXBNB":0,"STXBNB":0.009622778907869457,"SUSHIBNB":0,"SWRVBNB":0.01798448150513022,"SXPBNB":0,"THETABNB":0,"TROYBNB":0,"TRXBNB":0.01308924970641422,"UNFIBNB":0.010140967557999163,"UNIBNB":0,"VETBNB":0,"VTHOBNB":0,"WABIBNB":0.014630255462430764,"WANBNB":0,"WAVESBNB":0,"WINBNB":0.06716282415755037,"WINGBNB":0,"WNXMBNB":0,"WRXBNB":0,"WTCBNB":0,"XLMBNB":0,"XMRBNB":0,"XRPBNB":0.055967084159470534,"XTZBNB":0.01018611571879674,"XVSBNB":0.011476603343801031,"YFIBNB":0.022789215277546557,"YFIIBNB":0,"ZECBNB":0,"ZENBNB":0,"ZILBNB":0},"numerosità_campione":528,"expected_return":-0.0001563004795536487,"standard_deviation":0.004904274631258639,"sharpe_ratio":-0.03187025427928279}