{"weights":{"AAVEBNB":0,"ADABNB":0,"ALGOBNB":0,"ALPHABNB":0,"ANKRBNB":0,"ANTBNB":0.0019974326975755836,"ARBNB":0,"ARPABNB":0,"ATOMBNB":0,"AVABNB":0.025703744746760196,"AVAXBNB":0,"AXSBNB":0.003741939336239464,"BAKEBNB":0.022216116125916105,"BANDBNB":0,"BATBNB":0,"BCHBNB":0,"BELBNB":0,"BIFIBNB":0.012662237225683631,"BLZBNB":0.008857481707872697,"BTTBNB":0.13378616552076783,"BURGERBNB":0,"CAKEBNB":0.15231125125599426,"CELRBNB":0.008191901772120593,"CHRBNB":0,"CHZBNB":0,"COCOSBNB":0.08478301142813024,"COSBNB":0.0012863815211064467,"COTIBNB":0,"CREAMBNB":0,"CRVBNB":0,"CTKBNB":0,"CTSIBNB":0.014910501522771298,"DASHBNB":0,"DGBBNB":0,"DIABNB":0,"DOTBNB":0,"EGLDBNB":0.08262367289729164,"ENJBNB":0,"EOSBNB":0,"ETCBNB":0,"FETBNB":0,"FILBNB":0,"FIOBNB":0,"FTMBNB":0,"FTTBNB":0,"HARDBNB":0.004482673367396255,"HBARBNB":0,"HOTBNB":0,"ICPBNB":0,"ICXBNB":0,"INJBNB":0,"IOSTBNB":0,"IOTABNB":0,"IQBNB":0,"JSTBNB":0.017595944303356863,"KAVABNB":0,"KP3RBNB":0.05830002578203891,"KSMBNB":0,"LTCBNB":0.003537259475380577,"LUNABNB":0,"MATICBNB":0,"MBLBNB":0.049237541707583696,"MFTBNB":0,"MITHBNB":0,"MKRBNB":0,"NEARBNB":0,"NEOBNB":0,"NMRBNB":0.001588741177417843,"OCEANBNB":0,"OGNBNB":0,"ONEBNB":0,"ONTBNB":0,"PAXGBNB":0.04011039927088239,"PERLBNB":0,"PROMBNB":0.009007971214133464,"RSRBNB":0,"RUNEBNB":0.0004463759580806421,"RVNBNB":0,"SANDBNB":0,"SCBNB":0,"SNXBNB":0.018405418897812203,"SOLBNB":0,"SPARTABNB":0.00042444715275435934,"SRMBNB":0,"STMXBNB":0,"STXBNB":0,"SUSHIBNB":0,"SWRVBNB":0,"SXPBNB":0,"THETABNB":0,"TROYBNB":0,"TRXBNB":0.01718650793686536,"UNFIBNB":0.017705959313340826,"UNIBNB":0.029579102085909796,"VETBNB":0,"VTHOBNB":0.06375624246832756,"WABIBNB":0,"WANBNB":0,"WAVESBNB":0,"WINBNB":0,"WINGBNB":0.016869566710071126,"WNXMBNB":0,"WRXBNB":0,"WTCBNB":0.057301452564288105,"XLMBNB":0,"XMRBNB":0.017369787254521183,"XRPBNB":0,"XTZBNB":0,"XVSBNB":0.02402274560160883,"YFIBNB":0,"YFIIBNB":0,"ZECBNB":0,"ZENBNB":0,"ZILBNB":0},"numerosità_campione":114,"expected_return":0.0004296158222550342,"standard_deviation":0.002966356352396766,"sharpe_ratio":0.14482947131686044}