{"weights":{"AAVEBNB":0,"ADABNB":0,"ALGOBNB":0.005422346760731488,"ALPHABNB":0.006813973713398981,"ANKRBNB":0,"ANTBNB":0,"ARBNB":0,"ARPABNB":0.020659983127865766,"ATOMBNB":0,"AVABNB":0,"AVAXBNB":0,"AXSBNB":0,"BAKEBNB":0.024488895333922418,"BANDBNB":0,"BATBNB":0,"BCHBNB":0,"BELBNB":0.003780435292414946,"BIFIBNB":0.025734268754996566,"BLZBNB":0.0034411927844846053,"BTTBNB":0,"BURGERBNB":0.0018186256972530293,"CAKEBNB":0.21069143682476751,"CELRBNB":0,"CHRBNB":0,"CHZBNB":0,"COCOSBNB":0,"COSBNB":0.014727028913847771,"COTIBNB":0,"CREAMBNB":0.003363752958892468,"CRVBNB":0,"CTKBNB":0.017668418577781928,"CTSIBNB":0,"DASHBNB":0,"DGBBNB":0,"DIABNB":0,"DOTBNB":0,"EGLDBNB":0,"ENJBNB":0,"EOSBNB":0.028773341559069725,"ETCBNB":0,"FETBNB":0,"FILBNB":0,"FIOBNB":0,"FTMBNB":0,"FTTBNB":0.16783332611325408,"HARDBNB":0,"HBARBNB":0,"HOTBNB":0,"ICPBNB":0.00800122619680889,"ICXBNB":0,"INJBNB":0.021108950728629863,"IOSTBNB":0.00078097914507476,"IOTABNB":0,"IQBNB":0,"JSTBNB":0,"KAVABNB":0.0013662457181489733,"KP3RBNB":0.01307607885895324,"KSMBNB":0,"LTCBNB":0.031086999545516178,"LUNABNB":0,"MATICBNB":0,"MBLBNB":0,"MFTBNB":0.0025532792910103706,"MITHBNB":0,"MKRBNB":0,"NEARBNB":0,"NEOBNB":0,"NMRBNB":0,"OCEANBNB":0,"OGNBNB":0,"ONEBNB":0,"ONTBNB":0,"PAXGBNB":0.04688592375755588,"PERLBNB":0,"POLSBNB":0.014427840583964527,"PROMBNB":0,"RSRBNB":0,"RUNEBNB":0.005939860449733198,"RVNBNB":0,"SANDBNB":0,"SCBNB":0,"SNXBNB":0,"SOLBNB":0,"SPARTABNB":0.06011489551744511,"SRMBNB":0,"STMXBNB":0,"STXBNB":0.008289107518697847,"SUSHIBNB":0,"SWRVBNB":0.018076813480614018,"SXPBNB":0,"THETABNB":0,"TROYBNB":0,"TRXBNB":0.028149272010328623,"UNFIBNB":0.010722926288331385,"UNIBNB":0,"VETBNB":0,"VTHOBNB":0,"WABIBNB":0.007701170577920564,"WANBNB":0,"WAVESBNB":0,"WINBNB":0.07365869690188515,"WINGBNB":0,"WNXMBNB":0,"WRXBNB":0,"WTCBNB":0,"XLMBNB":0,"XMRBNB":0,"XRPBNB":0.06619009894328313,"XTZBNB":0.0073720447918846415,"XVSBNB":0.014622786212411327,"YFIBNB":0.02465777706912121,"YFIIBNB":0,"ZECBNB":0,"ZENBNB":0,"ZILBNB":0},"numerosità_campione":528,"expected_return":-0.00021557357084278574,"standard_deviation":0.004884870130334576,"sharpe_ratio":-0.04413087044097539}