{"weights":{"AAVEBNB":0,"ADABNB":0.001631041946668786,"ALGOBNB":0.01803663659329041,"ALPHABNB":0,"ANKRBNB":0,"ANTBNB":0,"ARBNB":0,"ARPABNB":0.02451879268424788,"ATOMBNB":0,"AVABNB":0,"AVAXBNB":0,"AXSBNB":0,"BAKEBNB":0.022879175824943233,"BANDBNB":0,"BATBNB":0,"BCHBNB":0,"BELBNB":0.007197412068778295,"BIFIBNB":0.042634188128851606,"BLZBNB":0.0006982984122515766,"BTTBNB":0,"BURGERBNB":0.0067333289043043755,"CAKEBNB":0.2304978954747512,"CELRBNB":0,"CHRBNB":0,"CHZBNB":0,"COCOSBNB":0,"COSBNB":0.03787586397223004,"COTIBNB":0,"CREAMBNB":0.03226326258286799,"CRVBNB":0.007397895073429545,"CTKBNB":0.007469459358658888,"CTSIBNB":0,"DASHBNB":0,"DGBBNB":0,"DIABNB":0,"DOTBNB":0,"EGLDBNB":0,"ENJBNB":0,"EOSBNB":0.029172603471518815,"ETCBNB":0,"FETBNB":0,"FILBNB":0,"FIOBNB":0.0037680690366004056,"FTMBNB":0,"FTTBNB":0.11357350441898417,"HARDBNB":0.005620770248435849,"HBARBNB":0,"HOTBNB":0,"ICPBNB":0.0029853154001522474,"ICXBNB":0,"INJBNB":0.013447754861098483,"IOSTBNB":0.007912471459146506,"IOTABNB":0,"IQBNB":0,"JSTBNB":0,"KAVABNB":0.018381425609890395,"KP3RBNB":0.01382277835101426,"KSMBNB":0.007879840818856208,"LTCBNB":0,"LUNABNB":0,"MATICBNB":0,"MBLBNB":0,"MFTBNB":0.01607197580613717,"MITHBNB":0,"MKRBNB":0,"NEARBNB":0,"NEOBNB":0,"NMRBNB":0,"OCEANBNB":0,"OGNBNB":0,"ONEBNB":0,"ONTBNB":0,"PAXGBNB":0.06961203847033551,"PERLBNB":0,"POLSBNB":0.005516694382613857,"PROMBNB":0.0015558255469370666,"RSRBNB":0,"RUNEBNB":0.006662458876846286,"RVNBNB":0,"SANDBNB":0,"SCBNB":0,"SNXBNB":0,"SOLBNB":0,"SPARTABNB":0.05578494150384579,"SRMBNB":0,"STMXBNB":0,"STXBNB":0.012358680466391865,"SUSHIBNB":0,"SWRVBNB":0.017185852911996292,"SXPBNB":0,"THETABNB":0,"TROYBNB":0,"TRXBNB":0,"UNFIBNB":0.008672379651978573,"UNIBNB":0,"VETBNB":0.0036615532238096537,"VTHOBNB":0,"WABIBNB":0.026578944371363624,"WANBNB":0,"WAVESBNB":0,"WINBNB":0.050050882944933574,"WINGBNB":0,"WNXMBNB":0,"WRXBNB":0.0025810777802420925,"WTCBNB":0,"XLMBNB":0,"XMRBNB":0,"XRPBNB":0.031646937797434826,"XTZBNB":0.012589747044992033,"XVSBNB":0.002811392334212603,"YFIBNB":0.015388616283259677,"YFIIBNB":0,"ZECBNB":0,"ZENBNB":0.00487221590169825,"ZILBNB":0},"numerosità_campione":528,"expected_return":-0.000025899678717547287,"standard_deviation":0.005043914625239791,"sharpe_ratio":-0.005134836856267367}