{"weights":{"AAVEBNB":0,"ADABNB":0,"ALGOBNB":0.004289249797434729,"ALPHABNB":0.008940750471027404,"ANKRBNB":0,"ANTBNB":0,"ARBNB":0,"ARPABNB":0.019987081997780574,"ATOMBNB":0,"AVABNB":0,"AVAXBNB":0,"AXSBNB":0,"BAKEBNB":0.024430114413549857,"BANDBNB":0,"BATBNB":0,"BCHBNB":0,"BELBNB":0.003492336349050352,"BIFIBNB":0.024557995012800135,"BLZBNB":0.0033773257316688683,"BTTBNB":0,"BURGERBNB":0.0015156725414343863,"CAKEBNB":0.20931296959672002,"CELRBNB":0,"CHRBNB":0,"CHZBNB":0,"COCOSBNB":0,"COSBNB":0.013285329119496094,"COTIBNB":0,"CREAMBNB":0.001535232418670587,"CRVBNB":0,"CTKBNB":0.018079567825582583,"CTSIBNB":0,"DASHBNB":0,"DGBBNB":0,"DIABNB":0,"DOTBNB":0,"EGLDBNB":0,"ENJBNB":0,"EOSBNB":0.02844813003794833,"ETCBNB":0,"FETBNB":0,"FILBNB":0,"FIOBNB":0,"FTMBNB":0,"FTTBNB":0.1709386878771075,"HARDBNB":0,"HBARBNB":0,"HOTBNB":0,"ICPBNB":0.00839435820587062,"ICXBNB":0,"INJBNB":0.02118335263941677,"IOSTBNB":0.00010083793076718777,"IOTABNB":0,"IQBNB":0,"JSTBNB":0,"KAVABNB":0,"KP3RBNB":0.01297593857102403,"KSMBNB":0,"LTCBNB":0.03268873293585766,"LUNABNB":0,"MATICBNB":0,"MBLBNB":0,"MFTBNB":0.0016443616688893317,"MITHBNB":0,"MKRBNB":0,"NEARBNB":0,"NEOBNB":0,"NMRBNB":0,"OCEANBNB":0,"OGNBNB":0,"ONEBNB":0,"ONTBNB":0,"PAXGBNB":0.04542657917474319,"PERLBNB":0,"POLSBNB":0.014950861155068175,"PROMBNB":0,"RSRBNB":0,"RUNEBNB":0.005770762413162709,"RVNBNB":0,"SANDBNB":0,"SCBNB":0,"SNXBNB":0,"SOLBNB":0,"SPARTABNB":0.06029789274583184,"SRMBNB":0,"STMXBNB":0,"STXBNB":0.008092233547060412,"SUSHIBNB":0,"SWRVBNB":0.018093880539612948,"SXPBNB":0,"THETABNB":0,"TROYBNB":0,"TRXBNB":0.03088801154621058,"UNFIBNB":0.010807402506918357,"UNIBNB":0,"VETBNB":0,"VTHOBNB":0,"WABIBNB":0.0063426709772784725,"WANBNB":0,"WAVESBNB":0,"WINBNB":0.07497176864852013,"WINGBNB":0,"WNXMBNB":0,"WRXBNB":0,"WTCBNB":0,"XLMBNB":0,"XMRBNB":0,"XRPBNB":0.06826624562148087,"XTZBNB":0.0067658497759133015,"XVSBNB":0.015167292091256196,"YFIBNB":0.024980524114845876,"YFIIBNB":0,"ZECBNB":0,"ZENBNB":0,"ZILBNB":0},"numerosità_campione":528,"expected_return":-0.0002274281891006131,"standard_deviation":0.0048843153369611935,"sharpe_ratio":-0.04656296193236961}