{"weights":{"AAVEBNB":0,"ADABNB":0,"ALGOBNB":0.01587715535622575,"ALPHABNB":0,"ANKRBNB":0,"ANTBNB":0,"ARBNB":0,"ARPABNB":0.02545476787749085,"ATOMBNB":0,"AVABNB":0,"AVAXBNB":0,"AXSBNB":0,"BAKEBNB":0.02431692867774388,"BANDBNB":0,"BATBNB":0,"BCHBNB":0,"BELBNB":0.006011492522951955,"BIFIBNB":0.03727452447639279,"BLZBNB":0.0025692763325589596,"BTTBNB":0,"BURGERBNB":0.005193134737733715,"CAKEBNB":0.22379474626016632,"CELRBNB":0,"CHRBNB":0,"CHZBNB":0,"COCOSBNB":0,"COSBNB":0.02984058290599731,"COTIBNB":0,"CREAMBNB":0.02269891010099432,"CRVBNB":0.0027765513412786203,"CTKBNB":0.011631975182416609,"CTSIBNB":0,"DASHBNB":0,"DGBBNB":0,"DIABNB":0,"DOTBNB":0,"EGLDBNB":0,"ENJBNB":0,"EOSBNB":0.030947578646283218,"ETCBNB":0,"FETBNB":0,"FILBNB":0,"FIOBNB":0.0021050888823133393,"FTMBNB":0,"FTTBNB":0.13325594643509892,"HARDBNB":0.003243400084183623,"HBARBNB":0,"HOTBNB":0,"ICPBNB":0.00475472183432835,"ICXBNB":0,"INJBNB":0.017377349679918747,"IOSTBNB":0.007392855967045967,"IOTABNB":0,"IQBNB":0,"JSTBNB":0,"KAVABNB":0.013673241749912763,"KP3RBNB":0.013868876574659374,"KSMBNB":0.0013796232047827812,"LTCBNB":0.011230785037935506,"LUNABNB":0,"MATICBNB":0,"MBLBNB":0,"MFTBNB":0.011575487464212234,"MITHBNB":0,"MKRBNB":0,"NEARBNB":0,"NEOBNB":0,"NMRBNB":0,"OCEANBNB":0,"OGNBNB":0,"ONEBNB":0,"ONTBNB":0,"PAXGBNB":0.062453248317813986,"PERLBNB":0,"POLSBNB":0.008777784508390323,"PROMBNB":0.0003866353159491519,"RSRBNB":0,"RUNEBNB":0.006394911638694226,"RVNBNB":0,"SANDBNB":0,"SCBNB":0,"SNXBNB":0,"SOLBNB":0,"SPARTABNB":0.057575552044789355,"SRMBNB":0,"STMXBNB":0,"STXBNB":0.011335759629391205,"SUSHIBNB":0,"SWRVBNB":0.017830951730643314,"SXPBNB":0,"THETABNB":0,"TROYBNB":0,"TRXBNB":0,"UNFIBNB":0.00935723053368073,"UNIBNB":0,"VETBNB":0,"VTHOBNB":0,"WABIBNB":0.021100788775586302,"WANBNB":0,"WAVESBNB":0,"WINBNB":0.06064945197473922,"WINGBNB":0,"WNXMBNB":0,"WRXBNB":0,"WTCBNB":0,"XLMBNB":0,"XMRBNB":0,"XRPBNB":0.045444784233723105,"XTZBNB":0.012526228283365677,"XVSBNB":0.0075667254033109635,"YFIBNB":0.020028123513465477,"YFIIBNB":0,"ZECBNB":0,"ZENBNB":0.0003268227638311485,"ZILBNB":0},"numerosità_campione":528,"expected_return":-0.0000970273882645117,"standard_deviation":0.004952628424828751,"sharpe_ratio":-0.01959108980962299}