{"weights":{"AAVEBNB":0,"ADABNB":0,"ALGOBNB":0.01640912571546433,"ALPHABNB":0,"ANKRBNB":0,"ANTBNB":0,"ARBNB":0,"ARPABNB":0.025408451747745184,"ATOMBNB":0,"AVABNB":0,"AVAXBNB":0,"AXSBNB":0,"BAKEBNB":0.024128843374981182,"BANDBNB":0,"BATBNB":0,"BCHBNB":0,"BELBNB":0.006213452604575936,"BIFIBNB":0.03824669128357972,"BLZBNB":0.0022709003560130786,"BTTBNB":0,"BURGERBNB":0.005427753788048949,"CAKEBNB":0.22500715598853374,"CELRBNB":0,"CHRBNB":0,"CHZBNB":0,"COCOSBNB":0,"COSBNB":0.03131199636675795,"COTIBNB":0,"CREAMBNB":0.024439570834206375,"CRVBNB":0.0036151730231460573,"CTKBNB":0.010787482917801345,"CTSIBNB":0,"DASHBNB":0,"DGBBNB":0,"DIABNB":0,"DOTBNB":0,"EGLDBNB":0,"ENJBNB":0,"EOSBNB":0.03069012435332076,"ETCBNB":0,"FETBNB":0,"FILBNB":0,"FIOBNB":0.0023989555952937166,"FTMBNB":0,"FTTBNB":0.1297986866652991,"HARDBNB":0.0036527280592920197,"HBARBNB":0,"HOTBNB":0,"ICPBNB":0.004468945163355387,"ICXBNB":0,"INJBNB":0.016806657563261884,"IOSTBNB":0.007637293562899109,"IOTABNB":0,"IQBNB":0,"JSTBNB":0,"KAVABNB":0.014498596623738202,"KP3RBNB":0.013857577632041328,"KSMBNB":0.002558183869234022,"LTCBNB":0.008930402022917663,"LUNABNB":0,"MATICBNB":0,"MBLBNB":0,"MFTBNB":0.012372835840176788,"MITHBNB":0,"MKRBNB":0,"NEARBNB":0,"NEOBNB":0,"NMRBNB":0,"OCEANBNB":0,"OGNBNB":0,"ONEBNB":0,"ONTBNB":0,"PAXGBNB":0.06356848323224346,"PERLBNB":0,"POLSBNB":0.008201664709403075,"PROMBNB":0.000618118541933445,"RSRBNB":0,"RUNEBNB":0.0065103533100974754,"RVNBNB":0,"SANDBNB":0,"SCBNB":0,"SNXBNB":0,"SOLBNB":0,"SPARTABNB":0.05726212673910629,"SRMBNB":0,"STMXBNB":0,"STXBNB":0.011561151126891777,"SUSHIBNB":0,"SWRVBNB":0.01770901692848299,"SXPBNB":0,"THETABNB":0,"TROYBNB":0,"TRXBNB":0,"UNFIBNB":0.009234169407659846,"UNIBNB":0,"VETBNB":0,"VTHOBNB":0,"WABIBNB":0.022097397760928846,"WANBNB":0,"WAVESBNB":0,"WINBNB":0.05896533915052456,"WINGBNB":0,"WNXMBNB":0,"WRXBNB":0,"WTCBNB":0,"XLMBNB":0,"XMRBNB":0,"XRPBNB":0.043404227392330685,"XTZBNB":0.012755734898533103,"XVSBNB":0.006735797625541169,"YFIBNB":0.01927078069951096,"YFIIBNB":0,"ZECBNB":0,"ZENBNB":0.0011680535251284987,"ZILBNB":0},"numerosità_campione":528,"expected_return":-0.00008517277000668427,"standard_deviation":0.004965520132398331,"sharpe_ratio":-0.017152839528524092}