{"weights":{"AAVEBNB":0,"ADABNB":0.05344995191504884,"ALGOBNB":0,"ALPHABNB":0.015210184014290215,"ANKRBNB":0,"ANTBNB":0,"ARBNB":0,"ARPABNB":0.016488626954131454,"ATOMBNB":0,"AVABNB":0.009331253228049048,"AVAXBNB":0.0016264740576865434,"AXSBNB":0,"BAKEBNB":0,"BANDBNB":0,"BATBNB":0,"BCHBNB":0,"BELBNB":0.006152669582601306,"BIFIBNB":0.04625095844572646,"BLZBNB":0.0035989075881757648,"BTTBNB":0,"BURGERBNB":0,"CAKEBNB":0.3540337937492978,"CELRBNB":0,"CHRBNB":0,"CHZBNB":0,"COCOSBNB":0,"COSBNB":0.008784460440689574,"COTIBNB":0,"CREAMBNB":0.03458708285593681,"CRVBNB":0,"CTKBNB":0,"CTSIBNB":0.0035422694875416566,"DASHBNB":0,"DGBBNB":0,"DIABNB":0,"DOTBNB":0,"EGLDBNB":0,"ENJBNB":0,"EOSBNB":0,"ETCBNB":0,"FETBNB":0,"FILBNB":0,"FIOBNB":0,"FTMBNB":0,"FTTBNB":0.13734222330865492,"HARDBNB":0.004454806575253796,"HBARBNB":0,"HOTBNB":0,"ICPBNB":0,"ICXBNB":0,"INJBNB":0.005502715949409688,"IOSTBNB":0,"IOTABNB":0.00000766288550896687,"IQBNB":0,"JSTBNB":0,"KAVABNB":0.04184534891534869,"KP3RBNB":0,"KSMBNB":0.00161041150896653,"LPTBNB":0,"LTCBNB":0,"LUNABNB":0,"MASKBNB":0.01602112354300863,"MATICBNB":0,"MBLBNB":0,"MDXBNB":0.0034152728694777437,"MFTBNB":0,"MITHBNB":0,"MKRBNB":0,"NEARBNB":0,"NEOBNB":0,"NMRBNB":0.005014722011768709,"OCEANBNB":0.008253676585112123,"OGNBNB":0,"ONEBNB":0,"ONTBNB":0,"PAXGBNB":0,"PERLBNB":0.003290819143282084,"POLSBNB":0.012940049742877206,"PROMBNB":0.003105705421738926,"RSRBNB":0,"RUNEBNB":0,"RVNBNB":0,"SANDBNB":0,"SCBNB":0,"SNXBNB":0,"SOLBNB":0,"SPARTABNB":0.027263732320569896,"SRMBNB":0,"STMXBNB":0,"STXBNB":0,"SUSHIBNB":0,"SWRVBNB":0,"SXPBNB":0,"THETABNB":0,"TROYBNB":0,"TRXBNB":0.06810604217023675,"UNFIBNB":0,"UNIBNB":0,"VETBNB":0,"VTHOBNB":0,"WABIBNB":0.00858931570448411,"WANBNB":0.037415832171974306,"WAVESBNB":0,"WINBNB":0.023900953443493675,"WINGBNB":0.000014127497977028225,"WNXMBNB":0.010504703049408754,"WRXBNB":0,"WTCBNB":0.0023203001850345276,"XLMBNB":0,"XMRBNB":0,"XRPBNB":0,"XTZBNB":0,"XVSBNB":0.02602382267723751,"YFIBNB":0,"YFIIBNB":0,"ZECBNB":0,"ZENBNB":0,"ZILBNB":0},"numerosità_campione":316,"expected_return":-0.00006079036458053412,"standard_deviation":0.003318472430456239,"sharpe_ratio":-0.018318779454851875}