{"weights":{"AAVEBNB":0,"ADABNB":0,"ALGOBNB":0.015280399227496869,"ALPHABNB":0,"ANKRBNB":0,"ANTBNB":0,"ARBNB":0,"ARPABNB":0.025493416299253734,"ATOMBNB":0,"AVABNB":0,"AVAXBNB":0,"AXSBNB":0,"BAKEBNB":0.024424419974597072,"BANDBNB":0,"BATBNB":0,"BCHBNB":0,"BELBNB":0.005823545855547659,"BIFIBNB":0.036291367328701155,"BLZBNB":0.0028434559125134276,"BTTBNB":0,"BURGERBNB":0.004929101116254193,"CAKEBNB":0.22253655984665777,"CELRBNB":0,"CHRBNB":0,"CHZBNB":0,"COCOSBNB":0,"COSBNB":0.028335352629828767,"COTIBNB":0,"CREAMBNB":0.02095604419637187,"CRVBNB":0.001896040547095382,"CTKBNB":0.012530237862876145,"CTSIBNB":0,"DASHBNB":0,"DGBBNB":0,"DIABNB":0,"DOTBNB":0,"EGLDBNB":0,"ENJBNB":0,"EOSBNB":0.031134998567418776,"ETCBNB":0,"FETBNB":0,"FILBNB":0,"FIOBNB":0.0018091270252954923,"FTMBNB":0,"FTTBNB":0.1368038826012494,"HARDBNB":0.0028401926409183714,"HBARBNB":0,"HOTBNB":0,"ICPBNB":0.005038201144212299,"ICXBNB":0,"INJBNB":0.01793715225356662,"IOSTBNB":0.007025380659973728,"IOTABNB":0,"IQBNB":0,"JSTBNB":0,"KAVABNB":0.012833605638237908,"KP3RBNB":0.0138990149487754,"KSMBNB":0.0001480428430965369,"LTCBNB":0.013641987861734425,"LUNABNB":0,"MATICBNB":0,"MBLBNB":0,"MFTBNB":0.010723435579011065,"MITHBNB":0,"MKRBNB":0,"NEARBNB":0,"NEOBNB":0,"NMRBNB":0,"OCEANBNB":0,"OGNBNB":0,"ONEBNB":0,"ONTBNB":0,"PAXGBNB":0.061257115155984754,"PERLBNB":0,"POLSBNB":0.009392921361385812,"PROMBNB":0.00013087123222337948,"RSRBNB":0,"RUNEBNB":0.0062812184205567724,"RVNBNB":0,"SANDBNB":0,"SCBNB":0,"SNXBNB":0,"SOLBNB":0,"SPARTABNB":0.057939043834113635,"SRMBNB":0,"STMXBNB":0,"STXBNB":0.011092087090764072,"SUSHIBNB":0,"SWRVBNB":0.017933417891485157,"SXPBNB":0,"THETABNB":0,"TROYBNB":0,"TRXBNB":0,"UNFIBNB":0.009490502819173973,"UNIBNB":0,"VETBNB":0,"VTHOBNB":0,"WABIBNB":0.020049948035025137,"WANBNB":0,"WAVESBNB":0,"WINBNB":0.062310265310670084,"WINGBNB":0,"WNXMBNB":0,"WRXBNB":0,"WTCBNB":0,"XLMBNB":0,"XMRBNB":0,"XRPBNB":0.04757354253668972,"XTZBNB":0.012266135135599316,"XVSBNB":0.008384369348667068,"YFIBNB":0.020723599266977085,"YFIIBNB":0,"ZECBNB":0,"ZENBNB":0,"ZILBNB":0},"numerosità_campione":528,"expected_return":-0.0001088820065223391,"standard_deviation":0.004940732648836502,"sharpe_ratio":-0.022037623620047492}