{"weights":{"AAVEBNB":0,"ADABNB":0,"ALGOBNB":0.014278455358664757,"ALPHABNB":0,"ANKRBNB":0,"ANTBNB":0,"ARBNB":0,"ARPABNB":0.02516289781004953,"ATOMBNB":0,"AVABNB":0,"AVAXBNB":0,"AXSBNB":0,"BAKEBNB":0.024533879421649845,"BANDBNB":0,"BATBNB":0,"BCHBNB":0,"BELBNB":0.005654808288340951,"BIFIBNB":0.03518555057864003,"BLZBNB":0.003064040973133025,"BTTBNB":0,"BURGERBNB":0.004587496896933798,"CAKEBNB":0.22123164666199652,"CELRBNB":0,"CHRBNB":0,"CHZBNB":0,"COCOSBNB":0,"COSBNB":0.0267456466622948,"COTIBNB":0,"CREAMBNB":0.019028511552957476,"CRVBNB":0.0007863047920073768,"CTKBNB":0.013309317575983151,"CTSIBNB":0,"DASHBNB":0,"DGBBNB":0,"DIABNB":0,"DOTBNB":0,"EGLDBNB":0,"ENJBNB":0,"EOSBNB":0.031051805609967502,"ETCBNB":0,"FETBNB":0,"FILBNB":0,"FIOBNB":0.0014868555189221134,"FTMBNB":0,"FTTBNB":0.14053402996240993,"HARDBNB":0.0024363779891969067,"HBARBNB":0,"HOTBNB":0,"ICPBNB":0.005334981818865509,"ICXBNB":0,"INJBNB":0.01833771329721196,"IOSTBNB":0.006423438387088198,"IOTABNB":0,"IQBNB":0,"JSTBNB":0,"KAVABNB":0.011872680053894216,"KP3RBNB":0.013869800022246847,"KSMBNB":0,"LTCBNB":0.015897930691570333,"LUNABNB":0,"MATICBNB":0,"MBLBNB":0,"MFTBNB":0.009822524436427053,"MITHBNB":0,"MKRBNB":0,"NEARBNB":0,"NEOBNB":0,"NMRBNB":0,"OCEANBNB":0,"OGNBNB":0,"ONEBNB":0,"ONTBNB":0,"PAXGBNB":0.05952197250860427,"PERLBNB":0,"POLSBNB":0.00996352780936943,"PROMBNB":0,"RSRBNB":0,"RUNEBNB":0.006309155764731159,"RVNBNB":0,"SANDBNB":0,"SCBNB":0,"SNXBNB":0,"SOLBNB":0,"SPARTABNB":0.058260474276319724,"SRMBNB":0,"STMXBNB":0,"STXBNB":0.010773701578668981,"SUSHIBNB":0,"SWRVBNB":0.017938486420045904,"SXPBNB":0,"THETABNB":0,"TROYBNB":0,"TRXBNB":0.0027281836107127862,"UNFIBNB":0.009630347469865335,"UNIBNB":0,"VETBNB":0,"VTHOBNB":0,"WABIBNB":0.018769316563713733,"WANBNB":0,"WAVESBNB":0,"WINBNB":0.06359204682141108,"WINGBNB":0,"WNXMBNB":0,"WRXBNB":0,"WTCBNB":0,"XLMBNB":0,"XMRBNB":0,"XRPBNB":0.04968357909759716,"XTZBNB":0.011782360358607628,"XVSBNB":0.009112982425252155,"YFIBNB":0.021297170934648994,"YFIIBNB":0,"ZECBNB":0,"ZENBNB":0,"ZILBNB":0},"numerosità_campione":528,"expected_return":-0.00012073662478016649,"standard_deviation":0.004929898316136696,"sharpe_ratio":-0.024490692715703206}