{"weights":{"AAVEBNB":0,"ADABNB":0,"ALGOBNB":0.008770907703854743,"ALPHABNB":0.00036603467807480453,"ANKRBNB":0,"ANTBNB":0,"ARBNB":0,"ARPABNB":0.022642209336812644,"ATOMBNB":0,"AVABNB":0,"AVAXBNB":0,"AXSBNB":0,"BAKEBNB":0.024694943454031077,"BANDBNB":0,"BATBNB":0,"BCHBNB":0,"BELBNB":0.004612899006586486,"BIFIBNB":0.029206304881302332,"BLZBNB":0.0036295499895517454,"BTTBNB":0,"BURGERBNB":0.00271657986505075,"CAKEBNB":0.21477129373187853,"CELRBNB":0,"CHRBNB":0,"CHZBNB":0,"COCOSBNB":0,"COSBNB":0.018957443695308905,"COTIBNB":0,"CREAMBNB":0.008792969199405072,"CRVBNB":0,"CTKBNB":0.01644878806955723,"CTSIBNB":0,"DASHBNB":0,"DGBBNB":0,"DIABNB":0,"DOTBNB":0,"EGLDBNB":0,"ENJBNB":0,"EOSBNB":0.02973966628141006,"ETCBNB":0,"FETBNB":0,"FILBNB":0,"FIOBNB":0,"FTMBNB":0,"FTTBNB":0.15859917813994256,"HARDBNB":0.00035390253451364235,"HBARBNB":0,"HOTBNB":0,"ICPBNB":0.006837277560089372,"ICXBNB":0,"INJBNB":0.02083860372891007,"IOSTBNB":0.002764269619282478,"IOTABNB":0,"IQBNB":0,"JSTBNB":0,"KAVABNB":0.005554367698946312,"KP3RBNB":0.013365008648384098,"KSMBNB":0,"LTCBNB":0.026250927345157878,"LUNABNB":0,"MATICBNB":0,"MBLBNB":0,"MFTBNB":0.00521792854714531,"MITHBNB":0,"MKRBNB":0,"NEARBNB":0,"NEOBNB":0,"NMRBNB":0,"OCEANBNB":0,"OGNBNB":0,"ONEBNB":0,"ONTBNB":0,"PAXGBNB":0.051179583072553936,"PERLBNB":0,"POLSBNB":0.012887796921538075,"PROMBNB":0,"RSRBNB":0,"RUNEBNB":0.006450671436423145,"RVNBNB":0,"SANDBNB":0,"SCBNB":0,"SNXBNB":0,"SOLBNB":0,"SPARTABNB":0.059573000217238076,"SRMBNB":0,"STMXBNB":0,"STXBNB":0.00887196035441598,"SUSHIBNB":0,"SWRVBNB":0.018021107233477437,"SXPBNB":0,"THETABNB":0,"TROYBNB":0,"TRXBNB":0.01996386282032254,"UNFIBNB":0.010478827107858326,"UNIBNB":0,"VETBNB":0,"VTHOBNB":0,"WABIBNB":0.011703862696054829,"WANBNB":0,"WAVESBNB":0,"WINBNB":0.06972518625706789,"WINGBNB":0,"WNXMBNB":0,"WRXBNB":0,"WTCBNB":0,"XLMBNB":0,"XMRBNB":0,"XRPBNB":0.06017327900515593,"XTZBNB":0.009129730074438042,"XVSBNB":0.013034363248375414,"YFIBNB":0.023675715839884336,"YFIIBNB":0,"ZECBNB":0,"ZENBNB":0,"ZILBNB":0},"numerosità_campione":528,"expected_return":-0.00018000971606930345,"standard_deviation":0.004893133216614534,"sharpe_ratio":-0.03678823120083552}