{"weights":{"AAVEBNB":0,"ADABNB":0.003913530805950584,"ALGOBNB":0.018067315610477412,"ALPHABNB":0,"ANKRBNB":0,"ANTBNB":0,"ARBNB":0,"ARPABNB":0.02410338374167418,"ATOMBNB":0,"AVABNB":0,"AVAXBNB":0,"AXSBNB":0,"BAKEBNB":0.022623217213512008,"BANDBNB":0,"BATBNB":0,"BCHBNB":0,"BELBNB":0.007226032787736771,"BIFIBNB":0.043443715071091626,"BLZBNB":0.00040182475211298285,"BTTBNB":0,"BURGERBNB":0.007098667118196453,"CAKEBNB":0.23149195275776105,"CELRBNB":0,"CHRBNB":0,"CHZBNB":0,"COCOSBNB":0,"COSBNB":0.03900958701542066,"COTIBNB":0,"CREAMBNB":0.0337228066719137,"CRVBNB":0.008014788329430013,"CTKBNB":0.007058128459096689,"CTSIBNB":0,"DASHBNB":0,"DGBBNB":0,"DIABNB":0,"DOTBNB":0,"EGLDBNB":0,"ENJBNB":0,"EOSBNB":0.028368349508173643,"ETCBNB":0,"FETBNB":0,"FILBNB":0,"FIOBNB":0.004049945641545013,"FTMBNB":0,"FTTBNB":0.11008593393372731,"HARDBNB":0.005961742329763466,"HBARBNB":0,"HOTBNB":0,"ICPBNB":0.0026294443985420673,"ICXBNB":0,"INJBNB":0.012652771831255289,"IOSTBNB":0.0076374382007817565,"IOTABNB":0,"IQBNB":0,"JSTBNB":0,"KAVABNB":0.019096681914311908,"KP3RBNB":0.013837052620775357,"KSMBNB":0.008899678283395903,"LTCBNB":0,"LUNABNB":0,"MATICBNB":0,"MBLBNB":0,"MFTBNB":0.016768583559245053,"MITHBNB":0,"MKRBNB":0,"NEARBNB":0,"NEOBNB":0,"NMRBNB":0,"OCEANBNB":0,"OGNBNB":0,"ONEBNB":0,"ONTBNB":0,"PAXGBNB":0.07067982734900138,"PERLBNB":0,"POLSBNB":0.004985580375976708,"PROMBNB":0.0017230823488673655,"RSRBNB":0,"RUNEBNB":0.006597673427943599,"RVNBNB":0,"SANDBNB":0,"SCBNB":0,"SNXBNB":0,"SOLBNB":0,"SPARTABNB":0.055486071030779766,"SRMBNB":0,"STMXBNB":0,"STXBNB":0.012594949814468098,"SUSHIBNB":0,"SWRVBNB":0.017108324484986694,"SXPBNB":0,"THETABNB":0,"TROYBNB":0,"TRXBNB":0,"UNFIBNB":0.008567018164988161,"UNIBNB":0,"VETBNB":0.004192147905463947,"VTHOBNB":0,"WABIBNB":0.027437594251288173,"WANBNB":0,"WAVESBNB":0,"WINBNB":0.04829407284919289,"WINGBNB":0,"WNXMBNB":0,"WRXBNB":0.003295135585762326,"WTCBNB":0,"XLMBNB":0,"XMRBNB":0,"XRPBNB":0.028570811149681803,"XTZBNB":0.012099703861533743,"XVSBNB":0.002060139204435596,"YFIBNB":0.014571095529221405,"YFIIBNB":0,"ZECBNB":0,"ZENBNB":0.005574200110517373,"ZILBNB":0},"numerosità_campione":528,"expected_return":-0.000014045060459719879,"standard_deviation":0.005062154860886007,"sharpe_ratio":-0.0027745220850990786}