{"weights":{"AAVEBNB":0,"ADABNB":0,"ALGOBNB":0.009992879559408432,"ALPHABNB":0,"ANKRBNB":0,"ANTBNB":0,"ARBNB":0,"ARPABNB":0.02326974104696935,"ATOMBNB":0,"AVABNB":0,"AVAXBNB":0,"AXSBNB":0,"BAKEBNB":0.024727321142750603,"BANDBNB":0,"BATBNB":0,"BCHBNB":0,"BELBNB":0.004854978332235383,"BIFIBNB":0.03041719296058777,"BLZBNB":0.0035804106870775377,"BTTBNB":0,"BURGERBNB":0.003100237709252775,"CAKEBNB":0.21604989334849245,"CELRBNB":0,"CHRBNB":0,"CHZBNB":0,"COCOSBNB":0,"COSBNB":0.020509405714342017,"COTIBNB":0,"CREAMBNB":0.010884722471798487,"CRVBNB":0,"CTKBNB":0.01584980645921754,"CTSIBNB":0,"DASHBNB":0,"DGBBNB":0,"DIABNB":0,"DOTBNB":0,"EGLDBNB":0,"ENJBNB":0,"EOSBNB":0.030071251954883856,"ETCBNB":0,"FETBNB":0,"FILBNB":0,"FIOBNB":0,"FTMBNB":0,"FTTBNB":0.1550274840830555,"HARDBNB":0.0008113925740808997,"HBARBNB":0,"HOTBNB":0,"ICPBNB":0.006497237722892094,"ICXBNB":0,"INJBNB":0.020354908918282073,"IOSTBNB":0.0035063298447759726,"IOTABNB":0,"IQBNB":0,"JSTBNB":0,"KAVABNB":0.006860303933058155,"KP3RBNB":0.013456390767586734,"KSMBNB":0,"LTCBNB":0.0241782549390642,"LUNABNB":0,"MATICBNB":0,"MBLBNB":0,"MFTBNB":0.006149398593850477,"MITHBNB":0,"MKRBNB":0,"NEARBNB":0,"NEOBNB":0,"NMRBNB":0,"OCEANBNB":0,"OGNBNB":0,"ONEBNB":0,"ONTBNB":0,"PAXGBNB":0.05279935193749623,"PERLBNB":0,"POLSBNB":0.012289221066098647,"PROMBNB":0,"RSRBNB":0,"RUNEBNB":0.0064496357047419675,"RVNBNB":0,"SANDBNB":0,"SCBNB":0,"SNXBNB":0,"SOLBNB":0,"SPARTABNB":0.05932611734394042,"SRMBNB":0,"STMXBNB":0,"STXBNB":0.009226048137710528,"SUSHIBNB":0,"SWRVBNB":0.018005949048400405,"SXPBNB":0,"THETABNB":0,"TROYBNB":0,"TRXBNB":0.01657663844513992,"UNFIBNB":0.010319037480089865,"UNIBNB":0,"VETBNB":0,"VTHOBNB":0,"WABIBNB":0.013224068197438803,"WANBNB":0,"WAVESBNB":0,"WINBNB":0.06836692365629593,"WINGBNB":0,"WNXMBNB":0,"WRXBNB":0,"WTCBNB":0,"XLMBNB":0,"XMRBNB":0,"XRPBNB":0.05807266092782496,"XTZBNB":0.009645781856355456,"XVSBNB":0.012284296522566697,"YFIBNB":0.02326472691223751,"YFIIBNB":0,"ZECBNB":0,"ZENBNB":0,"ZILBNB":0},"numerosità_campione":528,"expected_return":-0.00016815509781147611,"standard_deviation":0.00489809982773689,"sharpe_ratio":-0.0343306800035495}