{"weights":{"AAVEBNB":0,"ADABNB":0,"ALGOBNB":0.017944226128803593,"ALPHABNB":0,"ANKRBNB":0,"ANTBNB":0,"ARBNB":0,"ARPABNB":0.024890346648637155,"ATOMBNB":0,"AVABNB":0,"AVAXBNB":0,"AXSBNB":0,"BAKEBNB":0.023149250739027134,"BANDBNB":0,"BATBNB":0,"BCHBNB":0,"BELBNB":0.0071294337952133606,"BIFIBNB":0.04180962342853611,"BLZBNB":0.0010042336461844295,"BTTBNB":0,"BURGERBNB":0.006395194273767101,"CAKEBNB":0.22945428913810476,"CELRBNB":0,"CHRBNB":0,"CHZBNB":0,"COCOSBNB":0,"COSBNB":0.03670349701605186,"COTIBNB":0,"CREAMBNB":0.03078471452770253,"CRVBNB":0.006754962764347005,"CTKBNB":0.00793567033585661,"CTSIBNB":0,"DASHBNB":0,"DGBBNB":0,"DIABNB":0,"DOTBNB":0,"EGLDBNB":0,"ENJBNB":0,"EOSBNB":0.029895864963176255,"ETCBNB":0,"FETBNB":0,"FILBNB":0,"FIOBNB":0.003486691301695491,"FTMBNB":0,"FTTBNB":0.1170229338286482,"HARDBNB":0.00526803726119032,"HBARBNB":0,"HOTBNB":0,"ICPBNB":0.003329590247102752,"ICXBNB":0,"INJBNB":0.014225883836812659,"IOSTBNB":0.008132491703114187,"IOTABNB":0,"IQBNB":0,"JSTBNB":0,"KAVABNB":0.017639878422733877,"KP3RBNB":0.013812002276820669,"KSMBNB":0.0068467959004982265,"LTCBNB":0.0002022867872012712,"LUNABNB":0,"MATICBNB":0,"MBLBNB":0,"MFTBNB":0.015365188391707616,"MITHBNB":0,"MKRBNB":0,"NEARBNB":0,"NEOBNB":0,"NMRBNB":0,"OCEANBNB":0,"OGNBNB":0,"ONEBNB":0,"ONTBNB":0,"PAXGBNB":0.06848017533225259,"PERLBNB":0,"POLSBNB":0.0060519685846986086,"PROMBNB":0.0013854464030918859,"RSRBNB":0,"RUNEBNB":0.006714054674668951,"RVNBNB":0,"SANDBNB":0,"SCBNB":0,"SNXBNB":0,"SOLBNB":0,"SPARTABNB":0.056079852310399955,"SRMBNB":0,"STMXBNB":0,"STXBNB":0.012153365946153807,"SUSHIBNB":0,"SWRVBNB":0.017266083240690858,"SXPBNB":0,"THETABNB":0,"TROYBNB":0,"TRXBNB":0,"UNFIBNB":0.008779173177811024,"UNIBNB":0,"VETBNB":0.00297145797119952,"VTHOBNB":0,"WABIBNB":0.025721331393460233,"WANBNB":0,"WAVESBNB":0,"WINBNB":0.05182781138705408,"WINGBNB":0,"WNXMBNB":0,"WRXBNB":0.0018629721990454549,"WTCBNB":0,"XLMBNB":0,"XMRBNB":0,"XRPBNB":0.03459489044030342,"XTZBNB":0.012992330426007023,"XVSBNB":0.0035772555171920298,"YFIBNB":0.01620083696419113,"YFIIBNB":0,"ZECBNB":0,"ZENBNB":0.004157906668846082,"ZILBNB":0},"numerosità_campione":528,"expected_return":-0.00003775429697537469,"standard_deviation":0.005026490119215414,"sharpe_ratio":-0.007511065590489565}