{"weights":{"AAVEBNB":0,"ADABNB":0.030960601612656333,"ALGOBNB":0.018590161927865955,"ALPHABNB":0,"ANKRBNB":0,"ANTBNB":0,"ARBNB":0.002052076689187524,"ARPABNB":0.01755173486864492,"ATOMBNB":0,"AVABNB":0,"AVAXBNB":0,"AXSBNB":0,"BAKEBNB":0.01868722849835865,"BANDBNB":0,"BATBNB":0,"BCHBNB":0,"BELBNB":0.007781507002950771,"BIFIBNB":0.053685670617451164,"BLZBNB":0,"BTTBNB":0,"BURGERBNB":0.010711202099508982,"CAKEBNB":0.2427638658965413,"CELRBNB":0,"CHRBNB":0,"CHZBNB":0,"COCOSBNB":0,"COSBNB":0.052207408035955936,"COTIBNB":0,"CREAMBNB":0.052956708378071815,"CRVBNB":0.01604681903440746,"CTKBNB":0.0010576918644495952,"CTSIBNB":0,"DASHBNB":0,"DGBBNB":0,"DIABNB":0,"DOTBNB":0,"EGLDBNB":0,"ENJBNB":0,"EOSBNB":0.014974080617462564,"ETCBNB":0,"FETBNB":0,"FILBNB":0,"FIOBNB":0.007621792839756392,"FTMBNB":0,"FTTBNB":0.05976489108522154,"HARDBNB":0.010770465460247488,"HBARBNB":0,"HOTBNB":0,"ICPBNB":0,"ICXBNB":0,"INJBNB":0.0016116389308411068,"IOSTBNB":0.003190886728729254,"IOTABNB":0,"IQBNB":0,"JSTBNB":0,"KAVABNB":0.028509837853940005,"KP3RBNB":0.013575739604658785,"KSMBNB":0.02143940713621856,"LTCBNB":0,"LUNABNB":0,"MATICBNB":0,"MBLBNB":0,"MFTBNB":0.02520227774811315,"MITHBNB":0.00009561761747824184,"MKRBNB":0,"NEARBNB":0,"NEOBNB":0,"NMRBNB":0,"OCEANBNB":0,"OGNBNB":0,"ONEBNB":0,"ONTBNB":0,"PAXGBNB":0.0850350856017382,"PERLBNB":0,"POLSBNB":0,"PROMBNB":0.003740315392348456,"RSRBNB":0,"RUNEBNB":0.006122894840560058,"RVNBNB":0,"SANDBNB":0,"SCBNB":0,"SNXBNB":0,"SOLBNB":0,"SPARTABNB":0.051000788630917365,"SRMBNB":0,"STMXBNB":0,"STXBNB":0.014613430598525974,"SUSHIBNB":0,"SWRVBNB":0.016267422886297105,"SXPBNB":0,"THETABNB":0,"TROYBNB":0,"TRXBNB":0,"UNFIBNB":0.006440069500294568,"UNIBNB":0,"VETBNB":0.009781570208372488,"VTHOBNB":0,"WABIBNB":0.03736302536861466,"WANBNB":0,"WAVESBNB":0,"WINBNB":0.023595224301285828,"WINGBNB":0,"WNXMBNB":0,"WRXBNB":0.012097995730570273,"WTCBNB":0,"XLMBNB":0,"XMRBNB":0,"XRPBNB":0,"XTZBNB":0.008292101414113268,"XVSBNB":0,"YFIBNB":0,"YFIIBNB":0,"ZECBNB":0,"ZENBNB":0.013840763377644328,"ZILBNB":0},"numerosità_campione":528,"expected_return":0.00012821035863420897,"standard_deviation":0.005343443642558544,"sharpe_ratio":0.02399395730743019}