{"weights":{"AAVEBNB":0,"ADABNB":0.010817980646980413,"ALGOBNB":0.018182742479074497,"ALPHABNB":0,"ANKRBNB":0,"ANTBNB":0,"ARBNB":0,"ARPABNB":0.02281929971403298,"ATOMBNB":0,"AVABNB":0,"AVAXBNB":0,"AXSBNB":0,"BAKEBNB":0.02184922202619422,"BANDBNB":0,"BATBNB":0,"BCHBNB":0,"BELBNB":0.007324785926894707,"BIFIBNB":0.04587677442050267,"BLZBNB":0,"BTTBNB":0,"BURGERBNB":0.00818868277696401,"CAKEBNB":0.23446119627289677,"CELRBNB":0,"CHRBNB":0,"CHZBNB":0,"COCOSBNB":0,"COSBNB":0.04239027268982548,"COTIBNB":0,"CREAMBNB":0.03815381129455707,"CRVBNB":0.009828047360764867,"CTKBNB":0.005768766430271208,"CTSIBNB":0,"DASHBNB":0,"DGBBNB":0,"DIABNB":0,"DOTBNB":0,"EGLDBNB":0,"ENJBNB":0,"EOSBNB":0.02582699679163749,"ETCBNB":0,"FETBNB":0,"FILBNB":0,"FIOBNB":0.0048801839271925005,"FTMBNB":0,"FTTBNB":0.09930959917425351,"HARDBNB":0.00698625688668485,"HBARBNB":0,"HOTBNB":0,"ICPBNB":0.0015249223765523951,"ICXBNB":0,"INJBNB":0.010263184085174565,"IOSTBNB":0.006781434159141285,"IOTABNB":0,"IQBNB":0,"JSTBNB":0,"KAVABNB":0.021274309128376533,"KP3RBNB":0.01390850214524536,"KSMBNB":0.011956552841812629,"LTCBNB":0,"LUNABNB":0,"MATICBNB":0,"MBLBNB":0,"MFTBNB":0.018870971804362993,"MITHBNB":0,"MKRBNB":0,"NEARBNB":0,"NEOBNB":0,"NMRBNB":0,"OCEANBNB":0,"OGNBNB":0,"ONEBNB":0,"ONTBNB":0,"PAXGBNB":0.07399355988863995,"PERLBNB":0,"POLSBNB":0.0033920972468040574,"PROMBNB":0.0022270500564217015,"RSRBNB":0,"RUNEBNB":0.006427648850050988,"RVNBNB":0,"SANDBNB":0,"SCBNB":0,"SNXBNB":0,"SOLBNB":0,"SPARTABNB":0.0545810133295381,"SRMBNB":0,"STMXBNB":0,"STXBNB":0.013281177423418387,"SUSHIBNB":0,"SWRVBNB":0.016858648683340437,"SXPBNB":0,"THETABNB":0,"TROYBNB":0,"TRXBNB":0,"UNFIBNB":0.008228692417195873,"UNIBNB":0,"VETBNB":0.005705782324574623,"VTHOBNB":0,"WABIBNB":0.030002687476299122,"WANBNB":0,"WAVESBNB":0,"WINBNB":0.04291500678025897,"WINGBNB":0,"WNXMBNB":0,"WRXBNB":0.00546295341652266,"WTCBNB":0,"XLMBNB":0,"XMRBNB":0,"XRPBNB":0.01932856024179831,"XTZBNB":0.010723777813654533,"XVSBNB":0,"YFIBNB":0.01197940099877495,"YFIIBNB":0,"ZECBNB":0,"ZENBNB":0.007647447693313857,"ZILBNB":0},"numerosità_campione":528,"expected_return":0.000021518794313762334,"standard_deviation":0.005121671813862871,"sharpe_ratio":0.004201517609058284}