{"weights":{"AAVEBNB":0,"ADABNB":0,"ALGOBNB":0.016941096074702913,"ALPHABNB":0,"ANKRBNB":0,"ANTBNB":0,"ARBNB":0,"ARPABNB":0.025362135617999514,"ATOMBNB":0,"AVABNB":0,"AVAXBNB":0,"AXSBNB":0,"BAKEBNB":0.02394075807221849,"BANDBNB":0,"BATBNB":0,"BCHBNB":0,"BELBNB":0.006415412686199916,"BIFIBNB":0.03921885809076665,"BLZBNB":0.001972524379467199,"BTTBNB":0,"BURGERBNB":0.005662372838364182,"CAKEBNB":0.22621956571690116,"CELRBNB":0,"CHRBNB":0,"CHZBNB":0,"COCOSBNB":0,"COSBNB":0.03278340982751859,"COTIBNB":0,"CREAMBNB":0.026180231567418423,"CRVBNB":0.004453794705013492,"CTKBNB":0.009942990653186082,"CTSIBNB":0,"DASHBNB":0,"DGBBNB":0,"DIABNB":0,"DOTBNB":0,"EGLDBNB":0,"ENJBNB":0,"EOSBNB":0.0304326700603583,"ETCBNB":0,"FETBNB":0,"FILBNB":0,"FIOBNB":0.0026928223082740934,"FTMBNB":0,"FTTBNB":0.1263414268954993,"HARDBNB":0.004062056034400415,"HBARBNB":0,"HOTBNB":0,"ICPBNB":0.004183168492382425,"ICXBNB":0,"INJBNB":0.01623596544660503,"IOSTBNB":0.00788173115875225,"IOTABNB":0,"IQBNB":0,"JSTBNB":0,"KAVABNB":0.015323951497563638,"KP3RBNB":0.013846278689423284,"KSMBNB":0.0037367445336852594,"LTCBNB":0.006630019007899826,"LUNABNB":0,"MATICBNB":0,"MBLBNB":0,"MFTBNB":0.01317018421614134,"MITHBNB":0,"MKRBNB":0,"NEARBNB":0,"NEOBNB":0,"NMRBNB":0,"OCEANBNB":0,"OGNBNB":0,"ONEBNB":0,"ONTBNB":0,"PAXGBNB":0.06468371814667292,"PERLBNB":0,"POLSBNB":0.007625544910415828,"PROMBNB":0.0008496017679177375,"RSRBNB":0,"RUNEBNB":0.006625794981500726,"RVNBNB":0,"SANDBNB":0,"SCBNB":0,"SNXBNB":0,"SOLBNB":0,"SPARTABNB":0.05694870143342322,"SRMBNB":0,"STMXBNB":0,"STXBNB":0.01178654262439235,"SUSHIBNB":0,"SWRVBNB":0.017587082126322665,"SXPBNB":0,"THETABNB":0,"TROYBNB":0,"TRXBNB":0,"UNFIBNB":0.009111108281638962,"UNIBNB":0,"VETBNB":0,"VTHOBNB":0,"WABIBNB":0.023094006746271385,"WANBNB":0,"WAVESBNB":0,"WINBNB":0.057281226326309886,"WINGBNB":0,"WNXMBNB":0,"WRXBNB":0,"WTCBNB":0,"XLMBNB":0,"XMRBNB":0,"XRPBNB":0.04136367055093826,"XTZBNB":0.01298524151370053,"XVSBNB":0.005904869847771379,"YFIBNB":0.018513437885556448,"YFIIBNB":0,"ZECBNB":0,"ZENBNB":0.002009284286425847,"ZILBNB":0},"numerosità_campione":528,"expected_return":-0.00007331815174885691,"standard_deviation":0.0049793927371378135,"sharpe_ratio":-0.014724315919495164}