{"weights":{"AAVEBNB":0,"ADABNB":0,"ALGOBNB":0.017630508851564024,"ALPHABNB":0,"ANKRBNB":0,"ANTBNB":0,"ARBNB":0,"ARPABNB":0.02505919716077703,"ATOMBNB":0,"AVABNB":0,"AVAXBNB":0,"AXSBNB":0,"BAKEBNB":0.0234223126579109,"BANDBNB":0,"BATBNB":0,"BCHBNB":0,"BELBNB":0.0068879687740041615,"BIFIBNB":0.04095956469949222,"BLZBNB":0.0013246295386547813,"BTTBNB":0,"BURGERBNB":0.0061474011582684455,"CAKEBNB":0.22838408722104991,"CELRBNB":0,"CHRBNB":0,"CHZBNB":0,"COCOSBNB":0,"COSBNB":0.03541676954365813,"COTIBNB":0,"CREAMBNB":0.02926514255431481,"CRVBNB":0.005994827093616807,"CTKBNB":0.008586027405395734,"CTSIBNB":0,"DASHBNB":0,"DGBBNB":0,"DIABNB":0,"DOTBNB":0,"EGLDBNB":0,"ENJBNB":0,"EOSBNB":0.03006277062439009,"ETCBNB":0,"FETBNB":0,"FILBNB":0,"FIOBNB":0.0032259767109678993,"FTMBNB":0,"FTTBNB":0.12009178648124452,"HARDBNB":0.0048666251656655606,"HBARBNB":0,"HOTBNB":0,"ICPBNB":0.003612056397156703,"ICXBNB":0,"INJBNB":0.014902258359555198,"IOSTBNB":0.008063979012056535,"IOTABNB":0,"IQBNB":0,"JSTBNB":0,"KAVABNB":0.016871644138539,"KP3RBNB":0.013823174945416846,"KSMBNB":0.005825248487281903,"LTCBNB":0.0023285239907564867,"LUNABNB":0,"MATICBNB":0,"MBLBNB":0,"MFTBNB":0.014642552920500044,"MITHBNB":0,"MKRBNB":0,"NEARBNB":0,"NEOBNB":0,"NMRBNB":0,"OCEANBNB":0,"OGNBNB":0,"ONEBNB":0,"ONTBNB":0,"PAXGBNB":0.06720367386538502,"PERLBNB":0,"POLSBNB":0.00657116809121275,"PROMBNB":0.001212643932124955,"RSRBNB":0,"RUNEBNB":0.006688588028050619,"RVNBNB":0,"SANDBNB":0,"SCBNB":0,"SNXBNB":0,"SOLBNB":0,"SPARTABNB":0.05636821248397411,"SRMBNB":0,"STMXBNB":0,"STXBNB":0.012039378986289973,"SUSHIBNB":0,"SWRVBNB":0.017372860957218163,"SXPBNB":0,"THETABNB":0,"TROYBNB":0,"TRXBNB":0,"UNFIBNB":0.008892294565678138,"UNIBNB":0,"VETBNB":0.0019208762257758654,"VTHOBNB":0,"WABIBNB":0.024864659081971743,"WANBNB":0,"WAVESBNB":0,"WINBNB":0.05366092507457591,"WINGBNB":0,"WNXMBNB":0,"WRXBNB":0.0011467237977346877,"WTCBNB":0,"XLMBNB":0,"XMRBNB":0,"XRPBNB":0.036873117025719174,"XTZBNB":0.013006951606624143,"XVSBNB":0.004347749651797718,"YFIBNB":0.016976868830216492,"YFIIBNB":0,"ZECBNB":0,"ZENBNB":0.0034582739034125162,"ZILBNB":0},"numerosità_campione":528,"expected_return":-0.00004960891523320206,"standard_deviation":0.005009920216571378,"sharpe_ratio":-0.009902136778368247}