{"weights":{"AAVEBNB":0,"ADABNB":0.02264787063575647,"ALGOBNB":0.018893383210029414,"ALPHABNB":0,"ANKRBNB":0,"ANTBNB":0,"ARBNB":0.000561634661922836,"ARPABNB":0.020196727707032357,"ATOMBNB":0,"AVABNB":0,"AVAXBNB":0,"AXSBNB":0,"BAKEBNB":0.02023850709137918,"BANDBNB":0,"BATBNB":0,"BCHBNB":0,"BELBNB":0.0077154682226364115,"BIFIBNB":0.05021295106945638,"BLZBNB":0,"BTTBNB":0,"BURGERBNB":0.009879031658523078,"CAKEBNB":0.23890432680268398,"CELRBNB":0,"CHRBNB":0,"CHZBNB":0,"COCOSBNB":0,"COSBNB":0.04779937829601463,"COTIBNB":0,"CREAMBNB":0.04586405249658533,"CRVBNB":0.013239578074931133,"CTKBNB":0.003660630321206576,"CTSIBNB":0,"DASHBNB":0,"DGBBNB":0,"DIABNB":0,"DOTBNB":0,"EGLDBNB":0,"ENJBNB":0,"EOSBNB":0.021073841410106577,"ETCBNB":0,"FETBNB":0,"FILBNB":0,"FIOBNB":0.006252928781371049,"FTMBNB":0,"FTTBNB":0.07962527660252364,"HARDBNB":0.008817216360627397,"HBARBNB":0,"HOTBNB":0,"ICPBNB":0,"ICXBNB":0,"INJBNB":0.0058976500821445385,"IOSTBNB":0.005298005658275064,"IOTABNB":0,"IQBNB":0,"JSTBNB":0,"KAVABNB":0.02502003393454822,"KP3RBNB":0.014009058895644511,"KSMBNB":0.01696717148362938,"LTCBNB":0,"LUNABNB":0,"MATICBNB":0,"MBLBNB":0,"MFTBNB":0.02236728346251561,"MITHBNB":0,"MKRBNB":0,"NEARBNB":0,"NEOBNB":0,"NMRBNB":0,"OCEANBNB":0,"OGNBNB":0,"ONEBNB":0,"ONTBNB":0,"PAXGBNB":0.0803322015606189,"PERLBNB":0,"POLSBNB":0.0004887370581619789,"PROMBNB":0.0030826667723114288,"RSRBNB":0,"RUNEBNB":0.006177085927794412,"RVNBNB":0,"SANDBNB":0,"SCBNB":0,"SNXBNB":0,"SOLBNB":0,"SPARTABNB":0.05277743455925936,"SRMBNB":0,"STMXBNB":0,"STXBNB":0.013993279911377964,"SUSHIBNB":0,"SWRVBNB":0.016492928224829777,"SXPBNB":0,"THETABNB":0,"TROYBNB":0,"TRXBNB":0,"UNFIBNB":0.0075220938105225055,"UNIBNB":0,"VETBNB":0.008146985340837487,"VTHOBNB":0,"WABIBNB":0.03401063602148433,"WANBNB":0,"WAVESBNB":0,"WINBNB":0.03292105284296147,"WINGBNB":0,"WNXMBNB":0,"WRXBNB":0.009184409636410543,"WTCBNB":0,"XLMBNB":0,"XMRBNB":0,"XRPBNB":0.0036539607439685737,"XTZBNB":0.009022853897761505,"XVSBNB":0,"YFIBNB":0.006225160318572038,"YFIIBNB":0,"ZECBNB":0,"ZENBNB":0.01082650645358404,"ZILBNB":0},"numerosità_campione":528,"expected_return":0.00008079188560289933,"standard_deviation":0.005236832248307022,"sharpe_ratio":0.01542762528416257}