{"weights":{"AAVEBNB":0,"ADABNB":0.03475592210532886,"ALGOBNB":0.018290152858835052,"ALPHABNB":0,"ANKRBNB":0,"ANTBNB":0,"ARBNB":0.0028849923205682177,"ARPABNB":0.01603037599078428,"ATOMBNB":0,"AVABNB":0,"AVAXBNB":0,"AXSBNB":0,"BAKEBNB":0.017164329484410688,"BANDBNB":0,"BATBNB":0,"BCHBNB":0,"BELBNB":0.0077594858850090695,"BIFIBNB":0.055504384989899194,"BLZBNB":0,"BTTBNB":0,"BURGERBNB":0.011034234450816239,"CAKEBNB":0.24449364136430785,"CELRBNB":0,"CHRBNB":0,"CHZBNB":0,"COCOSBNB":0,"COSBNB":0.05386310965260578,"COTIBNB":0,"CREAMBNB":0.05636904302131877,"CRVBNB":0.017315921258495074,"CTKBNB":0,"CTSIBNB":0,"DASHBNB":0,"DGBBNB":0,"DIABNB":0,"DOTBNB":0,"EGLDBNB":0,"ENJBNB":0,"EOSBNB":0.011389795554887798,"ETCBNB":0,"FETBNB":0,"FILBNB":0,"FIOBNB":0.008279247223668703,"FTMBNB":0,"FTTBNB":0.04732783619873238,"HARDBNB":0.011714510824207703,"HBARBNB":0,"HOTBNB":0,"ICPBNB":0,"ICXBNB":0,"INJBNB":0,"IOSTBNB":0.001627929569659329,"IOTABNB":0,"IQBNB":0,"JSTBNB":0,"KAVABNB":0.030163776042185102,"KP3RBNB":0.01314720941532554,"KSMBNB":0.02342992252131741,"LTCBNB":0,"LUNABNB":0,"MATICBNB":0,"MBLBNB":0,"MFTBNB":0.026538969735333498,"MITHBNB":0.0015623533915892103,"MKRBNB":0,"NEARBNB":0,"NEOBNB":0,"NMRBNB":0,"OCEANBNB":0,"OGNBNB":0,"ONEBNB":0,"ONTBNB":0,"PAXGBNB":0.08794366736283155,"PERLBNB":0,"POLSBNB":0,"PROMBNB":0.00400726351523883,"RSRBNB":0,"RUNEBNB":0.005723566643511642,"RVNBNB":0,"SANDBNB":0,"SCBNB":0,"SNXBNB":0,"SOLBNB":0,"SPARTABNB":0.05015469923090717,"SRMBNB":0,"STMXBNB":0,"STXBNB":0.014924394095098352,"SUSHIBNB":0,"SWRVBNB":0.01628635462146648,"SXPBNB":0,"THETABNB":0,"TROYBNB":0,"TRXBNB":0,"UNFIBNB":0.005711061489005726,"UNIBNB":0.001728991469189756,"VETBNB":0.010419217075297315,"VTHOBNB":0,"WABIBNB":0.03884259257827956,"WANBNB":0,"WAVESBNB":0,"WINBNB":0.01836105863571248,"WINGBNB":0,"WNXMBNB":0,"WRXBNB":0.013290780538488848,"WTCBNB":0,"XLMBNB":0,"XMRBNB":0,"XRPBNB":0,"XTZBNB":0.006752626810298459,"XVSBNB":0,"YFIBNB":0,"YFIIBNB":0,"ZECBNB":0,"ZENBNB":0.015206582075388282,"ZILBNB":0},"numerosità_campione":528,"expected_return":0.0001519195951498637,"standard_deviation":0.005401990587600953,"sharpe_ratio":0.028122891494583635}