{"weights":{"AAVEBNB":0,"ADABNB":0.006196019665232376,"ALGOBNB":0.018097994627664413,"ALPHABNB":0,"ANKRBNB":0,"ANTBNB":0,"ARBNB":0,"ARPABNB":0.023687974799100474,"ATOMBNB":0,"AVABNB":0,"AVAXBNB":0,"AXSBNB":0,"BAKEBNB":0.02236725860208078,"BANDBNB":0,"BATBNB":0,"BCHBNB":0,"BELBNB":0.007254653506695246,"BIFIBNB":0.044253242013331646,"BLZBNB":0.00010535109197438972,"BTTBNB":0,"BURGERBNB":0.0074640053320885295,"CAKEBNB":0.23248601004077088,"CELRBNB":0,"CHRBNB":0,"CHZBNB":0,"COCOSBNB":0,"COSBNB":0.04014331005861128,"COTIBNB":0,"CREAMBNB":0.03518235076095941,"CRVBNB":0.008631681585430479,"CTKBNB":0.006646797559534491,"CTSIBNB":0,"DASHBNB":0,"DGBBNB":0,"DIABNB":0,"DOTBNB":0,"EGLDBNB":0,"ENJBNB":0,"EOSBNB":0.02756409554482847,"ETCBNB":0,"FETBNB":0,"FILBNB":0,"FIOBNB":0.004331822246489621,"FTMBNB":0,"FTTBNB":0.10659836344847048,"HARDBNB":0.006302714411091081,"HBARBNB":0,"HOTBNB":0,"ICPBNB":0.002273573396931888,"ICXBNB":0,"INJBNB":0.011857788801412094,"IOSTBNB":0.007362404942417006,"IOTABNB":0,"IQBNB":0,"JSTBNB":0,"KAVABNB":0.019811938218733425,"KP3RBNB":0.01385132689053645,"KSMBNB":0.009919515747935596,"LTCBNB":0,"LUNABNB":0,"MATICBNB":0,"MBLBNB":0,"MFTBNB":0.017465191312352933,"MITHBNB":0,"MKRBNB":0,"NEARBNB":0,"NEOBNB":0,"NMRBNB":0,"OCEANBNB":0,"OGNBNB":0,"ONEBNB":0,"ONTBNB":0,"PAXGBNB":0.07174761622766723,"PERLBNB":0,"POLSBNB":0.004454466369339561,"PROMBNB":0.001890339150797664,"RSRBNB":0,"RUNEBNB":0.006532887979040912,"RVNBNB":0,"SANDBNB":0,"SCBNB":0,"SNXBNB":0,"SOLBNB":0,"SPARTABNB":0.055187200557713756,"SRMBNB":0,"STMXBNB":0,"STXBNB":0.012831219162544332,"SUSHIBNB":0,"SWRVBNB":0.017030796057977093,"SXPBNB":0,"THETABNB":0,"TROYBNB":0,"TRXBNB":0,"UNFIBNB":0.008461656677997751,"UNIBNB":0,"VETBNB":0.004722742587118239,"VTHOBNB":0,"WABIBNB":0.028296244131212716,"WANBNB":0,"WAVESBNB":0,"WINBNB":0.046537262753452206,"WINGBNB":0,"WNXMBNB":0,"WRXBNB":0.004009193391282558,"WTCBNB":0,"XLMBNB":0,"XMRBNB":0,"XRPBNB":0.025494684501928787,"XTZBNB":0.011609660678075458,"XVSBNB":0.0013088860746585903,"YFIBNB":0.013753574775183134,"YFIIBNB":0,"ZECBNB":0,"ZENBNB":0.006276184319336494,"ZILBNB":0},"numerosità_campione":528,"expected_return":-0.000002190442201892492,"standard_deviation":0.005081199168464263,"sharpe_ratio":-0.00043108764865726156}