{"weights":{"AAVEBNB":0,"ADABNB":0.048603212593742375,"ALGOBNB":0.014105240481353448,"ALPHABNB":0,"ANKRBNB":0,"ANTBNB":0,"ARBNB":0.006386202483940338,"ARPABNB":0.00726889942371874,"ATOMBNB":0,"AVABNB":0,"AVAXBNB":0,"AXSBNB":0,"BAKEBNB":0.007809412448077861,"BANDBNB":0,"BATBNB":0,"BCHBNB":0,"BELBNB":0.006195094291738352,"BIFIBNB":0.06362359802271562,"BLZBNB":0,"BTTBNB":0,"BURGERBNB":0.01071691054915973,"CAKEBNB":0.25151017036620904,"CELRBNB":0,"CHRBNB":0,"CHZBNB":0,"COCOSBNB":0,"COSBNB":0.06133966659961938,"COTIBNB":0,"CREAMBNB":0.07241689420531497,"CRVBNB":0.021468534266936526,"CTKBNB":0,"CTSIBNB":0,"DASHBNB":0,"DGBBNB":0,"DIABNB":0,"DOTBNB":0,"EGLDBNB":0,"ENJBNB":0.0002051325154615047,"EOSBNB":0,"ETCBNB":0,"FETBNB":0,"FILBNB":0,"FIOBNB":0.011809268193274025,"FTMBNB":0,"FTTBNB":0,"HARDBNB":0.015560221464819229,"HBARBNB":0,"HOTBNB":0,"ICPBNB":0,"ICXBNB":0,"INJBNB":0,"IOSTBNB":0,"IOTABNB":0,"IQBNB":0,"JSTBNB":0,"KAVABNB":0.03657172576476882,"KP3RBNB":0.01025905600720149,"KSMBNB":0.03214466242852368,"LTCBNB":0,"LUNABNB":0,"MATICBNB":0,"MBLBNB":0,"MFTBNB":0.03150173190901239,"MITHBNB":0.00822454679508987,"MKRBNB":0,"NEARBNB":0,"NEOBNB":0,"NMRBNB":0,"OCEANBNB":0,"OGNBNB":0,"ONEBNB":0,"ONTBNB":0,"PAXGBNB":0.09682689324828535,"PERLBNB":0,"POLSBNB":0,"PROMBNB":0.00566044846563102,"RSRBNB":0,"RUNEBNB":0.0018069752950849599,"RVNBNB":0,"SANDBNB":0,"SCBNB":0,"SNXBNB":0,"SOLBNB":0,"SPARTABNB":0.04597583448547657,"SRMBNB":0,"STMXBNB":0,"STXBNB":0.015609515681915346,"SUSHIBNB":0,"SWRVBNB":0.016376499452770733,"SXPBNB":0,"THETABNB":0,"TROYBNB":0,"TRXBNB":0,"UNFIBNB":0.001455338863039298,"UNIBNB":0.007291320729190174,"VETBNB":0.011566384947107242,"VTHOBNB":0,"WABIBNB":0.04048999443670456,"WANBNB":0,"WAVESBNB":0,"WINBNB":0,"WINGBNB":0,"WNXMBNB":0,"WRXBNB":0.018508407539328354,"WTCBNB":0,"XLMBNB":0,"XMRBNB":0,"XRPBNB":0,"XTZBNB":0,"XVSBNB":0,"YFIBNB":0,"YFIIBNB":0,"ZECBNB":0,"ZENBNB":0.020712206044788885,"ZILBNB":0},"numerosità_campione":528,"expected_return":0.0002467565412124829,"standard_deviation":0.005671426525024421,"sharpe_ratio":0.04350872573658537}