{"weights":{"AAVEBNB":0,"ADABNB":0.03665688393981127,"ALGOBNB":0.01799209539868044,"ALPHABNB":0,"ANKRBNB":0,"ANTBNB":0,"ARBNB":0.0032520871528627666,"ARPABNB":0.01518050368718459,"ATOMBNB":0,"AVABNB":0,"AVAXBNB":0,"AXSBNB":0,"BAKEBNB":0.016212979134399494,"BANDBNB":0,"BATBNB":0,"BCHBNB":0,"BELBNB":0.007684137156422089,"BIFIBNB":0.05645398313343822,"BLZBNB":0,"BTTBNB":0,"BURGERBNB":0.011135282750061336,"CAKEBNB":0.24541497071802237,"CELRBNB":0,"CHRBNB":0,"CHZBNB":0,"COCOSBNB":0,"COSBNB":0.05472328935114662,"COTIBNB":0,"CREAMBNB":0.05818122305522106,"CRVBNB":0.0179832925792349,"CTKBNB":0,"CTSIBNB":0,"DASHBNB":0,"DGBBNB":0,"DIABNB":0,"DOTBNB":0,"EGLDBNB":0,"ENJBNB":0,"EOSBNB":0.009577940807863193,"ETCBNB":0,"FETBNB":0,"FILBNB":0,"FIOBNB":0.008624471686137381,"FTMBNB":0,"FTTBNB":0.040613204652042934,"HARDBNB":0.012158543852712953,"HBARBNB":0,"HOTBNB":0,"ICPBNB":0,"ICXBNB":0,"INJBNB":0,"IOSTBNB":0.0009162742600340652,"IOTABNB":0,"IQBNB":0,"JSTBNB":0,"KAVABNB":0.031010363443904003,"KP3RBNB":0.012894176202857807,"KSMBNB":0.024354837378722356,"LTCBNB":0,"LUNABNB":0,"MATICBNB":0,"MBLBNB":0,"MFTBNB":0.027173150282886978,"MITHBNB":0.0023056862905245774,"MKRBNB":0,"NEARBNB":0,"NEOBNB":0,"NMRBNB":0,"OCEANBNB":0,"OGNBNB":0,"ONEBNB":0,"ONTBNB":0,"PAXGBNB":0.08945319723571513,"PERLBNB":0,"POLSBNB":0,"PROMBNB":0.004154204013029571,"RSRBNB":0,"RUNEBNB":0.005353533167020507,"RVNBNB":0,"SANDBNB":0,"SCBNB":0,"SNXBNB":0,"SOLBNB":0,"SPARTABNB":0.04974789277439513,"SRMBNB":0,"STMXBNB":0,"STXBNB":0.01510038477195911,"SUSHIBNB":0,"SWRVBNB":0.01629248426374761,"SXPBNB":0,"THETABNB":0,"TROYBNB":0,"TRXBNB":0,"UNFIBNB":0.005329617441086697,"UNIBNB":0.0028447145677478543,"VETBNB":0.01066624761789783,"VTHOBNB":0,"WABIBNB":0.03944462665508695,"WANBNB":0,"WAVESBNB":0,"WINBNB":0.015526437505141044,"WINGBNB":0,"WNXMBNB":0,"WRXBNB":0.013894141063625371,"WTCBNB":0,"XLMBNB":0,"XMRBNB":0,"XRPBNB":0,"XTZBNB":0.005778035321972495,"XVSBNB":0,"YFIBNB":0,"YFIIBNB":0,"ZECBNB":0,"ZENBNB":0.01591510668740334,"ZILBNB":0},"numerosità_campione":528,"expected_return":0.00016377421340769112,"standard_deviation":0.0054325800302004,"sharpe_ratio":0.0301466729431043}