{"weights":{"AAVEBNB":0,"ADABNB":0,"ALGOBNB":0.006552197014520857,"ALPHABNB":0.00468745374127357,"ANKRBNB":0,"ANTBNB":0,"ARBNB":0,"ARPABNB":0.021328924788465466,"ATOMBNB":0,"AVABNB":0,"AVAXBNB":0,"AXSBNB":0,"BAKEBNB":0.024550849469420363,"BANDBNB":0,"BATBNB":0,"BCHBNB":0,"BELBNB":0.004063609593715432,"BIFIBNB":0.026905006699809608,"BLZBNB":0.0035056083248617967,"BTTBNB":0,"BURGERBNB":0.0021203277749446484,"CAKEBNB":0.2120672524381731,"CELRBNB":0,"CHRBNB":0,"CHZBNB":0,"COCOSBNB":0,"COSBNB":0.016161995512864468,"COTIBNB":0,"CREAMBNB":0.005185138691260681,"CRVBNB":0,"CTKBNB":0.017257005899605857,"CTSIBNB":0,"DASHBNB":0,"DGBBNB":0,"DIABNB":0,"DOTBNB":0,"EGLDBNB":0,"ENJBNB":0,"EOSBNB":0.029095285824103406,"ETCBNB":0,"FETBNB":0,"FILBNB":0,"FIOBNB":0,"FTMBNB":0,"FTTBNB":0.16472783213668485,"HARDBNB":0,"HBARBNB":0,"HOTBNB":0,"ICPBNB":0.00760948370046264,"ICXBNB":0,"INJBNB":0.021035097020447743,"IOSTBNB":0.0014472583971391882,"IOTABNB":0,"IQBNB":0,"JSTBNB":0,"KAVABNB":0.0027958012952878186,"KP3RBNB":0.013175711964913406,"KSMBNB":0,"LTCBNB":0.029493641880936255,"LUNABNB":0,"MATICBNB":0,"MBLBNB":0,"MFTBNB":0.003457562195271611,"MITHBNB":0,"MKRBNB":0,"NEARBNB":0,"NEOBNB":0,"NMRBNB":0,"OCEANBNB":0,"OGNBNB":0,"ONEBNB":0,"ONTBNB":0,"PAXGBNB":0.048347820328327074,"PERLBNB":0,"POLSBNB":0.013905303393787285,"PROMBNB":0,"RSRBNB":0,"RUNEBNB":0.0061074996445960456,"RVNBNB":0,"SANDBNB":0,"SCBNB":0,"SNXBNB":0,"SOLBNB":0,"SPARTABNB":0.05993113823082016,"SRMBNB":0,"STMXBNB":0,"STXBNB":0.00848524850021834,"SUSHIBNB":0,"SWRVBNB":0.01805370771774857,"SXPBNB":0,"THETABNB":0,"TROYBNB":0,"TRXBNB":0.0254008409097766,"UNFIBNB":0.010638402541167307,"UNIBNB":0,"VETBNB":0,"VTHOBNB":0,"WABIBNB":0.009053338290194748,"WANBNB":0,"WAVESBNB":0,"WINBNB":0.07234784327573923,"WINGBNB":0,"WNXMBNB":0,"WRXBNB":0,"WTCBNB":0,"XLMBNB":0,"XMRBNB":0,"XRPBNB":0.06412597812668672,"XTZBNB":0.007963127726235357,"XVSBNB":0.014081237432904618,"YFIBNB":0.024335469517635322,"YFIIBNB":0,"ZECBNB":0,"ZENBNB":0,"ZILBNB":0},"numerosità_campione":528,"expected_return":-0.0002037189525849583,"standard_deviation":0.00488652700885819,"sharpe_ratio":-0.041689926652540954}