{"weights":{"AAVEBNB":0,"ADABNB":0.04597904614628436,"ALGOBNB":0.016230994039382603,"ALPHABNB":0,"ANKRBNB":0,"ANTBNB":0,"ARBNB":0.005119755653389885,"ARPABNB":0.011068136455819463,"ATOMBNB":0,"AVABNB":0,"AVAXBNB":0,"AXSBNB":0,"BAKEBNB":0.011384446182064545,"BANDBNB":0,"BATBNB":0,"BCHBNB":0,"BELBNB":0.007147669115161832,"BIFIBNB":0.061283234980093575,"BLZBNB":0,"BTTBNB":0,"BURGERBNB":0.011562056373954835,"CAKEBNB":0.25001306693071756,"CELRBNB":0,"CHRBNB":0,"CHZBNB":0,"COCOSBNB":0,"COSBNB":0.05904273461432658,"COTIBNB":0,"CREAMBNB":0.06721471327737595,"CRVBNB":0.021173584082480514,"CTKBNB":0,"CTSIBNB":0,"DASHBNB":0,"DGBBNB":0,"DIABNB":0,"DOTBNB":0,"EGLDBNB":0,"ENJBNB":0,"EOSBNB":0.0001991917041339055,"ETCBNB":0,"FETBNB":0,"FILBNB":0,"FIOBNB":0.010374037174375258,"FTMBNB":0,"FTTBNB":0.006623032938840121,"HARDBNB":0.014389344807230751,"HBARBNB":0,"HOTBNB":0,"ICPBNB":0,"ICXBNB":0,"INJBNB":0,"IOSTBNB":0,"IOTABNB":0,"IQBNB":0,"JSTBNB":0,"KAVABNB":0.03508385357764003,"KP3RBNB":0.011595641884521779,"KSMBNB":0.029001555465807505,"LTCBNB":0,"LUNABNB":0,"MATICBNB":0,"MBLBNB":0,"MFTBNB":0.030136875293530416,"MITHBNB":0.006003009433060809,"MKRBNB":0,"NEARBNB":0,"NEOBNB":0,"NMRBNB":0,"OCEANBNB":0,"OGNBNB":0,"ONEBNB":0,"ONTBNB":0,"PAXGBNB":0.09712537847027346,"PERLBNB":0,"POLSBNB":0,"PROMBNB":0.00488058024596217,"RSRBNB":0,"RUNEBNB":0.0036849577172436646,"RVNBNB":0,"SANDBNB":0,"SCBNB":0,"SNXBNB":0,"SOLBNB":0,"SPARTABNB":0.04768335659442032,"SRMBNB":0,"STMXBNB":0,"STXBNB":0.01589448794632937,"SUSHIBNB":0,"SWRVBNB":0.016384545858825803,"SXPBNB":0,"THETABNB":0,"TROYBNB":0,"TRXBNB":0,"UNFIBNB":0.0032749393531634747,"UNIBNB":0.00818464227117508,"VETBNB":0.011765785164941934,"VTHOBNB":0,"WABIBNB":0.04243362204955597,"WANBNB":0,"WAVESBNB":0,"WINBNB":0.0011453568099340284,"WINGBNB":0,"WNXMBNB":0,"WRXBNB":0.016898184419577664,"WTCBNB":0,"XLMBNB":0,"XMRBNB":0,"XRPBNB":0,"XTZBNB":0.0007365245669741632,"XVSBNB":0,"YFIBNB":0,"YFIIBNB":0,"ZECBNB":0,"ZENBNB":0.0192816584014308,"ZILBNB":0},"numerosità_campione":528,"expected_return":0.00022304730469682808,"standard_deviation":0.005598400030693131,"sharpe_ratio":0.039841258837163315}