{"weights":{"AAVEBNB":0,"ADABNB":0,"ALGOBNB":0.017316791574324454,"ALPHABNB":0,"ANKRBNB":0,"ANTBNB":0,"ARBNB":0,"ARPABNB":0.025228047672916906,"ATOMBNB":0,"AVABNB":0,"AVAXBNB":0,"AXSBNB":0,"BAKEBNB":0.023695374576794666,"BANDBNB":0,"BATBNB":0,"BCHBNB":0,"BELBNB":0.006646503752794962,"BIFIBNB":0.04010950597044831,"BLZBNB":0.001645025431125134,"BTTBNB":0,"BURGERBNB":0.005899608042769789,"CAKEBNB":0.22731388530399507,"CELRBNB":0,"CHRBNB":0,"CHZBNB":0,"COCOSBNB":0,"COSBNB":0.03413004207126441,"COTIBNB":0,"CREAMBNB":0.02774557058092709,"CRVBNB":0.005234691422886608,"CTKBNB":0.009236384474934857,"CTSIBNB":0,"DASHBNB":0,"DGBBNB":0,"DIABNB":0,"DOTBNB":0,"EGLDBNB":0,"ENJBNB":0,"EOSBNB":0.03022967628560393,"ETCBNB":0,"FETBNB":0,"FILBNB":0,"FIOBNB":0.002965262120240307,"FTMBNB":0,"FTTBNB":0.12316063913384086,"HARDBNB":0.0044652130701408,"HBARBNB":0,"HOTBNB":0,"ICPBNB":0.003894522547210655,"ICXBNB":0,"INJBNB":0.01557863288229774,"IOSTBNB":0.007995466320998883,"IOTABNB":0,"IQBNB":0,"JSTBNB":0,"KAVABNB":0.016103409854344126,"KP3RBNB":0.013834347614013021,"KSMBNB":0.004803701074065577,"LTCBNB":0.004454761194311707,"LUNABNB":0,"MATICBNB":0,"MBLBNB":0,"MFTBNB":0.01391991744929247,"MITHBNB":0,"MKRBNB":0,"NEARBNB":0,"NEOBNB":0,"NMRBNB":0,"OCEANBNB":0,"OGNBNB":0,"ONEBNB":0,"ONTBNB":0,"PAXGBNB":0.06592717239851743,"PERLBNB":0,"POLSBNB":0.0070903675977268925,"PROMBNB":0.0010398414611580238,"RSRBNB":0,"RUNEBNB":0.006663121381432287,"RVNBNB":0,"SANDBNB":0,"SCBNB":0,"SNXBNB":0,"SOLBNB":0,"SPARTABNB":0.056656572657548254,"SRMBNB":0,"STMXBNB":0,"STXBNB":0.011925392026426136,"SUSHIBNB":0,"SWRVBNB":0.017479638673745468,"SXPBNB":0,"THETABNB":0,"TROYBNB":0,"TRXBNB":0,"UNFIBNB":0.009005415953545252,"UNIBNB":0,"VETBNB":0.000870294480352209,"VTHOBNB":0,"WABIBNB":0.02400798677048325,"WANBNB":0,"WAVESBNB":0,"WINBNB":0.05549403876209776,"WINGBNB":0,"WNXMBNB":0,"WRXBNB":0.0004304753964239186,"WTCBNB":0,"XLMBNB":0,"XMRBNB":0,"XRPBNB":0.03915134361113494,"XTZBNB":0.01302157278724126,"XVSBNB":0.005118243786403407,"YFIBNB":0.017752900696241858,"YFIIBNB":0,"ZECBNB":0,"ZENBNB":0.0027586411379789486,"ZILBNB":0},"numerosità_campione":528,"expected_return":-0.00006146353349102951,"standard_deviation":0.004994216696071329,"sharpe_ratio":-0.012306941655010572}