{"weights":{"AAVEBNB":0,"ADABNB":0.04966112952884234,"ALGOBNB":0.012666951143853114,"ALPHABNB":0,"ANKRBNB":0,"ANTBNB":0,"ARBNB":0.00709752920244969,"ARPABNB":0.004962384382246213,"ATOMBNB":0,"AVABNB":0,"AVAXBNB":0,"AXSBNB":0,"BAKEBNB":0.005682645825457481,"BANDBNB":0,"BATBNB":0,"BCHBNB":0,"BELBNB":0.005586096894573031,"BIFIBNB":0.06487063204449614,"BLZBNB":0,"BTTBNB":0,"BURGERBNB":0.010060272995501926,"CAKEBNB":0.2520762114345302,"CELRBNB":0,"CHRBNB":0,"CHZBNB":0,"COCOSBNB":0,"COSBNB":0.0625654670529862,"COTIBNB":0,"CREAMBNB":0.07537743886422792,"CRVBNB":0.02136639392479358,"CTKBNB":0,"CTSIBNB":0,"DASHBNB":0,"DGBBNB":0,"DIABNB":0,"DOTBNB":0,"EGLDBNB":0,"ENJBNB":0.0004805593357064357,"EOSBNB":0,"ETCBNB":0,"FETBNB":0,"FILBNB":0,"FIOBNB":0.012697634660179206,"FTMBNB":0,"FTTBNB":0,"HARDBNB":0.016222685301887835,"HBARBNB":0,"HOTBNB":0,"ICPBNB":0,"ICXBNB":0,"INJBNB":0,"IOSTBNB":0,"IOTABNB":0,"IQBNB":0,"JSTBNB":0,"KAVABNB":0.03729046690284054,"KP3RBNB":0.009353995722544906,"KSMBNB":0.03408177611361904,"LTCBNB":0,"LUNABNB":0,"MATICBNB":0,"MBLBNB":0,"MFTBNB":0.03222655369517983,"MITHBNB":0.009475772107680754,"MKRBNB":0,"NEARBNB":0,"NEOBNB":0,"NMRBNB":0,"OCEANBNB":0,"OGNBNB":0,"ONEBNB":0,"ONTBNB":0,"PAXGBNB":0.09560750788517988,"PERLBNB":0,"POLSBNB":0,"PROMBNB":0.00617560705636334,"RSRBNB":0,"RUNEBNB":0.0004859556472316174,"RVNBNB":0,"SANDBNB":0,"SCBNB":0,"SNXBNB":0,"SOLBNB":0,"SPARTABNB":0.04489178242100236,"SRMBNB":0,"STMXBNB":0,"STXBNB":0.015258831014485243,"SUSHIBNB":0,"SWRVBNB":0.016348888551490148,"SXPBNB":0,"THETABNB":0,"TROYBNB":0,"TRXBNB":0,"UNFIBNB":0.0002860178564478974,"UNIBNB":0.006101724714541565,"VETBNB":0.011383094882253763,"VTHOBNB":0,"WABIBNB":0.0387102969505462,"WANBNB":0,"WAVESBNB":0,"WINBNB":0,"WINGBNB":0,"WNXMBNB":0,"WRXBNB":0.01942764493214541,"WTCBNB":0,"XLMBNB":0,"XMRBNB":0,"XRPBNB":0,"XTZBNB":0,"XVSBNB":0,"YFIBNB":0,"YFIIBNB":0,"ZECBNB":0,"ZENBNB":0.021520050954715902,"ZILBNB":0},"numerosità_campione":528,"expected_return":0.0002586111594703104,"standard_deviation":0.005710545273888108,"sharpe_ratio":0.04528659647491617}