{"weights":{"AAVEBNB":0,"ADABNB":0,"ALGOBNB":0.007682047268310222,"ALPHABNB":0.002560933769148163,"ANKRBNB":0,"ANTBNB":0,"ARBNB":0,"ARPABNB":0.02199786644906517,"ATOMBNB":0,"AVABNB":0,"AVAXBNB":0,"AXSBNB":0,"BAKEBNB":0.02461280360491831,"BANDBNB":0,"BATBNB":0,"BCHBNB":0,"BELBNB":0.004346783895015918,"BIFIBNB":0.02807574464462264,"BLZBNB":0.0035700238652389875,"BTTBNB":0,"BURGERBNB":0.002422029852636267,"CAKEBNB":0.21344306805157864,"CELRBNB":0,"CHRBNB":0,"CHZBNB":0,"COCOSBNB":0,"COSBNB":0.01759696211188116,"COTIBNB":0,"CREAMBNB":0.007006524423628891,"CRVBNB":0,"CTKBNB":0.016845593221429783,"CTSIBNB":0,"DASHBNB":0,"DGBBNB":0,"DIABNB":0,"DOTBNB":0,"EGLDBNB":0,"ENJBNB":0,"EOSBNB":0.029417230089137082,"ETCBNB":0,"FETBNB":0,"FILBNB":0,"FIOBNB":0,"FTMBNB":0,"FTTBNB":0.16162233816011562,"HARDBNB":0,"HBARBNB":0,"HOTBNB":0,"ICPBNB":0.007217741204116391,"ICXBNB":0,"INJBNB":0.02096124331226562,"IOSTBNB":0.002113537649203615,"IOTABNB":0,"IQBNB":0,"JSTBNB":0,"KAVABNB":0.004225356872426661,"KP3RBNB":0.013275345070873568,"KSMBNB":0,"LTCBNB":0.02790028421635634,"LUNABNB":0,"MATICBNB":0,"MBLBNB":0,"MFTBNB":0.004361845099532849,"MITHBNB":0,"MKRBNB":0,"NEARBNB":0,"NEOBNB":0,"NMRBNB":0,"OCEANBNB":0,"OGNBNB":0,"ONEBNB":0,"ONTBNB":0,"PAXGBNB":0.04980971689909826,"PERLBNB":0,"POLSBNB":0.013382766203610045,"PROMBNB":0,"RSRBNB":0,"RUNEBNB":0.006275138839458891,"RVNBNB":0,"SANDBNB":0,"SCBNB":0,"SNXBNB":0,"SOLBNB":0,"SPARTABNB":0.05974738094419521,"SRMBNB":0,"STMXBNB":0,"STXBNB":0.008681389481738832,"SUSHIBNB":0,"SWRVBNB":0.018030601954883124,"SXPBNB":0,"THETABNB":0,"TROYBNB":0,"TRXBNB":0.022652409809224578,"UNFIBNB":0.010553878794003229,"UNIBNB":0,"VETBNB":0,"VTHOBNB":0,"WABIBNB":0.010405506002468928,"WANBNB":0,"WAVESBNB":0,"WINBNB":0.07103698964959332,"WINGBNB":0,"WNXMBNB":0,"WRXBNB":0,"WTCBNB":0,"XLMBNB":0,"XMRBNB":0,"XRPBNB":0.062061857310090285,"XTZBNB":0.008554210660586072,"XVSBNB":0.01353968865339791,"YFIBNB":0.024013161966149433,"YFIIBNB":0,"ZECBNB":0,"ZENBNB":0,"ZILBNB":0},"numerosità_campione":528,"expected_return":-0.00019186433432713084,"standard_deviation":0.004889284770575825,"sharpe_ratio":-0.03924179983988423}