{"weights":{"AAVEBNB":0,"ADABNB":0.015618838730500312,"ALGOBNB":0.018516682762859893,"ALPHABNB":0,"ANKRBNB":0,"ANTBNB":0,"ARBNB":0,"ARPABNB":0.021892757072874337,"ATOMBNB":0,"AVABNB":0,"AVAXBNB":0,"AXSBNB":0,"BAKEBNB":0.021235267927572347,"BANDBNB":0,"BATBNB":0,"BCHBNB":0,"BELBNB":0.007473060848073098,"BIFIBNB":0.0476166230652811,"BLZBNB":0,"BTTBNB":0,"BURGERBNB":0.008873147844744207,"CAKEBNB":0.2361923649598571,"CELRBNB":0,"CHRBNB":0,"CHZBNB":0,"COCOSBNB":0,"COSBNB":0.044575740592308115,"COTIBNB":0,"CREAMBNB":0.04121955404005068,"CRVBNB":0.01119396763059773,"CTKBNB":0.00495526760140244,"CTSIBNB":0,"DASHBNB":0,"DGBBNB":0,"DIABNB":0,"DOTBNB":0,"EGLDBNB":0,"ENJBNB":0,"EOSBNB":0.023910421297730113,"ETCBNB":0,"FETBNB":0,"FILBNB":0,"FIOBNB":0.00541206484932366,"FTMBNB":0,"FTTBNB":0.0916232184645302,"HARDBNB":0.007713856367116982,"HBARBNB":0,"HOTBNB":0,"ICPBNB":0.000626635401963563,"ICXBNB":0,"INJBNB":0.008601662446834454,"IOSTBNB":0.006262601263953425,"IOTABNB":0,"IQBNB":0,"JSTBNB":0,"KAVABNB":0.022766749311308537,"KP3RBNB":0.013987360655510156,"KSMBNB":0.013933489225859992,"LTCBNB":0,"LUNABNB":0,"MATICBNB":0,"MBLBNB":0,"MFTBNB":0.020261155035567982,"MITHBNB":0,"MKRBNB":0,"NEARBNB":0,"NEOBNB":0,"NMRBNB":0,"OCEANBNB":0,"OGNBNB":0,"ONEBNB":0,"ONTBNB":0,"PAXGBNB":0.07656202612664363,"PERLBNB":0,"POLSBNB":0.00223652360633736,"PROMBNB":0.00258431826821469,"RSRBNB":0,"RUNEBNB":0.006273419265787493,"RVNBNB":0,"SANDBNB":0,"SCBNB":0,"SNXBNB":0,"SOLBNB":0,"SPARTABNB":0.05389755010054705,"SRMBNB":0,"STMXBNB":0,"STXBNB":0.013529415931079494,"SUSHIBNB":0,"SWRVBNB":0.016716375142859015,"SXPBNB":0,"THETABNB":0,"TROYBNB":0,"TRXBNB":0,"UNFIBNB":0.008001782920719895,"UNIBNB":0,"VETBNB":0.006747466503886469,"VTHOBNB":0,"WABIBNB":0.031616794823528326,"WANBNB":0,"WAVESBNB":0,"WINBNB":0.03891630034895607,"WINGBNB":0,"WNXMBNB":0,"WRXBNB":0.006943951164612638,"WTCBNB":0,"XLMBNB":0,"XMRBNB":0,"XRPBNB":0.012913818660897679,"XTZBNB":0.009921929092633355,"XVSBNB":0,"YFIBNB":0.00970590627101392,"YFIIBNB":0,"ZECBNB":0,"ZENBNB":0.008969934376462294,"ZILBNB":0},"numerosità_campione":528,"expected_return":0.000045228030829417105,"standard_deviation":0.0051653567161134995,"sharpe_ratio":0.008756032412694128}