{"weights":{"AAVEBNB":0,"ADABNB":0.008491643889574733,"ALGOBNB":0.018124358228789675,"ALPHABNB":0,"ANKRBNB":0,"ANTBNB":0,"ARBNB":0,"ARPABNB":0.023260471223087345,"ATOMBNB":0,"AVABNB":0,"AVAXBNB":0,"AXSBNB":0,"BAKEBNB":0.02211412578498074,"BANDBNB":0,"BATBNB":0,"BCHBNB":0,"BELBNB":0.007284165197976136,"BIFIBNB":0.0450581538299271,"BLZBNB":0,"BTTBNB":0,"BURGERBNB":0.007829141428369454,"CAKEBNB":0.2334883223485839,"CELRBNB":0,"CHRBNB":0,"CHZBNB":0,"COCOSBNB":0,"COSBNB":0.04127215607928735,"COTIBNB":0,"CREAMBNB":0.03665784104204539,"CRVBNB":0.009224096244026788,"CTKBNB":0.006209538845901053,"CTSIBNB":0,"DASHBNB":0,"DGBBNB":0,"DIABNB":0,"DOTBNB":0,"EGLDBNB":0,"ENJBNB":0,"EOSBNB":0.026717815806844777,"ETCBNB":0,"FETBNB":0,"FILBNB":0,"FIOBNB":0.004608392398287184,"FTMBNB":0,"FTTBNB":0.1030060798401562,"HARDBNB":0.006641898837325083,"HBARBNB":0,"HOTBNB":0,"ICPBNB":0.0019110589952337775,"ICXBNB":0,"INJBNB":0.011064627952794207,"IOSTBNB":0.0070714575933120295,"IOTABNB":0,"IQBNB":0,"JSTBNB":0,"KAVABNB":0.020538401457005268,"KP3RBNB":0.013875966000854964,"KSMBNB":0.01094160707762348,"LTCBNB":0,"LUNABNB":0,"MATICBNB":0,"MBLBNB":0,"MFTBNB":0.018167735503962293,"MITHBNB":0,"MKRBNB":0,"NEARBNB":0,"NEOBNB":0,"NMRBNB":0,"OCEANBNB":0,"OGNBNB":0,"ONEBNB":0,"ONTBNB":0,"PAXGBNB":0.07284216954895054,"PERLBNB":0,"POLSBNB":0.00392844294427357,"PROMBNB":0.002057348090993302,"RSRBNB":0,"RUNEBNB":0.00648063586009557,"RVNBNB":0,"SANDBNB":0,"SCBNB":0,"SNXBNB":0,"SOLBNB":0,"SPARTABNB":0.05488918647888329,"SRMBNB":0,"STMXBNB":0,"STXBNB":0.01306950897720592,"SUSHIBNB":0,"SWRVBNB":0.016944714842543954,"SXPBNB":0,"THETABNB":0,"TROYBNB":0,"TRXBNB":0,"UNFIBNB":0.008346977498139929,"UNIBNB":0,"VETBNB":0.005218533632190469,"VTHOBNB":0,"WABIBNB":0.029155608694390947,"WANBNB":0,"WAVESBNB":0,"WINBNB":0.044757365387838456,"WINGBNB":0,"WNXMBNB":0,"WRXBNB":0.0047321047139873215,"WTCBNB":0,"XLMBNB":0,"XMRBNB":0,"XRPBNB":0.022426686188942193,"XTZBNB":0.011153025350191071,"XVSBNB":0.0005635482446358543,"YFIBNB":0.01290743515877461,"YFIIBNB":0,"ZECBNB":0,"ZENBNB":0.0069676527820137935,"ZILBNB":0},"numerosità_campione":528,"expected_return":0.000009664176055934909,"standard_deviation":0.005101039627908749,"sharpe_ratio":0.001894550280115524}