{"weights":{"AAVEBNB":0,"ADABNB":0.05081106885490648,"ALGOBNB":0,"ALPHABNB":0.016617264843530443,"ANKRBNB":0,"ANTBNB":0,"ARBNB":0,"ARPABNB":0.015060375337406964,"ATOMBNB":0,"AVABNB":0.009279905608797955,"AVAXBNB":0.004386573879818442,"AXSBNB":0,"BAKEBNB":0,"BANDBNB":0,"BATBNB":0,"BCHBNB":0,"BELBNB":0.0069387666354212285,"BIFIBNB":0.04486818446959581,"BLZBNB":0.003793435654700139,"BTTBNB":0,"BURGERBNB":0,"CAKEBNB":0.35133627181182525,"CELRBNB":0,"CHRBNB":0,"CHZBNB":0,"COCOSBNB":0,"COSBNB":0.007662355552548716,"COTIBNB":0,"CREAMBNB":0.03371448481430234,"CRVBNB":0,"CTKBNB":0,"CTSIBNB":0.004484983681194428,"DASHBNB":0,"DGBBNB":0,"DIABNB":0,"DOTBNB":0,"EGLDBNB":0,"ENJBNB":0,"EOSBNB":0,"ETCBNB":0,"FETBNB":0,"FILBNB":0,"FIOBNB":0,"FTMBNB":0,"FTTBNB":0.13606751179237284,"HARDBNB":0.0036933438436011386,"HBARBNB":0,"HOTBNB":0,"ICPBNB":0.0007799024480080465,"ICXBNB":0,"INJBNB":0.00682163347562314,"IOSTBNB":0,"IOTABNB":0,"IQBNB":0,"JSTBNB":0,"KAVABNB":0.04131980399356458,"KP3RBNB":0,"KSMBNB":0,"LPTBNB":0,"LTCBNB":0,"LUNABNB":0,"MASKBNB":0.017836900794749,"MATICBNB":0,"MBLBNB":0,"MDXBNB":0.0029210816376544135,"MFTBNB":0,"MITHBNB":0,"MKRBNB":0,"NEARBNB":0,"NEOBNB":0,"NMRBNB":0.004862578263188094,"OCEANBNB":0.008665951970768809,"OGNBNB":0,"ONEBNB":0,"ONTBNB":0,"PAXGBNB":0,"PERLBNB":0.0031139817700685107,"POLSBNB":0.013829702671008293,"PROMBNB":0.0030376487800189656,"RSRBNB":0,"RUNEBNB":0,"RVNBNB":0,"SANDBNB":0,"SCBNB":0,"SNXBNB":0,"SOLBNB":0,"SPARTABNB":0.0278187430654745,"SRMBNB":0,"STMXBNB":0,"STXBNB":0,"SUSHIBNB":0,"SWRVBNB":0,"SXPBNB":0,"THETABNB":0,"TROYBNB":0,"TRXBNB":0.06754625850994858,"UNFIBNB":0,"UNIBNB":0,"VETBNB":0,"VTHOBNB":0,"WABIBNB":0.007721811771132058,"WANBNB":0.03961215877653951,"WAVESBNB":0,"WINBNB":0.02551042293397412,"WINGBNB":0.00019121751262585326,"WNXMBNB":0.011013018037887592,"WRXBNB":0,"WTCBNB":0.0012256123380349052,"XLMBNB":0,"XMRBNB":0,"XRPBNB":0,"XTZBNB":0,"XVSBNB":0.027457044469708924,"YFIBNB":0,"YFIIBNB":0,"ZECBNB":0,"ZENBNB":0,"ZILBNB":0},"numerosità_campione":316,"expected_return":-0.00008075548656379938,"standard_deviation":0.0033141768616313716,"sharpe_ratio":-0.0243666798530626}