{"weights":{"AAVEBNB":0,"ADABNB":0.027016407423379272,"ALGOBNB":0.018908380964975602,"ALPHABNB":0,"ANKRBNB":0,"ANTBNB":0,"ARBNB":0.001227946706625565,"ARPABNB":0.01888725673367434,"ATOMBNB":0,"AVABNB":0,"AVAXBNB":0,"AXSBNB":0,"BAKEBNB":0.019489398540998796,"BANDBNB":0,"BATBNB":0,"BCHBNB":0,"BELBNB":0.007788144987018726,"BIFIBNB":0.05193252140165726,"BLZBNB":0,"BTTBNB":0,"BURGERBNB":0.010397951259669443,"CAKEBNB":0.24081645319654693,"CELRBNB":0,"CHRBNB":0,"CHZBNB":0,"COCOSBNB":0,"COSBNB":0.049991137471242605,"COTIBNB":0,"CREAMBNB":0.049251583330310454,"CRVBNB":0.014632511352919746,"CTKBNB":0.00253787021404245,"CTSIBNB":0,"DASHBNB":0,"DGBBNB":0,"DIABNB":0,"DOTBNB":0,"EGLDBNB":0,"ENJBNB":0,"EOSBNB":0.018536260261519402,"ETCBNB":0,"FETBNB":0,"FILBNB":0,"FIOBNB":0.006901001799924557,"FTMBNB":0,"FTTBNB":0.07045895611695135,"HARDBNB":0.009699519318473732,"HBARBNB":0,"HOTBNB":0,"ICPBNB":0,"ICXBNB":0,"INJBNB":0.003861132380834258,"IOSTBNB":0.004387822305699853,"IOTABNB":0,"IQBNB":0,"JSTBNB":0,"KAVABNB":0.026668565595456453,"KP3RBNB":0.013882347386920745,"KSMBNB":0.01911523376663076,"LTCBNB":0,"LUNABNB":0,"MATICBNB":0,"MBLBNB":0,"MFTBNB":0.023777914620088828,"MITHBNB":0,"MKRBNB":0,"NEARBNB":0,"NEOBNB":0,"NMRBNB":0,"OCEANBNB":0,"OGNBNB":0,"ONEBNB":0,"ONTBNB":0,"PAXGBNB":0.08272581880516588,"PERLBNB":0,"POLSBNB":0,"PROMBNB":0.0034056797461999803,"RSRBNB":0,"RUNEBNB":0.00615136200200197,"RVNBNB":0,"SANDBNB":0,"SCBNB":0,"SNXBNB":0,"SOLBNB":0,"SPARTABNB":0.051928342427160504,"SRMBNB":0,"STMXBNB":0,"STXBNB":0.014302187301339293,"SUSHIBNB":0,"SWRVBNB":0.016355114995315882,"SXPBNB":0,"THETABNB":0,"TROYBNB":0,"TRXBNB":0,"UNFIBNB":0.00705594638254893,"UNIBNB":0,"VETBNB":0.008998719040266428,"VTHOBNB":0,"WABIBNB":0.03565248731283361,"WANBNB":0,"WAVESBNB":0,"WINBNB":0.028498655489304005,"WINGBNB":0,"WNXMBNB":0,"WRXBNB":0.010670332849410456,"WTCBNB":0,"XLMBNB":0,"XMRBNB":0,"XRPBNB":0,"XTZBNB":0.00858404057140366,"XVSBNB":0,"YFIBNB":0.0032889739994377267,"YFIIBNB":0,"ZECBNB":0,"ZENBNB":0.012216021942050544,"ZILBNB":0},"numerosità_campione":528,"expected_return":0.0001045011221185541,"standard_deviation":0.005288400305408158,"sharpe_ratio":0.019760440980930757}