{"weights":{"AAVEBNB":0,"ADABNB":0.032845888418192505,"ALGOBNB":0.018491469671842006,"ALPHABNB":0,"ANKRBNB":0,"ANTBNB":0,"ARBNB":0.0024829453448852803,"ARPABNB":0.016824250618689054,"ATOMBNB":0,"AVABNB":0,"AVAXBNB":0,"AXSBNB":0,"BAKEBNB":0.017991215581472333,"BANDBNB":0,"BATBNB":0,"BCHBNB":0,"BELBNB":0.007781226798633539,"BIFIBNB":0.05458128032486335,"BLZBNB":0,"BTTBNB":0,"BURGERBNB":0.010894447615810725,"CAKEBNB":0.24363715324304486,"CELRBNB":0,"CHRBNB":0,"CHZBNB":0,"COCOSBNB":0,"COSBNB":0.05306113375661834,"COTIBNB":0,"CREAMBNB":0.05463447046165268,"CRVBNB":0.016712666866393753,"CTKBNB":0.00015441168495012155,"CTSIBNB":0,"DASHBNB":0,"DGBBNB":0,"DIABNB":0,"DOTBNB":0,"EGLDBNB":0,"ENJBNB":0,"EOSBNB":0.013218173559678323,"ETCBNB":0,"FETBNB":0,"FILBNB":0,"FIOBNB":0.007943190201805742,"FTMBNB":0,"FTTBNB":0.053669555551088696,"HARDBNB":0.011247398853197716,"HBARBNB":0,"HOTBNB":0,"ICPBNB":0,"ICXBNB":0,"INJBNB":0.0006478189480909448,"IOSTBNB":0.0024200860236254494,"IOTABNB":0,"IQBNB":0,"JSTBNB":0,"KAVABNB":0.0293267073353756,"KP3RBNB":0.01336916154549556,"KSMBNB":0.022469532612193626,"LTCBNB":0,"LUNABNB":0,"MATICBNB":0,"MBLBNB":0,"MFTBNB":0.02589269848939352,"MITHBNB":0.0008278746495832723,"MKRBNB":0,"NEARBNB":0,"NEOBNB":0,"NMRBNB":0,"OCEANBNB":0,"OGNBNB":0,"ONEBNB":0,"ONTBNB":0,"PAXGBNB":0.0865051083201743,"PERLBNB":0,"POLSBNB":0,"PROMBNB":0.0038683608140955366,"RSRBNB":0,"RUNEBNB":0.006003669798478273,"RVNBNB":0,"SANDBNB":0,"SCBNB":0,"SNXBNB":0,"SOLBNB":0,"SPARTABNB":0.05057481938559524,"SRMBNB":0,"STMXBNB":0,"STXBNB":0.01475960080000954,"SUSHIBNB":0,"SWRVBNB":0.01628404989138206,"SXPBNB":0,"THETABNB":0,"TROYBNB":0,"TRXBNB":0,"UNFIBNB":0.0060886453939592786,"UNIBNB":0.0006704694988343708,"VETBNB":0.010107380237388271,"VTHOBNB":0,"WABIBNB":0.03814151778518125,"WANBNB":0,"WAVESBNB":0,"WINBNB":0.021052218730373735,"WINGBNB":0,"WNXMBNB":0,"WRXBNB":0.012692753350601474,"WTCBNB":0,"XLMBNB":0,"XMRBNB":0,"XRPBNB":0,"XTZBNB":0.007613304501211761,"XVSBNB":0,"YFIBNB":0,"YFIIBNB":0,"ZECBNB":0,"ZENBNB":0.014513343336137787,"ZILBNB":0},"numerosità_campione":528,"expected_return":0.00014006497689203628,"standard_deviation":0.005372283648702316,"sharpe_ratio":0.02607177618513669}