{"weights":{"AAVEBNB":0,"ADABNB":0,"ALGOBNB":0.013215578597723422,"ALPHABNB":0,"ANKRBNB":0,"ANTBNB":0,"ARBNB":0,"ARPABNB":0.024730201548786895,"ATOMBNB":0,"AVABNB":0,"AVAXBNB":0,"AXSBNB":0,"BAKEBNB":0.02461447681817912,"BANDBNB":0,"BATBNB":0,"BCHBNB":0,"BELBNB":0.005480009066343792,"BIFIBNB":0.03403653208496285,"BLZBNB":0.003244119539265254,"BTTBNB":0,"BURGERBNB":0.0042193100351207245,"CAKEBNB":0.21994294003363588,"CELRBNB":0,"CHRBNB":0,"CHZBNB":0,"COCOSBNB":0,"COSBNB":0.025149452477681036,"COTIBNB":0,"CREAMBNB":0.017038554119187456,"CRVBNB":0,"CTKBNB":0.014027002405928423,"CTSIBNB":0,"DASHBNB":0,"DGBBNB":0,"DIABNB":0,"DOTBNB":0,"EGLDBNB":0,"ENJBNB":0,"EOSBNB":0.030885832929451677,"ETCBNB":0,"FETBNB":0,"FILBNB":0,"FIOBNB":0.0011406138658159406,"FTMBNB":0,"FTTBNB":0.14422810338138775,"HARDBNB":0.002028941858171698,"HBARBNB":0,"HOTBNB":0,"ICPBNB":0.005624894651971044,"ICXBNB":0,"INJBNB":0.018764413528453962,"IOSTBNB":0.0057533522146551155,"IOTABNB":0,"IQBNB":0,"JSTBNB":0,"KAVABNB":0.010782351440534382,"KP3RBNB":0.013795837575135672,"KSMBNB":0,"LTCBNB":0.018041293276121598,"LUNABNB":0,"MATICBNB":0,"MBLBNB":0,"MFTBNB":0.008909605057058543,"MITHBNB":0,"MKRBNB":0,"NEARBNB":0,"NEOBNB":0,"NMRBNB":0,"OCEANBNB":0,"OGNBNB":0,"ONEBNB":0,"ONTBNB":0,"PAXGBNB":0.05772884567278074,"PERLBNB":0,"POLSBNB":0.010531511318235615,"PROMBNB":0,"RSRBNB":0,"RUNEBNB":0.006338232050173834,"RVNBNB":0,"SANDBNB":0,"SCBNB":0,"SNXBNB":0,"SOLBNB":0,"SPARTABNB":0.05855564960520246,"SRMBNB":0,"STMXBNB":0,"STXBNB":0.010418190045812898,"SUSHIBNB":0,"SWRVBNB":0.017940819253007462,"SXPBNB":0,"THETABNB":0,"TROYBNB":0,"TRXBNB":0.00612294234526518,"UNFIBNB":0.009784703424574501,"UNIBNB":0,"VETBNB":0,"VTHOBNB":0,"WABIBNB":0.017410701680572155,"WANBNB":0,"WAVESBNB":0,"WINBNB":0.06478651567321367,"WINGBNB":0,"WNXMBNB":0,"WRXBNB":0,"WTCBNB":0,"XLMBNB":0,"XMRBNB":0,"XRPBNB":0.05176681368509975,"XTZBNB":0.011273477845064939,"XVSBNB":0.009860102401725296,"YFIBNB":0.02182807849369925,"YFIIBNB":0,"ZECBNB":0,"ZENBNB":0,"ZILBNB":0},"numerosità_campione":528,"expected_return":-0.00013259124303799388,"standard_deviation":0.004920185588603508,"sharpe_ratio":-0.026948423113370232}