{"weights":{"AAVEBNB":0,"ADABNB":0.020337697393515018,"ALGOBNB":0.01879558008043771,"ALPHABNB":0,"ANKRBNB":0,"ANTBNB":0,"ARBNB":0.0002791881890447855,"ARPABNB":0.020832485372433738,"ATOMBNB":0,"AVABNB":0,"AVAXBNB":0,"AXSBNB":0,"BAKEBNB":0.02059471672974004,"BANDBNB":0,"BATBNB":0,"BCHBNB":0,"BELBNB":0.007629299257880442,"BIFIBNB":0.049347475210284285,"BLZBNB":0,"BTTBNB":0,"BURGERBNB":0.009549336599472087,"CAKEBNB":0.23796865389400895,"CELRBNB":0,"CHRBNB":0,"CHZBNB":0,"COCOSBNB":0,"COSBNB":0.04673223362073379,"COTIBNB":0,"CREAMBNB":0.0442979649792764,"CRVBNB":0.012557833115590205,"CTKBNB":0.004111378085968091,"CTSIBNB":0,"DASHBNB":0,"DGBBNB":0,"DIABNB":0,"DOTBNB":0,"EGLDBNB":0,"ENJBNB":0,"EOSBNB":0.022015229752840905,"ETCBNB":0,"FETBNB":0,"FILBNB":0,"FIOBNB":0.005960743366393391,"FTMBNB":0,"FTTBNB":0.0837343831887752,"HARDBNB":0.008445348497714599,"HBARBNB":0,"HOTBNB":0,"ICPBNB":0,"ICXBNB":0,"INJBNB":0.006844292481077382,"IOSTBNB":0.005672536128741047,"IOTABNB":0,"IQBNB":0,"JSTBNB":0,"KAVABNB":0.024260775063196814,"KP3RBNB":0.014019671505645469,"KSMBNB":0.015941774587189032,"LTCBNB":0,"LUNABNB":0,"MATICBNB":0,"MBLBNB":0,"MFTBNB":0.021658721010181087,"MITHBNB":0,"MKRBNB":0,"NEARBNB":0,"NEOBNB":0,"NMRBNB":0,"OCEANBNB":0,"OGNBNB":0,"ONEBNB":0,"ONTBNB":0,"PAXGBNB":0.07909380298712251,"PERLBNB":0,"POLSBNB":0.0010771318959030688,"PROMBNB":0.002925780009294141,"RSRBNB":0,"RUNEBNB":0.0061810599657020435,"RVNBNB":0,"SANDBNB":0,"SCBNB":0,"SNXBNB":0,"SOLBNB":0,"SPARTABNB":0.05317469830666531,"SRMBNB":0,"STMXBNB":0,"STXBNB":0.013822708534856412,"SUSHIBNB":0,"SWRVBNB":0.016568484724820108,"SXPBNB":0,"THETABNB":0,"TROYBNB":0,"TRXBNB":0,"UNFIBNB":0.007711711017047379,"UNIBNB":0,"VETBNB":0.00771286371372441,"VTHOBNB":0,"WABIBNB":0.033219879446266434,"WANBNB":0,"WAVESBNB":0,"WINBNB":0.03492796264215011,"WINGBNB":0,"WNXMBNB":0,"WRXBNB":0.008430845773394893,"WTCBNB":0,"XLMBNB":0,"XMRBNB":0,"XRPBNB":0.006661802971246775,"XTZBNB":0.009256500215201928,"XVSBNB":0,"YFIBNB":0.00741749713977095,"YFIIBNB":0,"ZECBNB":0,"ZENBNB":0.010229952546693115,"ZILBNB":0},"numerosità_campione":528,"expected_return":0.00006893726734507187,"standard_deviation":0.005212225551531218,"sharpe_ratio":0.013226071409135367}