{"weights":{"AAVEBNB":0,"ADABNB":0.03855784577429368,"ALGOBNB":0.01769403793852583,"ALPHABNB":0,"ANKRBNB":0,"ANTBNB":0,"ARBNB":0.003619181985157314,"ARPABNB":0.014330631383584905,"ATOMBNB":0,"AVABNB":0,"AVAXBNB":0,"AXSBNB":0,"BAKEBNB":0.015261628784388304,"BANDBNB":0,"BATBNB":0,"BCHBNB":0,"BELBNB":0.007608788427835109,"BIFIBNB":0.057403581276977235,"BLZBNB":0,"BTTBNB":0,"BURGERBNB":0.01123633104930643,"CAKEBNB":0.2463363000717369,"CELRBNB":0,"CHRBNB":0,"CHZBNB":0,"COCOSBNB":0,"COSBNB":0.05558346904968745,"COTIBNB":0,"CREAMBNB":0.05999340308912335,"CRVBNB":0.01865066389997473,"CTKBNB":0,"CTSIBNB":0,"DASHBNB":0,"DGBBNB":0,"DIABNB":0,"DOTBNB":0,"EGLDBNB":0,"ENJBNB":0,"EOSBNB":0.007766086060838597,"ETCBNB":0,"FETBNB":0,"FILBNB":0,"FIOBNB":0.008969696148606056,"FTMBNB":0,"FTTBNB":0.03389857310535351,"HARDBNB":0.012602576881218203,"HBARBNB":0,"HOTBNB":0,"ICPBNB":0,"ICXBNB":0,"INJBNB":0,"IOSTBNB":0.00020461895040880452,"IOTABNB":0,"IQBNB":0,"JSTBNB":0,"KAVABNB":0.0318569508456229,"KP3RBNB":0.012641142990390078,"KSMBNB":0.025279752236127304,"LTCBNB":0,"LUNABNB":0,"MATICBNB":0,"MBLBNB":0,"MFTBNB":0.027807330830440458,"MITHBNB":0.0030490191894599417,"MKRBNB":0,"NEARBNB":0,"NEOBNB":0,"NMRBNB":0,"OCEANBNB":0,"OGNBNB":0,"ONEBNB":0,"ONTBNB":0,"PAXGBNB":0.09096272710859872,"PERLBNB":0,"POLSBNB":0,"PROMBNB":0.004301144510820311,"RSRBNB":0,"RUNEBNB":0.004983499690529375,"RVNBNB":0,"SANDBNB":0,"SCBNB":0,"SNXBNB":0,"SOLBNB":0,"SPARTABNB":0.0493410863178831,"SRMBNB":0,"STMXBNB":0,"STXBNB":0.015276375448819868,"SUSHIBNB":0,"SWRVBNB":0.016298613906028745,"SXPBNB":0,"THETABNB":0,"TROYBNB":0,"TRXBNB":0,"UNFIBNB":0.004948173393167669,"UNIBNB":0.003960437666305948,"VETBNB":0.010913278160498344,"VTHOBNB":0,"WABIBNB":0.04004666073189434,"WANBNB":0,"WAVESBNB":0,"WINBNB":0.012691816374569627,"WINGBNB":0,"WNXMBNB":0,"WRXBNB":0.014497501588761891,"WTCBNB":0,"XLMBNB":0,"XMRBNB":0,"XRPBNB":0,"XTZBNB":0.0048034438336465365,"XVSBNB":0,"YFIBNB":0,"YFIIBNB":0,"ZECBNB":0,"ZENBNB":0.016623631299418393,"ZILBNB":0},"numerosità_campione":528,"expected_return":0.0001756288316655185,"standard_deviation":0.005464043614645375,"sharpe_ratio":0.03214264820192455}