{"pesi":{"ADABUSD":0.13815758195951716,"BCHBUSD":0.10882233165755553,"BNBBUSD":0.06132570368226731,"BTCBUSD":0.1460954403442949,"EOSBUSD":0,"ETCBUSD":0,"ETHBUSD":0.12528391360024355,"LINKBUSD":0.05817323456120195,"LTCBUSD":0,"QTUMBUSD":0.06041877251165588,"TRXBUSD":0.16232778269730969,"VETBUSD":0.08557469581676172,"XLMBUSD":0.05382054316919233,"XRPBUSD":0},"rendimento_atteso":0.006175302961334094,"deviazione_standard":0.0005381510434897372,"sharpe_ratio":11.47503667611463}