{"pesi":{"ADABNB":0.03234789575149819,"ALGOBNB":0.02422629605839042,"ANKRBNB":0.01448433212148752,"ARPABNB":0.004844562038690463,"ATOMBNB":0,"BANDBNB":0.027691370435073977,"BATBNB":0,"BCHBNB":0.04525806041372488,"BLZBNB":0,"BTTBNB":0.033407623592739445,"CELRBNB":0.03693456948680242,"CHZBNB":0.021993974203879888,"COCOSBNB":0.37507980085266446,"COSBNB":0,"DASHBNB":0.030074012178580828,"ENJBNB":0,"EOSBNB":0,"ETCBNB":0,"FETBNB":0.0006641726968006062,"FTMBNB":0.002642840618114462,"FTTBNB":0.07272292447395479,"HBARBNB":0.002546258169727495,"HOTBNB":0.012430186524889288,"ICXBNB":0.0029474199054319973,"IOSTBNB":0.022935923154634517,"IOTABNB":0,"KAVABNB":0.0018187723028017934,"LTCBNB":0,"MATICBNB":0.004525590179170111,"MFTBNB":0,"MITHBNB":0,"NEOBNB":0,"ONEBNB":0,"ONTBNB":0.007280162530191331,"PERLBNB":0.02208495324452143,"RVNBNB":0,"SCBNB":0,"STXBNB":0,"THETABNB":0.0093683453494826,"TROYBNB":0.03681156026901487,"TRXBNB":0,"VETBNB":0,"WABIBNB":0,"WANBNB":0,"WAVESBNB":0.027799199772145157,"WINBNB":0,"WTCBNB":0,"XLMBNB":0,"XMRBNB":0.04660012631514522,"XRPBNB":0,"XTZBNB":0.06801018362904232,"ZECBNB":0,"ZENBNB":0.012468883731399712,"ZILBNB":0},"rendimento_atteso":0.8735368631071206,"deviazione_standard":0.0003415609154617621,"sharpe_ratio":2557.484839640306}