{"pesi":{"ADABUSD":0.1662695873713926,"BCHBUSD":0.1120017115922932,"BNBBUSD":0.22337996616324834,"BTCBUSD":0,"EOSBUSD":0,"ETCBUSD":0,"ETHBUSD":0.16718305288611734,"LINKBUSD":0.02052101087703253,"LTCBUSD":0,"QTUMBUSD":0.024203052046774337,"TRXBUSD":0.16668999013714067,"VETBUSD":0.08869180452325996,"XLMBUSD":0.007077745629969425,"XRPBUSD":0.023982078772771653},"rendimento_atteso":0.007044397961052538,"deviazione_standard":0.0006002078690284827,"sharpe_ratio":11.73659714334443}