{"pesi":{"ADAUSDT":0,"ALGOUSDT":0,"ANKRUSDT":0.006651404446306438,"ARPAUSDT":0.009987228722198531,"ATOMUSDT":0.028017129423252914,"BANDUSDT":0.01508950757774365,"BATUSDT":0.02270511434055962,"BCHUSDT":0,"BEAMUSDT":0.00800636020725998,"BNBUSDT":0,"BTCUSDT":0,"BTTUSDT":0.04242908040562446,"BUSDUSDT":0,"CELRUSDT":0.01745902224583754,"CHZUSDT":0,"COCOSUSDT":0.29827268263687523,"COSUSDT":0,"CTXCUSDT":0.009146218453211674,"CVCUSDT":0,"DASHUSDT":0,"DENTUSDT":0,"DOCKUSDT":0,"DOGEUSDT":0.005754829813630052,"DUSKUSDT":0.008826992009571802,"ENJUSDT":0,"EOSUSDT":0,"ETCUSDT":0,"ETHUSDT":0,"FETUSDT":0,"FTMUSDT":0,"FTTUSDT":0.03288494024090351,"FUNUSDT":0.02385137088855485,"GTOUSDT":0.03972750122829018,"HBARUSDT":0,"HOTUSDT":0.0577471891754332,"ICXUSDT":0,"IOSTUSDT":0.013543730479728571,"IOTAUSDT":0,"IOTXUSDT":0.010348380386294938,"KAVAUSDT":0,"KEYUSDT":0,"LINKUSDT":0.010587596886451712,"LTCUSDT":0,"MATICUSDT":0,"MFTUSDT":0,"MITHUSDT":0,"MTLUSDT":0.000649186726345421,"NANOUSDT":0,"NEOUSDT":0,"NKNUSDT":0.02379098272798037,"NULSUSDT":0,"OMGUSDT":0.03316156528283797,"ONEUSDT":0,"ONGUSDT":0.01395093172290231,"ONTUSDT":0.013248611642328215,"PAXUSDT":0,"PERLUSDT":0.01737364194878287,"QTUMUSDT":0,"RENUSDT":0,"RLCUSDT":0.004694932749317135,"RVNUSDT":0.02835543747237969,"STXUSDT":0.0020596029805759987,"TFUELUSDT":0.027568959830426898,"THETAUSDT":0.02453136116573368,"TOMOUSDT":0.03751531387595671,"TROYUSDT":0.003044330193915324,"TRXUSDT":0,"TUSDUSDT":0,"USDCUSDT":0,"VETUSDT":0,"VITEUSDT":0.010773502155221711,"WANUSDT":0,"WAVESUSDT":0.0030007878683680276,"WINUSDT":0,"XLMUSDT":0,"XMRUSDT":0,"XRPUSDT":0,"XTZUSDT":0.07514115853508768,"ZECUSDT":0.004435408515547363,"ZILUSDT":0.003048126261450304,"ZRXUSDT":0.01261987877711343},"rendimento_atteso":0.6295823544975294,"deviazione_standard":0.00032742972561436537,"sharpe_ratio":1922.801460118585}