{"weights":{"AAVEBNB":0,"ADABNB":0.031509711419270024,"ALGOBNB":0,"ALPHABNB":0,"ANKRBNB":0.021914038054327428,"ANTBNB":0.010374873839595442,"ARBNB":0.0010022969788087478,"ARPABNB":0.017699439029469737,"ATOMBNB":0.001140191375420097,"AVABNB":0.0001442718059563763,"AVAXBNB":0,"AXSBNB":0.00793153135587917,"BAKEBNB":0.02481418243570059,"BANDBNB":0,"BATBNB":0,"BCHBNB":0,"BELBNB":0,"BIFIBNB":0.02050713159952521,"BLZBNB":0.015510103600707594,"BTTBNB":0,"BURGERBNB":0.001231562494655917,"CAKEBNB":0.1290962681115113,"CELRBNB":0,"CHRBNB":0,"CHZBNB":0,"COCOSBNB":0.02753321569659877,"COSBNB":0.013430221888566806,"COTIBNB":0.004014563178402283,"CREAMBNB":0.007919761025492435,"CRVBNB":0,"CTKBNB":0,"CTSIBNB":0.006071721739808281,"DASHBNB":0,"DGBBNB":0,"DIABNB":0,"DOTBNB":0.016075340065591744,"EGLDBNB":0,"ENJBNB":0,"EOSBNB":0,"ETCBNB":0,"FETBNB":0.002214307935187622,"FILBNB":0,"FIOBNB":0.001890294517420277,"FTMBNB":0,"FTTBNB":0.07613306468834637,"HARDBNB":0.04525957310142244,"HBARBNB":0,"HOTBNB":0,"ICPBNB":0,"ICXBNB":0,"INJBNB":0,"IOSTBNB":0,"IOTABNB":0,"IQBNB":0.026703817955503584,"JSTBNB":0,"KAVABNB":0,"KP3RBNB":0.02151063014998135,"KSMBNB":0.003206491575357317,"LTCBNB":0,"LUNABNB":0,"MATICBNB":0.016631157490187315,"MBLBNB":0.0035333651642852557,"MFTBNB":0,"MITHBNB":0,"MKRBNB":0.002767940939140252,"NEARBNB":0.020799844381728022,"NEOBNB":0,"NMRBNB":0.013351952354963068,"OCEANBNB":0.00495129710869964,"OGNBNB":0,"ONEBNB":0.014744937258367872,"ONTBNB":0,"PAXGBNB":0.09754730079183813,"PERLBNB":0,"PROMBNB":0.012088655072586163,"RSRBNB":0,"RUNEBNB":0.022324697015216076,"RVNBNB":0,"SANDBNB":0,"SCBNB":0.008000418485151008,"SNXBNB":0.002637144802472521,"SOLBNB":0.03328885671800583,"SPARTABNB":0.01300139095380461,"SRMBNB":0.009550347495757991,"STMXBNB":0,"STXBNB":0.006147292383557169,"SUSHIBNB":0.022195772606225076,"SWRVBNB":0.013287738028369972,"SXPBNB":0.013087214554505396,"THETABNB":0.037451521561283105,"TROYBNB":0,"TRXBNB":0.015366925669425463,"UNFIBNB":0.02096587330182933,"UNIBNB":0,"VETBNB":0,"VTHOBNB":0,"WABIBNB":0,"WANBNB":0,"WAVESBNB":0,"WINBNB":0.004055185516988243,"WINGBNB":0.001585849105239344,"WNXMBNB":0,"WRXBNB":0,"WTCBNB":0.0030820657272428355,"XLMBNB":0,"XMRBNB":0,"XRPBNB":0.04941477176358525,"XTZBNB":0,"XVSBNB":0,"YFIBNB":0,"YFIIBNB":0.003301878131038135,"ZECBNB":0,"ZENBNB":0,"ZILBNB":0},"numerosità_campione":114,"expected_return":0.0001389884161330629,"standard_deviation":0.0013055230631024881,"sharpe_ratio":0.10646186196264218}