{"weights":{"AAVEBNB":0,"ADABNB":0,"ALGOBNB":0,"ALPHABNB":0.04615825321166136,"ANKRBNB":0,"ANTBNB":0,"ARBNB":0.006927165288802955,"ARPABNB":0,"ATABNB":0.0013637130953240233,"ATOMBNB":0,"AVABNB":0,"AVAXBNB":0.008767165641770961,"AXSBNB":0,"BAKEBNB":0.030103613791872947,"BANDBNB":0,"BATBNB":0,"BCHBNB":0,"BELBNB":0.02252915891392372,"BIFIBNB":0.02347188097910796,"BLZBNB":0,"BTTBNB":0,"BURGERBNB":0.002461605600055532,"CAKEBNB":0.2023440734668509,"CELRBNB":0,"CHRBNB":0,"CHZBNB":0,"COCOSBNB":0,"COSBNB":0.007812202937224713,"COTIBNB":0,"CREAMBNB":0,"CRVBNB":0.002144170518981678,"CTKBNB":0.007392508586921472,"CTSIBNB":0,"DASHBNB":0.038163366862829555,"DGBBNB":0.011102773042318836,"DIABNB":0,"DOTBNB":0.005076800407812418,"EGLDBNB":0,"ENJBNB":0.0032320146908165035,"EOSBNB":0.0103705835430269,"ETCBNB":0,"FETBNB":0.009226730062409486,"FILBNB":0,"FIOBNB":0,"FTMBNB":0.002934645714820826,"FTTBNB":0.03198735458527156,"HARDBNB":0.004501648882592981,"HBARBNB":0,"HOTBNB":0.00013460448532220164,"ICPBNB":0.010727198146491125,"ICXBNB":0,"INJBNB":0.006285316693365138,"IOSTBNB":0,"IOTABNB":0,"IQBNB":0.0027732665796846544,"JSTBNB":0.007612599392235171,"KAVABNB":0.00014266505860107304,"KP3RBNB":0.003067022165505509,"KSMBNB":0.0026330922979562418,"LPTBNB":0.012682079264007226,"LTCBNB":0,"LUNABNB":0,"MASKBNB":0.015193944804530787,"MATICBNB":0.023802017320108004,"MBLBNB":0.001240955565114753,"MDXBNB":0.019230654778784214,"MFTBNB":0.0016873159637051537,"MITHBNB":0,"MKRBNB":0.0086817428911194,"NEARBNB":0.015722651880476984,"NEOBNB":0,"NMRBNB":0.006625696030496734,"NUBNB":0,"OCEANBNB":0.014201559614408372,"OGNBNB":0,"ONEBNB":0,"ONTBNB":0.033447900726133135,"PAXGBNB":0,"PERLBNB":0,"POLSBNB":0.002556008534143085,"PROMBNB":0.004983918544742677,"RSRBNB":0.00009189579029573878,"RUNEBNB":0.0003477288410539836,"RVNBNB":0.014077250363085337,"SANDBNB":0,"SCBNB":0.0017810553264662277,"SNXBNB":0.0008992613084508454,"SOLBNB":0.008231266279568768,"SPARTABNB":0.02181703054879507,"SRMBNB":0.01353303258956631,"STMXBNB":0,"STXBNB":0.00409980554282369,"SUSHIBNB":0,"SWRVBNB":0.015860559710756356,"SXPBNB":0.007676831715612023,"THETABNB":0,"TROYBNB":0,"TRXBNB":0.0177132795090809,"UNFIBNB":0.017773024352553273,"UNIBNB":0,"VETBNB":0,"VTHOBNB":0,"WABIBNB":0.024302255414046504,"WANBNB":0.02893313978881149,"WAVESBNB":0,"WINBNB":0.017177418954897196,"WINGBNB":0,"WNXMBNB":0.014555458073160422,"WRXBNB":0.002206484114920517,"WTCBNB":0,"XLMBNB":0,"XMRBNB":0,"XRPBNB":0.03713551606729204,"XTZBNB":0,"XVSBNB":0.005255181390159115,"YFIBNB":0.0025030708828746692,"YFIIBNB":0.07252581287440056,"ZECBNB":0,"ZENBNB":0,"ZILBNB":0},"numerosità_campione":922,"expected_return":0.000015508598072897225,"standard_deviation":0.0010794523305655086,"sharpe_ratio":0.014367098605245964}