{"weights":{"AAVEBNB":0,"ADABNB":0,"ALGOBNB":0,"ALPHABNB":0,"ANKRBNB":0.018029765923349986,"ANTBNB":0.02365856411031695,"ARBNB":0.0072396110915504686,"ARPABNB":0.03216475826804276,"ATOMBNB":0.0005585435222373784,"AVABNB":0,"AVAXBNB":0,"AXSBNB":0.0052068457615104735,"BAKEBNB":0.006615365179450293,"BANDBNB":0.022499284572291264,"BATBNB":0.011424123179153327,"BCHBNB":0,"BELBNB":0.022086415931809537,"BIFIBNB":0.011534013986982243,"BLZBNB":0.007065509643799354,"BTTBNB":0.013230667712399098,"BURGERBNB":0.006634306964467742,"CAKEBNB":0.1597740412437954,"CELRBNB":0,"CHRBNB":0,"CHZBNB":0,"COCOSBNB":0.012647968266412414,"COSBNB":0.034778510892797904,"COTIBNB":0,"CREAMBNB":0.0022575069049663816,"CRVBNB":0,"CTKBNB":0,"CTSIBNB":0,"DASHBNB":0,"DGBBNB":0,"DIABNB":0,"DOTBNB":0.03077245941562754,"EGLDBNB":0.015327236797415121,"ENJBNB":0,"EOSBNB":0,"ETCBNB":0,"FETBNB":0.005001281909201914,"FILBNB":0.008388690621494945,"FIOBNB":0,"FTMBNB":0,"FTTBNB":0.07370316011460529,"HARDBNB":0.041788898591987464,"HBARBNB":0,"HOTBNB":0,"ICPBNB":0.0015041202967252063,"ICXBNB":0,"INJBNB":0.01184953087450069,"IOSTBNB":0.007749891043334852,"IOTABNB":0,"IQBNB":0.020989928901437464,"JSTBNB":0.010817773425571785,"KAVABNB":0,"KP3RBNB":0.01671244657253257,"KSMBNB":0,"LTCBNB":0.012956889557432806,"LUNABNB":0,"MATICBNB":4.217249679004635e-19,"MBLBNB":0.015003293870679085,"MFTBNB":0.002038166597601576,"MITHBNB":0,"MKRBNB":0.007234458185037547,"NEARBNB":0.008120606541102231,"NEOBNB":0,"NMRBNB":0.008264535200749162,"OCEANBNB":0.015636395449431545,"OGNBNB":0.0018815837426462846,"ONEBNB":0,"ONTBNB":0,"PAXGBNB":0.05414289342250252,"PERLBNB":0.008732002552356937,"PROMBNB":0.013383517306224783,"RSRBNB":0.007597304350832907,"RUNEBNB":0.00954835258449974,"RVNBNB":0,"SANDBNB":0,"SCBNB":0.0177814186467089,"SNXBNB":0.004474258207477349,"SOLBNB":0.007966603151907373,"SPARTABNB":0.011320661287815975,"SRMBNB":0,"STMXBNB":0.0014277423443603394,"STXBNB":0.01440897830494136,"SUSHIBNB":0,"SWRVBNB":0.004031894397438923,"SXPBNB":0.009916802778404713,"THETABNB":0.0062236870268430194,"TROYBNB":0.0039962362650200825,"TRXBNB":0.004163239031838927,"UNFIBNB":0.02463041024762067,"UNIBNB":0.021449960748183696,"VETBNB":0,"VTHOBNB":0,"WABIBNB":0,"WANBNB":0,"WAVESBNB":0,"WINBNB":0.002282938287752787,"WINGBNB":0,"WNXMBNB":0,"WRXBNB":0,"WTCBNB":0.009618844899937662,"XLMBNB":0,"XMRBNB":0.004425760661140258,"XRPBNB":0.014919766465395879,"XTZBNB":0.0005207176369942038,"XVSBNB":0.0074224720308628716,"YFIBNB":0.003713390681453697,"YFIIBNB":0.009391068157204155,"ZECBNB":0.00684406632998471,"ZENBNB":0.0025178613298477265,"ZILBNB":0},"numerosità_campione":114,"expected_return":0.00003890317041209787,"standard_deviation":0.0011311328192249667,"sharpe_ratio":0.034393105522969154}