{"weights":{"AAVEBNB":0,"ADABNB":0.04307688276876005,"ALGOBNB":0,"ALPHABNB":0,"ANKRBNB":0.021120390522652334,"ANTBNB":0.003702856320740934,"ARBNB":0,"ARPABNB":0.010768178964574986,"ATOMBNB":0,"AVABNB":0,"AVAXBNB":0,"AXSBNB":0.006894242066260709,"BAKEBNB":0.03139554851308378,"BANDBNB":0,"BATBNB":0,"BCHBNB":0,"BELBNB":0,"BIFIBNB":0.02336686378243919,"BLZBNB":0.01735997389648431,"BTTBNB":0,"BURGERBNB":0,"CAKEBNB":0.1138744604680805,"CELRBNB":0,"CHRBNB":0,"CHZBNB":0,"COCOSBNB":0.03252694667978504,"COSBNB":0.00004359431139522048,"COTIBNB":0.006849674148743547,"CREAMBNB":0.009729994950032348,"CRVBNB":0,"CTKBNB":0,"CTSIBNB":0.008263902024594445,"DASHBNB":0,"DGBBNB":0,"DIABNB":0,"DOTBNB":0.0068599850589860165,"EGLDBNB":0,"ENJBNB":0,"EOSBNB":0,"ETCBNB":0,"FETBNB":0.000663460061184231,"FILBNB":0,"FIOBNB":0.0016186957039141694,"FTMBNB":0,"FTTBNB":0.072713112460586,"HARDBNB":0.04512214114836825,"HBARBNB":0,"HOTBNB":0,"ICPBNB":0,"ICXBNB":0,"INJBNB":0,"IOSTBNB":0,"IOTABNB":0,"IQBNB":0.026858446971194903,"JSTBNB":0,"KAVABNB":0,"KP3RBNB":0.021802231468644212,"KSMBNB":0.0066187778374889525,"LTCBNB":0,"LUNABNB":0,"MATICBNB":0.02177363564439338,"MBLBNB":0,"MFTBNB":0,"MITHBNB":0,"MKRBNB":0,"NEARBNB":0.02415944070966719,"NEOBNB":0,"NMRBNB":0.014971461843392927,"OCEANBNB":0,"OGNBNB":0,"ONEBNB":0.02039517013992287,"ONTBNB":0,"PAXGBNB":0.1124964278902166,"PERLBNB":0,"PROMBNB":0.011259813572220568,"RSRBNB":0,"RUNEBNB":0.025437859011103778,"RVNBNB":0,"SANDBNB":0,"SCBNB":0.0010304736095357347,"SNXBNB":0,"SOLBNB":0.04165006044306786,"SPARTABNB":0.012796118108641244,"SRMBNB":0.013298352451312367,"STMXBNB":0,"STXBNB":0,"SUSHIBNB":0.030038636661119784,"SWRVBNB":0.016243690962429655,"SXPBNB":0.010909647066464648,"THETABNB":0.04240954320786202,"TROYBNB":0,"TRXBNB":0.0037418541417208974,"UNFIBNB":0.017426973861684993,"UNIBNB":0,"VETBNB":0,"VTHOBNB":0,"WABIBNB":0,"WANBNB":0,"WAVESBNB":0,"WINBNB":0.005084144674566814,"WINGBNB":0.002722032091013408,"WNXMBNB":0.0007445552140969376,"WRXBNB":0,"WTCBNB":0,"XLMBNB":0,"XMRBNB":0,"XRPBNB":0.06017974856757234,"XTZBNB":0,"XVSBNB":0,"YFIBNB":0,"YFIIBNB":0,"ZECBNB":0,"ZENBNB":0,"ZILBNB":0},"numerosità_campione":114,"expected_return":0.00016817994613501112,"standard_deviation":0.0014037202985137502,"sharpe_ratio":0.11981015471036427}