{"weights":{"AAVEBNB":0,"ADABNB":0.05544765634871844,"ALGOBNB":0,"ALPHABNB":0,"ANKRBNB":0.017066990797062337,"ANTBNB":0,"ARBNB":0,"ARPABNB":0,"ATOMBNB":0,"AVABNB":0,"AVAXBNB":0,"AXSBNB":0.0017634529764558875,"BAKEBNB":0.0398111394975053,"BANDBNB":0,"BATBNB":0,"BCHBNB":0,"BELBNB":0,"BIFIBNB":0.026553353863623022,"BLZBNB":0.01790794573541523,"BTTBNB":0,"BURGERBNB":0,"CAKEBNB":0.08392377051176522,"CELRBNB":0,"CHRBNB":0,"CHZBNB":0,"COCOSBNB":0.034810348493067196,"COSBNB":0,"COTIBNB":0.010379703839737558,"CREAMBNB":0.01103615417457357,"CRVBNB":0,"CTKBNB":0,"CTSIBNB":0.010484724410205707,"DASHBNB":0,"DGBBNB":0,"DIABNB":0,"DOTBNB":0,"EGLDBNB":0,"ENJBNB":0,"EOSBNB":0,"ETCBNB":0,"FETBNB":0,"FILBNB":0,"FIOBNB":0,"FTMBNB":0,"FTTBNB":0.05473292854047025,"HARDBNB":0.04231022327180675,"HBARBNB":0,"HOTBNB":0,"ICPBNB":0,"ICXBNB":0,"INJBNB":0,"IOSTBNB":0,"IOTABNB":0,"IQBNB":0.023757606931692474,"JSTBNB":0,"KAVABNB":0,"KP3RBNB":0.01903316055253939,"KSMBNB":0.009299305090537738,"LTCBNB":0,"LUNABNB":0,"MATICBNB":0.027527595555960113,"MBLBNB":0,"MFTBNB":0,"MITHBNB":0,"MKRBNB":0,"NEARBNB":0.02763982726102454,"NEOBNB":0,"NMRBNB":0.01701712985686972,"OCEANBNB":0,"OGNBNB":0,"ONEBNB":0.027370099668802272,"ONTBNB":0,"PAXGBNB":0.13180877962233128,"PERLBNB":0,"PROMBNB":0.009203618151837265,"RSRBNB":0,"RUNEBNB":0.02734670536571126,"RVNBNB":0,"SANDBNB":0,"SCBNB":0,"SNXBNB":0,"SOLBNB":0.05299091420683402,"SPARTABNB":0.012216431327458505,"SRMBNB":0.017266707580424853,"STMXBNB":0,"STXBNB":0,"SUSHIBNB":0.03686898779394478,"SWRVBNB":0.019009366139904796,"SXPBNB":0.0022290175289816886,"THETABNB":0.04308285279374208,"TROYBNB":0,"TRXBNB":0,"UNFIBNB":0.009617636682862961,"UNIBNB":0,"VETBNB":0,"VTHOBNB":0,"WABIBNB":0,"WANBNB":0,"WAVESBNB":0,"WINBNB":0.0044022264874062494,"WINGBNB":0.004103771271725723,"WNXMBNB":0.0003130111236654888,"WRXBNB":0,"WTCBNB":0,"XLMBNB":0,"XMRBNB":0,"XRPBNB":0.07166685654533628,"XTZBNB":0,"XVSBNB":0,"YFIBNB":0,"YFIIBNB":0,"ZECBNB":0,"ZENBNB":0,"ZILBNB":0},"numerosità_campione":114,"expected_return":0.00019737147613695932,"standard_deviation":0.0015257848813655572,"sharpe_ratio":0.12935734161968787}