{"weights":{"AAVEBNB":0,"ADABNB":0.03309433765005616,"ALGOBNB":0,"ALPHABNB":0,"ANKRBNB":0.021943968285408105,"ANTBNB":0.009523697156230457,"ARBNB":0.0006568516019957694,"ARPABNB":0.016814627111167144,"ATOMBNB":0.0006845613276775344,"AVABNB":0.00010636947978440536,"AVAXBNB":0,"AXSBNB":0.007836316939935898,"BAKEBNB":0.025702303800927296,"BANDBNB":0,"BATBNB":0,"BCHBNB":0,"BELBNB":0,"BIFIBNB":0.020896093559381854,"BLZBNB":0.01580090638821635,"BTTBNB":0,"BURGERBNB":0.000975154513619536,"CAKEBNB":0.12708938598446967,"CELRBNB":0,"CHRBNB":0,"CHZBNB":0,"COCOSBNB":0.028186226960993457,"COSBNB":0.011744069422958822,"COTIBNB":0.004384999618925815,"CREAMBNB":0.008168345025575636,"CRVBNB":0,"CTKBNB":0,"CTSIBNB":0.006378833615791125,"DASHBNB":0,"DGBBNB":0,"DIABNB":0,"DOTBNB":0.014962557488740912,"EGLDBNB":0,"ENJBNB":0,"EOSBNB":0,"ETCBNB":0,"FETBNB":0.0020173330538812966,"FILBNB":0,"FIOBNB":0.0019188054359452888,"FTMBNB":0,"FTTBNB":0.07597986053024125,"HARDBNB":0.04529698912139417,"HBARBNB":0,"HOTBNB":0,"ICPBNB":0,"ICXBNB":0,"INJBNB":0,"IOSTBNB":0,"IOTABNB":0,"IQBNB":0.02683865486829248,"JSTBNB":0,"KAVABNB":0,"KP3RBNB":0.021620528572441934,"KSMBNB":0.003663097327188925,"LTCBNB":0,"LUNABNB":0,"MATICBNB":0.01736296839598447,"MBLBNB":0.0026864202351963703,"MFTBNB":0,"MITHBNB":0,"MKRBNB":0.002241977296456563,"NEARBNB":0.021278887799727284,"NEOBNB":0,"NMRBNB":0.013570455747417338,"OCEANBNB":0.003755840239701845,"OGNBNB":0,"ONEBNB":0.015495033657662466,"ONTBNB":0,"PAXGBNB":0.09952685877283828,"PERLBNB":0,"PROMBNB":0.012027681359530754,"RSRBNB":0,"RUNEBNB":0.02277166511874572,"RVNBNB":0,"SANDBNB":0,"SCBNB":0.007145767231782602,"SNXBNB":0.0022646934090843267,"SOLBNB":0.034436562166009176,"SPARTABNB":0.012989533499088435,"SRMBNB":0.010111127071483468,"STMXBNB":0,"STXBNB":0.005415332578879995,"SUSHIBNB":0.023320925514598728,"SWRVBNB":0.013688453441668007,"SXPBNB":0.012855420513754642,"THETABNB":0.03831117264969522,"TROYBNB":0,"TRXBNB":0.0138815418799357,"UNFIBNB":0.020505326961008097,"UNIBNB":0,"VETBNB":0,"VTHOBNB":0,"WABIBNB":0,"WANBNB":0,"WAVESBNB":0,"WINBNB":0.004226461658353613,"WINGBNB":0.0017444400692852911,"WNXMBNB":0,"WRXBNB":0,"WTCBNB":0.0025466786071563917,"XLMBNB":0,"XMRBNB":0,"XRPBNB":0.05084509749532859,"XTZBNB":0,"XVSBNB":0,"YFIBNB":0,"YFIIBNB":0.0027088017883852918,"ZECBNB":0,"ZENBNB":0,"ZILBNB":0},"numerosità_campione":114,"expected_return":0.0001431586347047698,"standard_deviation":0.0013182622102819069,"sharpe_ratio":0.10859647920435778}