{"weights":{"AAVEBNB":0,"ADABNB":0,"ALGOBNB":0,"ALPHABNB":0.04085603412232441,"ANKRBNB":0,"ANTBNB":0,"ARBNB":0.011336568565317392,"ARPABNB":0.0029306231845012765,"ATABNB":0,"ATOMBNB":0,"AVABNB":0,"AVAXBNB":0,"AXSBNB":0,"BAKEBNB":0.014406218275410387,"BANDBNB":0,"BATBNB":0,"BCHBNB":0,"BELBNB":0.023609781472791563,"BIFIBNB":0.03393172963561722,"BLZBNB":0,"BTTBNB":0,"BURGERBNB":0.009390941255208406,"CAKEBNB":0.20540524136087943,"CELRBNB":0,"CHRBNB":0,"CHZBNB":0,"COCOSBNB":0,"COSBNB":0.010493750631546533,"COTIBNB":0,"CREAMBNB":0,"CRVBNB":0.0021917409279700734,"CTKBNB":0,"CTSIBNB":0,"DASHBNB":0.026352711162868588,"DGBBNB":0.012430496295425425,"DIABNB":0,"DOTBNB":0.012618032582247604,"EGLDBNB":0,"ENJBNB":0,"EOSBNB":0,"ETCBNB":0,"FETBNB":0.005776936125884435,"FILBNB":0,"FIOBNB":0,"FTMBNB":0,"FTTBNB":0.04174181488796528,"HARDBNB":0.013206457651675023,"HBARBNB":0,"HOTBNB":0,"ICPBNB":0,"ICXBNB":0,"INJBNB":0.011683494606215547,"IOSTBNB":0,"IOTABNB":0,"IQBNB":0.0023838475560930255,"JSTBNB":0.015624351711063049,"KAVABNB":0,"KP3RBNB":0.004637436688900124,"KSMBNB":0.02659550253422256,"LPTBNB":0.018774409675093702,"LTCBNB":0,"LUNABNB":0,"MASKBNB":0.0006567331446845855,"MATICBNB":0.0034117961800786308,"MBLBNB":0.002092490936992304,"MDXBNB":0.023426724404384834,"MFTBNB":0.004173817147423131,"MITHBNB":0.005429514413989854,"MKRBNB":0,"NEARBNB":0.029759789594926943,"NEOBNB":0,"NMRBNB":0.006472672537845435,"NUBNB":0,"OCEANBNB":0.003854417761781071,"OGNBNB":0,"ONEBNB":0,"ONTBNB":0.023154341324147974,"PAXGBNB":0,"PERLBNB":0,"POLSBNB":0,"PROMBNB":0.008889537651834256,"RSRBNB":0,"RUNEBNB":0,"RVNBNB":0.00875715387899934,"SANDBNB":0,"SCBNB":0.002449948410508843,"SNXBNB":0,"SOLBNB":0.015712196521253156,"SPARTABNB":0.019866251496974,"SRMBNB":0.015121648050169002,"STMXBNB":0.006185756301430288,"STXBNB":0,"SUSHIBNB":0,"SWRVBNB":0.014355772776215718,"SXPBNB":0,"THETABNB":0.013596228577955675,"TROYBNB":0,"TRXBNB":0.027348779577522447,"UNFIBNB":0.018834915455180044,"UNIBNB":0,"VETBNB":0,"VTHOBNB":0,"WABIBNB":0.02973213507336204,"WANBNB":0.01873959849059845,"WAVESBNB":0,"WINBNB":0.008780485310865307,"WINGBNB":0.007573496434994916,"WNXMBNB":0.010874568876587519,"WRXBNB":0,"WTCBNB":0.00032439216599006203,"XLMBNB":0,"XMRBNB":0,"XRPBNB":0.03686062459356981,"XTZBNB":0,"XVSBNB":0.0030952858809782154,"YFIBNB":0,"YFIIBNB":0.08025966011335733,"ZECBNB":0.0038311460061776154,"ZENBNB":0,"ZILBNB":0},"numerosità_campione":900,"expected_return":0.00006358228036718685,"standard_deviation":0.0011320787779800215,"sharpe_ratio":0.05616418362743033}