{"weights":{"AAVEBNB":0,"ADABNB":0,"ALGOBNB":0,"ALPHABNB":0.03936155878032033,"ANKRBNB":0,"ANTBNB":0,"ARBNB":0.010401571786380435,"ARPABNB":0,"ATABNB":0,"ATOMBNB":0,"AVABNB":0,"AVAXBNB":0,"AXSBNB":0,"BAKEBNB":0.01714884300502159,"BANDBNB":0,"BATBNB":0,"BCHBNB":0,"BELBNB":0.02295414740820391,"BIFIBNB":0.0314309774364196,"BLZBNB":0,"BTTBNB":0,"BURGERBNB":0.007939154872251797,"CAKEBNB":0.2071622536800463,"CELRBNB":0,"CHRBNB":0,"CHZBNB":0,"COCOSBNB":0,"COSBNB":0.009698790290992961,"COTIBNB":0,"CREAMBNB":0,"CRVBNB":0.0028761495541803303,"CTKBNB":0.001605720006091164,"CTSIBNB":0,"DASHBNB":0.0354996878501217,"DGBBNB":0.013632136644321152,"DIABNB":0,"DOTBNB":0.009228849425294302,"EGLDBNB":0,"ENJBNB":0,"EOSBNB":0,"ETCBNB":0,"FETBNB":0.008250020969000717,"FILBNB":0,"FIOBNB":0,"FTMBNB":0,"FTTBNB":0.03644593124894072,"HARDBNB":0.01431202478678599,"HBARBNB":0,"HOTBNB":0,"ICPBNB":0,"ICXBNB":0,"INJBNB":0.011058013821313474,"IOSTBNB":0,"IOTABNB":0,"IQBNB":0.0008572986501091812,"JSTBNB":0.01643410933549197,"KAVABNB":0,"KP3RBNB":0.004442501667009117,"KSMBNB":0.022762286467735197,"LPTBNB":0.017548444706884277,"LTCBNB":0,"LUNABNB":0,"MASKBNB":0.004222768870227522,"MATICBNB":0.008617959508165383,"MBLBNB":0.0006910937026394913,"MDXBNB":0.02079532168173108,"MFTBNB":0.00360116485443985,"MITHBNB":0.005917641940489937,"MKRBNB":0,"NEARBNB":0.027934584827586588,"NEOBNB":0,"NMRBNB":0.006301739466568222,"NUBNB":0,"OCEANBNB":0.0049144650452259304,"OGNBNB":0,"ONEBNB":0,"ONTBNB":0.02557004914386679,"PAXGBNB":0,"PERLBNB":0,"POLSBNB":0.0012124009978531354,"PROMBNB":0.007576389680207786,"RSRBNB":0,"RUNEBNB":0,"RVNBNB":0.012004782877799897,"SANDBNB":0,"SCBNB":0.00023431820465800342,"SNXBNB":0,"SOLBNB":0.015169823317589343,"SPARTABNB":0.020587800222833193,"SRMBNB":0.017520742122313707,"STMXBNB":0,"STXBNB":0,"SUSHIBNB":0,"SWRVBNB":0.014803424813653435,"SXPBNB":0,"THETABNB":0.010599656462600537,"TROYBNB":0,"TRXBNB":0.03026900139833813,"UNFIBNB":0.02022500534661562,"UNIBNB":0,"VETBNB":0,"VTHOBNB":0,"WABIBNB":0.028433499012249095,"WANBNB":0.02367128936363573,"WAVESBNB":0,"WINBNB":0.011758389378411234,"WINGBNB":0.007030316806208737,"WNXMBNB":0.011903795781368055,"WRXBNB":0.0019906078263495085,"WTCBNB":0,"XLMBNB":0,"XMRBNB":0,"XRPBNB":0.03439403404217667,"XTZBNB":0,"XVSBNB":0.00188627815719125,"YFIBNB":0,"YFIIBNB":0.07473611336909254,"ZECBNB":0.004375069384997478,"ZENBNB":0,"ZILBNB":0},"numerosità_campione":922,"expected_return":0.000056707335979081325,"standard_deviation":0.0011241009722487414,"sharpe_ratio":0.050446834740868016}