{"weights":{"AAVEBNB":0,"ADABNB":0,"ALGOBNB":0,"ALPHABNB":0.03230586982783216,"ANKRBNB":0,"ANTBNB":0,"ARBNB":0.015463030720618208,"ARPABNB":0.006383842292628995,"ATABNB":0,"ATOMBNB":0,"AVABNB":0,"AVAXBNB":0,"AXSBNB":0,"BAKEBNB":0,"BANDBNB":0,"BATBNB":0,"BCHBNB":0,"BELBNB":0.02304788094517251,"BIFIBNB":0.04199124765509234,"BLZBNB":0.003846826318782216,"BTTBNB":0,"BURGERBNB":0.014369195616646027,"CAKEBNB":0.20133175806339215,"CELRBNB":0,"CHRBNB":0,"CHZBNB":0,"COCOSBNB":0,"COSBNB":0.010467859256193984,"COTIBNB":0,"CREAMBNB":0,"CRVBNB":0,"CTKBNB":0,"CTSIBNB":0,"DASHBNB":0.016867805033139158,"DGBBNB":0.012625585155912058,"DIABNB":0,"DOTBNB":0.014957078460212055,"EGLDBNB":0,"ENJBNB":0,"EOSBNB":0,"ETCBNB":0,"FETBNB":0,"FILBNB":0,"FIOBNB":0.003869627130547445,"FTMBNB":0,"FTTBNB":0.0477652080650251,"HARDBNB":0.021651157439314707,"HBARBNB":0,"HOTBNB":0,"ICPBNB":0,"ICXBNB":0,"INJBNB":0.011712397867111295,"IOSTBNB":0,"IOTABNB":0,"IQBNB":0.0013272467685217582,"JSTBNB":0.024032543320391637,"KAVABNB":0,"KP3RBNB":0.005946268214261561,"KSMBNB":0.047431903000028336,"LPTBNB":0.026883620877100608,"LTCBNB":0,"LUNABNB":0,"MASKBNB":0,"MATICBNB":0,"MBLBNB":0,"MDXBNB":0.02622479940067039,"MFTBNB":0.006212837670800633,"MITHBNB":0.010693719727664107,"MKRBNB":0,"NEARBNB":0.04016626301728752,"NEOBNB":0,"NMRBNB":0.0056614567786726095,"NUBNB":0,"OCEANBNB":0,"OGNBNB":0,"ONEBNB":0,"ONTBNB":0.006761219872684271,"PAXGBNB":0,"PERLBNB":0.0005282671042574784,"POLSBNB":0,"PROMBNB":0.011303121806458274,"RSRBNB":0,"RUNEBNB":0,"RVNBNB":0,"SANDBNB":0,"SCBNB":0,"SNXBNB":0,"SOLBNB":0.01766675147233156,"SPARTABNB":0.01700785398836671,"SRMBNB":0.010368582100515191,"STMXBNB":0.008349874471116734,"STXBNB":0,"SUSHIBNB":0,"SWRVBNB":0.011714200475290995,"SXPBNB":0,"THETABNB":0.02008597058476036,"TROYBNB":0,"TRXBNB":0.029391413726023677,"UNFIBNB":0.019351991203158496,"UNIBNB":0,"VETBNB":0,"VTHOBNB":0,"WABIBNB":0.034636897974812245,"WANBNB":0.00958433728351846,"WAVESBNB":0,"WINBNB":0.0027796005026575338,"WINGBNB":0.013525548521386129,"WNXMBNB":0.006690306993292882,"WRXBNB":0,"WTCBNB":0.003975683295100152,"XLMBNB":0,"XMRBNB":0,"XRPBNB":0.01841586263081309,"XTZBNB":0,"XVSBNB":0,"YFIBNB":0,"YFIIBNB":0.07818286729550311,"ZECBNB":0.006442620074933443,"ZENBNB":0,"ZILBNB":0},"numerosità_campione":900,"expected_return":0.00009491184371688761,"standard_deviation":0.0012288187708590604,"sharpe_ratio":0.07723827627611456}