{"weights":{"AAVEBNB":0.0070099952753243456,"ADABNB":0.0352232903078368,"ALGOBNB":0,"ALPHABNB":0,"ANKRBNB":0.015184544948796924,"ANTBNB":0,"ARBNB":0,"ARPABNB":0.00442721734962798,"ATOMBNB":0,"AVABNB":0,"AVAXBNB":0,"AXSBNB":0,"BAKEBNB":0.026666287271379287,"BANDBNB":0,"BATBNB":0,"BCHBNB":0,"BELBNB":0,"BIFIBNB":0.022706979966105052,"BLZBNB":0.01148964096497482,"BTTBNB":0,"BURGERBNB":0,"CAKEBNB":0.09198201892079058,"CELRBNB":0.01920854198603841,"CHRBNB":0,"CHZBNB":0,"COCOSBNB":0.015182909690932982,"COSBNB":0,"COTIBNB":0,"CREAMBNB":0.02435541635702547,"CRVBNB":0,"CTKBNB":0,"CTSIBNB":0.006736998234342744,"DASHBNB":0,"DGBBNB":0,"DIABNB":0,"DOTBNB":0.023893967633616967,"EGLDBNB":0,"ENJBNB":0,"EOSBNB":0,"ETCBNB":0,"FETBNB":0.010292333459053867,"FILBNB":0,"FIOBNB":0,"FTMBNB":0,"FTTBNB":0.03719520416817978,"HARDBNB":0.03946999438345946,"HBARBNB":0,"HOTBNB":0,"ICPBNB":0,"ICXBNB":0,"INJBNB":0.030186936109623308,"IOSTBNB":0,"IOTABNB":0,"IQBNB":0.033451686912678615,"JSTBNB":0,"KAVABNB":0,"KP3RBNB":0.017702406153950776,"KSMBNB":0.007437677505927737,"LTCBNB":0,"LUNABNB":0,"MATICBNB":0.032566544595713495,"MBLBNB":0.004554632133100935,"MFTBNB":0,"MITHBNB":0,"MKRBNB":0,"NEARBNB":0.014749631691718109,"NEOBNB":0,"NMRBNB":0.013190410998909122,"OCEANBNB":0,"OGNBNB":0,"ONEBNB":0.01968467403406899,"ONTBNB":0,"PAXGBNB":0.10129602881011082,"PERLBNB":0.015214246433832653,"PROMBNB":0.007035215226356893,"RSRBNB":0,"RUNEBNB":0.031857814112095394,"RVNBNB":0,"SANDBNB":0,"SCBNB":0,"SNXBNB":0.021943166842667595,"SOLBNB":0.047966693989258985,"SPARTABNB":0.020889302567923013,"SRMBNB":0.005569734138938245,"STMXBNB":0,"STXBNB":0.000863625620936598,"SUSHIBNB":0.060927940089154545,"SWRVBNB":0.011330614728176275,"SXPBNB":0,"THETABNB":0.0033085415279459894,"TROYBNB":0.00133155050617235,"TRXBNB":0,"UNFIBNB":0.01772050466135064,"UNIBNB":0,"VETBNB":0,"VTHOBNB":0,"WABIBNB":0,"WANBNB":0,"WAVESBNB":0,"WINBNB":0,"WINGBNB":0.0011444275694500218,"WNXMBNB":0.004612090122051141,"WRXBNB":0,"WTCBNB":0,"XLMBNB":0,"XMRBNB":0,"XRPBNB":0.05978475507610352,"XTZBNB":0.0014376760908315668,"XVSBNB":0,"YFIBNB":0,"YFIIBNB":0.021216130833467513,"ZECBNB":0,"ZENBNB":0,"ZILBNB":0},"numerosità_campione":114,"expected_return":0.00018821533199465354,"standard_deviation":0.0014920152405816945,"sharpe_ratio":0.12614839773437816}