{"weights":{"AAVEBNB":0,"ADABNB":0,"ALGOBNB":0,"ALPHABNB":0.044722146857070155,"ANKRBNB":0,"ANTBNB":0,"ARBNB":0.009348094194612607,"ARPABNB":0,"ATABNB":0.00043220263645378466,"ATOMBNB":0,"AVABNB":0,"AVAXBNB":0,"AXSBNB":0,"BAKEBNB":0.024523265142141575,"BANDBNB":0,"BATBNB":0,"BCHBNB":0,"BELBNB":0.02351095202259494,"BIFIBNB":0.02917634487677492,"BLZBNB":0,"BTTBNB":0,"BURGERBNB":0.006216774922217385,"CAKEBNB":0.20425534307351892,"CELRBNB":0,"CHRBNB":0,"CHZBNB":0,"COCOSBNB":0,"COSBNB":0.0101496887532983,"COTIBNB":0,"CREAMBNB":0,"CRVBNB":0.0039418208142885875,"CTKBNB":0.0015681979569025831,"CTSIBNB":0,"DASHBNB":0.0313376448202575,"DGBBNB":0.012344294715385718,"DIABNB":0,"DOTBNB":0.010715787530398722,"EGLDBNB":0,"ENJBNB":0,"EOSBNB":0.00011919891505155325,"ETCBNB":0,"FETBNB":0.007828463492857792,"FILBNB":0,"FIOBNB":0,"FTMBNB":0,"FTTBNB":0.038443105473521665,"HARDBNB":0.008514800504691653,"HBARBNB":0,"HOTBNB":0,"ICPBNB":0,"ICXBNB":0,"INJBNB":0.01006146632455514,"IOSTBNB":0,"IOTABNB":0,"IQBNB":0.003082349057882604,"JSTBNB":0.011335603227788215,"KAVABNB":0,"KP3RBNB":0.004055221075506118,"KSMBNB":0.014289646759314024,"LPTBNB":0.014910489189574307,"LTCBNB":0,"LUNABNB":0,"MASKBNB":0.007865868145398847,"MATICBNB":0.016311701222602195,"MBLBNB":0.0021441466381045557,"MDXBNB":0.022495747510021005,"MFTBNB":0.0030450467039331826,"MITHBNB":0.00233325759895239,"MKRBNB":0,"NEARBNB":0.023190172500503682,"NEOBNB":0,"NMRBNB":0.006431310815741975,"NUBNB":0,"OCEANBNB":0.00989417002685493,"OGNBNB":0,"ONEBNB":0,"ONTBNB":0.029971931665574703,"PAXGBNB":0,"PERLBNB":0,"POLSBNB":0.00039079865911698086,"PROMBNB":0.007277741585128226,"RSRBNB":0,"RUNEBNB":0,"RVNBNB":0.012265690208460953,"SANDBNB":0,"SCBNB":0.003200603425980885,"SNXBNB":0,"SOLBNB":0.012439211635001574,"SPARTABNB":0.020388589147046915,"SRMBNB":0.015947057986510027,"STMXBNB":0.004377821836027156,"STXBNB":0,"SUSHIBNB":0,"SWRVBNB":0.01575565114275102,"SXPBNB":0.0014584697173181725,"THETABNB":0.008632733469915345,"TROYBNB":0,"TRXBNB":0.026011065218459174,"UNFIBNB":0.018358896762775863,"UNIBNB":0,"VETBNB":0,"VTHOBNB":0,"WABIBNB":0.026835081161119944,"WANBNB":0.023150200284301425,"WAVESBNB":0,"WINBNB":0.012430962714895188,"WINGBNB":0.004087843725200167,"WNXMBNB":0.012555391908641723,"WRXBNB":0.00003151048215579396,"WTCBNB":0,"XLMBNB":0,"XMRBNB":0,"XRPBNB":0.03959214289304054,"XTZBNB":0,"XVSBNB":0.004249954810773514,"YFIBNB":0,"YFIIBNB":0.07987067376018894,"ZECBNB":0.0021256523008444535,"ZENBNB":0,"ZILBNB":0},"numerosità_campione":900,"expected_return":0.00004478454235736646,"standard_deviation":0.0010984461720716335,"sharpe_ratio":0.04077081198517382}