{"weights":{"AAVEBNB":0,"ADABNB":0,"ALGOBNB":0,"ALPHABNB":0.046822652257208844,"ANKRBNB":0,"ANTBNB":0,"ARBNB":0.00819574794097365,"ARPABNB":0,"ATABNB":0.0010650739504766828,"ATOMBNB":0,"AVABNB":0,"AVAXBNB":0.002720987089523636,"AXSBNB":0,"BAKEBNB":0.02808080042808029,"BANDBNB":0,"BATBNB":0,"BCHBNB":0,"BELBNB":0.023167152539660146,"BIFIBNB":0.026422652811660507,"BLZBNB":0,"BTTBNB":0,"BURGERBNB":0.00437488956548932,"CAKEBNB":0.20296340748142935,"CELRBNB":0,"CHRBNB":0,"CHZBNB":0,"COCOSBNB":0,"COSBNB":0.009902051845892802,"COTIBNB":0,"CREAMBNB":0,"CRVBNB":0.003701408326053493,"CTKBNB":0.003343438287864363,"CTSIBNB":0,"DASHBNB":0.03315554777076889,"DGBBNB":0.011477128261812523,"DIABNB":0,"DOTBNB":0.008394854253573055,"EGLDBNB":0,"ENJBNB":0.0002840207033407444,"EOSBNB":0.004687481112709115,"ETCBNB":0,"FETBNB":0.008616145438832983,"FILBNB":0,"FIOBNB":0,"FTMBNB":0,"FTTBNB":0.03641622269625536,"HARDBNB":0.006032161862141413,"HBARBNB":0,"HOTBNB":0.00012528287465474647,"ICPBNB":0.007451420378952089,"ICXBNB":0,"INJBNB":0.00866218758383293,"IOSTBNB":0,"IOTABNB":0,"IQBNB":0.003407555674631419,"JSTBNB":0.008864666577536037,"KAVABNB":0,"KP3RBNB":0.0034542449785098326,"KSMBNB":0.007872717548886745,"LPTBNB":0.013527453063831796,"LTCBNB":0,"LUNABNB":0,"MASKBNB":0.011066956115063994,"MATICBNB":0.020645868648760113,"MBLBNB":0.002009045434432761,"MDXBNB":0.021844256390549432,"MFTBNB":0.0023744250431225198,"MITHBNB":0.0006334884694152382,"MKRBNB":0.001046397690152303,"NEARBNB":0.020023830572518043,"NEOBNB":0,"NMRBNB":0.006423082982632084,"NUBNB":0,"OCEANBNB":0.012515910951966993,"OGNBNB":0,"ONEBNB":0,"ONTBNB":0.032914321124878194,"PAXGBNB":0,"PERLBNB":0,"POLSBNB":0.000834375497408417,"PROMBNB":0.0063410779437368435,"RSRBNB":0,"RUNEBNB":0,"RVNBNB":0.013245671821537942,"SANDBNB":0,"SCBNB":0.003114173766368433,"SNXBNB":0,"SOLBNB":0.00975011875364617,"SPARTABNB":0.020807619632630704,"SRMBNB":0.01573154636356354,"STMXBNB":0.0029879842092498457,"STXBNB":0.0031775194741812604,"SUSHIBNB":0,"SWRVBNB":0.016052515985212498,"SXPBNB":0.004273555669721809,"THETABNB":0.005336958152969772,"TROYBNB":0,"TRXBNB":0.02165277527504019,"UNFIBNB":0.017788927891514237,"UNIBNB":0,"VETBNB":0,"VTHOBNB":0,"WABIBNB":0.025430650140310956,"WANBNB":0.025218833879628776,"WAVESBNB":0,"WINBNB":0.014191162582555584,"WINGBNB":0.0020042613474629423,"WNXMBNB":0.01330298356853086,"WRXBNB":0.0009134173117775789,"WTCBNB":0,"XLMBNB":0,"XMRBNB":0,"XRPBNB":0.03874442149819814,"XTZBNB":0,"XVSBNB":0.004781773689163486,"YFIBNB":0.001451180829745626,"YFIIBNB":0.07790480587538681,"ZECBNB":0.0002747521123835241,"ZENBNB":0,"ZILBNB":0},"numerosità_campione":900,"expected_return":0.00003225271701748616,"standard_deviation":0.001085530021877226,"sharpe_ratio":0.029711492420735605}