{"weights":{"AAVEBNB":0.0068936781331707005,"ADABNB":0.037971611532623385,"ALGOBNB":0,"ALPHABNB":0,"ANKRBNB":0.015439999904817573,"ANTBNB":0,"ARBNB":0,"ARPABNB":0,"ATOMBNB":0,"AVABNB":0,"AVAXBNB":0,"AXSBNB":0,"BAKEBNB":0.028588001063847998,"BANDBNB":0,"BATBNB":0,"BCHBNB":0,"BELBNB":0,"BIFIBNB":0.023571535180788496,"BLZBNB":0.011718177768505988,"BTTBNB":0,"BURGERBNB":0,"CAKEBNB":0.08083745974706229,"CELRBNB":0.021000332696819776,"CHRBNB":0,"CHZBNB":0,"COCOSBNB":0.014358675719748068,"COSBNB":0,"COTIBNB":0,"CREAMBNB":0.025931823835206806,"CRVBNB":0,"CTKBNB":0,"CTSIBNB":0.0071767364289733685,"DASHBNB":0,"DGBBNB":0,"DIABNB":0,"DOTBNB":0.01992366698947886,"EGLDBNB":0,"ENJBNB":0,"EOSBNB":0,"ETCBNB":0,"FETBNB":0.010384888299346312,"FILBNB":0,"FIOBNB":0,"FTMBNB":0,"FTTBNB":0.029671361227371736,"HARDBNB":0.038457410714274304,"HBARBNB":0,"HOTBNB":0,"ICPBNB":0,"ICXBNB":0,"INJBNB":0.031271858420729354,"IOSTBNB":0,"IOTABNB":0,"IQBNB":0.034458278467218856,"JSTBNB":0,"KAVABNB":0,"KP3RBNB":0.016324523068515468,"KSMBNB":0.00930248728032473,"LTCBNB":0,"LUNABNB":0,"MATICBNB":0.03670093275449856,"MBLBNB":0.0016843420224503746,"MFTBNB":0,"MITHBNB":0,"MKRBNB":0,"NEARBNB":0.015009755857481596,"NEOBNB":0,"NMRBNB":0.013791086699895204,"OCEANBNB":0,"OGNBNB":0,"ONEBNB":0.022371797342533313,"ONTBNB":0,"PAXGBNB":0.1066374627393821,"PERLBNB":0.014828545246489848,"PROMBNB":0.005936297323799975,"RSRBNB":0,"RUNEBNB":0.03365162215619108,"RVNBNB":0,"SANDBNB":0,"SCBNB":0,"SNXBNB":0.02358104264995003,"SOLBNB":0.05217015104862253,"SPARTABNB":0.0209175975583881,"SRMBNB":0.006014264498774534,"STMXBNB":0,"STXBNB":0,"SUSHIBNB":0.06816512777015196,"SWRVBNB":0.011021029726721199,"SXPBNB":0,"THETABNB":0,"TROYBNB":0.00047569525100521525,"TRXBNB":0,"UNFIBNB":0.014663465790104363,"UNIBNB":0,"VETBNB":0,"VTHOBNB":0,"WABIBNB":0,"WANBNB":0,"WAVESBNB":0,"WINBNB":0,"WINGBNB":0.001461033294339621,"WNXMBNB":0.004221789731530528,"WRXBNB":0,"WTCBNB":0,"XLMBNB":0,"XMRBNB":0,"XRPBNB":0.06360283248789361,"XTZBNB":0,"XVSBNB":0,"YFIBNB":0,"YFIIBNB":0.019811621570972333,"ZECBNB":0,"ZENBNB":0,"ZILBNB":0},"numerosità_campione":114,"expected_return":0.0002004861146671745,"standard_deviation":0.0015535088211765533,"sharpe_ratio":0.1290537343169612}