{"weights":{"AAVEBNB":0,"ADABNB":0.057200136393303104,"ALGOBNB":0,"ALPHABNB":0,"ANKRBNB":0.016180813605013833,"ANTBNB":0,"ARBNB":0,"ARPABNB":0,"ATOMBNB":0,"AVABNB":0,"AVAXBNB":0,"AXSBNB":0.0008714911302216157,"BAKEBNB":0.04101994830837481,"BANDBNB":0,"BATBNB":0,"BCHBNB":0,"BELBNB":0,"BIFIBNB":0.027041409579884955,"BLZBNB":0.01795052168896313,"BTTBNB":0,"BURGERBNB":0,"CAKEBNB":0.07859486657804259,"CELRBNB":0,"CHRBNB":0,"CHZBNB":0,"COCOSBNB":0.034952526112061684,"COSBNB":0,"COTIBNB":0.010816346576813136,"CREAMBNB":0.011208721604203784,"CRVBNB":0,"CTKBNB":0,"CTSIBNB":0.010788758073919543,"DASHBNB":0,"DGBBNB":0,"DIABNB":0,"DOTBNB":0,"EGLDBNB":0,"ENJBNB":0,"EOSBNB":0,"ETCBNB":0,"FETBNB":0,"FILBNB":0,"FIOBNB":0,"FTMBNB":0,"FTTBNB":0.05154422858429752,"HARDBNB":0.04173565793952625,"HBARBNB":0,"HOTBNB":0,"ICPBNB":0,"ICXBNB":0,"INJBNB":0,"IOSTBNB":0,"IOTABNB":0,"IQBNB":0.02315215082127318,"JSTBNB":0,"KAVABNB":0,"KP3RBNB":0.01850450919664901,"KSMBNB":0.009605875956996869,"LTCBNB":0,"LUNABNB":0,"MATICBNB":0.028371673855900593,"MBLBNB":0,"MFTBNB":0,"MITHBNB":0,"MKRBNB":0,"NEARBNB":0.02811319097230993,"NEOBNB":0,"NMRBNB":0.01734761432121971,"OCEANBNB":0,"OGNBNB":0,"ONEBNB":0.028413208077178512,"ONTBNB":0,"PAXGBNB":0.13483383737536112,"PERLBNB":0,"PROMBNB":0.008826506393046997,"RSRBNB":0,"RUNEBNB":0.027476932429825636,"RVNBNB":0,"SANDBNB":0,"SCBNB":0,"SNXBNB":0,"SOLBNB":0.05471800526152223,"SPARTABNB":0.01207965717022111,"SRMBNB":0.01784820434537037,"STMXBNB":0,"STXBNB":0,"SUSHIBNB":0.03757859594761622,"SWRVBNB":0.019343580147253774,"SXPBNB":0.0005834723455127518,"THETABNB":0.043119941416329896,"TROYBNB":0,"TRXBNB":0,"UNFIBNB":0.0081665139323201,"UNIBNB":0,"VETBNB":0,"VTHOBNB":0,"WABIBNB":0,"WANBNB":0,"WAVESBNB":0,"WINBNB":0.004197017133214645,"WINGBNB":0.004349416935820839,"WNXMBNB":0.0002123282852695939,"WRXBNB":0,"WTCBNB":0,"XLMBNB":0,"XMRBNB":0,"XRPBNB":0.07325234150516102,"XTZBNB":0,"XVSBNB":0,"YFIBNB":0,"YFIIBNB":0,"ZECBNB":0,"ZENBNB":0,"ZILBNB":0},"numerosità_campione":114,"expected_return":0.00020154169470866618,"standard_deviation":0.0015455071073849037,"sharpe_ratio":0.130404896713602}