{"weights":{"AAVEBNB":0,"ADABNB":0,"ALGOBNB":0,"ALPHABNB":0.005458655579505536,"ANKRBNB":0,"ANTBNB":0,"ARBNB":0.022507014159710993,"ARPABNB":0.0002297027308247472,"ATABNB":0,"ATOMBNB":0,"AVABNB":0.007046017779772212,"AVAXBNB":0,"AXSBNB":0,"BAKEBNB":0,"BANDBNB":0,"BATBNB":0,"BCHBNB":0,"BELBNB":0.01529975713537016,"BIFIBNB":0.05131540940932954,"BLZBNB":0.00568798058994703,"BTTBNB":0,"BURGERBNB":0.019703507716259675,"CAKEBNB":0.18813828875011251,"CELRBNB":0,"CHRBNB":0,"CHZBNB":0,"COCOSBNB":0,"COSBNB":0.014803370785760283,"COTIBNB":0,"CREAMBNB":0,"CRVBNB":0,"CTKBNB":0,"CTSIBNB":0,"DASHBNB":0.007046025376574528,"DGBBNB":0.009928726904358389,"DIABNB":0,"DOTBNB":0,"EGLDBNB":0,"ENJBNB":0,"EOSBNB":0,"ETCBNB":0,"FETBNB":0,"FILBNB":0,"FIOBNB":0.011941935655519162,"FTMBNB":0,"FTTBNB":0.04035009308694365,"HARDBNB":0.04750209387967418,"HBARBNB":0,"HOTBNB":0,"ICPBNB":0,"ICXBNB":0,"INJBNB":0.008170879627835682,"IOSTBNB":0,"IOTABNB":0,"IQBNB":0,"JSTBNB":0.04666986433743726,"KAVABNB":0,"KP3RBNB":0.008004645090477049,"KSMBNB":0.08073146412510103,"LPTBNB":0.04045468228448466,"LTCBNB":0,"LUNABNB":0,"MASKBNB":0,"MATICBNB":0,"MBLBNB":0,"MDXBNB":0.02752356206765322,"MFTBNB":0.008669484391122825,"MITHBNB":0.02387518332350947,"MKRBNB":0,"NEARBNB":0.05766413284100083,"NEOBNB":0,"NMRBNB":0,"NUBNB":0,"OCEANBNB":0,"OGNBNB":0,"ONEBNB":0,"ONTBNB":0,"PAXGBNB":0,"PERLBNB":0,"POLSBNB":0,"PROMBNB":0.013311890649083547,"RSRBNB":0,"RUNEBNB":0,"RVNBNB":0,"SANDBNB":0,"SCBNB":0,"SNXBNB":0,"SOLBNB":0.009961942412087197,"SPARTABNB":0.010792853859594932,"SRMBNB":0.007252759168166028,"STMXBNB":0,"STXBNB":0,"SUSHIBNB":0,"SWRVBNB":0.006492348562338381,"SXPBNB":0,"THETABNB":0.028332021647204476,"TROYBNB":0.0012018764710260612,"TRXBNB":0.01347301896646828,"UNFIBNB":0.021641284069918276,"UNIBNB":0,"VETBNB":0,"VTHOBNB":0,"WABIBNB":0.03913005906886508,"WANBNB":0,"WAVESBNB":0,"WINBNB":0,"WINGBNB":0.026170581440414106,"WNXMBNB":0,"WRXBNB":0,"WTCBNB":0.004538196508392782,"XLMBNB":0,"XMRBNB":0.01854334625435401,"XRPBNB":0,"XTZBNB":0,"XVSBNB":0,"YFIBNB":0,"YFIIBNB":0.047677829705384416,"ZECBNB":0.0027575135884176055,"ZENBNB":0,"ZILBNB":0},"numerosità_campione":922,"expected_return":0.0001555843069539232,"standard_deviation":0.0015252878725251274,"sharpe_ratio":0.10200324132673527}