{"weights":{"AAVEBNB":0,"ADABNB":0.01529548865000862,"ALGOBNB":0,"ALPHABNB":0,"ANKRBNB":0.02122910381403742,"ANTBNB":0.018432960473019466,"ARBNB":0.004122488707959262,"ARPABNB":0.02656226589837983,"ATOMBNB":0.00404615261149352,"AVABNB":0.00006597058592407732,"AVAXBNB":0,"AXSBNB":0.007863114270412388,"BAKEBNB":0.015765161346502677,"BANDBNB":0.011340512650552036,"BATBNB":0.001127147989453513,"BCHBNB":0,"BELBNB":0.006911018210191151,"BIFIBNB":0.016411449296800384,"BLZBNB":0.011812722372747797,"BTTBNB":0,"BURGERBNB":0.004194538134223345,"CAKEBNB":0.14734227826152363,"CELRBNB":0,"CHRBNB":0,"CHZBNB":0,"COCOSBNB":0.02067765927931702,"COSBNB":0.02796428863866858,"COTIBNB":0,"CREAMBNB":0.0049391195029112635,"CRVBNB":0,"CTKBNB":0,"CTSIBNB":0.0026383390500290837,"DASHBNB":0,"DGBBNB":0,"DIABNB":0,"DOTBNB":0.025989763143704415,"EGLDBNB":0.003552891851044096,"ENJBNB":0,"EOSBNB":0,"ETCBNB":0,"FETBNB":0.004045349645886166,"FILBNB":0.004335969564303133,"FIOBNB":0,"FTMBNB":0,"FTTBNB":0.0766335867513917,"HARDBNB":0.04429717008629644,"HBARBNB":0,"HOTBNB":0,"ICPBNB":0,"ICXBNB":0,"INJBNB":0,"IOSTBNB":0.006196480006584672,"IOTABNB":0,"IQBNB":0.02472251812755995,"JSTBNB":0.0026035051862675182,"KAVABNB":0,"KP3RBNB":0.01953134750837931,"KSMBNB":0,"LTCBNB":0,"LUNABNB":0,"MATICBNB":0.009079752520507417,"MBLBNB":0.010734993098933429,"MFTBNB":0.000013828639995140871,"MITHBNB":0,"MKRBNB":0.00673348472800785,"NEARBNB":0.01540063743749282,"NEOBNB":0,"NMRBNB":0.011035330017023542,"OCEANBNB":0.01366717402450175,"OGNBNB":0,"ONEBNB":0.007155218131210686,"ONTBNB":0,"PAXGBNB":0.07706396327931651,"PERLBNB":0.003294918965546526,"PROMBNB":0.012965481667545574,"RSRBNB":0,"RUNEBNB":0.017261655020240862,"RVNBNB":0,"SANDBNB":0,"SCBNB":0.015371287153827894,"SNXBNB":0.004745411599195789,"SOLBNB":0.02153146397023383,"SPARTABNB":0.01241855510379464,"SRMBNB":0.0037382046538664603,"STMXBNB":0,"STXBNB":0.011869258656754936,"SUSHIBNB":0.008787924968202509,"SWRVBNB":0.008903886701263155,"SXPBNB":0.01396990962960085,"THETABNB":0.02534839845797753,"TROYBNB":0,"TRXBNB":0.023402830080518234,"UNFIBNB":0.023955152868752154,"UNIBNB":0.006827905575622054,"VETBNB":0,"VTHOBNB":0,"WABIBNB":0,"WANBNB":0,"WAVESBNB":0,"WINBNB":0.0029150868365534406,"WINGBNB":0,"WNXMBNB":0,"WRXBNB":0,"WTCBNB":0.007531184519501876,"XLMBNB":0,"XMRBNB":0,"XRPBNB":0.03431543839759947,"XTZBNB":0,"XVSBNB":0.0017555263015288124,"YFIBNB":0,"YFIIBNB":0.007555775379311747,"ZECBNB":0,"ZENBNB":0,"ZILBNB":0},"numerosità_campione":114,"expected_return":0.0000931160118442873,"standard_deviation":0.0011953273640729757,"sharpe_ratio":0.07790000851900726}