{"weights":{"AAVEBNB":0.0007665505610633435,"ADABNB":0.01198453046326418,"ALGOBNB":0,"ALPHABNB":0,"ANKRBNB":0.011948990536754998,"ANTBNB":0.016656041367772156,"ARBNB":0.0005934098937618606,"ARPABNB":0.024876067319966458,"ATOMBNB":0,"AVABNB":0.0028119524031814257,"AVAXBNB":0,"AXSBNB":0.0012803407996227973,"BAKEBNB":0.014807917304144831,"BANDBNB":0.011078695607036998,"BATBNB":0.0013651562473944582,"BCHBNB":0,"BELBNB":0.0015962155027770823,"BIFIBNB":0.01654639120253168,"BLZBNB":0.006956968561768074,"BTTBNB":0.014485311003014398,"BURGERBNB":0.004247743500099584,"CAKEBNB":0.14102723386070046,"CELRBNB":0.007600452374625152,"CHRBNB":0,"CHZBNB":0,"COCOSBNB":0.013759545487628835,"COSBNB":0.014106341882722868,"COTIBNB":0,"CREAMBNB":0.013322888330297239,"CRVBNB":0,"CTKBNB":0,"CTSIBNB":0.0033549151036366435,"DASHBNB":0,"DGBBNB":0,"DIABNB":0,"DOTBNB":0.03698535946361912,"EGLDBNB":0,"ENJBNB":0,"EOSBNB":0,"ETCBNB":0,"FETBNB":0.009071572342711293,"FILBNB":0,"FIOBNB":0,"FTMBNB":0,"FTTBNB":0.06351380250104449,"HARDBNB":0.04193230826730543,"HBARBNB":0,"HOTBNB":0,"ICPBNB":0,"ICXBNB":0,"INJBNB":0.017695522180708214,"IOSTBNB":0,"IOTABNB":0,"IQBNB":0.023825244940028495,"JSTBNB":0.016049770016398443,"KAVABNB":0,"KP3RBNB":0.019852931725611127,"KSMBNB":0,"LTCBNB":0.015584085286263693,"LUNABNB":0,"MATICBNB":0.00866904100077617,"MBLBNB":0.014939134997715348,"MFTBNB":0,"MITHBNB":0,"MKRBNB":0.002643391316775512,"NEARBNB":0.009535960712603705,"NEOBNB":0,"NMRBNB":0.009384740472691082,"OCEANBNB":0.014274936697137808,"OGNBNB":0,"ONEBNB":0.0027266659658304842,"ONTBNB":0,"PAXGBNB":0.06504885283034058,"PERLBNB":0.01404507789935057,"PROMBNB":0.011004250846630665,"RSRBNB":0.007039757006811675,"RUNEBNB":0.017699955954585705,"RVNBNB":0,"SANDBNB":0,"SCBNB":0.0025065098502909267,"SNXBNB":0.010702622083336232,"SOLBNB":0.02080108869791323,"SPARTABNB":0.019110990508567814,"SRMBNB":0,"STMXBNB":0,"STXBNB":0.014276439882897576,"SUSHIBNB":0.015166130502561156,"SWRVBNB":0.009636805701595424,"SXPBNB":0.01052742960557031,"THETABNB":0.014859193145525086,"TROYBNB":0.004023069189935417,"TRXBNB":0,"UNFIBNB":0.027130567447227125,"UNIBNB":0.005309207532966419,"VETBNB":0,"VTHOBNB":0,"WABIBNB":0,"WANBNB":0,"WAVESBNB":0,"WINBNB":0.005851019144075537,"WINGBNB":0,"WNXMBNB":0.004345895578388574,"WRXBNB":0,"WTCBNB":0.007842190457476287,"XLMBNB":0,"XMRBNB":0,"XRPBNB":0.02955091554804462,"XTZBNB":0.011281714130756645,"XVSBNB":0.006027365143539194,"YFIBNB":0,"YFIIBNB":0.024354824110627303,"ZECBNB":0,"ZENBNB":0,"ZILBNB":0},"numerosità_campione":114,"expected_return":0.00010231985328700645,"standard_deviation":0.001197860562291898,"sharpe_ratio":0.08541883463567346}