{"weights":{"AAVEBNB":0.006340182876180727,"ADABNB":0.040503998772228045,"ALGOBNB":0,"ALPHABNB":0,"ANKRBNB":0.015487852825169695,"ANTBNB":0,"ARBNB":0,"ARPABNB":0,"ATOMBNB":0,"AVABNB":0,"AVAXBNB":0,"AXSBNB":0,"BAKEBNB":0.03049670083390141,"BANDBNB":0,"BATBNB":0,"BCHBNB":0,"BELBNB":0,"BIFIBNB":0.024297638685084756,"BLZBNB":0.011975554645909403,"BTTBNB":0,"BURGERBNB":0,"CAKEBNB":0.06770042016083676,"CELRBNB":0.022893902087302184,"CHRBNB":0,"CHZBNB":0,"COCOSBNB":0.013006560808520012,"COSBNB":0,"COTIBNB":0,"CREAMBNB":0.02750505184539358,"CRVBNB":0,"CTKBNB":0,"CTSIBNB":0.007442761003860399,"DASHBNB":0,"DGBBNB":0,"DIABNB":0,"DOTBNB":0.015260909267927874,"EGLDBNB":0,"ENJBNB":0,"EOSBNB":0,"ETCBNB":0,"FETBNB":0.010219275197506296,"FILBNB":0,"FIOBNB":0,"FTMBNB":0,"FTTBNB":0.02056783143125612,"HARDBNB":0.03683847005227795,"HBARBNB":0,"HOTBNB":0,"ICPBNB":0,"ICXBNB":0,"INJBNB":0.03213753752717259,"IOSTBNB":0,"IOTABNB":0,"IQBNB":0.035093992153944396,"JSTBNB":0,"KAVABNB":0,"KP3RBNB":0.014622437312700735,"KSMBNB":0.011263438674152287,"LTCBNB":0,"LUNABNB":0,"MATICBNB":0.04111813689963051,"MBLBNB":0,"MFTBNB":0,"MITHBNB":0,"MKRBNB":0,"NEARBNB":0.014988817042504984,"NEOBNB":0,"NMRBNB":0.014457327301958041,"OCEANBNB":0,"OGNBNB":0,"ONEBNB":0.025116384204658025,"ONTBNB":0,"PAXGBNB":0.11189454340938564,"PERLBNB":0.01416722875975057,"PROMBNB":0.004315698686416663,"RSRBNB":0,"RUNEBNB":0.034935489666566025,"RVNBNB":0,"SANDBNB":0,"SCBNB":0,"SNXBNB":0.025071341375766498,"SOLBNB":0.056508950019204474,"SPARTABNB":0.020846143679857626,"SRMBNB":0.006004286006483547,"STMXBNB":0,"STXBNB":0,"SUSHIBNB":0.07560620684719202,"SWRVBNB":0.010200785741193394,"SXPBNB":0,"THETABNB":0,"TROYBNB":0,"TRXBNB":0,"UNFIBNB":0.01071915737761588,"UNIBNB":0,"VETBNB":0,"VTHOBNB":0,"WABIBNB":0,"WANBNB":0,"WAVESBNB":0,"WINBNB":0,"WINGBNB":0.001777126265815085,"WNXMBNB":0.003695483452007915,"WRXBNB":0,"WTCBNB":0,"XLMBNB":0,"XMRBNB":0,"XRPBNB":0.06728580035025877,"XTZBNB":0,"XVSBNB":0,"YFIBNB":0,"YFIIBNB":0.01763657675240901,"ZECBNB":0,"ZENBNB":0,"ZILBNB":0},"numerosità_campione":114,"expected_return":0.00021275689733969558,"standard_deviation":0.0016195809204676717,"sharpe_ratio":0.13136540116702516}