{"weights":{"AAVEBNB":0,"ADABNB":0,"ALGOBNB":0,"ALPHABNB":0.030152263013725117,"ANKRBNB":0,"ANTBNB":0,"ARBNB":0.016352198871471133,"ARPABNB":0.006754660259673028,"ATABNB":0,"ATOMBNB":0,"AVABNB":0,"AVAXBNB":0,"AXSBNB":0,"BAKEBNB":0,"BANDBNB":0,"BATBNB":0,"BCHBNB":0,"BELBNB":0.022805744146661516,"BIFIBNB":0.04382409423095729,"BLZBNB":0.004629112865017633,"BTTBNB":0,"BURGERBNB":0.015234477303190726,"CAKEBNB":0.19908044724402285,"CELRBNB":0,"CHRBNB":0,"CHZBNB":0,"COCOSBNB":0,"COSBNB":0.010331493547604386,"COTIBNB":0,"CREAMBNB":0,"CRVBNB":0,"CTKBNB":0,"CTSIBNB":0,"DASHBNB":0.01424492515466434,"DGBBNB":0.012426597152929158,"DIABNB":0,"DOTBNB":0.014705249456475597,"EGLDBNB":0,"ENJBNB":0,"EOSBNB":0,"ETCBNB":0,"FETBNB":0,"FILBNB":0,"FIOBNB":0.004774808637079261,"FTMBNB":0,"FTTBNB":0.04873233407628851,"HARDBNB":0.023506774203875175,"HBARBNB":0,"HOTBNB":0,"ICPBNB":0,"ICXBNB":0,"INJBNB":0.011200567564411994,"IOSTBNB":0,"IOTABNB":0,"IQBNB":0.0010651736925832514,"JSTBNB":0.026227054700820318,"KAVABNB":0,"KP3RBNB":0.006296637540067462,"KSMBNB":0.05189878172928706,"LPTBNB":0.02915005757362684,"LTCBNB":0,"LUNABNB":0,"MASKBNB":0,"MATICBNB":0,"MBLBNB":0,"MDXBNB":0.026904371361027492,"MFTBNB":0.006649998144951569,"MITHBNB":0.011781639841946377,"MKRBNB":0,"NEARBNB":0.041995741319432144,"NEOBNB":0,"NMRBNB":0.005327348578141527,"NUBNB":0,"OCEANBNB":0,"OGNBNB":0,"ONEBNB":0,"ONTBNB":0.0021391959831704587,"PAXGBNB":0,"PERLBNB":0.0006721939490361708,"POLSBNB":0,"PROMBNB":0.01184962343635968,"RSRBNB":0,"RUNEBNB":0,"RVNBNB":0,"SANDBNB":0,"SCBNB":0,"SNXBNB":0,"SOLBNB":0.017344475220684302,"SPARTABNB":0.016124366066977126,"SRMBNB":0.008893053044757637,"STMXBNB":0.00858023536234127,"STXBNB":0,"SUSHIBNB":0,"SWRVBNB":0.011089340627893416,"SXPBNB":0,"THETABNB":0.020911987227590075,"TROYBNB":0.0003954973078258406,"TRXBNB":0.03099937541852106,"UNFIBNB":0.019372624790631877,"UNIBNB":0,"VETBNB":0,"VTHOBNB":0,"WABIBNB":0.03560219737152669,"WANBNB":0.00715144211042412,"WAVESBNB":0,"WINBNB":0.0011816311302049306,"WINGBNB":0.014910296652476776,"WNXMBNB":0.005501532323211074,"WRXBNB":0,"WTCBNB":0.004873144636579516,"XLMBNB":0,"XMRBNB":0.00016912374103779707,"XRPBNB":0.01222499531555877,"XTZBNB":0,"XVSBNB":0,"YFIBNB":0,"YFIIBNB":0.07734839989011941,"ZECBNB":0.006612716183140062,"ZENBNB":0,"ZILBNB":0},"numerosità_campione":900,"expected_return":0.00010117775638682768,"standard_deviation":0.001254478384895063,"sharpe_ratio":0.08065324807911393}