{"weights":{"AAVEBNB":0,"ADABNB":0.03954087414036352,"ALGOBNB":0,"ALPHABNB":0,"ANKRBNB":0.021681114669816696,"ANTBNB":0.005915415773136352,"ARBNB":0,"ARPABNB":0.013029733887341311,"ATOMBNB":0,"AVABNB":0,"AVAXBNB":0,"AXSBNB":0.007448069941243933,"BAKEBNB":0.02938482484636845,"BANDBNB":0,"BATBNB":0,"BCHBNB":0,"BELBNB":0,"BIFIBNB":0.022483538999596583,"BLZBNB":0.01692416572062382,"BTTBNB":0,"BURGERBNB":0,"CAKEBNB":0.11879768315331729,"CELRBNB":0,"CHRBNB":0,"CHZBNB":0,"COCOSBNB":0.030920805954156094,"COSBNB":0.00445775220920701,"COTIBNB":0.005940235152470038,"CREAMBNB":0.009192368685560793,"CRVBNB":0,"CTKBNB":0,"CTSIBNB":0.007607713951175368,"DASHBNB":0,"DGBBNB":0,"DIABNB":0,"DOTBNB":0.009944308244819459,"EGLDBNB":0,"ENJBNB":0,"EOSBNB":0,"ETCBNB":0,"FETBNB":0.001191013536829838,"FILBNB":0,"FIOBNB":0.001893865407761795,"FTMBNB":0,"FTTBNB":0.07487474831677386,"HARDBNB":0.045360592360339305,"HBARBNB":0,"HOTBNB":0,"ICPBNB":0,"ICXBNB":0,"INJBNB":0,"IOSTBNB":0,"IOTABNB":0,"IQBNB":0.02710827013569713,"JSTBNB":0,"KAVABNB":0,"KP3RBNB":0.02186399574662618,"KSMBNB":0.0055409508558932515,"LTCBNB":0,"LUNABNB":0,"MATICBNB":0.020298380412162285,"MBLBNB":0,"MFTBNB":0,"MITHBNB":0,"MKRBNB":0,"NEARBNB":0.02318075366113896,"NEOBNB":0,"NMRBNB":0.014449073145865885,"OCEANBNB":0,"OGNBNB":0,"ONEBNB":0.018637301850248943,"ONTBNB":0,"PAXGBNB":0.10779244487646099,"PERLBNB":0,"PROMBNB":0.011651554969208926,"RSRBNB":0,"RUNEBNB":0.024612045253563416,"RVNBNB":0,"SANDBNB":0,"SCBNB":0.0034096973843362,"SNXBNB":0.0006702699781524482,"SOLBNB":0.03911677891166211,"SPARTABNB":0.012852094249664322,"SRMBNB":0.01229615253373454,"STMXBNB":0,"STXBNB":0.0021759260780290475,"SUSHIBNB":0.027896534438973317,"SWRVBNB":0.015404387575092247,"SXPBNB":0.01179316318839398,"THETABNB":0.04137604634383659,"TROYBNB":0,"TRXBNB":0.007695261773888193,"UNFIBNB":0.01863686235973928,"UNIBNB":0,"VETBNB":0,"VTHOBNB":0,"WABIBNB":0,"WANBNB":0,"WAVESBNB":0,"WINBNB":0.004822944922785841,"WINGBNB":0.002415818678705472,"WNXMBNB":0.0005936905994865021,"WRXBNB":0,"WTCBNB":0.00019067748229857298,"XLMBNB":0,"XMRBNB":0,"XRPBNB":0.05686728225997365,"XTZBNB":0,"XVSBNB":0,"YFIBNB":0,"YFIIBNB":0.00006281538348018084,"ZECBNB":0,"ZENBNB":0,"ZILBNB":0},"numerosità_campione":114,"expected_return":0.0001598395089915973,"standard_deviation":0.001373486782678934,"sharpe_ratio":0.11637498882940568}