{"weights":{"AAVEBNB":0,"ADABNB":0.025255551788390396,"ALGOBNB":0,"ALPHABNB":0,"ANKRBNB":0.02176696685552685,"ANTBNB":0.01374895489523191,"ARBNB":0.0023544180658469247,"ARPABNB":0.021174380731884823,"ATOMBNB":0.002880843999891168,"AVABNB":0.00030788127482260557,"AVAXBNB":0,"AXSBNB":0.008273962997997118,"BAKEBNB":0.02129077026873857,"BANDBNB":0.0015046237038952208,"BATBNB":0,"BCHBNB":0,"BELBNB":0,"BIFIBNB":0.018970379600153804,"BLZBNB":0.014304657936892833,"BTTBNB":0,"BURGERBNB":0.0022626777692822207,"CAKEBNB":0.13694499253945147,"CELRBNB":0,"CHRBNB":0,"CHZBNB":0,"COCOSBNB":0.024993485136606524,"COSBNB":0.02005412402852768,"COTIBNB":0.0025162039717110604,"CREAMBNB":0.006872265890885649,"CRVBNB":0,"CTKBNB":0,"CTSIBNB":0.004827172490545642,"DASHBNB":0,"DGBBNB":0,"DIABNB":0,"DOTBNB":0.020442719301432353,"EGLDBNB":0,"ENJBNB":0,"EOSBNB":0,"ETCBNB":0,"FETBNB":0.002973246589439542,"FILBNB":0,"FIOBNB":0.0016075436785351546,"FTMBNB":0,"FTTBNB":0.0765322076231455,"HARDBNB":0.045053946447861135,"HBARBNB":0,"HOTBNB":0,"ICPBNB":0,"ICXBNB":0,"INJBNB":0,"IOSTBNB":0.0019019635703615499,"IOTABNB":0,"IQBNB":0.026225289008543075,"JSTBNB":0,"KAVABNB":0,"KP3RBNB":0.02104742891097133,"KSMBNB":0.0013863540248962173,"LTCBNB":0,"LUNABNB":0,"MATICBNB":0.013747940438705666,"MBLBNB":0.0066994336843126685,"MFTBNB":0,"MITHBNB":0,"MKRBNB":0.004726903511775903,"NEARBNB":0.01885225061114344,"NEOBNB":0,"NMRBNB":0.01246039583311126,"OCEANBNB":0.009283729333947258,"OGNBNB":0,"ONEBNB":0.011786559623660485,"ONTBNB":0,"PAXGBNB":0.08969445302813427,"PERLBNB":0,"PROMBNB":0.01232670797794461,"RSRBNB":0,"RUNEBNB":0.0205410044974879,"RVNBNB":0,"SANDBNB":0,"SCBNB":0.011331005888606773,"SNXBNB":0.003973196953023476,"SOLBNB":0.028706067255955724,"SPARTABNB":0.01297280358004294,"SRMBNB":0.007340057769272899,"STMXBNB":0,"STXBNB":0.008924389465712218,"SUSHIBNB":0.01765013695509076,"SWRVBNB":0.011704354493495744,"SXPBNB":0.013903301760069807,"THETABNB":0.03378959508014224,"TROYBNB":0,"TRXBNB":0.020835353541012458,"UNFIBNB":0.02264989465538195,"UNIBNB":0,"VETBNB":0,"VTHOBNB":0,"WABIBNB":0,"WANBNB":0,"WAVESBNB":0,"WINBNB":0.0034356729311654233,"WINGBNB":0.0009547276239870799,"WNXMBNB":0,"WRXBNB":0,"WTCBNB":0.005148100548291132,"XLMBNB":0,"XMRBNB":0,"XRPBNB":0.04365262651763014,"XTZBNB":0,"XVSBNB":0,"YFIBNB":0,"YFIIBNB":0.005434323339427682,"ZECBNB":0,"ZENBNB":0,"ZILBNB":0},"numerosità_campione":114,"expected_return":0.00012230754184623546,"standard_deviation":0.001259132448374011,"sharpe_ratio":0.09713635924813002}