{"weights":{"AAVEBNB":0.006964779471247494,"ADABNB":0.030767628049355608,"ALGOBNB":0,"ALPHABNB":0,"ANKRBNB":0.014671741416557055,"ANTBNB":0.00026470976659646395,"ARBNB":0,"ARPABNB":0.01106053337644204,"ATOMBNB":0,"AVABNB":0,"AVAXBNB":0,"AXSBNB":0,"BAKEBNB":0.02396887221480519,"BANDBNB":0,"BATBNB":0,"BCHBNB":0,"BELBNB":0,"BIFIBNB":0.021500359927812553,"BLZBNB":0.010957386908007197,"BTTBNB":0,"BURGERBNB":0.000103735108831895,"CAKEBNB":0.10638612733100951,"CELRBNB":0.016528321010258744,"CHRBNB":0,"CHZBNB":0,"COCOSBNB":0.01577730750666917,"COSBNB":0,"COTIBNB":0,"CREAMBNB":0.02191247730628212,"CRVBNB":0,"CTKBNB":0,"CTSIBNB":0.005957720611711624,"DASHBNB":0,"DGBBNB":0,"DIABNB":0,"DOTBNB":0.02933514164816174,"EGLDBNB":0,"ENJBNB":0,"EOSBNB":0,"ETCBNB":0,"FETBNB":0.01002714024501053,"FILBNB":0,"FIOBNB":0,"FTMBNB":0,"FTTBNB":0.04700400528986175,"HARDBNB":0.0405865768858932,"HBARBNB":0,"HOTBNB":0,"ICPBNB":0,"ICXBNB":0,"INJBNB":0.028312171268026848,"IOSTBNB":0,"IOTABNB":0,"IQBNB":0.03168224763478861,"JSTBNB":0,"KAVABNB":0,"KP3RBNB":0.019518900332186218,"KSMBNB":0.004422445855359131,"LTCBNB":0,"LUNABNB":0,"MATICBNB":0.02676508294995925,"MBLBNB":0.007812253556379443,"MFTBNB":0,"MITHBNB":0,"MKRBNB":0,"NEARBNB":0.014181765920932477,"NEOBNB":0,"NMRBNB":0.012276679913068963,"OCEANBNB":0,"OGNBNB":0,"ONEBNB":0.01566432111147233,"ONTBNB":0,"PAXGBNB":0.09308154418029108,"PERLBNB":0.015656392679237047,"PROMBNB":0.0083689818073786,"RSRBNB":0,"RUNEBNB":0.02920401564130646,"RVNBNB":0,"SANDBNB":0,"SCBNB":0,"SNXBNB":0.01969039953230855,"SOLBNB":0.041697922332380045,"SPARTABNB":0.020647949719724897,"SRMBNB":0.004697543265292554,"STMXBNB":0,"STXBNB":0.006292348932597046,"SUSHIBNB":0.050573852379554265,"SWRVBNB":0.011423945902693996,"SXPBNB":0,"THETABNB":0.008606291984495595,"TROYBNB":0.00238722938632564,"TRXBNB":0,"UNFIBNB":0.021399060862479908,"UNIBNB":0,"VETBNB":0,"VTHOBNB":0,"WABIBNB":0,"WANBNB":0,"WAVESBNB":0,"WINBNB":0.0019183084184487783,"WINGBNB":0.0005988075145337808,"WNXMBNB":0.004934207681555795,"WRXBNB":0,"WTCBNB":0,"XLMBNB":0,"XMRBNB":0,"XRPBNB":0.05423721688556627,"XTZBNB":0.005760618189050521,"XVSBNB":0.0015050236129245998,"YFIBNB":0,"YFIIBNB":0.022907906475167175,"ZECBNB":0,"ZENBNB":0,"ZILBNB":0},"numerosità_campione":114,"expected_return":0.000169809157985872,"standard_deviation":0.00140841208183109,"sharpe_ratio":0.1205678083683445}