{"weights":{"AAVEBNB":0,"ADABNB":0,"ALGOBNB":0,"ALPHABNB":0,"ANKRBNB":0.018415587417678767,"ANTBNB":0.02341501895342296,"ARBNB":0.006991418647751032,"ARPABNB":0.03203727209031567,"ATOMBNB":0.0011244418498461836,"AVABNB":0,"AVAXBNB":0,"AXSBNB":0.005425828134352266,"BAKEBNB":0.007330761117131096,"BANDBNB":0.021668819889719672,"BATBNB":0.01097247951324219,"BCHBNB":0,"BELBNB":0.021032395853937298,"BIFIBNB":0.01178304597126417,"BLZBNB":0.0074784244972252644,"BTTBNB":0.012172540126046977,"BURGERBNB":0.006535382356830308,"CAKEBNB":0.15899301566931567,"CELRBNB":0,"CHRBNB":0,"CHZBNB":0,"COCOSBNB":0.013086635229780727,"COSBNB":0.034512987396658985,"COTIBNB":0,"CREAMBNB":0.0024204217885014034,"CRVBNB":0,"CTKBNB":0,"CTSIBNB":0,"DASHBNB":0,"DGBBNB":0,"DIABNB":0,"DOTBNB":0.03082729186526988,"EGLDBNB":0.014579222763020757,"ENJBNB":0,"EOSBNB":0,"ETCBNB":0,"FETBNB":0.005111192939434993,"FILBNB":0.008323985131726327,"FIOBNB":0,"FTMBNB":0,"FTTBNB":0.07416776209407665,"HARDBNB":0.04195520667489551,"HBARBNB":0,"HOTBNB":0,"ICPBNB":0.0006927640906223719,"ICXBNB":0,"INJBNB":0.010665551615138234,"IOSTBNB":0.007991544027700847,"IOTABNB":0,"IQBNB":0.021250685783488047,"JSTBNB":0.010339353272711623,"KAVABNB":0,"KP3RBNB":0.016869332787367644,"KSMBNB":0,"LTCBNB":0.011180713442197822,"LUNABNB":0,"MATICBNB":0.0007714270751038468,"MBLBNB":0.014725023906994233,"MFTBNB":0.001982376700806677,"MITHBNB":0,"MKRBNB":0.0073520334161588565,"NEARBNB":0.008721292138868957,"NEOBNB":0,"NMRBNB":0.008469101434102625,"OCEANBNB":0.01564307441070184,"OGNBNB":0.0012172947822330473,"ONEBNB":0,"ONTBNB":0,"PAXGBNB":0.055897116594275334,"PERLBNB":0.008426377568402988,"PROMBNB":0.013484249081061881,"RSRBNB":0.007025251686487179,"RUNEBNB":0.01029794941082668,"RVNBNB":0,"SANDBNB":0,"SCBNB":0.01776912661392491,"SNXBNB":0.0046141243906742445,"SOLBNB":0.009122123737931512,"SPARTABNB":0.011426581872071784,"SRMBNB":0,"STMXBNB":0.0010892186692830583,"STXBNB":0.01422617374427422,"SUSHIBNB":0,"SWRVBNB":0.004320038624517386,"SXPBNB":0.010383049501357947,"THETABNB":0.008034636969879853,"TROYBNB":0.003339166453444277,"TRXBNB":0.006569235443513875,"UNFIBNB":0.024577104389328416,"UNIBNB":0.02099338315573195,"VETBNB":0,"VTHOBNB":0,"WABIBNB":0,"WANBNB":0,"WAVESBNB":0,"WINBNB":0.002345285241268711,"WINGBNB":0,"WNXMBNB":0,"WRXBNB":0,"WTCBNB":0.009539975423416865,"XLMBNB":0,"XMRBNB":0.004229436482190768,"XRPBNB":0.01680284357407654,"XTZBNB":0.00012110013089929903,"XVSBNB":0.0070174504749656134,"YFIBNB":0.003426479094240041,"YFIIBNB":0.009338497348089073,"ZECBNB":0.0055050236728527305,"ZENBNB":0.0018462937953716233,"ZILBNB":0},"numerosità_campione":114,"expected_return":0.00004307338898380476,"standard_deviation":0.001133531407746179,"sharpe_ratio":0.037999290261792}