{"weights":{"AAVEBNB":0,"ADABNB":0,"ALGOBNB":0,"ALPHABNB":0,"ANKRBNB":0,"ANTBNB":0,"ARBNB":0.026558975450460244,"ARPABNB":0.006152565571854726,"ATABNB":0,"ATOMBNB":0,"AVABNB":0,"AVAXBNB":0,"AXSBNB":0,"BAKEBNB":0,"BANDBNB":0,"BATBNB":0,"BCHBNB":0,"BELBNB":0.015270981222479423,"BIFIBNB":0.06044879531481559,"BLZBNB":0.012017831506109857,"BTTBNB":0,"BURGERBNB":0.02645990018559407,"CAKEBNB":0.16723776521529954,"CELRBNB":0,"CHRBNB":0,"CHZBNB":0,"COCOSBNB":0,"COSBNB":0.008381157585596948,"COTIBNB":0,"CREAMBNB":0,"CRVBNB":0,"CTKBNB":0,"CTSIBNB":0,"DASHBNB":0,"DGBBNB":0.006342526511254816,"DIABNB":0,"DOTBNB":0,"EGLDBNB":0,"ENJBNB":0,"EOSBNB":0,"ETCBNB":0,"FETBNB":0,"FILBNB":0,"FIOBNB":0.01570257263965375,"FTMBNB":0,"FTTBNB":0.03503175841414719,"HARDBNB":0.04508613903473937,"HBARBNB":0,"HOTBNB":0,"ICPBNB":0,"ICXBNB":0,"INJBNB":0,"IOSTBNB":0,"IOTABNB":0,"IQBNB":0,"JSTBNB":0.0429362618358324,"KAVABNB":0,"KP3RBNB":0.00963396387737855,"KSMBNB":0.10262796255876411,"LPTBNB":0.04388531776881613,"LTCBNB":0,"LUNABNB":0,"MASKBNB":0,"MATICBNB":0,"MBLBNB":0,"MDXBNB":0.03012651888140796,"MFTBNB":0.011338921849731703,"MITHBNB":0.02385338325594434,"MKRBNB":0,"NEARBNB":0.05561632660796735,"NEOBNB":0,"NMRBNB":0,"NUBNB":0,"OCEANBNB":0,"OGNBNB":0,"ONEBNB":0,"ONTBNB":0,"PAXGBNB":0.024489340140270092,"PERLBNB":0.0014525631452738436,"POLSBNB":0,"PROMBNB":0.01766646108711121,"RSRBNB":0,"RUNEBNB":0,"RVNBNB":0,"SANDBNB":0,"SCBNB":0,"SNXBNB":0,"SOLBNB":0.011327206433849872,"SPARTABNB":0.004853373418938137,"SRMBNB":0,"STMXBNB":0.004239244189894794,"STXBNB":0,"SUSHIBNB":0,"SWRVBNB":0,"SXPBNB":0,"THETABNB":0.024437758746172586,"TROYBNB":0.00594056896078062,"TRXBNB":0,"UNFIBNB":0.014313621984201025,"UNIBNB":0,"VETBNB":0,"VTHOBNB":0,"WABIBNB":0.047549119545736734,"WANBNB":0,"WAVESBNB":0,"WINBNB":0,"WINGBNB":0.025589797500617788,"WNXMBNB":0,"WRXBNB":0,"WTCBNB":0.013770526998339597,"XLMBNB":0,"XMRBNB":0.010594814969037858,"XRPBNB":0,"XTZBNB":0,"XVSBNB":0,"YFIBNB":0,"YFIIBNB":0.04906597759192771,"ZECBNB":0,"ZENBNB":0,"ZILBNB":0},"numerosità_campione":900,"expected_return":0.00016383688308622906,"standard_deviation":0.0016170309838580185,"sharpe_ratio":0.1013195694589205}