{"weights":{"AAVEBNB":0.006005294360484951,"ADABNB":0.04176441763456498,"ALGOBNB":0,"ALPHABNB":0,"ANKRBNB":0.01551150764390723,"ANTBNB":0,"ARBNB":0,"ARPABNB":0,"ATOMBNB":0,"AVABNB":0,"AVAXBNB":0,"AXSBNB":0,"BAKEBNB":0.03147329415368259,"BANDBNB":0,"BATBNB":0,"BCHBNB":0,"BELBNB":0,"BIFIBNB":0.024656482575479706,"BLZBNB":0.012082623165535789,"BTTBNB":0,"BURGERBNB":0,"CAKEBNB":0.06097583396175315,"CELRBNB":0.023865896601423697,"CHRBNB":0,"CHZBNB":0,"COCOSBNB":0.012250550528780312,"COSBNB":0,"COTIBNB":0,"CREAMBNB":0.028278571666245405,"CRVBNB":0,"CTKBNB":0,"CTSIBNB":0.00756106729570862,"DASHBNB":0,"DGBBNB":0,"DIABNB":0,"DOTBNB":0.012895700249356282,"EGLDBNB":0,"ENJBNB":0,"EOSBNB":0,"ETCBNB":0,"FETBNB":0.010083393666501765,"FILBNB":0,"FIOBNB":0,"FTMBNB":0,"FTTBNB":0.01569720656165509,"HARDBNB":0.036005805391713934,"HBARBNB":0,"HOTBNB":0,"ICPBNB":0,"ICXBNB":0,"INJBNB":0.03254940968605025,"IOSTBNB":0,"IOTABNB":0,"IQBNB":0.03538079027806944,"JSTBNB":0,"KAVABNB":0,"KP3RBNB":0.013733065415204195,"KSMBNB":0.012256589537596507,"LTCBNB":0,"LUNABNB":0,"MATICBNB":0.0433508514920049,"MBLBNB":0,"MFTBNB":0,"MITHBNB":0,"MKRBNB":0,"NEARBNB":0.014967095591800691,"NEOBNB":0,"NMRBNB":0.014798325612165705,"OCEANBNB":0,"OGNBNB":0,"ONEBNB":0.026509650993265677,"ONTBNB":0,"PAXGBNB":0.11447239470865705,"PERLBNB":0.013770494056618985,"PROMBNB":0.003443697896181981,"RSRBNB":0,"RUNEBNB":0.03556119357810861,"RVNBNB":0,"SANDBNB":0,"SCBNB":0,"SNXBNB":0.02579998079251074,"SOLBNB":0.05868591826044284,"SPARTABNB":0.020806191016004744,"SRMBNB":0.005977392161870871,"STMXBNB":0,"STXBNB":0,"SUSHIBNB":0.07939131132675672,"SWRVBNB":0.009763399288238783,"SXPBNB":0,"THETABNB":0,"TROYBNB":0,"TRXBNB":0,"UNFIBNB":0.008710864726880272,"UNIBNB":0,"VETBNB":0,"VTHOBNB":0,"WABIBNB":0,"WANBNB":0,"WAVESBNB":0,"WINBNB":0,"WINGBNB":0.0019241400534377173,"WNXMBNB":0.0034194627878776362,"WRXBNB":0,"WTCBNB":0,"XLMBNB":0,"XMRBNB":0,"XRPBNB":0.06914809037528943,"XTZBNB":0,"XVSBNB":0,"YFIBNB":0,"YFIIBNB":0.016472044908172636,"ZECBNB":0,"ZENBNB":0,"ZILBNB":0},"numerosità_campione":114,"expected_return":0.00021889228867595612,"standard_deviation":0.0016542934654935426,"sharpe_ratio":0.13231768923819795}