{"weights":{"AAVEBNB":0,"ADABNB":0.05898707613700926,"ALGOBNB":0,"ALPHABNB":0,"ANKRBNB":0.015229692950712631,"ANTBNB":0,"ARBNB":0,"ARPABNB":0,"ATOMBNB":0,"AVABNB":0,"AVAXBNB":0,"AXSBNB":0,"BAKEBNB":0.04220207739614789,"BANDBNB":0,"BATBNB":0,"BCHBNB":0,"BELBNB":0,"BIFIBNB":0.02751388889161147,"BLZBNB":0.017980747318771518,"BTTBNB":0,"BURGERBNB":0,"CAKEBNB":0.07301076181998498,"CELRBNB":0,"CHRBNB":0,"CHZBNB":0,"COCOSBNB":0.03507318421035897,"COSBNB":0,"COTIBNB":0.011240321056905318,"CREAMBNB":0.011399332951371539,"CRVBNB":0,"CTKBNB":0,"CTSIBNB":0.011120895708075326,"DASHBNB":0,"DGBBNB":0,"DIABNB":0,"DOTBNB":0,"EGLDBNB":0,"ENJBNB":0,"EOSBNB":0,"ETCBNB":0,"FETBNB":0,"FILBNB":0,"FIOBNB":0,"FTMBNB":0,"FTTBNB":0.04818455859018615,"HARDBNB":0.04110377626633822,"HBARBNB":0,"HOTBNB":0,"ICPBNB":0,"ICXBNB":0,"INJBNB":0,"IOSTBNB":0,"IOTABNB":0,"IQBNB":0.022541334517290842,"JSTBNB":0,"KAVABNB":0,"KP3RBNB":0.017947596616578045,"KSMBNB":0.009887832801494563,"LTCBNB":0,"LUNABNB":0,"MATICBNB":0.0292100353411882,"MBLBNB":0,"MFTBNB":0,"MITHBNB":0,"MKRBNB":0,"NEARBNB":0.02860567742933229,"NEOBNB":0,"NMRBNB":0.017670469280943214,"OCEANBNB":0,"OGNBNB":0,"ONEBNB":0.0294325652888014,"ONTBNB":0,"PAXGBNB":0.13799832866349493,"PERLBNB":0,"PROMBNB":0.00840979323654837,"RSRBNB":0,"RUNEBNB":0.027579067456278354,"RVNBNB":0,"SANDBNB":0,"SCBNB":0,"SNXBNB":0,"SOLBNB":0.05644457368274028,"SPARTABNB":0.011921919410280762,"SRMBNB":0.01837284031106129,"STMXBNB":0,"STXBNB":0,"SUSHIBNB":0.038172034737668524,"SWRVBNB":0.019634544941560396,"SXPBNB":0,"THETABNB":0.04307334960118969,"TROYBNB":0,"TRXBNB":0,"UNFIBNB":0.00659358918571866,"UNIBNB":0,"VETBNB":0,"VTHOBNB":0,"WABIBNB":0,"WANBNB":0,"WAVESBNB":0,"WINBNB":0.003975986276468549,"WINGBNB":0.004589911058577663,"WNXMBNB":0.0001238400772254228,"WRXBNB":0,"WTCBNB":0,"XLMBNB":0,"XMRBNB":0,"XRPBNB":0.07476839678808544,"XTZBNB":0,"XVSBNB":0,"YFIBNB":0,"YFIIBNB":0,"ZECBNB":0,"ZENBNB":0,"ZILBNB":0},"numerosità_campione":114,"expected_return":0.000205711913280373,"standard_deviation":0.0015657961753390115,"sharpe_ratio":0.1313784747467749}