{"weights":{"AAVEBNB":0,"ADABNB":0,"ALGOBNB":0,"ALPHABNB":0.008839477006928699,"ANKRBNB":0,"ANTBNB":0,"ARBNB":0.023512262640385806,"ARPABNB":0.006975641338405865,"ATABNB":0,"ATOMBNB":0,"AVABNB":0,"AVAXBNB":0,"AXSBNB":0,"BAKEBNB":0,"BANDBNB":0,"BATBNB":0,"BCHBNB":0,"BELBNB":0.018341025894492893,"BIFIBNB":0.05552235529879825,"BLZBNB":0.00970586095547185,"BTTBNB":0,"BURGERBNB":0.022852666867428616,"CAKEBNB":0.17910705880791794,"CELRBNB":0,"CHRBNB":0,"CHZBNB":0,"COCOSBNB":0,"COSBNB":0.00968001362925327,"COTIBNB":0,"CREAMBNB":0,"CRVBNB":0,"CTKBNB":0,"CTSIBNB":0,"DASHBNB":0,"DGBBNB":0.008611063670262264,"DIABNB":0,"DOTBNB":0.004867425932186931,"EGLDBNB":0,"ENJBNB":0,"EOSBNB":0,"ETCBNB":0,"FETBNB":0,"FILBNB":0,"FIOBNB":0.012064565775985463,"FTMBNB":0,"FTTBNB":0.043746093902537475,"HARDBNB":0.03810587724945967,"HBARBNB":0,"HOTBNB":0,"ICPBNB":0,"ICXBNB":0,"INJBNB":0.004073369355042988,"IOSTBNB":0,"IOTABNB":0,"IQBNB":0,"JSTBNB":0.03943186162067079,"KAVABNB":0,"KP3RBNB":0.008507694420085409,"KSMBNB":0.08627424160640612,"LPTBNB":0.03993001771219176,"LTCBNB":0,"LUNABNB":0,"MASKBNB":0,"MATICBNB":0,"MBLBNB":0,"MDXBNB":0.029446044666606275,"MFTBNB":0.009750913413463652,"MITHBNB":0.0199991500333022,"MKRBNB":0,"NEARBNB":0.052277941683908404,"NEOBNB":0,"NMRBNB":0.000680164290839475,"NUBNB":0,"OCEANBNB":0,"OGNBNB":0,"ONEBNB":0,"ONTBNB":0,"PAXGBNB":0.0195420986178467,"PERLBNB":0.0015134008182378497,"POLSBNB":0,"PROMBNB":0.0158490803525293,"RSRBNB":0,"RUNEBNB":0,"RVNBNB":0,"SANDBNB":0,"SCBNB":0,"SNXBNB":0,"SOLBNB":0.013620663814543523,"SPARTABNB":0.009153152260801309,"SRMBNB":0,"STMXBNB":0.006926490698818786,"STXBNB":0,"SUSHIBNB":0,"SWRVBNB":0.004010792535671477,"SXPBNB":0,"THETABNB":0.024341836631015135,"TROYBNB":0.004379432955474537,"TRXBNB":0,"UNFIBNB":0.016585142665751507,"UNIBNB":0,"VETBNB":0,"VTHOBNB":0,"WABIBNB":0.0440213797904114,"WANBNB":0,"WAVESBNB":0,"WINBNB":0,"WINGBNB":0.02266816087260229,"WNXMBNB":0,"WRXBNB":0,"WTCBNB":0.01133834856566741,"XLMBNB":0,"XMRBNB":0.008914915252915507,"XRPBNB":0,"XTZBNB":0,"XVSBNB":0,"YFIBNB":0,"YFIIBNB":0.06194244571308977,"ZECBNB":0.0028898706825913737,"ZENBNB":0,"ZILBNB":0},"numerosità_campione":900,"expected_return":0.00014503914507640872,"standard_deviation":0.0014892985336101307,"sharpe_ratio":0.09738755649267103}