{"weights":{"AAVEBNB":0.003283255312289487,"ADABNB":0.048047631915752786,"ALGOBNB":0,"ALPHABNB":0,"ANKRBNB":0.015061033330606603,"ANTBNB":0,"ARBNB":0,"ARPABNB":0,"ATOMBNB":0,"AVABNB":0,"AVAXBNB":0,"AXSBNB":0,"BAKEBNB":0.03821847985287627,"BANDBNB":0,"BATBNB":0,"BCHBNB":0,"BELBNB":0,"BIFIBNB":0.02675331456290967,"BLZBNB":0.012461134329370441,"BTTBNB":0,"BURGERBNB":0,"CAKEBNB":0.006346022628776767,"CELRBNB":0.030810732061253118,"CHRBNB":0,"CHZBNB":0,"COCOSBNB":0.004431667971089121,"COSBNB":0,"COTIBNB":0,"CREAMBNB":0.033721210059919376,"CRVBNB":0,"CTKBNB":0,"CTSIBNB":0.007960716993504837,"DASHBNB":0,"DGBBNB":0,"DIABNB":0,"DOTBNB":0,"EGLDBNB":0,"ENJBNB":0,"EOSBNB":0,"ETCBNB":0,"FETBNB":0.008645726171349372,"FILBNB":0,"FIOBNB":0,"FTMBNB":0,"FTTBNB":0,"HARDBNB":0.026807045590205095,"HBARBNB":0,"HOTBNB":0,"ICPBNB":0,"ICXBNB":0,"INJBNB":0.03380086224240299,"IOSTBNB":0,"IOTABNB":0,"IQBNB":0.03626170134069001,"JSTBNB":0,"KAVABNB":0,"KP3RBNB":0.006522155547418254,"KSMBNB":0.018727460263450048,"LTCBNB":0,"LUNABNB":0,"MATICBNB":0.05961699736877916,"MBLBNB":0,"MFTBNB":0,"MITHBNB":0,"MKRBNB":0,"NEARBNB":0.014026422704990204,"NEOBNB":0,"NMRBNB":0.017214138776566038,"OCEANBNB":0,"OGNBNB":0,"ONEBNB":0.03737820496583655,"ONTBNB":0,"PAXGBNB":0.13217223607175474,"PERLBNB":0.009640203863499239,"PROMBNB":0,"RSRBNB":0,"RUNEBNB":0.03866230588833065,"RVNBNB":0,"SANDBNB":0,"SCBNB":0,"SNXBNB":0.030211037348808874,"SOLBNB":0.07495443082444134,"SPARTABNB":0.020205736688002067,"SRMBNB":0.005019048109148818,"STMXBNB":0,"STXBNB":0,"SUSHIBNB":0.10734944868167032,"SWRVBNB":0.005086273374245936,"SXPBNB":0,"THETABNB":0,"TROYBNB":0,"TRXBNB":0,"UNFIBNB":0,"UNIBNB":0,"VETBNB":0,"VTHOBNB":0,"WABIBNB":0,"WANBNB":0,"WAVESBNB":0,"WINBNB":0,"WINGBNB":0.0027564468005665268,"WNXMBNB":0.0010694375199643011,"WRXBNB":0,"WTCBNB":0,"XLMBNB":0,"XMRBNB":0,"XRPBNB":0.08123948162932333,"XTZBNB":0,"XVSBNB":0,"YFIBNB":0,"YFIIBNB":0.00553799921020768,"ZECBNB":0,"ZENBNB":0,"ZILBNB":0},"numerosità_campione":114,"expected_return":0.00026184002802977967,"standard_deviation":0.0019242734400444484,"sharpe_ratio":0.13607215200337197}