{"weights":{"AAVEBNB":0,"ADABNB":0,"ALGOBNB":0,"ALPHABNB":0.026552769785659357,"ANKRBNB":0,"ANTBNB":0,"ARBNB":0.01578055273647596,"ARPABNB":0.001312163113383597,"ATABNB":0,"ATOMBNB":0,"AVABNB":0.003884381600777205,"AVAXBNB":0,"AXSBNB":0,"BAKEBNB":0,"BANDBNB":0,"BATBNB":0,"BCHBNB":0,"BELBNB":0.021230607951854382,"BIFIBNB":0.04149985457816635,"BLZBNB":0.002280226339042815,"BTTBNB":0,"BURGERBNB":0.01418442265718955,"CAKEBNB":0.20448945529596968,"CELRBNB":0,"CHRBNB":0,"CHZBNB":0,"COCOSBNB":0,"COSBNB":0.01227023116327177,"COTIBNB":0,"CREAMBNB":0,"CRVBNB":0,"CTKBNB":0,"CTSIBNB":0,"DASHBNB":0.026058561449263953,"DGBBNB":0.01416456598026809,"DIABNB":0,"DOTBNB":0.005604575352385599,"EGLDBNB":0,"ENJBNB":0,"EOSBNB":0,"ETCBNB":0,"FETBNB":0.0014702952668854473,"FILBNB":0,"FIOBNB":0.004881123876694926,"FTMBNB":0,"FTTBNB":0.041998862790643465,"HARDBNB":0.02916275683781201,"HBARBNB":0,"HOTBNB":0,"ICPBNB":0,"ICXBNB":0,"INJBNB":0.011848466268338785,"IOSTBNB":0,"IOTABNB":0,"IQBNB":0,"JSTBNB":0.029930553534903044,"KAVABNB":0,"KP3RBNB":0.005913629368733243,"KSMBNB":0.05074848438787395,"LPTBNB":0.0271997278746057,"LTCBNB":0.004980516309909271,"LUNABNB":0,"MASKBNB":0,"MATICBNB":0,"MBLBNB":0,"MDXBNB":0.023519632337285393,"MFTBNB":0.00610718406702003,"MITHBNB":0.014424322268554116,"MKRBNB":0,"NEARBNB":0.04451709583851291,"NEOBNB":0,"NMRBNB":0.0039461044860677995,"NUBNB":0,"OCEANBNB":0,"OGNBNB":0,"ONEBNB":0,"ONTBNB":0.004143497870085788,"PAXGBNB":0,"PERLBNB":0,"POLSBNB":0,"PROMBNB":0.010296350773878407,"RSRBNB":0,"RUNEBNB":0,"RVNBNB":0,"SANDBNB":0,"SCBNB":0,"SNXBNB":0,"SOLBNB":0.01715628697793115,"SPARTABNB":0.017203918375580943,"SRMBNB":0.016364610668116994,"STMXBNB":0,"STXBNB":0,"SUSHIBNB":0,"SWRVBNB":0.01201605478578082,"SXPBNB":0,"THETABNB":0.02245143423408083,"TROYBNB":0,"TRXBNB":0.03390090579701029,"UNFIBNB":0.022625439211961394,"UNIBNB":0,"VETBNB":0,"VTHOBNB":0,"WABIBNB":0.03347965238777479,"WANBNB":0.012672851575760733,"WAVESBNB":0,"WINBNB":0.002752306574013319,"WINGBNB":0.01698026545129291,"WNXMBNB":0.00542911140703705,"WRXBNB":0,"WTCBNB":0.001711888799512788,"XLMBNB":0,"XMRBNB":0.0038048968276252577,"XRPBNB":0.003343017768767179,"XTZBNB":0,"XVSBNB":0,"YFIBNB":0,"YFIIBNB":0.06672142003370089,"ZECBNB":0.006984966962540105,"ZENBNB":0,"ZILBNB":0},"numerosità_campione":922,"expected_return":0.00010614582146650228,"standard_deviation":0.0012735742420365082,"sharpe_ratio":0.08334482432431255}