{"weights":{"AAVEBNB":0,"ADABNB":0.04127813828093335,"ALGOBNB":0,"ALPHABNB":0,"ANKRBNB":0.0214066803759358,"ANTBNB":0.004822233499886515,"ARBNB":0,"ARPABNB":0.011923059964630042,"ATOMBNB":0,"AVABNB":0,"AVAXBNB":0,"AXSBNB":0.007189730799651201,"BAKEBNB":0.030386184104059667,"BANDBNB":0,"BATBNB":0,"BCHBNB":0,"BELBNB":0,"BIFIBNB":0.02292328771778205,"BLZBNB":0.017152901741468447,"BTTBNB":0,"BURGERBNB":0,"CAKEBNB":0.11637250697079657,"CELRBNB":0,"CHRBNB":0,"CHZBNB":0,"COCOSBNB":0.03172007987572954,"COSBNB":0.0022849532727719567,"COTIBNB":0.0063950129663865735,"CREAMBNB":0.009459275678763975,"CRVBNB":0,"CTKBNB":0,"CTSIBNB":0.007935691585036557,"DASHBNB":0,"DGBBNB":0,"DIABNB":0,"DOTBNB":0.008428859905760862,"EGLDBNB":0,"ENJBNB":0,"EOSBNB":0,"ETCBNB":0,"FETBNB":0.0009346972041114167,"FILBNB":0,"FIOBNB":0.0017672715723335928,"FTMBNB":0,"FTTBNB":0.07384120228857592,"HARDBNB":0.045252870654289866,"HBARBNB":0,"HOTBNB":0,"ICPBNB":0,"ICXBNB":0,"INJBNB":0,"IOSTBNB":0,"IOTABNB":0,"IQBNB":0.026993597604266256,"JSTBNB":0,"KAVABNB":0,"KP3RBNB":0.02183458913173552,"KSMBNB":0.006085344230096038,"LTCBNB":0,"LUNABNB":0,"MATICBNB":0.021034385531703385,"MBLBNB":0,"MFTBNB":0,"MITHBNB":0,"MKRBNB":0,"NEARBNB":0.023663866761530504,"NEOBNB":0,"NMRBNB":0.014707815439928926,"OCEANBNB":0,"OGNBNB":0,"ONEBNB":0.019514788580954318,"ONTBNB":0,"PAXGBNB":0.1101077441390735,"PERLBNB":0,"PROMBNB":0.011463091374954108,"RSRBNB":0,"RUNEBNB":0.025035694451406947,"RVNBNB":0,"SANDBNB":0,"SCBNB":0.0022387556248564685,"SNXBNB":0.00019404747991331995,"SOLBNB":0.0403717469768926,"SPARTABNB":0.012820918585912203,"SRMBNB":0.012786323024323497,"STMXBNB":0,"STXBNB":0.0010524637291757044,"SUSHIBNB":0.028992062519601167,"SWRVBNB":0.015833076234867214,"SXPBNB":0.01137097296931849,"THETABNB":0.04189978342102551,"TROYBNB":0,"TRXBNB":0.005775980719332562,"UNFIBNB":0.018041844423025033,"UNIBNB":0,"VETBNB":0,"VTHOBNB":0,"WABIBNB":0,"WANBNB":0,"WAVESBNB":0,"WINBNB":0.004942714786648537,"WINGBNB":0.002572337816807377,"WNXMBNB":0.0006813182797180842,"WRXBNB":0,"WTCBNB":0,"XLMBNB":0,"XMRBNB":0,"XRPBNB":0.0585100977040288,"XTZBNB":0,"XVSBNB":0,"YFIBNB":0,"YFIIBNB":0,"ZECBNB":0,"ZENBNB":0,"ZILBNB":0},"numerosità_campione":114,"expected_return":0.0001640097275633043,"standard_deviation":0.0013883780136679806,"sharpe_ratio":0.11813045578992142}