{"weights":{"AAVEBNB":0,"ADABNB":0,"ALGOBNB":0,"ALPHABNB":0.013655718436657496,"ANKRBNB":0,"ANTBNB":0,"ARBNB":0.020139348096838885,"ARPABNB":0.0008054161711652396,"ATABNB":0,"ATOMBNB":0,"AVABNB":0.006383663816489926,"AVAXBNB":0,"AXSBNB":0,"BAKEBNB":0,"BANDBNB":0,"BATBNB":0,"BCHBNB":0,"BELBNB":0.017535920657162557,"BIFIBNB":0.048093127969598894,"BLZBNB":0.004522677254341509,"BTTBNB":0,"BURGERBNB":0.01779733495209713,"CAKEBNB":0.19418895819647683,"CELRBNB":0,"CHRBNB":0,"CHZBNB":0,"COCOSBNB":0,"COSBNB":0.014040123260261881,"COTIBNB":0,"CREAMBNB":0,"CRVBNB":0,"CTKBNB":0,"CTSIBNB":0,"DASHBNB":0.014020409182361544,"DGBBNB":0.011460691387398093,"DIABNB":0,"DOTBNB":0,"EGLDBNB":0,"ENJBNB":0,"EOSBNB":0,"ETCBNB":0,"FETBNB":0,"FILBNB":0,"FIOBNB":0.009439268343199348,"FTMBNB":0,"FTTBNB":0.041957426470147025,"HARDBNB":0.041106758856159754,"HBARBNB":0,"HOTBNB":0,"ICPBNB":0,"ICXBNB":0,"INJBNB":0.010005655540106708,"IOSTBNB":0,"IOTABNB":0,"IQBNB":0,"JSTBNB":0.04097828408800769,"KAVABNB":0,"KP3RBNB":0.007312874994021705,"KSMBNB":0.07066766256082482,"LPTBNB":0.03568260480289822,"LTCBNB":0,"LUNABNB":0,"MASKBNB":0,"MATICBNB":0,"MBLBNB":0,"MDXBNB":0.026262610932913245,"MFTBNB":0.007796880595990801,"MITHBNB":0.02062053508057595,"MKRBNB":0,"NEARBNB":0.053790183737865704,"NEOBNB":0,"NMRBNB":0.0007161857607729479,"NUBNB":0,"OCEANBNB":0,"OGNBNB":0,"ONEBNB":0,"ONTBNB":0,"PAXGBNB":0,"PERLBNB":0,"POLSBNB":0,"PROMBNB":0.012257174397287587,"RSRBNB":0,"RUNEBNB":0,"RVNBNB":0,"SANDBNB":0,"SCBNB":0,"SNXBNB":0,"SOLBNB":0.012846798170093385,"SPARTABNB":0.013154419380871266,"SRMBNB":0.011312008577866036,"STMXBNB":0,"STXBNB":0,"SUSHIBNB":0,"SWRVBNB":0.008712244081968072,"SXPBNB":0,"THETABNB":0.02673812381387833,"TROYBNB":0.00034036301931167655,"TRXBNB":0.023942497289077387,"UNFIBNB":0.02214533969313838,"UNIBNB":0,"VETBNB":0,"VTHOBNB":0,"WABIBNB":0.03696982253971677,"WANBNB":0.0010472928452059304,"WAVESBNB":0,"WINBNB":0,"WINGBNB":0.02333430648857212,"WNXMBNB":0,"WRXBNB":0,"WTCBNB":0.0037635217308285263,"XLMBNB":0,"XMRBNB":0.014237879994070099,"XRPBNB":0,"XTZBNB":0,"XVSBNB":0,"YFIBNB":0,"YFIIBNB":0.05530564277259681,"ZECBNB":0.004912244061183915,"ZENBNB":0,"ZILBNB":0},"numerosità_campione":922,"expected_return":0.0001391048117914495,"standard_deviation":0.0014310526266276505,"sharpe_ratio":0.09720453965362348}