{"weights":{"AAVEBNB":0,"ADABNB":0,"ALGOBNB":0,"ALPHABNB":0,"ANKRBNB":0.015794471604793647,"ANTBNB":0.02503845913369324,"ARBNB":0.008290193719786,"ARPABNB":0.032541647166957545,"ATOMBNB":0,"AVABNB":0,"AVAXBNB":0,"AXSBNB":0.0044009116812329585,"BAKEBNB":0.003450128578179404,"BANDBNB":0.026407926789036855,"BATBNB":0.01271882567087702,"BCHBNB":0,"BELBNB":0.026106653730207888,"BIFIBNB":0.010226084634053745,"BLZBNB":0.005193294322388896,"BTTBNB":0.01583832434800749,"BURGERBNB":0.006907936908256297,"CAKEBNB":0.16358131109918184,"CELRBNB":0,"CHRBNB":0,"CHZBNB":0,"COCOSBNB":0.010857433832963814,"COSBNB":0.03558125974991425,"COTIBNB":0,"CREAMBNB":0.0012973800934391099,"CRVBNB":0,"CTKBNB":0,"CTSIBNB":0,"DASHBNB":0,"DGBBNB":0,"DIABNB":0,"DOTBNB":0.029490400082385338,"EGLDBNB":0.017920692271938987,"ENJBNB":0,"EOSBNB":0,"ETCBNB":0,"FETBNB":0.0042187032474821735,"FILBNB":0.008151888943636738,"FIOBNB":0,"FTMBNB":0,"FTTBNB":0.07198332619334827,"HARDBNB":0.04129692529545279,"HBARBNB":0,"HOTBNB":0,"ICPBNB":0.005074987358723911,"ICXBNB":0,"INJBNB":0.017249444491249516,"IOSTBNB":0.006463722469791505,"IOTABNB":0,"IQBNB":0.02030875669797543,"JSTBNB":0.0124411767562793,"KAVABNB":0,"KP3RBNB":0.015998672182550085,"KSMBNB":0,"LTCBNB":0.019705987099081536,"LUNABNB":0,"MATICBNB":0,"MBLBNB":0.01635435240641515,"MFTBNB":0.0019991208112792487,"MITHBNB":0,"MKRBNB":0.006538943436447412,"NEARBNB":0.005370791635473805,"NEOBNB":0,"NMRBNB":0.0074261977561555234,"OCEANBNB":0.015450966900485552,"OGNBNB":0.004409421097222015,"ONEBNB":0,"ONTBNB":0,"PAXGBNB":0.04614080386799889,"PERLBNB":0.010106124699430277,"PROMBNB":0.012967511759700501,"RSRBNB":0.009328592528501878,"RUNEBNB":0.006041802839432892,"RVNBNB":0,"SANDBNB":0,"SCBNB":0.0178502579996685,"SNXBNB":0.003875521136936815,"SOLBNB":0.002644016739601623,"SPARTABNB":0.01082821007583805,"SRMBNB":0,"STMXBNB":0.0031364699888642377,"STXBNB":0.015682763331213184,"SUSHIBNB":0,"SWRVBNB":0.0025570605766365388,"SXPBNB":0.007506112850960832,"THETABNB":0,"TROYBNB":0.00680004968439153,"TRXBNB":0,"UNFIBNB":0.024766813192834206,"UNIBNB":0.022257254299099475,"VETBNB":0,"VTHOBNB":0,"WABIBNB":0,"WANBNB":0,"WAVESBNB":0,"WINBNB":0.001255728556081128,"WINGBNB":0,"WNXMBNB":0,"WRXBNB":0,"WTCBNB":0.009882443136303293,"XLMBNB":0,"XMRBNB":0.005283633208066807,"XRPBNB":0.0065721143258652475,"XTZBNB":0.0025504801050299335,"XVSBNB":0.009102651038751023,"YFIBNB":0.004019552725452822,"YFIIBNB":0.009255272125940807,"ZECBNB":0.012480647727749325,"ZENBNB":0.005021391283305906,"ZILBNB":0},"numerosità_campione":114,"expected_return":0.00002222229612527036,"standard_deviation":0.0011266305260460726,"sharpe_ratio":0.019724564186326333}