{"weights":{"AAVEBNB":0.006324019067369905,"ADABNB":0.02608640230510724,"ALGOBNB":0,"ALPHABNB":0,"ANKRBNB":0.014253795152292695,"ANTBNB":0.005987255736917606,"ARBNB":0,"ARPABNB":0.016282721373236456,"ATOMBNB":0,"AVABNB":0.000041692020290721516,"AVAXBNB":0,"AXSBNB":0,"BAKEBNB":0.02138890345348748,"BANDBNB":0,"BATBNB":0,"BCHBNB":0,"BELBNB":0,"BIFIBNB":0.020246701591879225,"BLZBNB":0.010354002133006182,"BTTBNB":0,"BURGERBNB":0.001535946227457157,"CAKEBNB":0.11807530115886529,"CELRBNB":0.013785208766870666,"CHRBNB":0,"CHZBNB":0,"COCOSBNB":0.015510230146590233,"COSBNB":0.004699657994856162,"COTIBNB":0,"CREAMBNB":0.019377666656236126,"CRVBNB":0,"CTKBNB":0,"CTSIBNB":0.005420146053776049,"DASHBNB":0,"DGBBNB":0,"DIABNB":0,"DOTBNB":0.03338128433590139,"EGLDBNB":0,"ENJBNB":0,"EOSBNB":0,"ETCBNB":0,"FETBNB":0.00972466162534693,"FILBNB":0,"FIOBNB":0,"FTMBNB":0,"FTTBNB":0.05476909030663736,"HARDBNB":0.041497631367209666,"HBARBNB":0,"HOTBNB":0,"ICPBNB":0,"ICXBNB":0,"INJBNB":0.02579605958642619,"IOSTBNB":0,"IOTABNB":0,"IQBNB":0.029896362245788222,"JSTBNB":0.0022941069118199617,"KAVABNB":0,"KP3RBNB":0.020322395775900268,"KSMBNB":0.0013383808304121983,"LTCBNB":0,"LUNABNB":0,"MATICBNB":0.02147886037317766,"MBLBNB":0.010548358682372545,"MFTBNB":0,"MITHBNB":0,"MKRBNB":0,"NEARBNB":0.013315416963489661,"NEOBNB":0,"NMRBNB":0.011535457985023735,"OCEANBNB":0,"OGNBNB":0,"ONEBNB":0.011813536298278688,"ONTBNB":0,"PAXGBNB":0.08525100923288277,"PERLBNB":0.01576411821708218,"PROMBNB":0.009387018943276053,"RSRBNB":0,"RUNEBNB":0.026230359675584843,"RVNBNB":0,"SANDBNB":0,"SCBNB":0,"SNXBNB":0.017440020370746354,"SOLBNB":0.03554763706942254,"SPARTABNB":0.020228041210532375,"SRMBNB":0.0036569600642190137,"STMXBNB":0,"STXBNB":0.010562223323582623,"SUSHIBNB":0.040785676775544726,"SWRVBNB":0.011119057161447767,"SXPBNB":0.003367924500059956,"THETABNB":0.012431563763621391,"TROYBNB":0.0031059456726552893,"TRXBNB":0,"UNFIBNB":0.024011940971261803,"UNIBNB":0,"VETBNB":0,"VTHOBNB":0,"WABIBNB":0,"WANBNB":0,"WAVESBNB":0,"WINBNB":0.0035689320002705535,"WINGBNB":0,"WNXMBNB":0.0049300461481190695,"WRXBNB":0,"WTCBNB":0.0006269740069805587,"XLMBNB":0,"XMRBNB":0,"XRPBNB":0.04835716982160335,"XTZBNB":0.008979107327335267,"XVSBNB":0.003133564213495254,"YFIBNB":0,"YFIIBNB":0.02443345640425253,"ZECBNB":0,"ZENBNB":0,"ZILBNB":0},"numerosità_campione":114,"expected_return":0.0001514029839770905,"standard_deviation":0.001335880518593056,"sharpe_ratio":0.11333572267117685}