{"weights":{"AAVEBNB":0,"ADABNB":0,"ALGOBNB":0,"ALPHABNB":0.029072823052503922,"ANKRBNB":0,"ANTBNB":0,"ARBNB":0.014786579844193331,"ARPABNB":0.0012091007987077814,"ATABNB":0,"ATOMBNB":0,"AVABNB":0.0033478345094217366,"AVAXBNB":0,"AXSBNB":0,"BAKEBNB":0,"BANDBNB":0,"BATBNB":0,"BCHBNB":0,"BELBNB":0.021589307939417397,"BIFIBNB":0.03980083307138996,"BLZBNB":0.0016620354784627053,"BTTBNB":0,"BURGERBNB":0.013363467450642126,"CAKEBNB":0.2061326642482768,"CELRBNB":0,"CHRBNB":0,"CHZBNB":0,"COCOSBNB":0,"COSBNB":0.011781168741190506,"COTIBNB":0,"CREAMBNB":0,"CRVBNB":0,"CTKBNB":0,"CTSIBNB":0,"DASHBNB":0.02816276335421555,"DGBBNB":0.014222990202580516,"DIABNB":0,"DOTBNB":0.006962468381264981,"EGLDBNB":0,"ENJBNB":0,"EOSBNB":0,"ETCBNB":0,"FETBNB":0.0030744779378215656,"FILBNB":0,"FIOBNB":0.0038250930565796068,"FTMBNB":0,"FTTBNB":0.041242294127956186,"HARDBNB":0.026534496362256514,"HBARBNB":0,"HOTBNB":0,"ICPBNB":0,"ICXBNB":0,"INJBNB":0.012067795364370372,"IOSTBNB":0,"IOTABNB":0,"IQBNB":0,"JSTBNB":0.027473400093095887,"KAVABNB":0,"KP3RBNB":0.005634650836752678,"KSMBNB":0.046011254396482223,"LPTBNB":0.025286425828743898,"LTCBNB":0.004811928616622408,"LUNABNB":0,"MASKBNB":0,"MATICBNB":0,"MBLBNB":0,"MDXBNB":0.022989800246895804,"MFTBNB":0.0056382024224572985,"MITHBNB":0.012985749189147324,"MKRBNB":0,"NEARBNB":0.041884465146600866,"NEOBNB":0,"NMRBNB":0.004483221238335446,"NUBNB":0,"OCEANBNB":0,"OGNBNB":0,"ONEBNB":0,"ONTBNB":0.008676563426615429,"PAXGBNB":0,"PERLBNB":0,"POLSBNB":0,"PROMBNB":0.009891561859849667,"RSRBNB":0,"RUNEBNB":0,"RVNBNB":0.002329184896081328,"SANDBNB":0,"SCBNB":0,"SNXBNB":0,"SOLBNB":0.0175362821634074,"SPARTABNB":0.01805136249012386,"SRMBNB":0.016889127259245566,"STMXBNB":0,"STXBNB":0,"SUSHIBNB":0,"SWRVBNB":0.012511767375708905,"SXPBNB":0,"THETABNB":0.020734811797257644,"TROYBNB":0,"TRXBNB":0.03300214190393919,"UNFIBNB":0.02227890024301428,"UNIBNB":0,"VETBNB":0,"VTHOBNB":0,"WABIBNB":0.032713174067459105,"WANBNB":0.014937491389664208,"WAVESBNB":0,"WINBNB":0.004588067135939069,"WINGBNB":0.015246744609592147,"WNXMBNB":0.0068478661686505495,"WRXBNB":0,"WTCBNB":0.0011454373647329097,"XLMBNB":0,"XMRBNB":0.0009219062047505329,"XRPBNB":0.01046789895379224,"XTZBNB":0,"XVSBNB":0,"YFIBNB":0,"YFIIBNB":0.06841538557372086,"ZECBNB":0.006777033180069622,"ZENBNB":0,"ZILBNB":0},"numerosità_campione":922,"expected_return":0.00009790607388526547,"standard_deviation":0.0012412165650417203,"sharpe_ratio":0.07887912282412586}