{"weights":{"AAVEBNB":0,"ADABNB":0.006632778174761609,"ALGOBNB":0,"ALPHABNB":0,"ANKRBNB":0.020141339173975464,"ANTBNB":0.021445874300123208,"ARBNB":0.0055767199215489465,"ARPABNB":0.03033588208706492,"ATOMBNB":0.0036234422576905297,"AVABNB":0,"AVAXBNB":0,"AXSBNB":0.0069016882766890705,"BAKEBNB":0.011524406436961893,"BANDBNB":0.01692559252326988,"BATBNB":0.007379121816922544,"BCHBNB":0,"BELBNB":0.014445843829617161,"BIFIBNB":0.013957267148582864,"BLZBNB":0.009657693026704264,"BTTBNB":0.005897235462770521,"BURGERBNB":0.005564472511052537,"CAKEBNB":0.1536466260976214,"CELRBNB":0,"CHRBNB":0,"CHZBNB":0,"COCOSBNB":0.01642007581377023,"COSBNB":0.03205618534692674,"COTIBNB":0,"CREAMBNB":0.0034739495399281673,"CRVBNB":0,"CTKBNB":0,"CTSIBNB":0.0006986571128353614,"DASHBNB":0,"DGBBNB":0,"DIABNB":0,"DOTBNB":0.029558051583190727,"EGLDBNB":0.009882413403846615,"ENJBNB":0,"EOSBNB":0,"ETCBNB":0,"FETBNB":0.004981269105896493,"FILBNB":0.0072144843874230955,"FIOBNB":0,"FTMBNB":0,"FTTBNB":0.0758059118742751,"HARDBNB":0.04334928788908833,"HBARBNB":0,"HOTBNB":0,"ICPBNB":0,"ICXBNB":0,"INJBNB":0.003115886659708274,"IOSTBNB":0.00840905268096653,"IOTABNB":0,"IQBNB":0.02282178057410162,"JSTBNB":0.006752091256719458,"KAVABNB":0,"KP3RBNB":0.017993789321301926,"KSMBNB":0,"LTCBNB":0,"LUNABNB":0,"MATICBNB":0.004990190310907659,"MBLBNB":0.013362050122611916,"MFTBNB":0.0014521634641246161,"MITHBNB":0,"MKRBNB":0.007363946608857288,"NEARBNB":0.01215445211470752,"NEOBNB":0,"NMRBNB":0.009783805045087805,"OCEANBNB":0.015561377824429932,"OGNBNB":0,"ONEBNB":0.003225640952473025,"ONTBNB":0,"PAXGBNB":0.06634674261213676,"PERLBNB":0.006312280606895368,"PROMBNB":0.013599701452529856,"RSRBNB":0.00220776740595115,"RUNEBNB":0.01431257114365135,"RVNBNB":0,"SANDBNB":0,"SCBNB":0.016997900348901345,"SNXBNB":0.004790270327863964,"SOLBNB":0.015690866190075797,"SPARTABNB":0.011870190231466946,"SRMBNB":0.0006766853049478428,"STMXBNB":0,"STXBNB":0.01318365672307343,"SUSHIBNB":0.0003605347078502435,"SWRVBNB":0.006478238560451654,"SXPBNB":0.012814672838103966,"THETABNB":0.017277533216683447,"TROYBNB":0,"TRXBNB":0.018471010157746322,"UNFIBNB":0.02427902754511724,"UNIBNB":0.01739534142499855,"VETBNB":0,"VTHOBNB":0,"WABIBNB":0,"WANBNB":0,"WAVESBNB":0,"WINBNB":0.002460856766836487,"WINGBNB":0,"WNXMBNB":0,"WRXBNB":0,"WTCBNB":0.00884544973184981,"XLMBNB":0,"XMRBNB":0.0009706526097208947,"XRPBNB":0.0261800619855851,"XTZBNB":0,"XVSBNB":0.004549234554669134,"YFIBNB":0.0011573931032455484,"YFIIBNB":0.00868886441111278,"ZECBNB":0,"ZENBNB":0,"ZILBNB":0},"numerosità_campione":114,"expected_return":0.00006809470041404602,"standard_deviation":0.0011569715901741484,"sharpe_ratio":0.05885598314803594}