{"weights":{"AAVEBNB":0,"ADABNB":0,"ALGOBNB":0,"ALPHABNB":0.020662382955863912,"ANKRBNB":0,"ANTBNB":0,"ARBNB":0.01790283244216167,"ARPABNB":0.0012344478527492417,"ATABNB":0,"ATOMBNB":0,"AVABNB":0.005174888214429695,"AVAXBNB":0,"AXSBNB":0,"BAKEBNB":0,"BANDBNB":0,"BATBNB":0,"BCHBNB":0,"BELBNB":0.019797284713078234,"BIFIBNB":0.044860546762593226,"BLZBNB":0.003330408243786386,"BTTBNB":0,"BURGERBNB":0.01602389162650142,"CAKEBNB":0.19999584050350716,"CELRBNB":0,"CHRBNB":0,"CHZBNB":0,"COCOSBNB":0,"COSBNB":0.01312268111865118,"COTIBNB":0,"CREAMBNB":0,"CRVBNB":0,"CTKBNB":0,"CTSIBNB":0,"DASHBNB":0.020453700789834883,"DGBBNB":0.013042284299563634,"DIABNB":0,"DOTBNB":0.0014622648811923689,"EGLDBNB":0,"ENJBNB":0,"EOSBNB":0,"ETCBNB":0,"FETBNB":0,"FILBNB":0,"FIOBNB":0.007096646293258152,"FTMBNB":0,"FTTBNB":0.04262818022109377,"HARDBNB":0.03494167945501903,"HBARBNB":0,"HOTBNB":0,"ICPBNB":0,"ICXBNB":0,"INJBNB":0.011183803296590276,"IOSTBNB":0,"IOTABNB":0,"IQBNB":0,"JSTBNB":0.03531631760952348,"KAVABNB":0,"KP3RBNB":0.006617749856610322,"KSMBNB":0.06076927583045022,"LPTBNB":0.031270079886209154,"LTCBNB":0,"LUNABNB":0,"MASKBNB":0,"MATICBNB":0,"MBLBNB":0,"MDXBNB":0.02480772198444829,"MFTBNB":0.006961729728318973,"MITHBNB":0.017451552540971544,"MKRBNB":0,"NEARBNB":0.049427673118660836,"NEOBNB":0,"NMRBNB":0.0024428725463298538,"NUBNB":0,"OCEANBNB":0,"OGNBNB":0,"ONEBNB":0,"ONTBNB":0,"PAXGBNB":0,"PERLBNB":0,"POLSBNB":0,"PROMBNB":0.011219129411436518,"RSRBNB":0,"RUNEBNB":0,"RVNBNB":0,"SANDBNB":0,"SCBNB":0,"SNXBNB":0,"SOLBNB":0.015575020438199406,"SPARTABNB":0.015315576279082954,"SRMBNB":0.014480918846068672,"STMXBNB":0,"STXBNB":0,"SUSHIBNB":0,"SWRVBNB":0.010591731523990008,"SXPBNB":0,"THETABNB":0.025012662125269494,"TROYBNB":0,"TRXBNB":0.03201413789093955,"UNFIBNB":0.022661206192494357,"UNIBNB":0,"VETBNB":0,"VTHOBNB":0,"WABIBNB":0.03507932603985413,"WANBNB":0.007201336344110231,"WAVESBNB":0,"WINBNB":0,"WINGBNB":0.0202500081140072,"WNXMBNB":0.002215884569693184,"WRXBNB":0,"WTCBNB":0.0027652222248928365,"XLMBNB":0,"XMRBNB":0.009375983244676797,"XRPBNB":0,"XTZBNB":0,"XVSBNB":0,"YFIBNB":0,"YFIIBNB":0.06177703937174636,"ZECBNB":0.0064860806121416845,"ZENBNB":0,"ZILBNB":0},"numerosità_campione":922,"expected_return":0.0001226253166289759,"standard_deviation":0.001346743587019605,"sharpe_ratio":0.09105320256274649}