{"weights":{"AAVEBNB":0,"ADABNB":0,"ALGOBNB":0,"ALPHABNB":0.034058448951806736,"ANKRBNB":0,"ANTBNB":0,"ARBNB":0.012821108924481526,"ARPABNB":0.0007853749462921825,"ATABNB":0,"ATOMBNB":0,"AVABNB":0.0020329121152650505,"AVAXBNB":0,"AXSBNB":0,"BAKEBNB":0.003539662735149324,"BANDBNB":0,"BATBNB":0,"BCHBNB":0,"BELBNB":0.022228598141467597,"BIFIBNB":0.03642737626940828,"BLZBNB":0.00020861355271900136,"BTTBNB":0,"BURGERBNB":0.011488113392602977,"CAKEBNB":0.208426747485924,"CELRBNB":0,"CHRBNB":0,"CHZBNB":0,"COCOSBNB":0,"COSBNB":0.010799734531680646,"COTIBNB":0,"CREAMBNB":0,"CRVBNB":0.0013022740639687016,"CTKBNB":0,"CTSIBNB":0,"DASHBNB":0.03167043800993571,"DGBBNB":0.014148004492105794,"DIABNB":0,"DOTBNB":0.008881306352641064,"EGLDBNB":0,"ENJBNB":0,"EOSBNB":0,"ETCBNB":0,"FETBNB":0.006006485599332265,"FILBNB":0,"FIOBNB":0.0017574877065314482,"FTMBNB":0,"FTTBNB":0.03938784064369569,"HARDBNB":0.021369093048785724,"HBARBNB":0,"HOTBNB":0,"ICPBNB":0,"ICXBNB":0,"INJBNB":0.012473928524430302,"IOSTBNB":0,"IOTABNB":0,"IQBNB":0,"JSTBNB":0.02271259971077752,"KAVABNB":0,"KP3RBNB":0.0050833089737237136,"KSMBNB":0.036480859573595585,"LPTBNB":0.02147022851166566,"LTCBNB":0.0029360543446895347,"LUNABNB":0,"MASKBNB":0,"MATICBNB":0,"MBLBNB":0,"MDXBNB":0.021844219983370595,"MFTBNB":0.004777187443598292,"MITHBNB":0.010098458433504206,"MKRBNB":0,"NEARBNB":0.03656376824983448,"NEOBNB":0,"NMRBNB":0.005434579638810164,"NUBNB":0,"OCEANBNB":0,"OGNBNB":0,"ONEBNB":0,"ONTBNB":0.016924945814976163,"PAXGBNB":0,"PERLBNB":0,"POLSBNB":0,"PROMBNB":0.009041235909561192,"RSRBNB":0,"RUNEBNB":0,"RVNBNB":0.007599837848340836,"SANDBNB":0,"SCBNB":0,"SNXBNB":0,"SOLBNB":0.017742609094763006,"SPARTABNB":0.01962855761691815,"SRMBNB":0.017985024743403556,"STMXBNB":0,"STXBNB":0,"SUSHIBNB":0,"SWRVBNB":0.013494028042645208,"SXPBNB":0,"THETABNB":0.017121998673725228,"TROYBNB":0,"TRXBNB":0.0311950161018676,"UNFIBNB":0.021596019832579107,"UNIBNB":0,"VETBNB":0,"VTHOBNB":0,"WABIBNB":0.03095639428388877,"WANBNB":0.019079120482775748,"WAVESBNB":0,"WINBNB":0.007791828172248234,"WINGBNB":0.011818270280259767,"WNXMBNB":0.009312924042735645,"WRXBNB":0.0000019746205839357863,"WTCBNB":0.00006244170695731369,"XLMBNB":0,"XMRBNB":0,"XRPBNB":0.023674292016578398,"XTZBNB":0,"XVSBNB":0,"YFIBNB":0,"YFIIBNB":0.07163320335274137,"ZECBNB":0.00612546301065713,"ZENBNB":0,"ZILBNB":0},"numerosità_campione":922,"expected_return":0.00008142657872279178,"standard_deviation":0.0011854729305432775,"sharpe_ratio":0.06868699961413346}