{"weights":{"AAVEBNB":0,"ADABNB":0,"ALGOBNB":0,"ALPHABNB":0.03797454887981466,"ANKRBNB":0,"ANTBNB":0,"ARBNB":0.012884704694870245,"ARPABNB":0.004471191575295012,"ATABNB":0,"ATOMBNB":0,"AVABNB":0,"AVAXBNB":0,"AXSBNB":0,"BAKEBNB":0.005900720061229754,"BANDBNB":0,"BATBNB":0,"BCHBNB":0,"BELBNB":0.023449378835812038,"BIFIBNB":0.03696477068498589,"BLZBNB":0.001342719824278322,"BTTBNB":0,"BURGERBNB":0.011499381724369344,"CAKEBNB":0.20491550570679343,"CELRBNB":0,"CHRBNB":0,"CHZBNB":0,"COCOSBNB":0,"COSBNB":0.010591382129085438,"COTIBNB":0,"CREAMBNB":0,"CRVBNB":0.0008167316844158153,"CTKBNB":0,"CTSIBNB":0,"DASHBNB":0.023150287322796136,"DGBBNB":0.012495457053078361,"DIABNB":0,"DOTBNB":0.01401103704302524,"EGLDBNB":0,"ENJBNB":0,"EOSBNB":0,"ETCBNB":0,"FETBNB":0.003565947598884399,"FILBNB":0,"FIOBNB":0.0012198761837599304,"FTMBNB":0,"FTTBNB":0.04434414676042364,"HARDBNB":0.01643180604165055,"HBARBNB":0,"HOTBNB":0,"ICPBNB":0,"ICXBNB":0,"INJBNB":0.012245036342321382,"IOSTBNB":0,"IOTABNB":0,"IQBNB":0.0020008064736919302,"JSTBNB":0.018792564561112477,"KAVABNB":0,"KP3RBNB":0.005086811028028287,"KSMBNB":0.034696785987238445,"LPTBNB":0.021394487293427,"LTCBNB":0,"LUNABNB":0,"MASKBNB":0,"MATICBNB":0,"MBLBNB":0.001532937567596144,"MDXBNB":0.024265814331848694,"MFTBNB":0.004897062607784158,"MITHBNB":0.0074776615522120175,"MKRBNB":0,"NEARBNB":0.03410547562200063,"NEOBNB":0,"NMRBNB":0.006322803756534442,"NUBNB":0,"OCEANBNB":0,"OGNBNB":0,"ONEBNB":0,"ONTBNB":0.017837967997915996,"PAXGBNB":0,"PERLBNB":0.00002020015673106491,"POLSBNB":0,"PROMBNB":0.009870960734777702,"RSRBNB":0,"RUNEBNB":0,"RVNBNB":0.005638014325289671,"SANDBNB":0,"SCBNB":0.0015312246780310379,"SNXBNB":0,"SOLBNB":0.017220708480412805,"SPARTABNB":0.019133340682433025,"SRMBNB":0.013639157734696941,"STMXBNB":0.007178591661989262,"STXBNB":0,"SUSHIBNB":0,"SWRVBNB":0.01328597302517908,"SXPBNB":0,"THETABNB":0.01650623062926314,"TROYBNB":0,"TRXBNB":0.02731472016289201,"UNFIBNB":0.019026091206074194,"UNIBNB":0,"VETBNB":0,"VTHOBNB":0,"WABIBNB":0.03159884483670979,"WANBNB":0.015476396566122009,"WAVESBNB":0,"WINBNB":0.006707140564085946,"WINGBNB":0.009917548838207738,"WNXMBNB":0.009524903884363257,"WRXBNB":0,"WTCBNB":0.001577036302619478,"XLMBNB":0,"XMRBNB":0,"XRPBNB":0.03154875076531263,"XTZBNB":0,"XVSBNB":0.0017857073689618015,"YFIBNB":0,"YFIIBNB":0.0797191210761151,"ZECBNB":0.005093527393452495,"ZENBNB":0,"ZILBNB":0},"numerosità_campione":900,"expected_return":0.00007611410570706713,"standard_deviation":0.0011646760495472135,"sharpe_ratio":0.06535216873108854}