{"weights":{"AAVEBNB":0,"ADABNB":0.008052328090812234,"ALGOBNB":0,"ALPHABNB":0,"ANKRBNB":0.020375054222108193,"ANTBNB":0.02105796510273201,"ARBNB":0.005343814045905927,"ARPABNB":0.02979088312123884,"ATOMBNB":0.0037358958535026734,"AVABNB":0,"AVAXBNB":0,"AXSBNB":0.007136681074931156,"BAKEBNB":0.012220680473091088,"BANDBNB":0.01606222299813384,"BATBNB":0.006496629057891309,"BCHBNB":0,"BELBNB":0.013232642864877828,"BIFIBNB":0.014371813207452261,"BLZBNB":0.009995528111961052,"BTTBNB":0.004725700202821976,"BURGERBNB":0.005388604163209065,"CAKEBNB":0.15271558556244194,"CELRBNB":0,"CHRBNB":0,"CHZBNB":0,"COCOSBNB":0.01706535204427762,"COSBNB":0.031541453379466566,"COTIBNB":0,"CREAMBNB":0.003687719979838907,"CRVBNB":0,"CTKBNB":0,"CTSIBNB":0.001049194812500324,"DASHBNB":0,"DGBBNB":0,"DIABNB":0,"DOTBNB":0.029007314714552382,"EGLDBNB":0.008986830641546335,"ENJBNB":0,"EOSBNB":0,"ETCBNB":0,"FETBNB":0.004808651207500596,"FILBNB":0.006839855065968763,"FIOBNB":0,"FTMBNB":0,"FTTBNB":0.07601099002828349,"HARDBNB":0.04355710557274403,"HBARBNB":0,"HOTBNB":0,"ICPBNB":0,"ICXBNB":0,"INJBNB":0.001904893717531316,"IOSTBNB":0.00818373569805198,"IOTABNB":0,"IQBNB":0.023154216383810242,"JSTBNB":0.006114268892548184,"KAVABNB":0,"KP3RBNB":0.018253028564836928,"KSMBNB":0,"LTCBNB":0,"LUNABNB":0,"MATICBNB":0.005667068899374979,"MBLBNB":0.013037560477412615,"MFTBNB":0.0012788992759788782,"MITHBNB":0,"MKRBNB":0.007316498104495509,"NEARBNB":0.0126895151429616,"NEOBNB":0,"NMRBNB":0.010014884388559941,"OCEANBNB":0.015368768382737777,"OGNBNB":0,"ONEBNB":0.003883913339220061,"ONTBNB":0,"PAXGBNB":0.06809108991584496,"PERLBNB":0.005872924690044032,"PROMBNB":0.01349499333350227,"RSRBNB":0.0011949510321782421,"RUNEBNB":0.01480663166657083,"RVNBNB":0,"SANDBNB":0,"SCBNB":0.016782545890882815,"SNXBNB":0.004765375139063,"SOLBNB":0.016613906993159663,"SPARTABNB":0.011954448204656711,"SRMBNB":0.001149939256082427,"STMXBNB":0,"STXBNB":0.012980014209959279,"SUSHIBNB":0.001714950382314229,"SWRVBNB":0.006919153822008433,"SXPBNB":0.013044462289595465,"THETABNB":0.01862556859163833,"TROYBNB":0,"TRXBNB":0.019555321705970755,"UNFIBNB":0.024269710171523726,"UNIBNB":0.015848442967878365,"VETBNB":0,"VTHOBNB":0,"WABIBNB":0,"WANBNB":0,"WAVESBNB":0,"WINBNB":0.0025421965865149426,"WINGBNB":0,"WNXMBNB":0,"WRXBNB":0,"WTCBNB":0.008651432543306189,"XLMBNB":0,"XMRBNB":0.00036514557307967577,"XRPBNB":0.02745692684697898,"XTZBNB":0,"XVSBNB":0.004105761979611172,"YFIBNB":0.0005310286771001599,"YFIIBNB":0.008539330663225079,"ZECBNB":0,"ZENBNB":0,"ZILBNB":0},"numerosità_campione":114,"expected_return":0.0000722649189857529,"standard_deviation":0.0011623225247414056,"sharpe_ratio":0.06217286290810759}