{"weights":{"AAVEBNB":0,"ADABNB":0,"ALGOBNB":0,"ALPHABNB":0,"ANKRBNB":0.006089572274662212,"ANTBNB":0.024368858737029892,"ARBNB":0.0033252337023866804,"ARPABNB":0.029581950746916573,"ATOMBNB":0,"AVABNB":0.0034210141054426524,"AVAXBNB":0,"AXSBNB":0.0023201051649757365,"BAKEBNB":0.007937286716474888,"BANDBNB":0.014644087418264694,"BATBNB":0.009366179512233244,"BCHBNB":0,"BELBNB":0.015793521280167658,"BIFIBNB":0.01279893094043482,"BLZBNB":0.0007680181419824493,"BTTBNB":0.027809238810479423,"BURGERBNB":0.004523066441295938,"CAKEBNB":0.1591296828502402,"CELRBNB":0,"CHRBNB":0.002696678244938749,"CHZBNB":0,"COCOSBNB":0.010409126345381037,"COSBNB":0.017387065917696242,"COTIBNB":0,"CREAMBNB":0.007900137842671018,"CRVBNB":0,"CTKBNB":0,"CTSIBNB":0.0005159832668545619,"DASHBNB":0.005510485507321897,"DGBBNB":0,"DIABNB":0,"DOTBNB":0.030520092526491183,"EGLDBNB":0.013772683213213911,"ENJBNB":0,"EOSBNB":0,"ETCBNB":0.004074888528127739,"FETBNB":0.006217090478184784,"FILBNB":0.00843083942933358,"FIOBNB":0,"FTMBNB":0,"FTTBNB":0.06897803605198007,"HARDBNB":0.040726226529947826,"HBARBNB":0,"HOTBNB":0,"ICPBNB":0.001722022713903728,"ICXBNB":0,"INJBNB":0.008284968942449403,"IOSTBNB":0,"IOTABNB":0,"IQBNB":0.016886733077706037,"JSTBNB":0.024269485474704162,"KAVABNB":0,"KP3RBNB":0.018856038831824167,"KSMBNB":0,"LTCBNB":0.019078287547828542,"LUNABNB":0,"MATICBNB":0,"MBLBNB":0.01642967832829187,"MFTBNB":0,"MITHBNB":0.0010905794910331511,"MKRBNB":0.001130351620684513,"NEARBNB":0.004220638295090043,"NEOBNB":0,"NMRBNB":0.00718438584492155,"OCEANBNB":0.023822336706293596,"OGNBNB":0.015690367871171836,"ONEBNB":0,"ONTBNB":0,"PAXGBNB":0.04769395050169419,"PERLBNB":0.010174927420958586,"PROMBNB":0.012866495719682156,"RSRBNB":0.01147329528496646,"RUNEBNB":0.007445375939541247,"RVNBNB":0,"SANDBNB":0,"SCBNB":0.0057017801844656685,"SNXBNB":0.0006138381675540237,"SOLBNB":0.005264237462367517,"SPARTABNB":0.017343668320478654,"SRMBNB":0,"STMXBNB":0.00003194850466578055,"STXBNB":0.016244551469323625,"SUSHIBNB":0,"SWRVBNB":0.009407612619280272,"SXPBNB":0.011636430360966748,"THETABNB":0.008388690448705032,"TROYBNB":0.0054698003624356565,"TRXBNB":0,"UNFIBNB":0.029053848714907564,"UNIBNB":0.02164007985430517,"VETBNB":0,"VTHOBNB":0.0022170908365528024,"WABIBNB":0.0034883128284083913,"WANBNB":0,"WAVESBNB":0,"WINBNB":0.006845271126345022,"WINGBNB":0,"WNXMBNB":0.004476912827598287,"WRXBNB":0,"WTCBNB":0.011819697602559878,"XLMBNB":0,"XMRBNB":0,"XRPBNB":0.007847726244845272,"XTZBNB":0.009187648338716173,"XVSBNB":0.007673563055868029,"YFIBNB":0,"YFIIBNB":0.019280945602357002,"ZECBNB":0.007241325784914149,"ZENBNB":0.0017890189445043372,"ZILBNB":0},"numerosità_campione":114,"expected_return":0.00005323672259692235,"standard_deviation":0.0011459994312729622,"sharpe_ratio":0.04645440577382107}