{"weights":{"AAVEBNB":0.006645946359647345,"ADABNB":0.027638635002259913,"ALGOBNB":0,"ALPHABNB":0,"ANKRBNB":0.014399376075910552,"ANTBNB":0.004235496250435936,"ARBNB":0,"ARPABNB":0.014712512246793347,"ATOMBNB":0,"AVABNB":0,"AVAXBNB":0,"AXSBNB":0,"BAKEBNB":0.022258564736036126,"BANDBNB":0,"BATBNB":0,"BCHBNB":0,"BELBNB":0,"BIFIBNB":0.02067899006239602,"BLZBNB":0.01059503378146879,"BTTBNB":0,"BURGERBNB":0.0010719911922870324,"CAKEBNB":0.11434966744044303,"CELRBNB":0.014714364088040178,"CHRBNB":0,"CHZBNB":0,"COCOSBNB":0.015704278435845008,"COSBNB":0.0028926365890247427,"COTIBNB":0,"CREAMBNB":0.02020488929703725,"CRVBNB":0,"CTKBNB":0,"CTSIBNB":0.005604295202608383,"DASHBNB":0,"DGBBNB":0,"DIABNB":0,"DOTBNB":0.03216221323680243,"EGLDBNB":0,"ENJBNB":0,"EOSBNB":0,"ETCBNB":0,"FETBNB":0.00979590981559245,"FILBNB":0,"FIOBNB":0,"FTMBNB":0,"FTTBNB":0.052475095446144315,"HARDBNB":0.04130135124045566,"HBARBNB":0,"HOTBNB":0,"ICPBNB":0,"ICXBNB":0,"INJBNB":0.026649697914056192,"IOSTBNB":0,"IOTABNB":0,"IQBNB":0.030518278114800595,"JSTBNB":0,"KAVABNB":0,"KP3RBNB":0.0201251747663823,"KSMBNB":0.0023444477428971548,"LTCBNB":0,"LUNABNB":0,"MATICBNB":0.023193262944567666,"MBLBNB":0.009751559223437739,"MFTBNB":0,"MITHBNB":0,"MKRBNB":0,"NEARBNB":0.013645127780139706,"NEOBNB":0,"NMRBNB":0.011792596560517142,"OCEANBNB":0,"OGNBNB":0,"ONEBNB":0.013063749013752169,"ONTBNB":0,"PAXGBNB":0.08780997218443394,"PERLBNB":0.01577576726507266,"PROMBNB":0.009098696365458323,"RSRBNB":0,"RUNEBNB":0.027243809079436666,"RVNBNB":0,"SANDBNB":0,"SCBNB":0,"SNXBNB":0.018234207740762263,"SOLBNB":0.037576349113077126,"SPARTABNB":0.02036759979185307,"SRMBNB":0.004085310699839,"STMXBNB":0,"STXBNB":0.009354227944997124,"SUSHIBNB":0.043959777223767926,"SWRVBNB":0.011286547325310621,"SXPBNB":0.002040523335488317,"THETABNB":0.011299428390318283,"TROYBNB":0.002888565585097239,"TRXBNB":0,"UNFIBNB":0.023262372301277937,"UNIBNB":0,"VETBNB":0,"VTHOBNB":0,"WABIBNB":0,"WANBNB":0,"WAVESBNB":0,"WINBNB":0.003054948760926249,"WINGBNB":0.00013664206699896255,"WNXMBNB":0.0049412896106788414,"WRXBNB":0,"WTCBNB":0,"XLMBNB":0,"XMRBNB":0,"XRPBNB":0.05039188810532581,"XTZBNB":0.00808606114878924,"XVSBNB":0.0026049915634329592,"YFIBNB":0,"YFIIBNB":0.02397588383787832,"ZECBNB":0,"ZENBNB":0,"ZILBNB":0},"numerosità_campione":114,"expected_return":0.000157538375313351,"standard_deviation":0.0013588124081193005,"sharpe_ratio":0.11593828137866069}