{"weights":{"AAVEBNB":0,"ADABNB":0,"ALGOBNB":0,"ALPHABNB":0.04224085623703741,"ANKRBNB":0,"ANTBNB":0,"ARBNB":0.010659877159588898,"ARPABNB":0.0018566728177606827,"ATABNB":0,"ATOMBNB":0,"AVABNB":0,"AVAXBNB":0,"AXSBNB":0,"BAKEBNB":0.017866532247246387,"BANDBNB":0,"BATBNB":0,"BCHBNB":0,"BELBNB":0.023598022952753837,"BIFIBNB":0.03232228736778452,"BLZBNB":0,"BTTBNB":0,"BURGERBNB":0.008350542568297427,"CAKEBNB":0.20513798778543432,"CELRBNB":0,"CHRBNB":0,"CHZBNB":0,"COCOSBNB":0,"COSBNB":0.010413616287290494,"COTIBNB":0,"CREAMBNB":0,"CRVBNB":0.002777422058838487,"CTKBNB":0,"CTSIBNB":0,"DASHBNB":0.028126156844632495,"DGBBNB":0.012491669243938477,"DIABNB":0,"DOTBNB":0.01206253598808488,"EGLDBNB":0,"ENJBNB":0,"EOSBNB":0,"ETCBNB":0,"FETBNB":0.006525538016276216,"FILBNB":0,"FIOBNB":0,"FTMBNB":0,"FTTBNB":0.040710010354818076,"HARDBNB":0.011636974848957142,"HBARBNB":0,"HOTBNB":0,"ICPBNB":0,"ICXBNB":0,"INJBNB":0.011204878470755485,"IOSTBNB":0,"IOTABNB":0,"IQBNB":0.0026219277469071737,"JSTBNB":0.014151375968487848,"KAVABNB":0,"KP3RBNB":0.00445298091522975,"KSMBNB":0.02244336815165017,"LPTBNB":0.01743776198650975,"LTCBNB":0,"LUNABNB":0,"MASKBNB":0.0031393194717656597,"MATICBNB":0.007851752151785435,"MBLBNB":0.0020706768097870144,"MDXBNB":0.023105152100494908,"MFTBNB":0.0037942575432640038,"MITHBNB":0.004396473983510423,"MKRBNB":0,"NEARBNB":0.02759785444440987,"NEOBNB":0,"NMRBNB":0.006448817081770806,"NUBNB":0,"OCEANBNB":0.0059332058532273035,"OGNBNB":0,"ONEBNB":0,"ONTBNB":0.025459859226113195,"PAXGBNB":0,"PERLBNB":0,"POLSBNB":0.00006282680355471928,"PROMBNB":0.008349556847004985,"RSRBNB":0,"RUNEBNB":0,"RVNBNB":0.009953670667311966,"SANDBNB":0,"SCBNB":0.00278227077618161,"SNXBNB":0,"SOLBNB":0.014647889625842674,"SPARTABNB":0.02002621255164297,"SRMBNB":0.015492794036346139,"STMXBNB":0.0055638082654854565,"STXBNB":0,"SUSHIBNB":0,"SWRVBNB":0.014833649097379727,"SXPBNB":0,"THETABNB":0.011954356821831748,"TROYBNB":0,"TRXBNB":0.026940233325003865,"UNFIBNB":0.018682366530981147,"UNIBNB":0,"VETBNB":0,"VTHOBNB":0,"WABIBNB":0.02875840096935498,"WANBNB":0.020274120340274704,"WAVESBNB":0,"WINBNB":0.010034079965060071,"WINGBNB":0.006415229804109839,"WNXMBNB":0.01144993879704012,"WRXBNB":0,"WTCBNB":0,"XLMBNB":0,"XMRBNB":0,"XRPBNB":0.0379598791983092,"XTZBNB":0,"XVSBNB":0.003490385883281092,"YFIBNB":0,"YFIIBNB":0.08018022629338908,"ZECBNB":0.0032617387162054263,"ZENBNB":0,"ZILBNB":0},"numerosità_campione":900,"expected_return":0.00005731636769724673,"standard_deviation":0.0011188030061273348,"sharpe_ratio":0.0512300801690225}