{"weights":{"AAVEBNB":0.0027146006337126906,"ADABNB":0.04819471986119944,"ALGOBNB":0,"ALPHABNB":0,"ANKRBNB":0.014906286398904536,"ANTBNB":0,"ARBNB":0,"ARPABNB":0,"ATOMBNB":0,"AVABNB":0,"AVAXBNB":0,"AXSBNB":0,"BAKEBNB":0.038969346010308506,"BANDBNB":0,"BATBNB":0,"BCHBNB":0,"BELBNB":0,"BIFIBNB":0.026869498767371103,"BLZBNB":0.012341634191407044,"BTTBNB":0,"BURGERBNB":0,"CAKEBNB":0,"CELRBNB":0.03193738805656367,"CHRBNB":0,"CHZBNB":0,"COCOSBNB":0.0023894993853943044,"COSBNB":0,"COTIBNB":0,"CREAMBNB":0.034566644922339754,"CRVBNB":0,"CTKBNB":0,"CTSIBNB":0.00783272676708408,"DASHBNB":0,"DGBBNB":0,"DIABNB":0,"DOTBNB":0,"EGLDBNB":0,"ENJBNB":0,"EOSBNB":0,"ETCBNB":0,"FETBNB":0.008239793017905743,"FILBNB":0,"FIOBNB":0,"FTMBNB":0,"FTTBNB":0,"HARDBNB":0.024408121626772524,"HBARBNB":0,"HOTBNB":0,"ICPBNB":0,"ICXBNB":0,"INJBNB":0.03346958775027967,"IOSTBNB":0,"IOTABNB":0,"IQBNB":0.03608515158408161,"JSTBNB":0,"KAVABNB":0,"KP3RBNB":0.005119788743008801,"KSMBNB":0.019500341299479557,"LTCBNB":0,"LUNABNB":0,"MATICBNB":0.0622958752210735,"MBLBNB":0,"MFTBNB":0,"MITHBNB":0,"MKRBNB":0,"NEARBNB":0.013498246953247861,"NEOBNB":0,"NMRBNB":0.017595481720085005,"OCEANBNB":0,"OGNBNB":0,"ONEBNB":0.039236538065129264,"ONTBNB":0,"PAXGBNB":0.13481930193363661,"PERLBNB":0.008580325288897139,"PROMBNB":0,"RSRBNB":0,"RUNEBNB":0.038773552270854876,"RVNBNB":0,"SANDBNB":0,"SCBNB":0,"SNXBNB":0.030603191028897143,"SOLBNB":0.07754425301853086,"SPARTABNB":0.01992636149184364,"SRMBNB":0.004671271107308818,"STMXBNB":0,"STXBNB":0,"SUSHIBNB":0.11169017557531524,"SWRVBNB":0.00397832932189199,"SXPBNB":0,"THETABNB":0,"TROYBNB":0,"TRXBNB":0,"UNFIBNB":0,"UNIBNB":0,"VETBNB":0,"VTHOBNB":0,"WABIBNB":0,"WANBNB":0,"WAVESBNB":0,"WINBNB":0,"WINGBNB":0.0028616910172877593,"WNXMBNB":0.0004960563752594006,"WRXBNB":0,"WTCBNB":0,"XLMBNB":0,"XMRBNB":0,"XRPBNB":0.08277321224847745,"XTZBNB":0,"XVSBNB":0,"YFIBNB":0,"YFIIBNB":0.003111008346450571,"ZECBNB":0,"ZENBNB":0,"ZILBNB":0},"numerosità_campione":114,"expected_return":0.0002679754193660401,"standard_deviation":0.0019666469480626096,"sharpe_ratio":0.13626005401225116}