{"weights":{"AAVEBNB":0,"ADABNB":0.02082270233036475,"ALGOBNB":0,"ALPHABNB":0,"ANKRBNB":0.02160411496764119,"ANTBNB":0.016019376012089644,"ARBNB":0.003199048770228922,"ARPABNB":0.023529345901217698,"ATOMBNB":0.003787527942749194,"AVABNB":0.0003245322701398334,"AVAXBNB":0,"AXSBNB":0.008292343134667202,"BAKEBNB":0.01874007596768781,"BANDBNB":0.006828871422887611,"BATBNB":0,"BCHBNB":0,"BELBNB":0.001579720435388841,"BIFIBNB":0.017879624838619775,"BLZBNB":0.013323098825064982,"BTTBNB":0,"BURGERBNB":0.003059879137606844,"CAKEBNB":0.1420851586136519,"CELRBNB":0,"CHRBNB":0,"CHZBNB":0,"COCOSBNB":0.02324142690670268,"COSBNB":0.02417364312335751,"COTIBNB":0.0013990958970246145,"CREAMBNB":0.006031731573868304,"CRVBNB":0,"CTKBNB":0,"CTSIBNB":0.00391545356966869,"DASHBNB":0,"DGBBNB":0,"DIABNB":0,"DOTBNB":0.02345965767453295,"EGLDBNB":0,"ENJBNB":0,"EOSBNB":0,"ETCBNB":0,"FETBNB":0.003508340122272701,"FILBNB":0.0014338428202275082,"FIOBNB":0.0010818715466561428,"FTMBNB":0,"FTTBNB":0.07655164968348606,"HARDBNB":0.044792751136745704,"HBARBNB":0,"HOTBNB":0,"ICPBNB":0,"ICXBNB":0,"INJBNB":0,"IOSTBNB":0.004004280427585795,"IOTABNB":0,"IQBNB":0.02587161060580501,"JSTBNB":0,"KAVABNB":0,"KP3RBNB":0.020525323118616823,"KSMBNB":0,"LTCBNB":0,"LUNABNB":0,"MATICBNB":0.011727203176483498,"MBLBNB":0.00852910035513306,"MFTBNB":0,"MITHBNB":0,"MKRBNB":0.005788168085154122,"NEARBNB":0.017423330986455925,"NEOBNB":0,"NMRBNB":0.011820295431213998,"OCEANBNB":0.011647731159486412,"OGNBNB":0,"ONEBNB":0.00969848409529168,"ONTBNB":0,"PAXGBNB":0.08399073143956541,"PERLBNB":0.0010357925159644556,"PROMBNB":0.012488517989028329,"RSRBNB":0,"RUNEBNB":0.019114275345115693,"RVNBNB":0,"SANDBNB":0,"SCBNB":0.013544295580892473,"SNXBNB":0.004581699173067249,"SOLBNB":0.025499861845029066,"SPARTABNB":0.012838470066802624,"SRMBNB":0.005800550461353349,"STMXBNB":0,"STXBNB":0.01060752706761002,"SUSHIBNB":0.014195839806779943,"SWRVBNB":0.010507039109669844,"SXPBNB":0.014203526948916497,"THETABNB":0.03059715826698948,"TROYBNB":0,"TRXBNB":0.02386711810478421,"UNFIBNB":0.02347404567864212,"UNIBNB":0,"VETBNB":0,"VTHOBNB":0,"WABIBNB":0,"WANBNB":0,"WAVESBNB":0,"WINBNB":0.0030789256167889673,"WINGBNB":0.00044845717351553585,"WNXMBNB":0,"WRXBNB":0,"WTCBNB":0.006428942501118251,"XLMBNB":0,"XMRBNB":0,"XRPBNB":0.03948090383080283,"XTZBNB":0,"XVSBNB":0,"YFIBNB":0,"YFIIBNB":0.006515909411788638,"ZECBNB":0,"ZENBNB":0,"ZILBNB":0},"numerosità_campione":114,"expected_return":0.00010979688613111485,"standard_deviation":0.001229198345398626,"sharpe_ratio":0.08932397813756247}