{"weights":{"AAVEBNB":0.005341295374248548,"ADABNB":0.022944321519567764,"ALGOBNB":0,"ALPHABNB":0,"ANKRBNB":0.013928718353134315,"ANTBNB":0.009123273486926545,"ARBNB":0,"ARPABNB":0.0188509773460489,"ATOMBNB":0,"AVABNB":0.0009250794848909917,"AVAXBNB":0,"AXSBNB":0,"BAKEBNB":0.01968290759585444,"BANDBNB":0.002561930310752185,"BATBNB":0,"BCHBNB":0,"BELBNB":0,"BIFIBNB":0.019334741262471807,"BLZBNB":0.009593246787166393,"BTTBNB":0,"BURGERBNB":0.0023684835262304895,"CAKEBNB":0.12489924564633012,"CELRBNB":0.012008570921323033,"CHRBNB":0,"CHZBNB":0,"COCOSBNB":0.015211446662051027,"COSBNB":0.007878568766654772,"COTIBNB":0,"CREAMBNB":0.017786239396900872,"CRVBNB":0,"CTKBNB":0,"CTSIBNB":0.004956328927652151,"DASHBNB":0,"DGBBNB":0,"DIABNB":0,"DOTBNB":0.035276455220487,"EGLDBNB":0,"ENJBNB":0,"EOSBNB":0,"ETCBNB":0,"FETBNB":0.009584779855739176,"FILBNB":0,"FIOBNB":0,"FTMBNB":0,"FTTBNB":0.05820927590212339,"HARDBNB":0.04174136713793626,"HBARBNB":0,"HOTBNB":0,"ICPBNB":0,"ICXBNB":0,"INJBNB":0.02403499507792645,"IOSTBNB":0,"IOTABNB":0,"IQBNB":0.028433344605727974,"JSTBNB":0.007143216537808102,"KAVABNB":0,"KP3RBNB":0.020434626711924874,"KSMBNB":0,"LTCBNB":0.0003350512923112078,"LUNABNB":0,"MATICBNB":0.018129019010501433,"MBLBNB":0.011906640979796232,"MFTBNB":0,"MITHBNB":0,"MKRBNB":0.00007032881451868307,"NEARBNB":0.0126063847870002,"NEOBNB":0,"NMRBNB":0.010994650890419554,"OCEANBNB":0.0034796495695591325,"OGNBNB":0,"ONEBNB":0.00947316583199403,"ONTBNB":0,"PAXGBNB":0.08023233741058253,"PERLBNB":0.01547998236990039,"PROMBNB":0.00990233937141498,"RSRBNB":0.0003268839020939028,"RUNEBNB":0.024177408319520886,"RVNBNB":0,"SANDBNB":0,"SCBNB":0,"SNXBNB":0.015729536125505445,"SOLBNB":0.031749254841058554,"SPARTABNB":0.019931260180316098,"SRMBNB":0.002634417769506525,"STMXBNB":0,"STXBNB":0.012362170135868879,"SUSHIBNB":0.03454290756000522,"SWRVBNB":0.010721693254084277,"SXPBNB":0.0056217292649135674,"THETABNB":0.013900788745231237,"TROYBNB":0.003354061981036304,"TRXBNB":0,"UNFIBNB":0.025078882467678414,"UNIBNB":0,"VETBNB":0,"VTHOBNB":0,"WABIBNB":0,"WANBNB":0,"WAVESBNB":0,"WINBNB":0.004306636477779758,"WINGBNB":0,"WNXMBNB":0.004830827518198413,"WRXBNB":0,"WTCBNB":0.002622739422570084,"XLMBNB":0,"XMRBNB":0,"XRPBNB":0.04413382571385997,"XTZBNB":0.010117374635876236,"XVSBNB":0.004073646420758154,"YFIBNB":0,"YFIIBNB":0.02492096851826193,"ZECBNB":0,"ZENBNB":0,"ZILBNB":0},"numerosità_campione":114,"expected_return":0.00013913220130456954,"standard_deviation":0.0012937060618824151,"sharpe_ratio":0.10754545055012292}