{"weights":{"AAVEBNB":0,"ADABNB":0,"ALGOBNB":0,"ALPHABNB":0.047429832647797335,"ANKRBNB":0,"ANTBNB":0,"ARBNB":0.007672116827065578,"ARPABNB":0,"ATABNB":0.0013384255166764723,"ATOMBNB":0,"AVABNB":0,"AVAXBNB":0.006269318363451545,"AXSBNB":0,"BAKEBNB":0.02949112384244424,"BANDBNB":0,"BATBNB":0,"BCHBNB":0,"BELBNB":0.022959620116093732,"BIFIBNB":0.025116602436871104,"BLZBNB":0,"BTTBNB":0,"BURGERBNB":0.0034497813293140043,"CAKEBNB":0.20224013209456462,"CELRBNB":0,"CHRBNB":0,"CHZBNB":0,"COCOSBNB":0,"COSBNB":0.00974399987236501,"COTIBNB":0,"CREAMBNB":0,"CRVBNB":0.0033545176794754312,"CTKBNB":0.004012578096926074,"CTSIBNB":0,"DASHBNB":0.03375874733885633,"DGBBNB":0.0109077971792317,"DIABNB":0,"DOTBNB":0.007010939895253364,"EGLDBNB":0,"ENJBNB":0.0012021806086321453,"EOSBNB":0.00635490766142899,"ETCBNB":0,"FETBNB":0.008866949580873248,"FILBNB":0,"FIOBNB":0,"FTMBNB":0,"FTTBNB":0.03529188564692191,"HARDBNB":0.004853918051842526,"HBARBNB":0,"HOTBNB":0.00005883304214661569,"ICPBNB":0.010786134561929436,"ICXBNB":0,"INJBNB":0.007964821603836112,"IOSTBNB":0,"IOTABNB":0,"IQBNB":0.003505039096909403,"JSTBNB":0.0077383646745318654,"KAVABNB":0,"KP3RBNB":0.0031157843182359857,"KSMBNB":0.0047704150481577496,"LPTBNB":0.012845955757208245,"LTCBNB":0,"LUNABNB":0,"MASKBNB":0.012654221566391873,"MATICBNB":0.022375988620180795,"MBLBNB":0.001772477009259569,"MDXBNB":0.021434569588521586,"MFTBNB":0.0020539240831516452,"MITHBNB":0,"MKRBNB":0.004003437119679503,"NEARBNB":0.018304158042754128,"NEOBNB":0,"NMRBNB":0.00629347150661715,"NUBNB":0,"OCEANBNB":0.013532470270523277,"OGNBNB":0,"ONEBNB":0,"ONTBNB":0.03388190435665022,"PAXGBNB":0,"PERLBNB":0,"POLSBNB":0.0010441197913466814,"PROMBNB":0.005918136017195781,"RSRBNB":0,"RUNEBNB":0,"RVNBNB":0.013414334320687763,"SANDBNB":0,"SCBNB":0.0029914495600258445,"SNXBNB":0,"SOLBNB":0.008287805257489813,"SPARTABNB":0.021017563892090918,"SRMBNB":0.015413342154883788,"STMXBNB":0.002262460831966649,"STXBNB":0.004536787917119402,"SUSHIBNB":0,"SWRVBNB":0.016168016260712556,"SXPBNB":0.005393660727830735,"THETABNB":0.0038350038678522267,"TROYBNB":0,"TRXBNB":0.01865030583216518,"UNFIBNB":0.017422928623661002,"UNIBNB":0,"VETBNB":0,"VTHOBNB":0,"WABIBNB":0.02481526162914879,"WANBNB":0.026052451275314286,"WAVESBNB":0,"WINBNB":0.01501103895786803,"WINGBNB":0.0010793570057992697,"WNXMBNB":0.013543265479486697,"WRXBNB":0.0012948588381563925,"WTCBNB":0,"XLMBNB":0,"XMRBNB":0,"XRPBNB":0.03842790288853381,"XTZBNB":0,"XVSBNB":0.0049814232459768045,"YFIBNB":0.0036692908302043453,"YFIIBNB":0.07635188974171306,"ZECBNB":0,"ZENBNB":0,"ZILBNB":0},"numerosità_campione":900,"expected_return":0.000025986804347546022,"standard_deviation":0.0010814038131001643,"sharpe_ratio":0.02403062022968751}