{"weights":{"AAVEBNB":0,"ADABNB":0,"ALGOBNB":0,"ALPHABNB":0,"ANKRBNB":0.008710111780074468,"ANTBNB":0.022616761792455337,"ARBNB":0.0022936962518131103,"ARPABNB":0.02860915395326396,"ATOMBNB":0,"AVABNB":0.0030577760704988593,"AVAXBNB":0,"AXSBNB":0.0022570323093620724,"BAKEBNB":0.010096534533181677,"BANDBNB":0.014215769353435343,"BATBNB":0.008322409308609644,"BCHBNB":0,"BELBNB":0.012436894885310577,"BIFIBNB":0.013683928832226713,"BLZBNB":0.003011961512571727,"BTTBNB":0.02515111818546248,"BURGERBNB":0.0047931247351871795,"CAKEBNB":0.15367989041658248,"CELRBNB":0.0022546734619085804,"CHRBNB":0.0005430908656175413,"CHZBNB":0,"COCOSBNB":0.011566945093495928,"COSBNB":0.01670495485960506,"COTIBNB":0,"CREAMBNB":0.00941448581258248,"CRVBNB":0,"CTKBNB":0,"CTSIBNB":0.0012017197790172933,"DASHBNB":0,"DGBBNB":0,"DIABNB":0,"DOTBNB":0.03427137828486398,"EGLDBNB":0.009704913248456579,"ENJBNB":0,"EOSBNB":0,"ETCBNB":0.0032113168365132463,"FETBNB":0.007540130528028908,"FILBNB":0.005591247960548316,"FIOBNB":0,"FTMBNB":0,"FTTBNB":0.06784933180038744,"HARDBNB":0.041220132732286544,"HBARBNB":0,"HOTBNB":0,"ICPBNB":0,"ICXBNB":0,"INJBNB":0.010716600306025276,"IOSTBNB":0,"IOTABNB":0,"IQBNB":0.01845612568242467,"JSTBNB":0.022370496728027676,"KAVABNB":0,"KP3RBNB":0.01906087467528527,"KSMBNB":0,"LTCBNB":0.02082537932066932,"LUNABNB":0,"MATICBNB":0,"MBLBNB":0.01629862677527831,"MFTBNB":0,"MITHBNB":0.0006181615190679418,"MKRBNB":0.002428086932952994,"NEARBNB":0.005838541767403237,"NEOBNB":0,"NMRBNB":0.00779913405056825,"OCEANBNB":0.02169506385870251,"OGNBNB":0.011565007796671089,"ONEBNB":0,"ONTBNB":0,"PAXGBNB":0.051687484371600714,"PERLBNB":0.01176975004342085,"PROMBNB":0.012467959842181811,"RSRBNB":0.010799072768043937,"RUNEBNB":0.010803311372848337,"RVNBNB":0,"SANDBNB":0,"SCBNB":0.00516529854338987,"SNXBNB":0.004255810651138091,"SOLBNB":0.010039993837032742,"SPARTABNB":0.01789464412568649,"SRMBNB":0,"STMXBNB":0,"STXBNB":0.014462406513649474,"SUSHIBNB":0,"SWRVBNB":0.00925884534834739,"SXPBNB":0.011690803852066303,"THETABNB":0.011429246258430245,"TROYBNB":0.0048923963856848,"TRXBNB":0,"UNFIBNB":0.02872114225424715,"UNIBNB":0.02026422906046082,"VETBNB":0,"VTHOBNB":0.0019253762333138417,"WABIBNB":0.001236862807376784,"WANBNB":0,"WAVESBNB":0,"WINBNB":0.006783258342107306,"WINGBNB":0,"WNXMBNB":0.004211438493103608,"WRXBNB":0,"WTCBNB":0.011297508657062166,"XLMBNB":0,"XMRBNB":0,"XRPBNB":0.014475492562261674,"XTZBNB":0.010257824274147728,"XVSBNB":0.007241026181651872,"YFIBNB":0,"YFIIBNB":0.021218484658717337,"ZECBNB":0.004067747965604628,"ZENBNB":0,"ZILBNB":0},"numerosità_campione":114,"expected_return":0.00006550750526944337,"standard_deviation":0.0011495386015456085,"sharpe_ratio":0.05698591172263851}