{"weights":{"AAVEBNB":0,"ADABNB":0.01013243657226231,"ALGOBNB":0,"ALPHABNB":0,"ANKRBNB":0.011556900055523765,"ANTBNB":0.017782438597440924,"ARBNB":0.0008405683475580627,"ARPABNB":0.025752994985172174,"ATOMBNB":0,"AVABNB":0.0028781510420668537,"AVAXBNB":0,"AXSBNB":0.0014831307057735677,"BAKEBNB":0.014045056826543525,"BANDBNB":0.012013642237757595,"BATBNB":0.0028556926682097874,"BCHBNB":0,"BELBNB":0.0036729863529578223,"BIFIBNB":0.01606607627934809,"BLZBNB":0.006421586733482593,"BTTBNB":0.017008164677886562,"BURGERBNB":0.004448859534645782,"CAKEBNB":0.14314361186883007,"CELRBNB":0.006923159914834003,"CHRBNB":0,"CHZBNB":0,"COCOSBNB":0.01336097233828534,"COSBNB":0.014730556440845076,"COTIBNB":0,"CREAMBNB":0.012606160460247458,"CRVBNB":0,"CTKBNB":0,"CTSIBNB":0.003060413255749794,"DASHBNB":0,"DGBBNB":0,"DIABNB":0,"DOTBNB":0.03695239593090424,"EGLDBNB":0,"ENJBNB":0,"EOSBNB":0,"ETCBNB":0,"FETBNB":0.008951272200496584,"FILBNB":0,"FIOBNB":0,"FTMBNB":0,"FTTBNB":0.06412394294729384,"HARDBNB":0.0418608448706051,"HBARBNB":0,"HOTBNB":0,"ICPBNB":0,"ICXBNB":0,"INJBNB":0.01652964101475315,"IOSTBNB":0,"IOTABNB":0,"IQBNB":0.023014320866781946,"JSTBNB":0.017103537389662554,"KAVABNB":0,"KP3RBNB":0.019568463217326415,"KSMBNB":0,"LTCBNB":0.017247120863113193,"LUNABNB":0,"MATICBNB":0.007218040268853601,"MBLBNB":0.015421323369194296,"MFTBNB":0,"MITHBNB":0,"MKRBNB":0.0028242947573356913,"NEARBNB":0.00900443742682725,"NEOBNB":0,"NMRBNB":0.009132231152684581,"OCEANBNB":0.01557718471046056,"OGNBNB":0.00007494775410717133,"ONEBNB":0.0016704378571855785,"ONTBNB":0,"PAXGBNB":0.06262626992180155,"PERLBNB":0.013781989233738388,"PROMBNB":0.011204878840854754,"RSRBNB":0.007973556880733338,"RUNEBNB":0.01665239006540524,"RVNBNB":0,"SANDBNB":0,"SCBNB":0.0032897788747833674,"SNXBNB":0.009876993126552597,"SOLBNB":0.019088437268578253,"SPARTABNB":0.01896708361503116,"SRMBNB":0,"STMXBNB":0,"STXBNB":0.014292451950825347,"SUSHIBNB":0.011756474847319735,"SWRVBNB":0.00950362751587627,"SXPBNB":0.01107947508717596,"THETABNB":0.014764060858287112,"TROYBNB":0.0041248000501509195,"TRXBNB":0,"UNFIBNB":0.027390626229255897,"UNIBNB":0.009049668918518373,"VETBNB":0,"VTHOBNB":0,"WABIBNB":0,"WANBNB":0,"WAVESBNB":0,"WINBNB":0.005970933838947787,"WINGBNB":0,"WNXMBNB":0.004260571028781406,"WRXBNB":0,"WTCBNB":0.008519545015706516,"XLMBNB":0,"XMRBNB":0,"XRPBNB":0.02717673446769082,"XTZBNB":0.011302148833869378,"XVSBNB":0.0062450363579478595,"YFIBNB":0,"YFIIBNB":0.024044470679161035,"ZECBNB":0,"ZENBNB":0,"ZILBNB":0},"numerosità_campione":114,"expected_return":0.00009618446195074592,"standard_deviation":0.0011864861306991748,"sharpe_ratio":0.0810666551104699}