{"weights":{"AAVEBNB":0,"ADABNB":0.028344284900642204,"ALGOBNB":0,"ALPHABNB":0,"ANKRBNB":0.021850571701234348,"ANTBNB":0.012074907163678737,"ARBNB":0.0016936598651234893,"ARPABNB":0.019468880320462418,"ATOMBNB":0.0020492864031202815,"AVABNB":0.00022223341935495399,"AVAXBNB":0,"AXSBNB":0.00812598684444982,"BAKEBNB":0.0230404389497834,"BANDBNB":0,"BATBNB":0,"BCHBNB":0,"BELBNB":0,"BIFIBNB":0.019730720920211678,"BLZBNB":0.014927591977063568,"BTTBNB":0,"BURGERBNB":0.0017414174548261649,"CAKEBNB":0.13310464360350238,"CELRBNB":0,"CHRBNB":0,"CHZBNB":0,"COCOSBNB":0.026228099611253834,"COSBNB":0.01680170395949176,"COTIBNB":0.003271976658742769,"CREAMBNB":0.007419414720011643,"CRVBNB":0,"CTKBNB":0,"CTSIBNB":0.005454400394490767,"DASHBNB":0,"DGBBNB":0,"DIABNB":0,"DOTBNB":0.018293511499717224,"EGLDBNB":0,"ENJBNB":0,"EOSBNB":0,"ETCBNB":0,"FETBNB":0.002606837656945487,"FILBNB":0,"FIOBNB":0.0018190508776194801,"FTMBNB":0,"FTTBNB":0.07642599669097098,"HARDBNB":0.045180772172442,"HBARBNB":0,"HOTBNB":0,"ICPBNB":0,"ICXBNB":0,"INJBNB":0,"IOSTBNB":0.00022476258870793747,"IOTABNB":0,"IQBNB":0.026435537718034682,"JSTBNB":0,"KAVABNB":0,"KP3RBNB":0.021290815472930397,"KSMBNB":0.0022982149638804275,"LTCBNB":0,"LUNABNB":0,"MATICBNB":0.015167009832963329,"MBLBNB":0.0052133592110332255,"MFTBNB":0,"MITHBNB":0,"MKRBNB":0.003806943922663043,"NEARBNB":0.01983502600863498,"NEOBNB":0,"NMRBNB":0.012911554356154877,"OCEANBNB":0.007315785406692983,"OGNBNB":0,"ONEBNB":0.013247456129652337,"ONTBNB":0,"PAXGBNB":0.09359395964839003,"PERLBNB":0,"PROMBNB":0.012210029056989185,"RSRBNB":0,"RUNEBNB":0.021433610316446194,"RVNBNB":0,"SANDBNB":0,"SCBNB":0.009705062136045503,"SNXBNB":0.003370248883071976,"SOLBNB":0.03098931944398764,"SPARTABNB":0.01301790319190198,"SRMBNB":0.008429858622359149,"STMXBNB":0,"STXBNB":0.007599928420197548,"SUSHIBNB":0.01994409749707074,"SWRVBNB":0.01248869740253262,"SXPBNB":0.01354334605650061,"THETABNB":0.03571627357376903,"TROYBNB":0,"TRXBNB":0.018302682342699734,"UNFIBNB":0.021878034644869787,"UNIBNB":0,"VETBNB":0,"VTHOBNB":0,"WABIBNB":0,"WANBNB":0,"WAVESBNB":0,"WINBNB":0.00372188775924856,"WINGBNB":0.0012699947341880168,"WNXMBNB":0,"WRXBNB":0,"WTCBNB":0.004147558293875598,"XLMBNB":0,"XMRBNB":0,"XRPBNB":0.046544475719874634,"XTZBNB":0,"XVSBNB":0,"YFIBNB":0,"YFIIBNB":0.004470178879493896,"ZECBNB":0,"ZENBNB":0,"ZILBNB":0},"numerosità_campione":114,"expected_return":0.00013064797898964918,"standard_deviation":0.0012813974975381696,"sharpe_ratio":0.10195741699250314}