{"weights":{"AAVEBNB":0.006876347917920016,"ADABNB":0.02921595549162137,"ALGOBNB":0,"ALPHABNB":0,"ANKRBNB":0.014518253753155456,"ANTBNB":0.0022706953498508728,"ARBNB":0,"ARPABNB":0.012978410778824011,"ATOMBNB":0,"AVABNB":0,"AVAXBNB":0,"AXSBNB":0,"BAKEBNB":0.023126278546743328,"BANDBNB":0,"BATBNB":0,"BCHBNB":0,"BELBNB":0,"BIFIBNB":0.021119069151633526,"BLZBNB":0.010759300351797943,"BTTBNB":0,"BURGERBNB":0.0005997528577651665,"CAKEBNB":0.11050930838578052,"CELRBNB":0.015653080360716984,"CHRBNB":0,"CHZBNB":0,"COCOSBNB":0.015794939319302613,"COSBNB":0.0008062808694782738,"COTIBNB":0,"CREAMBNB":0.021054770581622872,"CRVBNB":0,"CTKBNB":0,"CTSIBNB":0.0057687142142667045,"DASHBNB":0,"DGBBNB":0,"DIABNB":0,"DOTBNB":0.030838112872618402,"EGLDBNB":0,"ENJBNB":0,"EOSBNB":0,"ETCBNB":0,"FETBNB":0.009916305045408951,"FILBNB":0,"FIOBNB":0,"FTMBNB":0,"FTTBNB":0.049841635403482104,"HARDBNB":0.040979981361497365,"HBARBNB":0,"HOTBNB":0,"ICPBNB":0,"ICXBNB":0,"INJBNB":0.02754584075277107,"IOSTBNB":0,"IOTABNB":0,"IQBNB":0.031073658834359422,"JSTBNB":0,"KAVABNB":0,"KP3RBNB":0.019870006036697824,"KSMBNB":0.003407071599626352,"LTCBNB":0,"LUNABNB":0,"MATICBNB":0.024947959531621846,"MBLBNB":0.008804895938012154,"MFTBNB":0,"MITHBNB":0,"MKRBNB":0,"NEARBNB":0.013913184371322015,"NEOBNB":0,"NMRBNB":0.012038755809971047,"OCEANBNB":0,"OGNBNB":0,"ONEBNB":0.01435321171442186,"ONTBNB":0,"PAXGBNB":0.09037813485061054,"PERLBNB":0.01575678886136623,"PROMBNB":0.008755207218835973,"RSRBNB":0,"RUNEBNB":0.028236381223420343,"RVNBNB":0,"SANDBNB":0,"SCBNB":0,"SNXBNB":0.01897285681851696,"SOLBNB":0.039622650052493755,"SPARTABNB":0.020515895923042798,"SRMBNB":0.0044411199597900915,"STMXBNB":0,"STXBNB":0.007890606741373365,"SUSHIBNB":0.04724352052383398,"SWRVBNB":0.011393783822706819,"SXPBNB":0.00039822058738986393,"THETABNB":0.010038746155607252,"TROYBNB":0.0026568289097262466,"TRXBNB":0,"UNFIBNB":0.022383533693994664,"UNIBNB":0,"VETBNB":0,"VTHOBNB":0,"WABIBNB":0,"WANBNB":0,"WAVESBNB":0,"WINBNB":0.002527872251596311,"WINGBNB":0.00037061894592362114,"WNXMBNB":0.004940900367619357,"WRXBNB":0,"WTCBNB":0,"XLMBNB":0,"XMRBNB":0,"XRPBNB":0.052350575946371915,"XTZBNB":0.007019327933476656,"XVSBNB":0.00206615250066969,"YFIBNB":0,"YFIIBNB":0.023458499509343117,"ZECBNB":0,"ZENBNB":0,"ZILBNB":0},"numerosità_campione":114,"expected_return":0.00016367376664961155,"standard_deviation":0.0013829961673074757,"sharpe_ratio":0.11834723083019409}