{"weights":{"AAVEBNB":0,"ADABNB":0,"ALGOBNB":0,"ALPHABNB":0.0006737424547353408,"ANKRBNB":0,"ANTBNB":0,"ARBNB":0.025524890411409297,"ARPABNB":0.006523299631663234,"ATABNB":0,"ATOMBNB":0,"AVABNB":0,"AVAXBNB":0,"AXSBNB":0,"BAKEBNB":0,"BANDBNB":0,"BATBNB":0,"BCHBNB":0,"BELBNB":0.0166615115324154,"BIFIBNB":0.05885459500414429,"BLZBNB":0.011240704091062564,"BTTBNB":0,"BURGERBNB":0.02526439733376622,"CAKEBNB":0.17214259006187382,"CELRBNB":0,"CHRBNB":0,"CHZBNB":0,"COCOSBNB":0,"COSBNB":0.008932903693726867,"COTIBNB":0,"CREAMBNB":0,"CRVBNB":0,"CTKBNB":0,"CTSIBNB":0,"DASHBNB":0,"DGBBNB":0.00735974161428948,"DIABNB":0,"DOTBNB":0,"EGLDBNB":0,"ENJBNB":0,"EOSBNB":0,"ETCBNB":0,"FETBNB":0,"FILBNB":0,"FIOBNB":0.014390712019395879,"FTMBNB":0,"FTTBNB":0.038668556504270035,"HARDBNB":0.042660001782871534,"HBARBNB":0,"HOTBNB":0,"ICPBNB":0,"ICXBNB":0,"INJBNB":0.0009069541146462178,"IOSTBNB":0,"IOTABNB":0,"IQBNB":0,"JSTBNB":0.04194319335639459,"KAVABNB":0,"KP3RBNB":0.00919979418900802,"KSMBNB":0.09725868891672074,"LPTBNB":0.04259004570424684,"LTCBNB":0,"LUNABNB":0,"MASKBNB":0,"MATICBNB":0,"MBLBNB":0,"MDXBNB":0.029904092539842927,"MFTBNB":0.010771830262835659,"MITHBNB":0.022550586696188396,"MKRBNB":0,"NEARBNB":0.054707004407510876,"NEOBNB":0,"NMRBNB":0,"NUBNB":0,"OCEANBNB":0,"OGNBNB":0,"ONEBNB":0,"ONTBNB":0,"PAXGBNB":0.02279837870755028,"PERLBNB":0.0015193191002117455,"POLSBNB":0,"PROMBNB":0.016948515083902726,"RSRBNB":0,"RUNEBNB":0,"RVNBNB":0,"SANDBNB":0,"SCBNB":0,"SNXBNB":0,"SOLBNB":0.0122880082991052,"SPARTABNB":0.006420470645451154,"SRMBNB":0,"STMXBNB":0.005327126619399979,"STXBNB":0,"SUSHIBNB":0,"SWRVBNB":0.0013231036867279136,"SXPBNB":0,"THETABNB":0.024508209218564357,"TROYBNB":0.005411560991308714,"TRXBNB":0,"UNFIBNB":0.015242703397009925,"UNIBNB":0,"VETBNB":0,"VTHOBNB":0,"WABIBNB":0.046442379434753045,"WANBNB":0,"WAVESBNB":0,"WINBNB":0,"WINGBNB":0.02463618314627391,"WNXMBNB":0,"WRXBNB":0,"WTCBNB":0.013036814352713477,"XLMBNB":0,"XMRBNB":0.010147612329455425,"XRPBNB":0,"XTZBNB":0,"XVSBNB":0,"YFIBNB":0,"YFIIBNB":0.05444534054647317,"ZECBNB":0.000774438118080619,"ZENBNB":0,"ZILBNB":0},"numerosità_campione":900,"expected_return":0.00015757097041628888,"standard_deviation":0.0015728452100881966,"sharpe_ratio":0.10018212180425126}