{"weights":{"AAVEBNB":0,"ADABNB":0.012369280833034763,"ALGOBNB":0,"ALPHABNB":0,"ANKRBNB":0.02093771349755469,"ANTBNB":0.019579586995200307,"ARBNB":0.0046146608411350475,"ARPABNB":0.027922832691737794,"ATOMBNB":0.003936249780742364,"AVABNB":0,"AVAXBNB":0,"AXSBNB":0.007624090529260391,"BAKEBNB":0.014340075910541122,"BANDBNB":0.01326991318803946,"BATBNB":0.0034394556269261513,"BCHBNB":0,"BELBNB":0.009456080789971896,"BIFIBNB":0.015609702145798335,"BLZBNB":0.011050611495438662,"BTTBNB":0.0011945604768950162,"BURGERBNB":0.004720071365546065,"CAKEBNB":0.14962823526560143,"CELRBNB":0,"CHRBNB":0,"CHZBNB":0,"COCOSBNB":0.019187009225299072,"COSBNB":0.029562210721460116,"COTIBNB":0,"CREAMBNB":0.004408999049698563,"CRVBNB":0,"CTKBNB":0,"CTSIBNB":0.0020119501775546066,"DASHBNB":0,"DGBBNB":0,"DIABNB":0,"DOTBNB":0.02722340611101101,"EGLDBNB":0.00588877680892894,"ENJBNB":0,"EOSBNB":0,"ETCBNB":0,"FETBNB":0.004331266476961056,"FILBNB":0.005440772899887238,"FIOBNB":0,"FTMBNB":0,"FTTBNB":0.07652089505264063,"HARDBNB":0.04403264772877407,"HBARBNB":0,"HOTBNB":0,"ICPBNB":0,"ICXBNB":0,"INJBNB":0,"IOSTBNB":0.007085803580985208,"IOTABNB":0,"IQBNB":0.024106930398850007,"JSTBNB":0.0040798941249470064,"KAVABNB":0,"KP3RBNB":0.019041187673315918,"KSMBNB":0,"LTCBNB":0,"LUNABNB":0,"MATICBNB":0.007710350147215011,"MBLBNB":0.011768922295147368,"MFTBNB":0.0005633885558573831,"MITHBNB":0,"MKRBNB":0.0070197524332517355,"NEARBNB":0.014329203005048497,"NEOBNB":0,"NMRBNB":0.010653686134707872,"OCEANBNB":0.014428378516645328,"OGNBNB":0,"ONEBNB":0.005846961234233334,"ONTBNB":0,"PAXGBNB":0.07344327996129374,"PERLBNB":0.004361136884322433,"PROMBNB":0.013193636546456805,"RSRBNB":0,"RUNEBNB":0.016279747664977265,"RVNBNB":0,"SANDBNB":0,"SCBNB":0.01600758479742138,"SNXBNB":0.004726834581590723,"SOLBNB":0.01953066308175852,"SPARTABNB":0.012224414390954754,"SRMBNB":0.0026612388853948215,"STMXBNB":0,"STXBNB":0.0123417910569346,"SUSHIBNB":0.005875035816672059,"SWRVBNB":0.008123899423113607,"SXPBNB":0.013647549492193097,"THETABNB":0.022654593754100016,"TROYBNB":0,"TRXBNB":0.02223636319961537,"UNFIBNB":0.024140400030930445,"UNIBNB":0.010640434639349335,"VETBNB":0,"VTHOBNB":0,"WABIBNB":0,"WANBNB":0,"WAVESBNB":0,"WINBNB":0.002758747278727197,"WINGBNB":0,"WNXMBNB":0,"WRXBNB":0,"WTCBNB":0.008000017144233151,"XLMBNB":0,"XMRBNB":0,"XRPBNB":0.03151823554212177,"XTZBNB":0,"XVSBNB":0.0027241935252055654,"YFIBNB":0,"YFIIBNB":0.007974688516789844,"ZECBNB":0,"ZENBNB":0,"ZILBNB":0},"numerosità_campione":114,"expected_return":0.0000847755747008735,"standard_deviation":0.0011808557929706735,"sharpe_ratio":0.07179164060973439}