{"weights":{"AAVEBNB":0.004637269619086847,"ADABNB":0.046583357709337775,"ALGOBNB":0,"ALPHABNB":0,"ANKRBNB":0.015473405757538788,"ANTBNB":0,"ARBNB":0,"ARPABNB":0,"ATOMBNB":0,"AVABNB":0,"AVAXBNB":0,"AXSBNB":0,"BAKEBNB":0.03543177087772026,"BANDBNB":0,"BATBNB":0,"BCHBNB":0,"BELBNB":0,"BIFIBNB":0.026078588757888183,"BLZBNB":0.012505475883260599,"BTTBNB":0,"BURGERBNB":0,"CAKEBNB":0.03324757683267821,"CELRBNB":0.027775260213879015,"CHRBNB":0,"CHZBNB":0,"COCOSBNB":0.00893195530576741,"COSBNB":0,"COTIBNB":0,"CREAMBNB":0.03135019771424748,"CRVBNB":0,"CTKBNB":0,"CTSIBNB":0.00800744455218111,"DASHBNB":0,"DGBBNB":0,"DIABNB":0,"DOTBNB":0.0031984397012672456,"EGLDBNB":0,"ENJBNB":0,"EOSBNB":0,"ETCBNB":0,"FETBNB":0.009503326790258407,"FILBNB":0,"FIOBNB":0,"FTMBNB":0,"FTTBNB":0,"HARDBNB":0.03225803839413214,"HBARBNB":0,"HOTBNB":0,"ICPBNB":0,"ICXBNB":0,"INJBNB":0.03403870571927024,"IOSTBNB":0,"IOTABNB":0,"IQBNB":0.03639663118802047,"JSTBNB":0,"KAVABNB":0,"KP3RBNB":0.010049329099225096,"KSMBNB":0.0162625975563265,"LTCBNB":0,"LUNABNB":0,"MATICBNB":0.052375448725406115,"MBLBNB":0,"MFTBNB":0,"MITHBNB":0,"MKRBNB":0,"NEARBNB":0.01481428409055971,"NEOBNB":0,"NMRBNB":0.016150920409393203,"OCEANBNB":0,"OGNBNB":0,"ONEBNB":0.032195237314601874,"ONTBNB":0,"PAXGBNB":0.1246425578467096,"PERLBNB":0.012000504143368357,"PROMBNB":0,"RSRBNB":0,"RUNEBNB":0.037925208544654365,"RVNBNB":0,"SANDBNB":0,"SCBNB":0,"SNXBNB":0.028630395639883895,"SOLBNB":0.06748930787066532,"SPARTABNB":0.020622952181115047,"SRMBNB":0.005740277985001083,"STMXBNB":0,"STXBNB":0,"SUSHIBNB":0.09469267898347455,"SWRVBNB":0.007726155411036415,"SXPBNB":0,"THETABNB":0,"TROYBNB":0,"TRXBNB":0,"UNFIBNB":0.0004292626582260333,"UNIBNB":0,"VETBNB":0,"VTHOBNB":0,"WABIBNB":0,"WANBNB":0,"WAVESBNB":0,"WINBNB":0,"WINGBNB":0.0024800524054324775,"WNXMBNB":0.0023502489337267956,"WRXBNB":0,"WTCBNB":0,"XLMBNB":0,"XMRBNB":0,"XRPBNB":0.07653146690416787,"XTZBNB":0,"XVSBNB":0,"YFIBNB":0,"YFIIBNB":0.011473668280491654,"ZECBNB":0,"ZENBNB":0,"ZILBNB":0},"numerosità_campione":114,"expected_return":0.00024343385402099814,"standard_deviation":0.0018028973354433293,"sharpe_ratio":0.1350236917184961}