{"weights":{"AAVEBNB":0,"ADABNB":0,"ALGOBNB":0,"ALPHABNB":0.01642955525837229,"ANKRBNB":0,"ANTBNB":0,"ARBNB":0.021380880490571734,"ARPABNB":0.007345426502422845,"ATABNB":0,"ATOMBNB":0,"AVABNB":0,"AVAXBNB":0,"AXSBNB":0,"BAKEBNB":0,"BANDBNB":0,"BATBNB":0,"BCHBNB":0,"BELBNB":0.019954146702959277,"BIFIBNB":0.05222291111730516,"BLZBNB":0.008355188992898135,"BTTBNB":0,"BURGERBNB":0.020511941865635847,"CAKEBNB":0.18590247957948247,"CELRBNB":0,"CHRBNB":0,"CHZBNB":0,"COCOSBNB":0,"COSBNB":0.010101649947074045,"COTIBNB":0,"CREAMBNB":0,"CRVBNB":0,"CTKBNB":0,"CTSIBNB":0,"DASHBNB":0,"DGBBNB":0.009947577951963164,"DIABNB":0,"DOTBNB":0.009244684656172158,"EGLDBNB":0,"ENJBNB":0,"EOSBNB":0,"ETCBNB":0,"FETBNB":0,"FILBNB":0,"FIOBNB":0.009749404769964859,"FTMBNB":0,"FTTBNB":0.04749543066223224,"HARDBNB":0.033572164413497606,"HBARBNB":0,"HOTBNB":0,"ICPBNB":0,"ICXBNB":0,"INJBNB":0.006938905607482958,"IOSTBNB":0,"IOTABNB":0,"IQBNB":0,"JSTBNB":0.0359062184219748,"KAVABNB":0,"KP3RBNB":0.00786127773695906,"KSMBNB":0.07565089322132876,"LPTBNB":0.036658571032391236,"LTCBNB":0,"LUNABNB":0,"MASKBNB":0,"MATICBNB":0,"MBLBNB":0,"MDXBNB":0.02893463998627282,"MFTBNB":0.008742174382223494,"MITHBNB":0.017539838078973326,"MKRBNB":0,"NEARBNB":0.04952967824008423,"NEOBNB":0,"NMRBNB":0.0025855044125484374,"NUBNB":0,"OCEANBNB":0,"OGNBNB":0,"ONEBNB":0,"ONTBNB":0,"PAXGBNB":0.01427323531887054,"PERLBNB":0.0014540010309720686,"POLSBNB":0,"PROMBNB":0.014722688209373416,"RSRBNB":0,"RUNEBNB":0,"RVNBNB":0,"SANDBNB":0,"SCBNB":0,"SNXBNB":0,"SOLBNB":0.014695898111666342,"SPARTABNB":0.011567195808325433,"SRMBNB":0,"STMXBNB":0.008367847080236777,"STXBNB":0,"SUSHIBNB":0,"SWRVBNB":0.006428725907979009,"SXPBNB":0,"THETABNB":0.02368628463582357,"TROYBNB":0.003254755476789292,"TRXBNB":0.009653051907845467,"UNFIBNB":0.017833650464717767,"UNIBNB":0,"VETBNB":0,"VTHOBNB":0,"WABIBNB":0.04145124229573415,"WANBNB":0,"WAVESBNB":0,"WINBNB":0,"WINGBNB":0.020597089270616712,"WNXMBNB":0,"WRXBNB":0,"WTCBNB":0.009602514187215864,"XLMBNB":0,"XMRBNB":0.00702723032537879,"XRPBNB":0,"XTZBNB":0,"XVSBNB":0,"YFIBNB":0,"YFIIBNB":0.06818390092099104,"ZECBNB":0.004639545016672559,"ZENBNB":0,"ZILBNB":0},"numerosità_campione":900,"expected_return":0.00013250731973652846,"standard_deviation":0.0014126640546407755,"sharpe_ratio":0.09379959750602104}