{"weights":{"AAVEBNB":0.005000628813397634,"ADABNB":0.04554567422157579,"ALGOBNB":0,"ALPHABNB":0,"ANKRBNB":0.015582472100119841,"ANTBNB":0,"ARBNB":0,"ARPABNB":0,"ATOMBNB":0,"AVABNB":0,"AVAXBNB":0,"AXSBNB":0,"BAKEBNB":0.034403074113026115,"BANDBNB":0,"BATBNB":0,"BCHBNB":0,"BELBNB":0,"BIFIBNB":0.025733014246664545,"BLZBNB":0.012403828724414947,"BTTBNB":0,"BURGERBNB":0,"CAKEBNB":0.040802075364502435,"CELRBNB":0.02678188014378822,"CHRBNB":0,"CHZBNB":0,"COCOSBNB":0.009982519689561228,"COSBNB":0,"COTIBNB":0,"CREAMBNB":0.03059913112880087,"CRVBNB":0,"CTKBNB":0,"CTSIBNB":0.007915986171253282,"DASHBNB":0,"DGBBNB":0,"DIABNB":0,"DOTBNB":0.005800073193641545,"EGLDBNB":0,"ENJBNB":0,"EOSBNB":0,"ETCBNB":0,"FETBNB":0.009675749073488182,"FILBNB":0,"FIOBNB":0,"FTMBNB":0,"FTTBNB":0.0010853319528520743,"HARDBNB":0.0335078114100219,"HBARBNB":0,"HOTBNB":0,"ICPBNB":0,"ICXBNB":0,"INJBNB":0.03378502616268324,"IOSTBNB":0,"IOTABNB":0,"IQBNB":0.03624118465044454,"JSTBNB":0,"KAVABNB":0,"KP3RBNB":0.011064949722714587,"KSMBNB":0.015236042127929164,"LTCBNB":0,"LUNABNB":0,"MATICBNB":0.05004899526912803,"MBLBNB":0,"MFTBNB":0,"MITHBNB":0,"MKRBNB":0,"NEARBNB":0.01490193123968782,"NEOBNB":0,"NMRBNB":0.015821320542788696,"OCEANBNB":0,"OGNBNB":0,"ONEBNB":0.030689451359088616,"ONTBNB":0,"PAXGBNB":0.12220594860647127,"PERLBNB":0.012580289947224231,"PROMBNB":0.0008276955254779483,"RSRBNB":0,"RUNEBNB":0.03743830531273635,"RVNBNB":0,"SANDBNB":0,"SCBNB":0,"SNXBNB":0.027985899042743467,"SOLBNB":0.06521682298415793,"SPARTABNB":0.0206863330244461,"SRMBNB":0.00589671062803284,"STMXBNB":0,"STXBNB":0,"SUSHIBNB":0.09074662476545078,"SWRVBNB":0.00845123992937496,"SXPBNB":0,"THETABNB":0,"TROYBNB":0,"TRXBNB":0,"UNFIBNB":0.0026859867746734855,"UNIBNB":0,"VETBNB":0,"VTHOBNB":0,"WABIBNB":0,"WANBNB":0,"WAVESBNB":0,"WINBNB":0,"WINGBNB":0.002365181416305612,"WNXMBNB":0.0025914007954868077,"WRXBNB":0,"WTCBNB":0,"XLMBNB":0,"XMRBNB":0,"XRPBNB":0.07473496045038133,"XTZBNB":0,"XVSBNB":0,"YFIBNB":0,"YFIIBNB":0.012978449375463524,"ZECBNB":0,"ZENBNB":0,"ZILBNB":0},"numerosità_campione":114,"expected_return":0.0002372984626847377,"standard_deviation":0.0017643821742135111,"sharpe_ratio":0.1344937996726903}