{"weights":{"AAVEBNB":0,"ADABNB":0,"ALGOBNB":0,"ALPHABNB":0.012775194099165124,"ANKRBNB":0,"ANTBNB":0,"ARBNB":0.022482240671745084,"ARPABNB":0.007187658872775077,"ATABNB":0,"ATOMBNB":0,"AVABNB":0,"AVAXBNB":0,"AXSBNB":0,"BAKEBNB":0,"BANDBNB":0,"BATBNB":0,"BCHBNB":0,"BELBNB":0.01916051512010388,"BIFIBNB":0.0538728440921983,"BLZBNB":0.008992199962675095,"BTTBNB":0,"BURGERBNB":0.02165567151715885,"CAKEBNB":0.18253938416311943,"CELRBNB":0,"CHRBNB":0,"CHZBNB":0,"COCOSBNB":0,"COSBNB":0.009974440697196007,"COTIBNB":0,"CREAMBNB":0,"CRVBNB":0,"CTKBNB":0,"CTSIBNB":0,"DASHBNB":0,"DGBBNB":0.009240669874643942,"DIABNB":0,"DOTBNB":0.007422943607027671,"EGLDBNB":0,"ENJBNB":0,"EOSBNB":0,"ETCBNB":0,"FETBNB":0,"FILBNB":0,"FIOBNB":0.010903698813525646,"FTMBNB":0,"FTTBNB":0.04591903255102156,"HARDBNB":0.03582943120604837,"HBARBNB":0,"HOTBNB":0,"ICPBNB":0,"ICXBNB":0,"INJBNB":0.005535581834365411,"IOSTBNB":0,"IOTABNB":0,"IQBNB":0,"JSTBNB":0.037957307617214685,"KAVABNB":0,"KP3RBNB":0.008170714628926146,"KSMBNB":0.08084762336774345,"LPTBNB":0.03845280560477287,"LTCBNB":0,"LUNABNB":0,"MASKBNB":0,"MATICBNB":0,"MBLBNB":0,"MDXBNB":0.029220357138575452,"MFTBNB":0.009248120778579824,"MITHBNB":0.018753528082626172,"MKRBNB":0,"NEARBNB":0.05098578872521037,"NEOBNB":0,"NMRBNB":0.0016659730357890994,"NUBNB":0,"OCEANBNB":0,"OGNBNB":0,"ONEBNB":0,"ONTBNB":0,"PAXGBNB":0.017508672915652487,"PERLBNB":0.0015095946810166785,"POLSBNB":0,"PROMBNB":0.015308611714121909,"RSRBNB":0,"RUNEBNB":0,"RVNBNB":0,"SANDBNB":0,"SCBNB":0,"SNXBNB":0,"SOLBNB":0.01423319837066145,"SPARTABNB":0.010417918447764588,"SRMBNB":0,"STMXBNB":0.00767916898172989,"STXBNB":0,"SUSHIBNB":0,"SWRVBNB":0.005279730629782771,"SXPBNB":0,"THETABNB":0.024091964121202486,"TROYBNB":0.003843942322886138,"TRXBNB":0.001953730148883325,"UNFIBNB":0.01724240851402475,"UNIBNB":0,"VETBNB":0,"VTHOBNB":0,"WABIBNB":0.04276846290028332,"WANBNB":0,"WAVESBNB":0,"WINBNB":0,"WINGBNB":0.02164203161642124,"WNXMBNB":0,"WRXBNB":0,"WTCBNB":0.010478934865448798,"XLMBNB":0,"XMRBNB":0.008110647880671479,"XRPBNB":0,"XTZBNB":0,"XVSBNB":0,"YFIBNB":0,"YFIIBNB":0.06531889276615066,"ZECBNB":0.0038183630610904547,"ZENBNB":0,"ZILBNB":0},"numerosità_campione":900,"expected_return":0.00013877323240646858,"standard_deviation":0.001450077015938826,"sharpe_ratio":0.09570059443816671}