{"weights":{"AAVEBNB":0,"ADABNB":0,"ALGOBNB":0,"ALPHABNB":0.042819001772056844,"ANKRBNB":0,"ANTBNB":0,"ARBNB":0.00891454917564369,"ARPABNB":0,"ATABNB":0.00018067234510244003,"ATOMBNB":0,"AVABNB":0,"AVAXBNB":0,"AXSBNB":0,"BAKEBNB":0.024458062547582635,"BANDBNB":0,"BATBNB":0,"BCHBNB":0,"BELBNB":0.023150954281151524,"BIFIBNB":0.027872336010496247,"BLZBNB":0,"BTTBNB":0,"BURGERBNB":0.005534734699175252,"CAKEBNB":0.20557436742216723,"CELRBNB":0,"CHRBNB":0,"CHZBNB":0,"COCOSBNB":0,"COSBNB":0.009026276515251504,"COTIBNB":0,"CREAMBNB":0,"CRVBNB":0.0031659777202115835,"CTKBNB":0.004596364556863409,"CTSIBNB":0,"DASHBNB":0.03758052929721129,"DGBBNB":0.012925038605009187,"DIABNB":0,"DOTBNB":0.008557205571993853,"EGLDBNB":0,"ENJBNB":0.00020701532625287867,"EOSBNB":0.0038259652905274343,"ETCBNB":0,"FETBNB":0.008838817150089114,"FILBNB":0,"FIOBNB":0,"FTMBNB":0,"FTTBNB":0.03450968175140836,"HARDBNB":0.009782746265778006,"HBARBNB":0,"HOTBNB":0,"ICPBNB":0,"ICXBNB":0,"INJBNB":0.009101768158811932,"IOSTBNB":0,"IOTABNB":0,"IQBNB":0.0016526368518234753,"JSTBNB":0.0123619560157156,"KAVABNB":0,"KP3RBNB":0.004040277709576404,"KSMBNB":0.013405521667387184,"LPTBNB":0.015084286517251678,"LTCBNB":0,"LUNABNB":0,"MASKBNB":0.009460074094060243,"MATICBNB":0.017180153546124483,"MBLBNB":0.0010904575849252345,"MDXBNB":0.020259359964941992,"MFTBNB":0.0027567074049099772,"MITHBNB":0.0032131969602363355,"MKRBNB":0,"NEARBNB":0.022280270454913906,"NEOBNB":0,"NMRBNB":0.006591338685102741,"NUBNB":0,"OCEANBNB":0.00981674651628503,"OGNBNB":0,"ONEBNB":0,"ONTBNB":0.02994702661877477,"PAXGBNB":0,"PERLBNB":0,"POLSBNB":0.0017440792250563325,"PROMBNB":0.006484290234308294,"RSRBNB":0,"RUNEBNB":0,"RVNBNB":0.013685735693433444,"SANDBNB":0,"SCBNB":0.0012032149245051857,"SNXBNB":0,"SOLBNB":0.012825509425308579,"SPARTABNB":0.02107519835691271,"SRMBNB":0.016142629341119194,"STMXBNB":0,"STXBNB":0,"SUSHIBNB":0,"SWRVBNB":0.01571797425240838,"SXPBNB":0.003657197968996201,"THETABNB":0.005979666989666924,"TROYBNB":0,"TRXBNB":0.027004731740565658,"UNFIBNB":0.019136078763880716,"UNIBNB":0,"VETBNB":0,"VTHOBNB":0,"WABIBNB":0.026442534451647078,"WANBNB":0.026407101980094296,"WAVESBNB":0,"WINBNB":0.014512305472675919,"WINGBNB":0.00377974792839725,"WNXMBNB":0.013328173811192466,"WRXBNB":0.002659590143879234,"WTCBNB":0,"XLMBNB":0,"XMRBNB":0,"XRPBNB":0.03672499261643938,"XTZBNB":0,"XVSBNB":0.0035837709707904485,"YFIBNB":0,"YFIIBNB":0.07539047136486712,"ZECBNB":0.002752929289041383,"ZENBNB":0,"ZILBNB":0},"numerosità_campione":922,"expected_return":0.00004022784081660769,"standard_deviation":0.0010980944780931976,"sharpe_ratio":0.036634225578168755}