{"weights":{"AAVEBNB":0,"ADABNB":0,"ALGOBNB":0,"ALPHABNB":0.0012812011927063785,"ANKRBNB":0,"ANTBNB":0,"ARBNB":0.023704445958554893,"ARPABNB":0,"ATABNB":0,"ATOMBNB":0,"AVABNB":0.007311406546799506,"AVAXBNB":0,"AXSBNB":0,"BAKEBNB":0,"BANDBNB":0,"BATBNB":0,"BCHBNB":0,"BELBNB":0.014189563354849324,"BIFIBNB":0.052926325614586586,"BLZBNB":0.006269425105010225,"BTTBNB":0,"BURGERBNB":0.020659077621138167,"CAKEBNB":0.1851167155336348,"CELRBNB":0,"CHRBNB":0,"CHZBNB":0,"COCOSBNB":0,"COSBNB":0.015170001347145613,"COTIBNB":0,"CREAMBNB":0,"CRVBNB":0,"CTKBNB":0,"CTSIBNB":0,"DASHBNB":0.0034805234305072593,"DGBBNB":0.009151898682393834,"DIABNB":0,"DOTBNB":0,"EGLDBNB":0,"ENJBNB":0,"EOSBNB":0,"ETCBNB":0,"FETBNB":0,"FILBNB":0,"FIOBNB":0.0131967593266599,"FTMBNB":0,"FTTBNB":0.03946327589830265,"HARDBNB":0.05071140135323825,"HBARBNB":0,"HOTBNB":0,"ICPBNB":0,"ICXBNB":0,"INJBNB":0.00717011368565616,"IOSTBNB":0,"IOTABNB":0,"IQBNB":0,"JSTBNB":0.049510226408348845,"KAVABNB":0,"KP3RBNB":0.00835008520900304,"KSMBNB":0.08578564401465946,"LPTBNB":0.042842553902159713,"LTCBNB":0,"LUNABNB":0,"MASKBNB":0,"MATICBNB":0,"MBLBNB":0,"MDXBNB":0.028160299980194634,"MFTBNB":0.009107998230862344,"MITHBNB":0.025520863968920074,"MKRBNB":0,"NEARBNB":0.05956423309012914,"NEOBNB":0,"NMRBNB":0,"NUBNB":0,"OCEANBNB":0,"OGNBNB":0,"ONEBNB":0,"ONTBNB":0,"PAXGBNB":0,"PERLBNB":0,"POLSBNB":0,"PROMBNB":0.013853498490143251,"RSRBNB":0,"RUNEBNB":0,"RVNBNB":0,"SANDBNB":0,"SCBNB":0,"SNXBNB":0,"SOLBNB":0.008528463705856516,"SPARTABNB":0.009587986137654228,"SRMBNB":0.005143910282189875,"STMXBNB":0,"STXBNB":0,"SUSHIBNB":0,"SWRVBNB":0.0053608399426528465,"SXPBNB":0,"THETABNB":0.02910043597785498,"TROYBNB":0.0016144909533913282,"TRXBNB":0.008073335094742715,"UNFIBNB":0.021394692404365433,"UNIBNB":0,"VETBNB":0,"VTHOBNB":0,"WABIBNB":0.040207881886346386,"WANBNB":0,"WAVESBNB":0,"WINBNB":0,"WINGBNB":0.027559722956863347,"WNXMBNB":0,"WRXBNB":0,"WTCBNB":0.004917026664446719,"XLMBNB":0,"XMRBNB":0.02065580865212434,"XRPBNB":0,"XTZBNB":0,"XVSBNB":0,"YFIBNB":0,"YFIIBNB":0.04373504378369184,"ZECBNB":0.001622823612215162,"ZENBNB":0,"ZILBNB":0},"numerosità_campione":922,"expected_return":0.00016382405453516,"standard_deviation":0.001575716728269753,"sharpe_ratio":0.10396796048173597}