{"weights":{"AAVEBNB":0,"ADABNB":0.013836696201503355,"ALGOBNB":0,"ALPHABNB":0,"ANKRBNB":0.021094482635029194,"ANTBNB":0.019025566053679766,"ARBNB":0.004365505055854782,"ARPABNB":0.027242225121818203,"ATOMBNB":0.003995969289547571,"AVABNB":0,"AVAXBNB":0,"AXSBNB":0.007753734051607049,"BAKEBNB":0.015054956246406796,"BANDBNB":0.012290724478595307,"BATBNB":0.0023200250005397756,"BCHBNB":0,"BELBNB":0.008177556745878597,"BIFIBNB":0.016017631479733237,"BLZBNB":0.011425703135278327,"BTTBNB":0,"BURGERBNB":0.00445945339684075,"CAKEBNB":0.14853669764562386,"CELRBNB":0,"CHRBNB":0,"CHZBNB":0,"COCOSBNB":0.019928012534512356,"COSBNB":0.028796552561901084,"COTIBNB":0,"CREAMBNB":0.004670593987185052,"CRVBNB":0,"CTKBNB":0,"CTSIBNB":0.0023203881944162483,"DASHBNB":0,"DGBBNB":0,"DIABNB":0,"DOTBNB":0.02659365367828485,"EGLDBNB":0.0047764809681310775,"ENJBNB":0,"EOSBNB":0,"ETCBNB":0,"FETBNB":0.004176458137284055,"FILBNB":0.004915979719755312,"FIOBNB":0,"FTMBNB":0,"FTTBNB":0.0766382653207679,"HARDBNB":0.04416616045501697,"HBARBNB":0,"HOTBNB":0,"ICPBNB":0,"ICXBNB":0,"INJBNB":0,"IOSTBNB":0.0066659443281376915,"IOTABNB":0,"IQBNB":0.02442098491773839,"JSTBNB":0.00337250133822855,"KAVABNB":0,"KP3RBNB":0.01929661957611221,"KSMBNB":0,"LTCBNB":0,"LUNABNB":0,"MATICBNB":0.008397358527488444,"MBLBNB":0.011267647168153587,"MFTBNB":0.00028794477673739423,"MITHBNB":0,"MKRBNB":0.006888748745144046,"NEARBNB":0.014876695514182641,"NEOBNB":0,"NMRBNB":0.01084951861191333,"OCEANBNB":0.014031578214444798,"OGNBNB":0,"ONEBNB":0.0064971362238715556,"ONTBNB":0,"PAXGBNB":0.07524942593354796,"PERLBNB":0.003815981667394309,"PROMBNB":0.013085972239785536,"RSRBNB":0,"RUNEBNB":0.016774323458637528,"RVNBNB":0,"SANDBNB":0,"SCBNB":0.015710224641223784,"SNXBNB":0.004732909641788997,"SOLBNB":0.020534300050566005,"SPARTABNB":0.01231458633835083,"SRMBNB":0.0031979174144931813,"STMXBNB":0,"STXBNB":0.01213128136557856,"SUSHIBNB":0.0073116989565007945,"SWRVBNB":0.008496656466305472,"SXPBNB":0.013818327007574065,"THETABNB":0.023995966080866838,"TROYBNB":0,"TRXBNB":0.02300904040813613,"UNFIBNB":0.024061117302212286,"UNIBNB":0.008765679320301626,"VETBNB":0,"VTHOBNB":0,"WABIBNB":0,"WANBNB":0,"WAVESBNB":0,"WINBNB":0.002841612349914262,"WINGBNB":0,"WNXMBNB":0,"WRXBNB":0,"WTCBNB":0.007767396555759943,"XLMBNB":0,"XMRBNB":0,"XRPBNB":0.0329301088299024,"XTZBNB":0,"XVSBNB":0.0022484264775280783,"YFIBNB":0,"YFIIBNB":0.007774897456287169,"ZECBNB":0,"ZENBNB":0,"ZILBNB":0},"numerosità_campione":114,"expected_return":0.00008894579327258039,"standard_deviation":0.00118788175423642,"sharpe_ratio":0.0748776491897171}