{"weights":{"AAVEBNB":0,"ADABNB":0,"ALGOBNB":0,"ALPHABNB":0.0394698914507468,"ANKRBNB":0,"ANTBNB":0,"ARBNB":0.012066260074124547,"ARPABNB":0.0038133403480010695,"ATABNB":0,"ATOMBNB":0,"AVABNB":0,"AVAXBNB":0,"AXSBNB":0,"BAKEBNB":0.010436844290852315,"BANDBNB":0,"BATBNB":0,"BCHBNB":0,"BELBNB":0.023557744198530572,"BIFIBNB":0.03545842086308372,"BLZBNB":0.0004971480516456787,"BTTBNB":0,"BURGERBNB":0.010416760218883206,"CAKEBNB":0.20536666194108638,"CELRBNB":0,"CHRBNB":0,"CHZBNB":0,"COCOSBNB":0,"COSBNB":0.010568659144775337,"COTIBNB":0,"CREAMBNB":0,"CRVBNB":0.0015945503269879926,"CTKBNB":0,"CTSIBNB":0,"DASHBNB":0.02472924581858746,"DGBBNB":0.012446855200599714,"DIABNB":0,"DOTBNB":0.01335617058390003,"EGLDBNB":0,"ENJBNB":0,"EOSBNB":0,"ETCBNB":0,"FETBNB":0.004838531908248189,"FILBNB":0,"FIOBNB":0.00038965220525230467,"FTMBNB":0,"FTTBNB":0.042954664885802255,"HARDBNB":0.014795400530796511,"HBARBNB":0,"HOTBNB":0,"ICPBNB":0,"ICXBNB":0,"INJBNB":0.01206729583751022,"IOSTBNB":0,"IOTABNB":0,"IQBNB":0.0021732061716289676,"JSTBNB":0.017206701616471802,"KAVABNB":0,"KP3RBNB":0.004852775821292617,"KSMBNB":0.030689017913920674,"LPTBNB":0.020022555893064654,"LTCBNB":0,"LUNABNB":0,"MASKBNB":0,"MATICBNB":0,"MBLBNB":0.0018882039343326258,"MDXBNB":0.023796641327808475,"MFTBNB":0.004537783954771079,"MITHBNB":0.006443358564043399,"MKRBNB":0,"NEARBNB":0.031929582361318855,"NEOBNB":0,"NMRBNB":0.006433411733549891,"NUBNB":0,"OCEANBNB":0.0016527239773301329,"OGNBNB":0,"ONEBNB":0,"ONTBNB":0.02067426459614601,"PAXGBNB":0,"PERLBNB":0,"POLSBNB":0,"PROMBNB":0.009407964355644175,"RSRBNB":0,"RUNEBNB":0,"RVNBNB":0.007312827254762882,"SANDBNB":0,"SCBNB":0.002063120517767506,"SNXBNB":0,"SOLBNB":0.01665140956464321,"SPARTABNB":0.01956937169733404,"SRMBNB":0.014510660410868022,"STMXBNB":0.006716744298977315,"STXBNB":0,"SUSHIBNB":0,"SWRVBNB":0.013813742869209803,"SXPBNB":0,"THETABNB":0.01509671578206687,"TROYBNB":0,"TRXBNB":0.027454715732366283,"UNFIBNB":0.01894952913089968,"UNIBNB":0,"VETBNB":0,"VTHOBNB":0,"WABIBNB":0.030627755553256003,"WANBNB":0.017148276281486366,"WAVESBNB":0,"WINBNB":0.007729475823388803,"WINGBNB":0.008784925043443807,"WNXMBNB":0.010226164165673894,"WRXBNB":0,"WTCBNB":0.0009180317717777122,"XLMBNB":0,"XMRBNB":0,"XRPBNB":0.034714692746966036,"XTZBNB":0,"XVSBNB":0.0025603783865525745,"YFIBNB":0,"YFIIBNB":0.08012501458856451,"ZECBNB":0.004494158279256948,"ZENBNB":0,"ZILBNB":0},"numerosità_campione":900,"expected_return":0.00006984819303712704,"standard_deviation":0.0011473648178176317,"sharpe_ratio":0.060877056671463224}