{"weights":{"AAVEBNB":0,"ADABNB":0.003554646421855267,"ALGOBNB":0,"ALPHABNB":0,"ANKRBNB":0.0196784231929862,"ANTBNB":0.02214590198121397,"ARBNB":0.006051453101147981,"ARPABNB":0.031095785903524083,"ATOMBNB":0.003118475537888537,"AVABNB":0,"AVAXBNB":0,"AXSBNB":0.006372916913040561,"BAKEBNB":0.010116176753201565,"BANDBNB":0.01853011892544017,"BATBNB":0.008866463028652719,"BCHBNB":0,"BELBNB":0.01681238081471014,"BIFIBNB":0.013135266818767461,"BLZBNB":0.009016086684547692,"BTTBNB":0.008027168764628096,"BURGERBNB":0.005949530982479717,"CAKEBNB":0.15555723316344758,"CELRBNB":0,"CHRBNB":0,"CHZBNB":0,"COCOSBNB":0.015221195893842045,"COSBNB":0.03301303116291925,"COTIBNB":0,"CREAMBNB":0.003121146980813985,"CRVBNB":0,"CTKBNB":0,"CTSIBNB":0,"DASHBNB":0,"DGBBNB":0,"DIABNB":0,"DOTBNB":0.030266736158494588,"EGLDBNB":0.011556704406077029,"ENJBNB":0,"EOSBNB":0,"ETCBNB":0,"FETBNB":0.00520154959903282,"FILBNB":0.007852183162360752,"FIOBNB":0,"FTMBNB":0,"FTTBNB":0.07536253622638743,"HARDBNB":0.04294053264565229,"HBARBNB":0,"HOTBNB":0,"ICPBNB":0,"ICXBNB":0,"INJBNB":0.005669712731742386,"IOSTBNB":0.00851404774876674,"IOTABNB":0,"IQBNB":0.022280816078336055,"JSTBNB":0.00796155146388338,"KAVABNB":0,"KP3RBNB":0.017548239240017825,"KSMBNB":0,"LTCBNB":0.0035664960250443374,"LUNABNB":0,"MATICBNB":0.003615967478568262,"MBLBNB":0.013856479977037185,"MFTBNB":0.0016374762231579595,"MITHBNB":0,"MKRBNB":0.007411261369850305,"NEARBNB":0.01105322284985359,"NEOBNB":0,"NMRBNB":0.009333223671566767,"OCEANBNB":0.015770962918968675,"OGNBNB":0,"ONEBNB":0.001920595367221093,"ONTBNB":0,"PAXGBNB":0.06282164930330625,"PERLBNB":0.007046656641190439,"PROMBNB":0.013665867150956829,"RSRBNB":0.004086905747697982,"RUNEBNB":0.013074565932111634,"RVNBNB":0,"SANDBNB":0,"SCBNB":0.017421710946023242,"SNXBNB":0.004778543283472601,"SOLBNB":0.01353270740993038,"SPARTABNB":0.01172726985072621,"SRMBNB":0,"STMXBNB":0,"STXBNB":0.013528004746217142,"SUSHIBNB":0,"SWRVBNB":0.005605007121748097,"SXPBNB":0.012159301296071911,"THETABNB":0.014399641739863845,"TROYBNB":0.0008164731899239759,"TRXBNB":0.015097646928855681,"UNFIBNB":0.024404189955174065,"UNIBNB":0.01907768762909342,"VETBNB":0,"VTHOBNB":0,"WABIBNB":0,"WANBNB":0,"WAVESBNB":0,"WINBNB":0.002445120141112726,"WINGBNB":0,"WNXMBNB":0,"WRXBNB":0,"WTCBNB":0.009191296688048684,"XLMBNB":0,"XMRBNB":0.002330975980366691,"XRPBNB":0.02335224386619584,"XTZBNB":0,"XVSBNB":0.005429498073886623,"YFIBNB":0.002110409135717189,"YFIIBNB":0.009001636284319188,"ZECBNB":0.00019129259086278152,"ZENBNB":0,"ZILBNB":0},"numerosità_campione":114,"expected_return":0.00005975426327063229,"standard_deviation":0.0011475120982852537,"sharpe_ratio":0.05207288303097115}