{"weights":{"AAVEBNB":0,"ADABNB":0.008288187499811087,"ALGOBNB":0,"ALPHABNB":0,"ANKRBNB":0.011172465874483693,"ANTBNB":0.018833319261379523,"ARBNB":0.0010774090587071703,"ARPABNB":0.026419878099701224,"ATOMBNB":0,"AVABNB":0.0028966294071783804,"AVAXBNB":0,"AXSBNB":0.001621478132028115,"BAKEBNB":0.013302009231388981,"BANDBNB":0.012624994115281358,"BATBNB":0.0041664239833556,"BCHBNB":0,"BELBNB":0.005426208000387376,"BIFIBNB":0.015632166354626952,"BLZBNB":0.005853895512247069,"BTTBNB":0.018966744118416607,"BURGERBNB":0.004590400290214555,"CAKEBNB":0.14512090042459275,"CELRBNB":0.006212559406138926,"CHRBNB":0,"CHZBNB":0,"COCOSBNB":0.012973410288721924,"COSBNB":0.015171892083072899,"COTIBNB":0,"CREAMBNB":0.011935378586540547,"CRVBNB":0,"CTKBNB":0,"CTSIBNB":0.0027346634056160325,"DASHBNB":0,"DGBBNB":0,"DIABNB":0,"DOTBNB":0.03675982271483094,"EGLDBNB":0.0016316196219004111,"ENJBNB":0,"EOSBNB":0,"ETCBNB":0,"FETBNB":0.00879042587708604,"FILBNB":0,"FIOBNB":0,"FTMBNB":0,"FTTBNB":0.06480398534652689,"HARDBNB":0.04185986401076811,"HBARBNB":0,"HOTBNB":0,"ICPBNB":0,"ICXBNB":0,"INJBNB":0.015373634052860066,"IOSTBNB":0,"IOTABNB":0,"IQBNB":0.022128087966146296,"JSTBNB":0.01811429542173956,"KAVABNB":0,"KP3RBNB":0.019390069722331753,"KSMBNB":0,"LTCBNB":0.018562200305403297,"LUNABNB":0,"MATICBNB":0.00577328890703192,"MBLBNB":0.015691879822725824,"MFTBNB":0,"MITHBNB":0,"MKRBNB":0.0029352830784453643,"NEARBNB":0.008442842618032296,"NEOBNB":0,"NMRBNB":0.008885994031570671,"OCEANBNB":0.016730461154777443,"OGNBNB":0.0024444996213444916,"ONEBNB":0.0006155072270041737,"ONTBNB":0,"PAXGBNB":0.06046902015436896,"PERLBNB":0.013512286652610825,"PROMBNB":0.011417777253140134,"RSRBNB":0.008645989146659537,"RUNEBNB":0.015652314447579623,"RVNBNB":0,"SANDBNB":0,"SCBNB":0.0037146333397051617,"SNXBNB":0.00901163911345758,"SOLBNB":0.017421533031736828,"SPARTABNB":0.018825570379150877,"SRMBNB":0,"STMXBNB":0,"STXBNB":0.014161336741592732,"SUSHIBNB":0.008287861895050395,"SWRVBNB":0.009389520964674951,"SXPBNB":0.01139913058212369,"THETABNB":0.014430177317378508,"TROYBNB":0.004186466414325172,"TRXBNB":0,"UNFIBNB":0.02757024759368503,"UNIBNB":0.012065059336731609,"VETBNB":0,"VTHOBNB":0.0002729290926162395,"WABIBNB":0,"WANBNB":0,"WAVESBNB":0,"WINBNB":0.0061220706424545196,"WINGBNB":0,"WNXMBNB":0.004153719977426157,"WRXBNB":0,"WTCBNB":0.009155215971588925,"XLMBNB":0,"XMRBNB":0,"XRPBNB":0.024841109925502307,"XTZBNB":0.011266299441928349,"XVSBNB":0.0064430003121786605,"YFIBNB":0,"YFIIBNB":0.023630315637916836,"ZECBNB":0,"ZENBNB":0,"ZILBNB":0},"numerosità_campione":114,"expected_return":0.00009004907061448541,"standard_deviation":0.0011764114109540783,"sharpe_ratio":0.07654556031673898}