{"weights":{"AAVEBNB":0,"ADABNB":0,"ALGOBNB":0,"ALPHABNB":0,"ANKRBNB":0.017047490512749907,"ANTBNB":0.02428872294597947,"ARBNB":0.0077585471164670974,"ARPABNB":0.0323337731479005,"ATOMBNB":0,"AVABNB":0,"AVAXBNB":0,"AXSBNB":0.004762019459806857,"BAKEBNB":0.005061493840666889,"BANDBNB":0.024499690978751997,"BATBNB":0.01204513040745624,"BCHBNB":0,"BELBNB":0.024113325300069807,"BIFIBNB":0.010936209957475684,"BLZBNB":0.00617166691629951,"BTTBNB":0.014978705548748084,"BURGERBNB":0.006817834460000156,"CAKEBNB":0.16165859179892375,"CELRBNB":0,"CHRBNB":0,"CHZBNB":0,"COCOSBNB":0.01171908652150094,"COSBNB":0.035331368770047236,"COTIBNB":0,"CREAMBNB":0.0017880862555413309,"CRVBNB":0,"CTKBNB":0,"CTSIBNB":0,"DASHBNB":0,"DGBBNB":0,"DIABNB":0,"DOTBNB":0.03019372244211513,"EGLDBNB":0.01686126247761201,"ENJBNB":0,"EOSBNB":0,"ETCBNB":0,"FETBNB":0.004658063590092223,"FILBNB":0.008356252677339575,"FIOBNB":0,"FTMBNB":0,"FTTBNB":0.07274654768640372,"HARDBNB":0.0415152322474029,"HBARBNB":0,"HOTBNB":0,"ICPBNB":0.0032304453722346096,"ICXBNB":0,"INJBNB":0.014476763382937392,"IOSTBNB":0.007205655386277116,"IOTABNB":0,"IQBNB":0.020673848458767533,"JSTBNB":0.011832017219122696,"KAVABNB":0,"KP3RBNB":0.01635804378004515,"KSMBNB":0,"LTCBNB":0.016602728665341664,"LUNABNB":0,"MATICBNB":0,"MBLBNB":0.01567546882009134,"MFTBNB":0.0020284004146195454,"MITHBNB":0,"MKRBNB":0.00699232207670212,"NEARBNB":0.006850241168435645,"NEOBNB":0,"NMRBNB":0.007849137017689146,"OCEANBNB":0.0155281159999878,"OGNBNB":0.0030848915675822566,"ONEBNB":0,"ONTBNB":0,"PAXGBNB":0.05042858422876854,"PERLBNB":0.009411111527773665,"PROMBNB":0.013218717272330493,"RSRBNB":0.008575473764414018,"RUNEBNB":0.007972738878836426,"RVNBNB":0,"SANDBNB":0,"SCBNB":0.01772199776368118,"SNXBNB":0.004195081305341649,"SOLBNB":0.005412433116406439,"SPARTABNB":0.01107143071442752,"SRMBNB":0,"STMXBNB":0.002168089634719955,"STXBNB":0.015148319487167565,"SUSHIBNB":0,"SWRVBNB":0.0033761088786114744,"SXPBNB":0.008804571313085482,"THETABNB":0.0019292874357921632,"TROYBNB":0.005436659801307657,"TRXBNB":0,"UNFIBNB":0.024653905219884385,"UNIBNB":0.02216932883980771,"VETBNB":0,"VTHOBNB":0,"WABIBNB":0,"WANBNB":0,"WAVESBNB":0,"WINBNB":0.00196608957642204,"WINGBNB":0,"WNXMBNB":0,"WRXBNB":0,"WTCBNB":0.00972015231552785,"XLMBNB":0,"XMRBNB":0.0048747228550699035,"XRPBNB":0.011048350701062542,"XTZBNB":0.0014994295352988706,"XVSBNB":0.008283134819214766,"YFIBNB":0.004023054794555897,"YFIIBNB":0.009388551810500429,"ZECBNB":0.009659730315803597,"ZENBNB":0.003812039705002857,"ZILBNB":0},"numerosità_campione":114,"expected_return":0.00003056273326868413,"standard_deviation":0.001127806559632379,"sharpe_ratio":0.0270992689372603}