{"weights":{"AAVEBNB":0,"ADABNB":0,"ALGOBNB":0,"ALPHABNB":0.009634108288405316,"ANKRBNB":0,"ANTBNB":0,"ARBNB":0.021309751546493828,"ARPABNB":0.0005103834511402525,"ATABNB":0,"ATOMBNB":0,"AVABNB":0.006778966984387724,"AVAXBNB":0,"AXSBNB":0,"BAKEBNB":0,"BANDBNB":0,"BATBNB":0,"BCHBNB":0,"BELBNB":0.016410649097712643,"BIFIBNB":0.04970239490087086,"BLZBNB":0.005105566684340714,"BTTBNB":0,"BURGERBNB":0.018744896906275094,"CAKEBNB":0.1911593063641139,"CELRBNB":0,"CHRBNB":0,"CHZBNB":0,"COCOSBNB":0,"COSBNB":0.014434284185806348,"COTIBNB":0,"CREAMBNB":0,"CRVBNB":0,"CTKBNB":0,"CTSIBNB":0,"DASHBNB":0.010611266264097138,"DGBBNB":0.010701084670650916,"DIABNB":0,"DOTBNB":0,"EGLDBNB":0,"ENJBNB":0,"EOSBNB":0,"ETCBNB":0,"FETBNB":0,"FILBNB":0,"FIOBNB":0.010685214550355503,"FTMBNB":0,"FTTBNB":0.04123381159993669,"HARDBNB":0.044291647830617314,"HBARBNB":0,"HOTBNB":0,"ICPBNB":0,"ICXBNB":0,"INJBNB":0.009169548829285924,"IOSTBNB":0,"IOTABNB":0,"IQBNB":0,"JSTBNB":0.0438288127995547,"KAVABNB":0,"KP3RBNB":0.007659457352745869,"KSMBNB":0.07567645780202571,"LPTBNB":0.03807218309168363,"LTCBNB":0,"LUNABNB":0,"MASKBNB":0,"MATICBNB":0,"MBLBNB":0,"MDXBNB":0.026888184441606344,"MFTBNB":0.008230915883446493,"MITHBNB":0.02222948936518524,"MKRBNB":0,"NEARBNB":0.05576187363030641,"NEOBNB":0,"NMRBNB":0,"NUBNB":0,"OCEANBNB":0,"OGNBNB":0,"ONEBNB":0,"ONTBNB":0,"PAXGBNB":0,"PERLBNB":0,"POLSBNB":0,"PROMBNB":0.012770848854616742,"RSRBNB":0,"RUNEBNB":0,"RVNBNB":0,"SANDBNB":0,"SCBNB":0,"SNXBNB":0,"SOLBNB":0.011389460341768248,"SPARTABNB":0.012000449587585511,"SRMBNB":0.009353895213918871,"STMXBNB":0,"STXBNB":0,"SUSHIBNB":0,"SWRVBNB":0.007623615233670328,"SXPBNB":0,"THETABNB":0.02756284646321037,"TROYBNB":0.0007861958155700083,"TRXBNB":0.01886795800757958,"UNFIBNB":0.02188488015886646,"UNIBNB":0,"VETBNB":0,"VTHOBNB":0,"WABIBNB":0.038051729394520596,"WANBNB":0,"WAVESBNB":0,"WINBNB":0,"WINGBNB":0.024779729984359067,"WNXMBNB":0,"WRXBNB":0,"WTCBNB":0.004159172240803697,"XLMBNB":0,"XMRBNB":0.016428385063561344,"XRPBNB":0,"XTZBNB":0,"XVSBNB":0,"YFIBNB":0,"YFIIBNB":0.051618165767802794,"ZECBNB":0.0038924113511219077,"ZENBNB":0,"ZILBNB":0},"numerosità_campione":922,"expected_return":0.00014734455937268634,"standard_deviation":0.0014769988617694453,"sharpe_ratio":0.09975942648741618}