{"weights":{"AAVEBNB":0,"ADABNB":0,"ALGOBNB":0,"ALPHABNB":0,"ANKRBNB":0,"ANTBNB":0,"ARBNB":0.02759865852074587,"ARPABNB":0.005702741165826375,"ATABNB":0,"ATOMBNB":0,"AVABNB":0,"AVAXBNB":0,"AXSBNB":0,"BAKEBNB":0,"BANDBNB":0,"BATBNB":0,"BCHBNB":0,"BELBNB":0.013569459091546544,"BIFIBNB":0.06203894355265241,"BLZBNB":0.01279004784492379,"BTTBNB":0,"BURGERBNB":0.027685344166832278,"CAKEBNB":0.16172345626778142,"CELRBNB":0,"CHRBNB":0,"CHZBNB":0,"COCOSBNB":0,"COSBNB":0.007684974387782501,"COTIBNB":0,"CREAMBNB":0,"CRVBNB":0,"CTKBNB":0,"CTSIBNB":0,"DASHBNB":0,"DGBBNB":0.005095092150214532,"DIABNB":0,"DOTBNB":0,"EGLDBNB":0,"ENJBNB":0,"EOSBNB":0,"ETCBNB":0,"FETBNB":0,"FILBNB":0,"FIOBNB":0.017078230843741347,"FTMBNB":0,"FTTBNB":0.030831154971512644,"HARDBNB":0.04758257041239644,"HBARBNB":0,"HOTBNB":0,"ICPBNB":0,"ICXBNB":0,"INJBNB":0,"IOSTBNB":0,"IOTABNB":0,"IQBNB":0,"JSTBNB":0.0438905575074179,"KAVABNB":0,"KP3RBNB":0.010104112253566295,"KSMBNB":0.10805289051008368,"LPTBNB":0.04531554580737938,"LTCBNB":0,"LUNABNB":0,"MASKBNB":0,"MATICBNB":0,"MBLBNB":0,"MDXBNB":0.03040438662342025,"MFTBNB":0.011921359842130084,"MITHBNB":0.02518713708904822,"MKRBNB":0,"NEARBNB":0.056453519587117834,"NEOBNB":0,"NMRBNB":0,"NUBNB":0,"OCEANBNB":0,"OGNBNB":0,"ONEBNB":0,"ONTBNB":0,"PAXGBNB":0.025928419916199527,"PERLBNB":0.0013652290759448244,"POLSBNB":0,"PROMBNB":0.018416442926114895,"RSRBNB":0,"RUNEBNB":0,"RVNBNB":0,"SANDBNB":0,"SCBNB":0,"SNXBNB":0,"SOLBNB":0.010174001528538243,"SPARTABNB":0.003142052087141773,"SRMBNB":0,"STMXBNB":0.0028680184880680655,"STXBNB":0,"SUSHIBNB":0,"SWRVBNB":0,"SXPBNB":0,"THETABNB":0.02445755706292942,"TROYBNB":0.006427806603932535,"TRXBNB":0,"UNFIBNB":0.013102212897168786,"UNIBNB":0,"VETBNB":0,"VTHOBNB":0,"WABIBNB":0.048664262129589075,"WANBNB":0,"WAVESBNB":0,"WINBNB":0,"WINGBNB":0.026589401315311446,"WNXMBNB":0,"WRXBNB":0,"WTCBNB":0.01435477625316339,"XLMBNB":0,"XMRBNB":0.01096993551746012,"XRPBNB":0,"XTZBNB":0,"XVSBNB":0,"YFIBNB":0,"YFIIBNB":0.04282970160231799,"ZECBNB":0,"ZENBNB":0,"ZILBNB":0},"numerosità_campione":900,"expected_return":0.00017010279575616928,"standard_deviation":0.0016629085200238305,"sharpe_ratio":0.10229233521139913}