{"weights":{"AAVEBNB":0.005335517329093405,"ADABNB":0.044285255359238856,"ALGOBNB":0,"ALPHABNB":0,"ANKRBNB":0.015558817281382304,"ANTBNB":0,"ARBNB":0,"ARPABNB":0,"ATOMBNB":0,"AVABNB":0,"AVAXBNB":0,"AXSBNB":0,"BAKEBNB":0.03342648079324494,"BANDBNB":0,"BATBNB":0,"BCHBNB":0,"BELBNB":0,"BIFIBNB":0.0253741703562696,"BLZBNB":0.01229676020478856,"BTTBNB":0,"BURGERBNB":0,"CAKEBNB":0.04752666156358598,"CELRBNB":0.025809885629666712,"CHRBNB":0,"CHZBNB":0,"COCOSBNB":0.01073852996930092,"COSBNB":0,"COTIBNB":0,"CREAMBNB":0.02982561130794905,"CRVBNB":0,"CTKBNB":0,"CTSIBNB":0.007797679879405061,"DASHBNB":0,"DGBBNB":0,"DIABNB":0,"DOTBNB":0.008165282212213116,"EGLDBNB":0,"ENJBNB":0,"EOSBNB":0,"ETCBNB":0,"FETBNB":0.009811630604492708,"FILBNB":0,"FIOBNB":0,"FTMBNB":0,"FTTBNB":0.005955956822453064,"HARDBNB":0.03434047607058591,"HBARBNB":0,"HOTBNB":0,"ICPBNB":0,"ICXBNB":0,"INJBNB":0.03337315400380557,"IOSTBNB":0,"IOTABNB":0,"IQBNB":0.03595438652631951,"JSTBNB":0,"KAVABNB":0,"KP3RBNB":0.011954321620211119,"KSMBNB":0.014242891264484947,"LTCBNB":0,"LUNABNB":0,"MATICBNB":0.047816280676753656,"MBLBNB":0,"MFTBNB":0,"MITHBNB":0,"MKRBNB":0,"NEARBNB":0.014923652690392109,"NEOBNB":0,"NMRBNB":0.015480322232581032,"OCEANBNB":0,"OGNBNB":0,"ONEBNB":0.02929618457048097,"ONTBNB":0,"PAXGBNB":0.11962809730719987,"PERLBNB":0.012977024650355813,"PROMBNB":0.0016996963157126233,"RSRBNB":0,"RUNEBNB":0.036812601401193766,"RVNBNB":0,"SANDBNB":0,"SCBNB":0,"SNXBNB":0.027257259625999227,"SOLBNB":0.06303985474291957,"SPARTABNB":0.020726285688298977,"SRMBNB":0.0059236044726455155,"STMXBNB":0,"STXBNB":0,"SUSHIBNB":0.08696152028588611,"SWRVBNB":0.008888626382329566,"SXPBNB":0,"THETABNB":0,"TROYBNB":0,"TRXBNB":0,"UNFIBNB":0.004694279425409075,"UNIBNB":0,"VETBNB":0,"VTHOBNB":0,"WABIBNB":0,"WANBNB":0,"WAVESBNB":0,"WINBNB":0,"WINGBNB":0.0022181676286829807,"WNXMBNB":0.0028674214596170833,"WRXBNB":0,"WTCBNB":0,"XLMBNB":0,"XMRBNB":0,"XRPBNB":0.0728726704253507,"XTZBNB":0,"XVSBNB":0,"YFIBNB":0,"YFIIBNB":0.01414298121969989,"ZECBNB":0,"ZENBNB":0,"ZILBNB":0},"numerosità_campione":114,"expected_return":0.00023116307134847712,"standard_deviation":0.0017267564736651133,"sharpe_ratio":0.13387126376762543}