{"weights":{"AAVEBNB":0,"ADABNB":0,"ALGOBNB":0,"ALPHABNB":0.017276560705960654,"ANKRBNB":0,"ANTBNB":0,"ARBNB":0.019017356712029133,"ARPABNB":0.0010612439763149212,"ATABNB":0,"ATOMBNB":0,"AVABNB":0.0058358007842256735,"AVAXBNB":0,"AXSBNB":0,"BAKEBNB":0,"BANDBNB":0,"BATBNB":0,"BCHBNB":0,"BELBNB":0.018676358520748816,"BIFIBNB":0.04646205167873621,"BLZBNB":0.003907402770606714,"BTTBNB":0,"BURGERBNB":0.0169020050733147,"CAKEBNB":0.19717865190837475,"CELRBNB":0,"CHRBNB":0,"CHZBNB":0,"COCOSBNB":0,"COSBNB":0.013604950760099852,"COTIBNB":0,"CREAMBNB":0,"CRVBNB":0,"CTKBNB":0,"CTSIBNB":0,"DASHBNB":0.017284584821000107,"DGBBNB":0.012238179262587221,"DIABNB":0,"DOTBNB":0,"EGLDBNB":0,"ENJBNB":0,"EOSBNB":0,"ETCBNB":0,"FETBNB":0,"FILBNB":0,"FIOBNB":0.008242860552297128,"FTMBNB":0,"FTTBNB":0.042424271791276565,"HARDBNB":0.03799087183770972,"HBARBNB":0,"HOTBNB":0,"ICPBNB":0,"ICXBNB":0,"INJBNB":0.010630869029358002,"IOSTBNB":0,"IOTABNB":0,"IQBNB":0,"JSTBNB":0.038138875864746354,"KAVABNB":0,"KP3RBNB":0.006964447732107925,"KSMBNB":0.06575848779639365,"LPTBNB":0.03337610178180987,"LTCBNB":0,"LUNABNB":0,"MASKBNB":0,"MATICBNB":0,"MBLBNB":0,"MDXBNB":0.025554403984848297,"MFTBNB":0.007368455190227642,"MITHBNB":0.01904409694447219,"MKRBNB":0,"NEARBNB":0.05163903231160299,"NEOBNB":0,"NMRBNB":0.0015809734864856285,"NUBNB":0,"OCEANBNB":0,"OGNBNB":0,"ONEBNB":0,"ONTBNB":0,"PAXGBNB":0,"PERLBNB":0,"POLSBNB":0,"PROMBNB":0.011747404212439454,"RSRBNB":0,"RUNEBNB":0,"RVNBNB":0,"SANDBNB":0,"SCBNB":0,"SNXBNB":0,"SOLBNB":0.014286199514084472,"SPARTABNB":0.014268333547845848,"SRMBNB":0.013048880672046834,"STMXBNB":0,"STXBNB":0,"SUSHIBNB":0,"SWRVBNB":0.009713833090031999,"SXPBNB":0,"THETABNB":0.025920485014678134,"TROYBNB":0,"TRXBNB":0.028326788675968453,"UNFIBNB":0.022400020781436214,"UNIBNB":0,"VETBNB":0,"VTHOBNB":0,"WABIBNB":0.03596278671657236,"WANBNB":0.004256012341389897,"WAVESBNB":0,"WINBNB":0,"WINGBNB":0.021813763995191957,"WNXMBNB":0.0004480069287064734,"WRXBNB":0,"WTCBNB":0.003311444308514942,"XLMBNB":0,"XMRBNB":0.011913426716053645,"XRPBNB":0,"XTZBNB":0,"XVSBNB":0,"YFIBNB":0,"YFIIBNB":0.05866084655477409,"ZECBNB":0.005762871652930987,"ZENBNB":0,"ZILBNB":0},"numerosità_campione":922,"expected_return":0.0001308650642102127,"standard_deviation":0.0013875801696452774,"sharpe_ratio":0.0943117140710271}