{"weights":{"AAVEBNB":0,"ADABNB":0.006423687646722973,"ALGOBNB":0,"ALPHABNB":0,"ANKRBNB":0.010749889126746199,"ANTBNB":0.019806280913642463,"ARBNB":0.0013151664186271303,"ARPABNB":0.02697240805037404,"ATOMBNB":0,"AVABNB":0.002901872904224239,"AVAXBNB":0,"AXSBNB":0.001816190508849784,"BAKEBNB":0.012560996408860015,"BANDBNB":0.01312570243981754,"BATBNB":0.005367876991528796,"BCHBNB":0,"BELBNB":0.007130875857991256,"BIFIBNB":0.015179935291045112,"BLZBNB":0.0052810261461288515,"BTTBNB":0.020456132594607566,"BURGERBNB":0.004696307713199144,"CAKEBNB":0.14711410906911965,"CELRBNB":0.0054378631922794435,"CHRBNB":0,"CHZBNB":0,"COCOSBNB":0.012628894691394556,"COSBNB":0.01552579124658793,"COTIBNB":0,"CREAMBNB":0.01129899174296144,"CRVBNB":0,"CTKBNB":0,"CTSIBNB":0.002378213913882772,"DASHBNB":0,"DGBBNB":0,"DIABNB":0,"DOTBNB":0.036458520377104425,"EGLDBNB":0.0036773617120565566,"ENJBNB":0,"EOSBNB":0,"ETCBNB":0.0007508819866098189,"FETBNB":0.00859479291386076,"FILBNB":0.0008062744669925288,"FIOBNB":0,"FTMBNB":0,"FTTBNB":0.06548398678861794,"HARDBNB":0.04178812184636542,"HBARBNB":0,"HOTBNB":0,"ICPBNB":0,"ICXBNB":0,"INJBNB":0.014235418672484047,"IOSTBNB":0,"IOTABNB":0,"IQBNB":0.021233901144115046,"JSTBNB":0.019076679894853774,"KAVABNB":0,"KP3RBNB":0.019298835774129615,"KSMBNB":0,"LTCBNB":0.019691753660899616,"LUNABNB":0,"MATICBNB":0.004305307671119659,"MBLBNB":0.0158947824930119,"MFTBNB":0,"MITHBNB":0,"MKRBNB":0.0030108093924938,"NEARBNB":0.007873242675303371,"NEOBNB":0,"NMRBNB":0.008647684573159476,"OCEANBNB":0.017878829415520214,"OGNBNB":0.004726829500281192,"ONEBNB":0,"ONTBNB":0,"PAXGBNB":0.05830894711438672,"PERLBNB":0.013198677280907286,"PROMBNB":0.011662291007018169,"RSRBNB":0.009200475177650802,"RUNEBNB":0.01463296320006151,"RVNBNB":0,"SANDBNB":0,"SCBNB":0.0041259855125814196,"SNXBNB":0.008102710333350239,"SOLBNB":0.015776892942986027,"SPARTABNB":0.018636067092782652,"SRMBNB":0,"STMXBNB":0,"STXBNB":0.013999195514596214,"SUSHIBNB":0.004698279949368587,"SWRVBNB":0.00930451300958536,"SXPBNB":0.011635474840326603,"THETABNB":0.013973582823752273,"TROYBNB":0.004290991444220172,"TRXBNB":0,"UNFIBNB":0.027750177062452697,"UNIBNB":0.01479638112236567,"VETBNB":0,"VTHOBNB":0.0006774830001395858,"WABIBNB":0,"WANBNB":0,"WAVESBNB":0,"WINBNB":0.006295434470654983,"WINGBNB":0,"WNXMBNB":0.00408646531493571,"WRXBNB":0,"WTCBNB":0.009775709133109626,"XLMBNB":0,"XMRBNB":0,"XRPBNB":0.02249351390612793,"XTZBNB":0.011176804313247718,"XVSBNB":0.006634739006368195,"YFIBNB":0,"YFIIBNB":0.023164017599453624,"ZECBNB":0,"ZENBNB":0,"ZILBNB":0},"numerosità_campione":114,"expected_return":0.00008391367927822492,"standard_deviation":0.0011676188693444983,"sharpe_ratio":0.07186735456350932}