{"weights":{"AAVEBNB":0.006981024614957936,"ADABNB":0.03226534877798778,"ALGOBNB":0,"ALPHABNB":0,"ANKRBNB":0.014845718876813394,"ANTBNB":0,"ARBNB":0,"ARPABNB":0.008875729345995485,"ATOMBNB":0,"AVABNB":0,"AVAXBNB":0,"AXSBNB":0,"BAKEBNB":0.024858210138902173,"BANDBNB":0,"BATBNB":0,"BCHBNB":0,"BELBNB":0,"BIFIBNB":0.021894059376592022,"BLZBNB":0.011142338040018837,"BTTBNB":0,"BURGERBNB":0,"CAKEBNB":0.10167385883181743,"CELRBNB":0.017419035145319537,"CHRBNB":0,"CHZBNB":0,"COCOSBNB":0.015599423312183721,"COSBNB":0,"COTIBNB":0,"CREAMBNB":0.022733941921307874,"CRVBNB":0,"CTKBNB":0,"CTSIBNB":0.006215344323423839,"DASHBNB":0,"DGBBNB":0,"DIABNB":0,"DOTBNB":0.02754752743061549,"EGLDBNB":0,"ENJBNB":0,"EOSBNB":0,"ETCBNB":0,"FETBNB":0.010119941656297956,"FILBNB":0,"FIOBNB":0,"FTMBNB":0,"FTTBNB":0.04377877777094996,"HARDBNB":0.040207062133595275,"HBARBNB":0,"HOTBNB":0,"ICPBNB":0,"ICXBNB":0,"INJBNB":0.028946535328079233,"IOSTBNB":0,"IOTABNB":0,"IQBNB":0.032273879559810925,"JSTBNB":0,"KAVABNB":0,"KP3RBNB":0.018932484278814374,"KSMBNB":0.005431704542101928,"LTCBNB":0,"LUNABNB":0,"MATICBNB":0.02868581291183559,"MBLBNB":0.00674110660016333,"MFTBNB":0,"MITHBNB":0,"MKRBNB":0,"NEARBNB":0.01438063921041127,"NEOBNB":0,"NMRBNB":0.01257482046777634,"OCEANBNB":0,"OGNBNB":0,"ONEBNB":0.017003381850741565,"ONTBNB":0,"PAXGBNB":0.09581362733195165,"PERLBNB":0.015507784029859202,"PROMBNB":0.007935948608071515,"RSRBNB":0,"RUNEBNB":0.030091134300277288,"RVNBNB":0,"SANDBNB":0,"SCBNB":0,"SNXBNB":0.020429028245098048,"SOLBNB":0.04379237890781073,"SPARTABNB":0.02073821394921037,"SRMBNB":0.004984796983977838,"STMXBNB":0,"STXBNB":0.004496623591047234,"SUSHIBNB":0.05400494167769174,"SWRVBNB":0.011397186722433072,"SXPBNB":0,"THETABNB":0.006886662368223751,"TROYBNB":0.002039821229444352,"TRXBNB":0,"UNFIBNB":0.020207007280200938,"UNIBNB":0,"VETBNB":0,"VTHOBNB":0,"WABIBNB":0,"WANBNB":0,"WAVESBNB":0,"WINBNB":0.0012239876745370488,"WINGBNB":0.0007879186680355177,"WNXMBNB":0.004838577744043306,"WRXBNB":0,"WTCBNB":0,"XLMBNB":0,"XMRBNB":0,"XRPBNB":0.056080105441386904,"XTZBNB":0.004331416963674758,"XVSBNB":0.0009374458317925067,"YFIBNB":0,"YFIIBNB":0.02234768600471877,"ZECBNB":0,"ZENBNB":0,"ZILBNB":0},"numerosità_campione":114,"expected_return":0.00017594454932213252,"standard_deviation":0.0014350748226103801,"sharpe_ratio":0.1226030493672044}