{"weights":{"AAVEBNB":0,"ADABNB":0,"ALGOBNB":0,"ALPHABNB":0.045278152859026255,"ANKRBNB":0,"ANTBNB":0,"ARBNB":0.007552238368842609,"ARPABNB":0,"ATABNB":0.0010056434724930675,"ATOMBNB":0,"AVABNB":0,"AVAXBNB":0.005114461550227132,"AXSBNB":0,"BAKEBNB":0.028575883001850114,"BANDBNB":0,"BATBNB":0,"BCHBNB":0,"BELBNB":0.022742506974373196,"BIFIBNB":0.024906272726720406,"BLZBNB":0,"BTTBNB":0,"BURGERBNB":0.0035133288031411565,"CAKEBNB":0.20364928177765346,"CELRBNB":0,"CHRBNB":0,"CHZBNB":0,"COCOSBNB":0,"COSBNB":0.0082435703709926,"COTIBNB":0,"CREAMBNB":0,"CRVBNB":0.002640823299237435,"CTKBNB":0.006588129026196981,"CTSIBNB":0,"DASHBNB":0.03810092712509583,"DGBBNB":0.011761273331161691,"DIABNB":0,"DOTBNB":0.006436932583640118,"EGLDBNB":0,"ENJBNB":0.0026100817767040303,"EOSBNB":0.00858356810117683,"ETCBNB":0,"FETBNB":0.009175307230688037,"FILBNB":0,"FIOBNB":0,"FTMBNB":0.0018409647304742805,"FTTBNB":0.032743612789046514,"HARDBNB":0.00618594111430622,"HBARBNB":0,"HOTBNB":0.000059577487725867955,"ICPBNB":0.006553277167274899,"ICXBNB":0,"INJBNB":0.007167125497858183,"IOSTBNB":0,"IOTABNB":0,"IQBNB":0.0024147174886021204,"JSTBNB":0.009187748591353668,"KAVABNB":0,"KP3RBNB":0.0034286234029770415,"KSMBNB":0.006081448767864923,"LPTBNB":0.013422588066518405,"LTCBNB":0,"LUNABNB":0,"MASKBNB":0.013259174530837563,"MATICBNB":0.02191474968031492,"MBLBNB":0.0012446644846514333,"MDXBNB":0.019600236580380095,"MFTBNB":0.0020609213490565656,"MITHBNB":0.0009848158032642752,"MKRBNB":0.0059760590566917265,"NEARBNB":0.01795165016558283,"NEOBNB":0,"NMRBNB":0.006713298474107712,"NUBNB":0,"OCEANBNB":0.012931970546811129,"OGNBNB":0,"ONEBNB":0,"ONTBNB":0.03257954220115644,"PAXGBNB":0,"PERLBNB":0,"POLSBNB":0.002252112381265671,"PROMBNB":0.005474911905129235,"RSRBNB":0,"RUNEBNB":0,"RVNBNB":0.014135042612527831,"SANDBNB":0,"SCBNB":0.0016496570545602076,"SNXBNB":0,"SOLBNB":0.009839042056933155,"SPARTABNB":0.021606395963638916,"SRMBNB":0.014419522151807208,"STMXBNB":0,"STXBNB":0.002453602154234,"SUSHIBNB":0,"SWRVBNB":0.015824861795675577,"SXPBNB":0.006543857522548645,"THETABNB":0.0018321475564532868,"TROYBNB":0,"TRXBNB":0.021473222404848634,"UNFIBNB":0.01828879902145573,"UNIBNB":0,"VETBNB":0,"VTHOBNB":0,"WABIBNB":0.024977069644504517,"WANBNB":0.02826053405674804,"WAVESBNB":0,"WINBNB":0.0163772746546112,"WINGBNB":0.0009278246422252204,"WNXMBNB":0.014196800770072205,"WRXBNB":0.0024152360117374334,"WTCBNB":0,"XLMBNB":0,"XMRBNB":0,"XRPBNB":0.037113409060551814,"XTZBNB":0,"XVSBNB":0.004761575128646885,"YFIBNB":0,"YFIIBNB":0.07386015226296024,"ZECBNB":0.000535858830786437,"ZENBNB":0,"ZILBNB":0},"numerosità_campione":922,"expected_return":0.000023748345654134056,"standard_deviation":0.0010833486098984436,"sharpe_ratio":0.02192124071342123}