{"weights":{"AAVEBNB":0.006675071391876498,"ADABNB":0.039243579909891114,"ALGOBNB":0,"ALPHABNB":0,"ANKRBNB":0.015464198006432159,"ANTBNB":0,"ARBNB":0,"ARPABNB":0,"ATOMBNB":0,"AVABNB":0,"AVAXBNB":0,"AXSBNB":0,"BAKEBNB":0.02952010751412024,"BANDBNB":0,"BATBNB":0,"BCHBNB":0,"BELBNB":0,"BIFIBNB":0.023938794794689813,"BLZBNB":0.011868486126283018,"BTTBNB":0,"BURGERBNB":0,"CAKEBNB":0.0744250063599203,"CELRBNB":0.021921907573180677,"CHRBNB":0,"CHZBNB":0,"COCOSBNB":0.013762571088259705,"COSBNB":0,"COTIBNB":0,"CREAMBNB":0.02673153202454176,"CRVBNB":0,"CTKBNB":0,"CTSIBNB":0.007324454712012179,"DASHBNB":0,"DGBBNB":0,"DIABNB":0,"DOTBNB":0.017626118286499445,"EGLDBNB":0,"ENJBNB":0,"EOSBNB":0,"ETCBNB":0,"FETBNB":0.010355156728510824,"FILBNB":0,"FIOBNB":0,"FTMBNB":0,"FTTBNB":0.02543845630085711,"HARDBNB":0.03767113471284196,"HBARBNB":0,"HOTBNB":0,"ICPBNB":0,"ICXBNB":0,"INJBNB":0.03172566536829493,"IOSTBNB":0,"IOTABNB":0,"IQBNB":0.03480719402981936,"JSTBNB":0,"KAVABNB":0,"KP3RBNB":0.015511809210197269,"KSMBNB":0.01027028781070807,"LTCBNB":0,"LUNABNB":0,"MATICBNB":0.03888542230725614,"MBLBNB":0,"MFTBNB":0,"MITHBNB":0,"MKRBNB":0,"NEARBNB":0.015010538493209274,"NEOBNB":0,"NMRBNB":0.01411632899175038,"OCEANBNB":0,"OGNBNB":0,"ONEBNB":0.023723117416050384,"ONTBNB":0,"PAXGBNB":0.10931669211011424,"PERLBNB":0.014563963462882152,"PROMBNB":0.005187699476651339,"RSRBNB":0,"RUNEBNB":0.03430978575502344,"RVNBNB":0,"SANDBNB":0,"SCBNB":0,"SNXBNB":0.02434270195902226,"SOLBNB":0.05433198177796611,"SPARTABNB":0.020886096343710508,"SRMBNB":0.006031179851096225,"STMXBNB":0,"STXBNB":0,"SUSHIBNB":0.07182110236762736,"SWRVBNB":0.010638172194148001,"SXPBNB":0,"THETABNB":0,"TROYBNB":0,"TRXBNB":0,"UNFIBNB":0.01272745002835147,"UNIBNB":0,"VETBNB":0,"VTHOBNB":0,"WABIBNB":0,"WANBNB":0,"WAVESBNB":0,"WINBNB":0,"WINGBNB":0.001630112478192454,"WNXMBNB":0.003971504116138191,"WRXBNB":0,"WTCBNB":0,"XLMBNB":0,"XMRBNB":0,"XRPBNB":0.06542351032522815,"XTZBNB":0,"XVSBNB":0,"YFIBNB":0,"YFIIBNB":0.01880110859664538,"ZECBNB":0,"ZENBNB":0,"ZILBNB":0},"numerosità_campione":114,"expected_return":0.00020662150600343505,"standard_deviation":0.0015859703195036847,"sharpe_ratio":0.13028081513410378}