{"weights":{"AAVEBNB":0,"ADABNB":0,"ALGOBNB":0,"ALPHABNB":0.02554335190839022,"ANKRBNB":0,"ANTBNB":0,"ARBNB":0.018228312055401746,"ARPABNB":0.007175594447708452,"ATABNB":0,"ATOMBNB":0,"AVABNB":0,"AVAXBNB":0,"AXSBNB":0,"BAKEBNB":0,"BANDBNB":0,"BATBNB":0,"BCHBNB":0,"BELBNB":0.021923616280051187,"BIFIBNB":0.04727267825195713,"BLZBNB":0.006280379989671195,"BTTBNB":0,"BURGERBNB":0.017175556366206282,"CAKEBNB":0.1941292923741765,"CELRBNB":0,"CHRBNB":0,"CHZBNB":0,"COCOSBNB":0,"COSBNB":0.010253445549022468,"COTIBNB":0,"CREAMBNB":0,"CRVBNB":0,"CTKBNB":0,"CTSIBNB":0,"DASHBNB":0.008338646412621583,"DGBBNB":0.011786717359600875,"DIABNB":0,"DOTBNB":0.013346548268889386,"EGLDBNB":0,"ENJBNB":0,"EOSBNB":0,"ETCBNB":0,"FETBNB":0,"FILBNB":0,"FIOBNB":0.006591787028351839,"FTMBNB":0,"FTTBNB":0.0493818976188918,"HARDBNB":0.027322775013104608,"HBARBNB":0,"HOTBNB":0,"ICPBNB":0,"ICXBNB":0,"INJBNB":0.009994251082520215,"IOSTBNB":0,"IOTABNB":0,"IQBNB":0.00039982989483415896,"JSTBNB":0.030095968088259116,"KAVABNB":0,"KP3RBNB":0.006920208316969514,"KSMBNB":0.06083718577405722,"LPTBNB":0.03219329693826312,"LTCBNB":0,"LUNABNB":0,"MASKBNB":0,"MATICBNB":0,"MBLBNB":0,"MDXBNB":0.027780515038853034,"MFTBNB":0.007451065360971457,"MITHBNB":0.01400581895923418,"MKRBNB":0,"NEARBNB":0.04533883063452555,"NEOBNB":0,"NMRBNB":0.0045332363427273495,"NUBNB":0,"OCEANBNB":0,"OGNBNB":0,"ONEBNB":0,"ONTBNB":0,"PAXGBNB":0.004520818286147336,"PERLBNB":0.001013454891740227,"POLSBNB":0,"PROMBNB":0.012943643915473889,"RSRBNB":0,"RUNEBNB":0,"RVNBNB":0,"SANDBNB":0,"SCBNB":0,"SNXBNB":0,"SOLBNB":0.016427383113854645,"SPARTABNB":0.014452032932931614,"SRMBNB":0.005847966411161824,"STMXBNB":0.00886789767943324,"STXBNB":0,"SUSHIBNB":0,"SWRVBNB":0.009588062370824265,"SXPBNB":0,"THETABNB":0.022359554087798703,"TROYBNB":0.001496095282837575,"TRXBNB":0.02841515729344096,"UNFIBNB":0.019057654585114114,"UNIBNB":0,"VETBNB":0,"VTHOBNB":0,"WABIBNB":0.03776031998585236,"WANBNB":0.0017926454015854767,"WAVESBNB":0,"WINBNB":0,"WINGBNB":0.01740443342044776,"WNXMBNB":0.0026450751028159057,"WRXBNB":0,"WTCBNB":0.006735273769323017,"XLMBNB":0,"XMRBNB":0.003274496652974951,"XRPBNB":0,"XTZBNB":0,"XVSBNB":0,"YFIBNB":0,"YFIIBNB":0.07475799659882797,"ZECBNB":0.006339232862153786,"ZENBNB":0,"ZILBNB":0},"numerosità_campione":900,"expected_return":0.00011370958172670806,"standard_deviation":0.0013118870303069625,"sharpe_ratio":0.08667635177405608}