{"weights":{"AAVEBNB":0,"ADABNB":0.03625638666633328,"ALGOBNB":0,"ALPHABNB":0,"ANKRBNB":0.0219544759472338,"ANTBNB":0.00780629515586862,"ARBNB":0,"ARPABNB":0.01502317176619265,"ATOMBNB":0,"AVABNB":0.000050647943044697045,"AVAXBNB":0,"AXSBNB":0.00763099537849962,"BAKEBNB":0.027478215746502655,"BANDBNB":0,"BATBNB":0,"BCHBNB":0,"BELBNB":0,"BIFIBNB":0.021675490479379878,"BLZBNB":0.016380983817157933,"BTTBNB":0,"BURGERBNB":0.0004424497545259741,"CAKEBNB":0.12307263200963138,"CELRBNB":0,"CHRBNB":0,"CHZBNB":0,"COCOSBNB":0.02950755783379791,"COSBNB":0.00831313741870675,"COTIBNB":0.005098086454923846,"CREAMBNB":0.008665467232037437,"CRVBNB":0,"CTKBNB":0,"CTSIBNB":0.0069828455610787335,"DASHBNB":0,"DGBBNB":0,"DIABNB":0,"DOTBNB":0.012683515572141812,"EGLDBNB":0,"ENJBNB":0,"EOSBNB":0,"ETCBNB":0,"FETBNB":0.001620999893542905,"FILBNB":0,"FIOBNB":0.001964840786017548,"FTMBNB":0,"FTTBNB":0.07570915991529684,"HARDBNB":0.04535304731993029,"HBARBNB":0,"HOTBNB":0,"ICPBNB":0,"ICXBNB":0,"INJBNB":0,"IOSTBNB":0,"IOTABNB":0,"IQBNB":0.027086307170626094,"JSTBNB":0,"KAVABNB":0,"KP3RBNB":0.02182153302712392,"KSMBNB":0.004550868762119227,"LTCBNB":0,"LUNABNB":0,"MATICBNB":0.01882193590930524,"MBLBNB":0.0009821003363627912,"MFTBNB":0,"MITHBNB":0,"MKRBNB":0.00110688295573217,"NEARBNB":0.022222403328312802,"NEOBNB":0,"NMRBNB":0.014000172769035698,"OCEANBNB":0.001342635890972575,"OGNBNB":0,"ONEBNB":0.01701242008997024,"ONTBNB":0,"PAXGBNB":0.10350375483716236,"PERLBNB":0,"PROMBNB":0.011887751091233209,"RSRBNB":0,"RUNEBNB":0.02365155463448035,"RVNBNB":0,"SANDBNB":0,"SCBNB":0.005448164153918644,"SNXBNB":0.0014983358110872821,"SOLBNB":0.03673525905944629,"SPARTABNB":0.012959610112317492,"SRMBNB":0.01124190907636906,"STMXBNB":0,"STXBNB":0.003920799807248591,"SUSHIBNB":0.0255811678912923,"SWRVBNB":0.01448951875952439,"SXPBNB":0.012415776362937954,"THETABNB":0.04002637554531019,"TROYBNB":0,"TRXBNB":0.010905856877180662,"UNFIBNB":0.019569312192076683,"UNIBNB":0,"VETBNB":0,"VTHOBNB":0,"WABIBNB":0,"WANBNB":0,"WAVESBNB":0,"WINBNB":0.004545580793893176,"WINGBNB":0.0020680190681046304,"WNXMBNB":0.0002437870191827269,"WRXBNB":0,"WTCBNB":0.0014536202395741193,"XLMBNB":0,"XMRBNB":0,"XRPBNB":0.053738336993368045,"XTZBNB":0,"XVSBNB":0,"YFIBNB":0,"YFIIBNB":0.0014978467828864936,"ZECBNB":0,"ZENBNB":0,"ZILBNB":0},"numerosità_campione":114,"expected_return":0.00015149907184818366,"standard_deviation":0.0013450286382234468,"sharpe_ratio":0.11263631683581701}