{"weights":{"AAVEBNB":0,"ADABNB":0.046804090263441664,"ALGOBNB":0,"ALPHABNB":0,"ANKRBNB":0.0203102398517996,"ANTBNB":0.0012215770724329058,"ARBNB":0,"ARPABNB":0.007697526411598531,"ATOMBNB":0,"AVABNB":0,"AVAXBNB":0,"AXSBNB":0.005830615906409917,"BAKEBNB":0.033665308732343836,"BANDBNB":0,"BATBNB":0,"BCHBNB":0,"BELBNB":0,"BIFIBNB":0.02422550697669933,"BLZBNB":0.017695739398387863,"BTTBNB":0,"BURGERBNB":0,"CAKEBNB":0.10730466973016506,"CELRBNB":0,"CHRBNB":0,"CHZBNB":0,"COCOSBNB":0.033448605032106185,"COSBNB":0,"COTIBNB":0.007924645659142344,"CREAMBNB":0.01011263055311439,"CRVBNB":0,"CTKBNB":0,"CTSIBNB":0.008889946706901686,"DASHBNB":0,"DGBBNB":0,"DIABNB":0,"DOTBNB":0.0030716650899362003,"EGLDBNB":0,"ENJBNB":0,"EOSBNB":0,"ETCBNB":0,"FETBNB":0,"FILBNB":0,"FIOBNB":0.000776984999979279,"FTMBNB":0,"FTTBNB":0.06875635126110914,"HARDBNB":0.044490636904403635,"HBARBNB":0,"HOTBNB":0,"ICPBNB":0,"ICXBNB":0,"INJBNB":0,"IOSTBNB":0,"IOTABNB":0,"IQBNB":0.026254315917480446,"JSTBNB":0,"KAVABNB":0,"KP3RBNB":0.02130642843166483,"KSMBNB":0.007638320869210924,"LTCBNB":0,"LUNABNB":0,"MATICBNB":0.02340154573927617,"MBLBNB":0,"MFTBNB":0,"MITHBNB":0,"MKRBNB":0,"NEARBNB":0.025177464576484863,"NEOBNB":0,"NMRBNB":0.01550216918209013,"OCEANBNB":0,"OGNBNB":0,"ONEBNB":0.022288601457117675,"ONTBNB":0,"PAXGBNB":0.11779818552201485,"PERLBNB":0,"PROMBNB":0.010746028022632487,"RSRBNB":0,"RUNEBNB":0.026188406504158917,"RVNBNB":0,"SANDBNB":0,"SCBNB":0,"SNXBNB":0,"SOLBNB":0.0446974865020459,"SPARTABNB":0.012714135741031439,"SRMBNB":0.01425413913911264,"STMXBNB":0,"STXBNB":0,"SUSHIBNB":0.03242249944091895,"SWRVBNB":0.01703594182279088,"SXPBNB":0.009171356449512419,"THETABNB":0.04282879801548842,"TROYBNB":0,"TRXBNB":0,"UNFIBNB":0.015743767010180314,"UNIBNB":0,"VETBNB":0,"VTHOBNB":0,"WABIBNB":0,"WANBNB":0,"WAVESBNB":0,"WINBNB":0.005189114347203483,"WINGBNB":0.0030623452563430945,"WNXMBNB":0.0006703522258395544,"WRXBNB":0,"WTCBNB":0,"XLMBNB":0,"XMRBNB":0,"XRPBNB":0.06368185727742995,"XTZBNB":0,"XVSBNB":0,"YFIBNB":0,"YFIIBNB":0,"ZECBNB":0,"ZENBNB":0,"ZILBNB":0},"numerosità_campione":114,"expected_return":0.0001765203832784249,"standard_deviation":0.0014358506171285508,"sharpe_ratio":0.1229378468572411}