{"weights":{"AAVEBNB":0,"ADABNB":0,"ALGOBNB":0,"ALPHABNB":0.047948605606649645,"ANKRBNB":0,"ANTBNB":0,"ARBNB":0.007155752563436613,"ARPABNB":0,"ATABNB":0.0016380022675818525,"ATOMBNB":0,"AVABNB":0,"AVAXBNB":0.00985818288954643,"AXSBNB":0,"BAKEBNB":0.03084649235155067,"BANDBNB":0,"BATBNB":0,"BCHBNB":0,"BELBNB":0.022740853675428926,"BIFIBNB":0.02376762823990371,"BLZBNB":0,"BTTBNB":0,"BURGERBNB":0.0024387126840371065,"CAKEBNB":0.20153588779085613,"CELRBNB":0,"CHRBNB":0,"CHZBNB":0,"COCOSBNB":0,"COSBNB":0.009597900132063302,"COTIBNB":0,"CREAMBNB":0,"CRVBNB":0.0029320894237341195,"CTKBNB":0.004589003757143986,"CTSIBNB":0,"DASHBNB":0.03428792288686191,"DGBBNB":0.010389893098428067,"DIABNB":0,"DOTBNB":0.005560548819895823,"EGLDBNB":0,"ENJBNB":0.002268551534312849,"EOSBNB":0.008190732261890987,"ETCBNB":0,"FETBNB":0.009164298682530502,"FILBNB":0,"FIOBNB":0,"FTMBNB":0,"FTTBNB":0.03399475140052787,"HARDBNB":0.0035626750917910873,"HBARBNB":0,"HOTBNB":0.00006363882797537556,"ICPBNB":0.014219108759150322,"ICXBNB":0,"INJBNB":0.007184025339850745,"IOSTBNB":0,"IOTABNB":0,"IQBNB":0.003552292263711735,"JSTBNB":0.006578968165245938,"KAVABNB":0,"KP3RBNB":0.0027677256291700424,"KSMBNB":0.001401065097441489,"LPTBNB":0.012214876179030677,"LTCBNB":0,"LUNABNB":0,"MASKBNB":0.01431372356783401,"MATICBNB":0.024242172846311347,"MBLBNB":0.0014369861708790452,"MDXBNB":0.021083331217531025,"MFTBNB":0.0016869439893012319,"MITHBNB":0,"MKRBNB":0.007026728383658965,"NEARBNB":0.016501582577773653,"NEOBNB":0,"NMRBNB":0.006183176588436959,"NUBNB":0,"OCEANBNB":0.014580514897661372,"OGNBNB":0,"ONEBNB":0,"ONTBNB":0.03477987114202507,"PAXGBNB":0,"PERLBNB":0,"POLSBNB":0.0012825709352648085,"PROMBNB":0.005435973188544889,"RSRBNB":0,"RUNEBNB":0,"RVNBNB":0.013525577275281558,"SANDBNB":0,"SCBNB":0.0027700069557637028,"SNXBNB":0.00025009516905970215,"SOLBNB":0.006740837425883713,"SPARTABNB":0.021276544213907643,"SRMBNB":0.015106041753695785,"STMXBNB":0.0013336884213796321,"STXBNB":0.005890321700762379,"SUSHIBNB":0,"SWRVBNB":0.01630552448030759,"SXPBNB":0.006513592717976988,"THETABNB":0.002314752254575394,"TROYBNB":0,"TRXBNB":0.015554458920166898,"UNFIBNB":0.0171907110664454,"UNIBNB":0,"VETBNB":0,"VTHOBNB":0,"WABIBNB":0.024169369367726453,"WANBNB":0.026940619662438412,"WAVESBNB":0,"WINBNB":0.015929020098474675,"WINGBNB":0.00017849329788863244,"WNXMBNB":0.013738909901255354,"WRXBNB":0.0015402051662141971,"WTCBNB":0,"XLMBNB":0,"XMRBNB":0,"XRPBNB":0.03801302057467169,"XTZBNB":0,"XVSBNB":0.005286997241414655,"YFIBNB":0.00579911132844304,"YFIIBNB":0.07462834008129651,"ZECBNB":0,"ZENBNB":0,"ZILBNB":0},"numerosità_campione":900,"expected_return":0.000019720891677605865,"standard_deviation":0.0010788731038535154,"sharpe_ratio":0.018279157768570604}