{"weights":{"AAVEBNB":0,"ADABNB":0.02677491456742037,"ALGOBNB":0,"ALPHABNB":0,"ANKRBNB":0.021806263027118435,"ANTBNB":0.012916832707265541,"ARBNB":0.002040987864871934,"ARPABNB":0.020352964340517372,"ATOMBNB":0.002496283271323443,"AVABNB":0.0002687365995850605,"AVAXBNB":0,"AXSBNB":0.008237257501375175,"BAKEBNB":0.02216228328953094,"BANDBNB":0,"BATBNB":0,"BCHBNB":0,"BELBNB":0,"BIFIBNB":0.01934779298670205,"BLZBNB":0.014633176332480036,"BTTBNB":0,"BURGERBNB":0.001986018479415835,"CAKEBNB":0.1350900381120222,"CELRBNB":0,"CHRBNB":0,"CHZBNB":0,"COCOSBNB":0.02557870277826516,"COSBNB":0.018484575280427337,"COTIBNB":0.0028947071066141596,"CREAMBNB":0.0071581572689625415,"CRVBNB":0,"CTKBNB":0,"CTSIBNB":0.005134936905439491,"DASHBNB":0,"DGBBNB":0,"DIABNB":0,"DOTBNB":0.019376811716242334,"EGLDBNB":0,"ENJBNB":0,"EOSBNB":0,"ETCBNB":0,"FETBNB":0.0027981501438741644,"FILBNB":0,"FIOBNB":0.0017338307062129356,"FTMBNB":0,"FTTBNB":0.07652546422451233,"HARDBNB":0.045127530259227173,"HBARBNB":0,"HOTBNB":0,"ICPBNB":0,"ICXBNB":0,"INJBNB":0,"IOSTBNB":0.0011210004781451904,"IOTABNB":0,"IQBNB":0.02630625771964439,"JSTBNB":0,"KAVABNB":0,"KP3RBNB":0.02118084594508499,"KSMBNB":0.0018612870302439689,"LTCBNB":0,"LUNABNB":0,"MATICBNB":0.01443310212457984,"MBLBNB":0.006004894773379007,"MFTBNB":0,"MITHBNB":0,"MKRBNB":0.0042813720803969385,"NEARBNB":0.019329140674314377,"NEOBNB":0,"NMRBNB":0.01267952854252933,"OCEANBNB":0.008405871178520237,"OGNBNB":0,"ONEBNB":0.012508172478592976,"ONTBNB":0,"PAXGBNB":0.09163742868100822,"PERLBNB":0,"PROMBNB":0.012268716178717878,"RSRBNB":0,"RUNEBNB":0.020998004590035906,"RVNBNB":0,"SANDBNB":0,"SCBNB":0.010541136262538383,"SNXBNB":0.0036956530895466996,"SOLBNB":0.029825160117510564,"SPARTABNB":0.013001040088661044,"SRMBNB":0.007873346766399865,"STMXBNB":0,"STXBNB":0.008286895125922612,"SUSHIBNB":0.018813484553092508,"SWRVBNB":0.01209751288356906,"SXPBNB":0.01374540708377453,"THETABNB":0.03479303877331567,"TROYBNB":0,"TRXBNB":0.01964846060256411,"UNFIBNB":0.02230296738956492,"UNIBNB":0,"VETBNB":0,"VTHOBNB":0,"WABIBNB":0,"WANBNB":0,"WAVESBNB":0,"WINBNB":0.0035875139155182433,"WINGBNB":0.0011166973865173863,"WNXMBNB":0,"WRXBNB":0,"WTCBNB":0.004661884809643937,"XLMBNB":0,"XMRBNB":0,"XRPBNB":0.045075692350345045,"XTZBNB":0,"XVSBNB":0,"YFIBNB":0,"YFIIBNB":0.004992070856916257,"ZECBNB":0,"ZENBNB":0,"ZILBNB":0},"numerosità_campione":114,"expected_return":0.00012647776041794235,"standard_deviation":0.001270031102824976,"sharpe_ratio":0.09958634881981497}