{"weights":{"AAVEBNB":0.004686895917539419,"ADABNB":0.021192876174554193,"ALGOBNB":0,"ALPHABNB":0,"ANKRBNB":0.013648351918059392,"ANTBNB":0.010491753405330753,"ARBNB":0,"ARPABNB":0.019913519601208567,"ATOMBNB":0,"AVABNB":0.0013436738264968274,"AVAXBNB":0,"AXSBNB":0,"BAKEBNB":0.018832480560913495,"BANDBNB":0.004153252757265585,"BATBNB":0,"BCHBNB":0,"BELBNB":0,"BIFIBNB":0.018908012925611038,"BLZBNB":0.009188481044946415,"BTTBNB":0,"BURGERBNB":0.002776498589468595,"CAKEBNB":0.1279727191033467,"CELRBNB":0.011203369550231003,"CHRBNB":0,"CHZBNB":0,"COCOSBNB":0.015074802684788356,"COSBNB":0.009107010226864252,"COTIBNB":0,"CREAMBNB":0.017026768772004385,"CRVBNB":0,"CTKBNB":0,"CTSIBNB":0.004695525232807809,"DASHBNB":0,"DGBBNB":0,"DIABNB":0,"DOTBNB":0.03571063007622471,"EGLDBNB":0,"ENJBNB":0,"EOSBNB":0,"ETCBNB":0,"FETBNB":0.009482484265880681,"FILBNB":0,"FIOBNB":0,"FTMBNB":0,"FTTBNB":0.059420337649077046,"HARDBNB":0.041838655839166745,"HBARBNB":0,"HOTBNB":0,"ICPBNB":0,"ICXBNB":0,"INJBNB":0.023075825621670293,"IOSTBNB":0,"IOTABNB":0,"IQBNB":0.027713529508260303,"JSTBNB":0.009028957934233837,"KAVABNB":0,"KP3RBNB":0.02044877581533454,"KSMBNB":0,"LTCBNB":0.003525881178083454,"LUNABNB":0,"MATICBNB":0.016491288900991836,"MBLBNB":0.012466614974322993,"MFTBNB":0,"MITHBNB":0,"MKRBNB":0.000634968968555989,"NEARBNB":0.01213503568938225,"NEOBNB":0,"NMRBNB":0.010750400482044281,"OCEANBNB":0.005440199728629114,"OGNBNB":0,"ONEBNB":0.008320391306011653,"ONTBNB":0,"PAXGBNB":0.07772954949800792,"PERLBNB":0.0152378043343145,"PROMBNB":0.01013048682812571,"RSRBNB":0.0014937192221395467,"RUNEBNB":0.023087625902717783,"RVNBNB":0,"SANDBNB":0,"SCBNB":0,"SNXBNB":0.014864024751933106,"SOLBNB":0.029900668160705246,"SPARTABNB":0.019789496404353433,"SRMBNB":0.0021111902700376812,"STMXBNB":0,"STXBNB":0.01288252462875085,"SUSHIBNB":0.03125484550897932,"SWRVBNB":0.01050605989497318,"SXPBNB":0.006591353449495083,"THETABNB":0.014199819573208311,"TROYBNB":0.003458094782074687,"TRXBNB":0,"UNFIBNB":0.025468669873580853,"UNIBNB":0,"VETBNB":0,"VTHOBNB":0,"WABIBNB":0,"WANBNB":0,"WAVESBNB":0,"WINBNB":0.0046863889855861375,"WINGBNB":0,"WNXMBNB":0.0047503222142407184,"WRXBNB":0,"WTCBNB":0.003571189264303241,"XLMBNB":0,"XMRBNB":0,"XRPBNB":0.04173624966338681,"XTZBNB":0.010416256065299995,"XVSBNB":0.0044684603082129635,"YFIBNB":0,"YFIIBNB":0.02496523018626645,"ZECBNB":0,"ZENBNB":0,"ZILBNB":0},"numerosità_campione":114,"expected_return":0.000132996809968309,"standard_deviation":0.0012744806002930298,"sharpe_ratio":0.10435373432732538}