{"weights":{"AAVEBNB":0,"ADABNB":0,"ALGOBNB":0,"ALPHABNB":0,"ANKRBNB":0.017563538443193645,"ANTBNB":0.023955238414762776,"ARBNB":0.007493711006077815,"ARPABNB":0.03226854880148743,"ATOMBNB":0,"AVABNB":0,"AVAXBNB":0,"AXSBNB":0.004976386518671706,"BAKEBNB":0.005841778066336254,"BANDBNB":0.023501787806526918,"BATBNB":0.01174241718459815,"BCHBNB":0,"BELBNB":0.023113651275796284,"BIFIBNB":0.01123987364601087,"BLZBNB":0.006633557778948744,"BTTBNB":0.0142199119885472,"BURGERBNB":0.006728310459106825,"CAKEBNB":0.1606892188684198,"CELRBNB":0,"CHRBNB":0,"CHZBNB":0,"COCOSBNB":0.012172512691372272,"COSBNB":0.035072296660181364,"COTIBNB":0,"CREAMBNB":0.0020264266827849627,"CRVBNB":0,"CTKBNB":0,"CTSIBNB":0,"DASHBNB":0,"DGBBNB":0,"DIABNB":0,"DOTBNB":0.030547840044034304,"EGLDBNB":0.016120538914894945,"ENJBNB":0,"EOSBNB":0,"ETCBNB":0,"FETBNB":0.004835638272939525,"FILBNB":0.008380453423669887,"FIOBNB":0,"FTMBNB":0,"FTTBNB":0.07322930890402587,"HARDBNB":0.04162161897770729,"HBARBNB":0,"HOTBNB":0,"ICPBNB":0.002356558196397438,"ICXBNB":0,"INJBNB":0.013139247297438645,"IOSTBNB":0.00746634099543087,"IOTABNB":0,"IQBNB":0.020832986620950584,"JSTBNB":0.011394761917390552,"KAVABNB":0,"KP3RBNB":0.016544413185426515,"KSMBNB":0,"LTCBNB":0.014881521543019693,"LUNABNB":0,"MATICBNB":0,"MBLBNB":0.01535191279161574,"MFTBNB":0.0020390090689885176,"MITHBNB":0,"MKRBNB":0.007128250245795351,"NEARBNB":0.0075010397085529396,"NEOBNB":0,"NMRBNB":0.008059045894456236,"OCEANBNB":0.015578537271554603,"OGNBNB":0.002499044924267276,"ONEBNB":0,"ONTBNB":0,"PAXGBNB":0.05232166459579322,"PERLBNB":0.009075267433972677,"PROMBNB":0.01329854149923937,"RSRBNB":0.008111279518618009,"RUNEBNB":0.008763644115197075,"RVNBNB":0,"SANDBNB":0,"SCBNB":0.01773701046940694,"SNXBNB":0.004348962897790221,"SOLBNB":0.006696826953838321,"SPARTABNB":0.011199424216138221,"SRMBNB":0,"STMXBNB":0.001790994435553811,"STXBNB":0.014764085222935392,"SUSHIBNB":0,"SWRVBNB":0.0037230844296449444,"SXPBNB":0.009351476010057412,"THETABNB":0.004129934174465208,"TROYBNB":0.004719900670474832,"TRXBNB":0.0015888446756014882,"UNFIBNB":0.024635606156743952,"UNIBNB":0.02187464175115643,"VETBNB":0,"VTHOBNB":0,"WABIBNB":0,"WANBNB":0,"WAVESBNB":0,"WINBNB":0.002159998222642262,"WINGBNB":0,"WNXMBNB":0,"WRXBNB":0,"WTCBNB":0.00965734062758681,"XLMBNB":0,"XMRBNB":0.004664979196596274,"XRPBNB":0.013014859709762044,"XTZBNB":0.001002182235980367,"XVSBNB":0.00785049011587063,"YFIBNB":0.003907405042231736,"YFIIBNB":0.0093996798373168,"ZECBNB":0.008283531497986637,"ZENBNB":0.003181109796018871,"ZILBNB":0},"numerosità_campione":114,"expected_return":0.000034732951840391,"standard_deviation":0.001129214014782054,"sharpe_ratio":0.030758519984446616}