{"weights":{"AAVEBNB":0,"ADABNB":0,"ALGOBNB":0,"ALPHABNB":0,"ANKRBNB":0.007452772639916319,"ANTBNB":0.023632718923227755,"ARBNB":0.0028315299470814356,"ARPABNB":0.029173953544221552,"ATOMBNB":0,"AVABNB":0.0032122571513726653,"AVAXBNB":0,"AXSBNB":0.0023380709970036865,"BAKEBNB":0.008970637332886406,"BANDBNB":0.014403829984209901,"BATBNB":0.008929961241902502,"BCHBNB":0,"BELBNB":0.014291913703262247,"BIFIBNB":0.013196509690815194,"BLZBNB":0.0018917926161504612,"BTTBNB":0.02635176072686564,"BURGERBNB":0.004702312061716957,"CAKEBNB":0.15657144874592197,"CELRBNB":0.0005937083499329308,"CHRBNB":0.001761443420291326,"CHZBNB":0,"COCOSBNB":0.010917383428974917,"COSBNB":0.01717983663825075,"COTIBNB":0,"CREAMBNB":0.008623014546472196,"CRVBNB":0,"CTKBNB":0,"CTSIBNB":0.0008183586085314831,"DASHBNB":0.002676870866283316,"DGBBNB":0,"DIABNB":0,"DOTBNB":0.03236644069229264,"EGLDBNB":0.01193830905620584,"ENJBNB":0,"EOSBNB":0,"ETCBNB":0.0038017029327984666,"FETBNB":0.006905519562822201,"FILBNB":0.007140382023638214,"FIOBNB":0,"FTMBNB":0,"FTTBNB":0.06846026128849078,"HARDBNB":0.040917142855460165,"HBARBNB":0,"HOTBNB":0,"ICPBNB":0,"ICXBNB":0,"INJBNB":0.009522279255256663,"IOSTBNB":0,"IOTABNB":0,"IQBNB":0.017617013722085052,"JSTBNB":0.02362236541870018,"KAVABNB":0,"KP3RBNB":0.018907991169740984,"KSMBNB":0,"LTCBNB":0.02002120354791187,"LUNABNB":0,"MATICBNB":0,"MBLBNB":0.016317885642934227,"MFTBNB":0,"MITHBNB":0.0008784033286578924,"MKRBNB":0.0017860900235549852,"NEARBNB":0.004993284684143877,"NEOBNB":0,"NMRBNB":0.007484651855296797,"OCEANBNB":0.022802022990092638,"OGNBNB":0.013908798749507296,"ONEBNB":0,"ONTBNB":0,"PAXGBNB":0.04958751527819716,"PERLBNB":0.010912670394712123,"PROMBNB":0.012705945711784811,"RSRBNB":0.011266177994326167,"RUNEBNB":0.00911768653069336,"RVNBNB":0,"SANDBNB":0,"SCBNB":0.0054569273406475105,"SNXBNB":0.0024680342275240088,"SOLBNB":0.007591039552233058,"SPARTABNB":0.017596837515990203,"SRMBNB":0,"STMXBNB":0,"STXBNB":0.015359551489743752,"SUSHIBNB":0,"SWRVBNB":0.009300778940718572,"SXPBNB":0.011644757860834458,"THETABNB":0.00993188992492038,"TROYBNB":0.005183446212025428,"TRXBNB":0,"UNFIBNB":0.028916529377386316,"UNIBNB":0.02100601374862539,"VETBNB":0,"VTHOBNB":0.0021262333769741276,"WABIBNB":0.0024615656421792063,"WANBNB":0,"WAVESBNB":0,"WINBNB":0.006852162440717869,"WINGBNB":0,"WNXMBNB":0.0043810032949060905,"WRXBNB":0,"WTCBNB":0.01159716402538312,"XLMBNB":0,"XMRBNB":0,"XRPBNB":0.011128367432072175,"XTZBNB":0.009741218956649682,"XVSBNB":0.00746597830896039,"YFIBNB":0,"YFIIBNB":0.02018414235757946,"ZECBNB":0.005785504016249571,"ZENBNB":0.00031702408308311515,"ZILBNB":0},"numerosità_campione":114,"expected_return":0.00005937211393318288,"standard_deviation":0.0011468494543836571,"sharpe_ratio":0.051769753829713244}