{"weights":{"AAVEBNB":0,"ADABNB":0.04498958797503625,"ALGOBNB":0,"ALPHABNB":0,"ANKRBNB":0.020817668054562106,"ANTBNB":0.002520720040010337,"ARBNB":0,"ARPABNB":0.009334390593427264,"ATOMBNB":0,"AVABNB":0,"AVAXBNB":0,"AXSBNB":0.00644949757235712,"BAKEBNB":0.032487287717888676,"BANDBNB":0,"BATBNB":0,"BCHBNB":0,"BELBNB":0,"BIFIBNB":0.023794022079441667,"BLZBNB":0.017595393758636457,"BTTBNB":0,"BURGERBNB":0,"CAKEBNB":0.11096542463711243,"CELRBNB":0,"CHRBNB":0,"CHZBNB":0,"COCOSBNB":0.033041221063991405,"COSBNB":0,"COTIBNB":0.007395897805260473,"CREAMBNB":0.009923542435063538,"CRVBNB":0,"CTKBNB":0,"CTSIBNB":0.008594468332733066,"DASHBNB":0,"DGBBNB":0,"DIABNB":0,"DOTBNB":0.005095119665707474,"EGLDBNB":0,"ENJBNB":0,"EOSBNB":0,"ETCBNB":0,"FETBNB":0.0002671571504489388,"FILBNB":0,"FIOBNB":0.00129917812767489,"FTMBNB":0,"FTTBNB":0.0709772640112408,"HARDBNB":0.044815841748175295,"HBARBNB":0,"HOTBNB":0,"ICPBNB":0,"ICXBNB":0,"INJBNB":0,"IOSTBNB":0,"IOTABNB":0,"IQBNB":0.02661841418409057,"JSTBNB":0,"KAVABNB":0,"KP3RBNB":0.021631841933730418,"KSMBNB":0.007121095556602957,"LTCBNB":0,"LUNABNB":0,"MATICBNB":0.022582743382242268,"MBLBNB":0,"MFTBNB":0,"MITHBNB":0,"MKRBNB":0,"NEARBNB":0.0246583245687089,"NEOBNB":0,"NMRBNB":0.015250878511274631,"OCEANBNB":0,"OGNBNB":0,"ONEBNB":0.021307728636978912,"ONTBNB":0,"PAXGBNB":0.11512577005406902,"PERLBNB":0,"PROMBNB":0.011015991858206318,"RSRBNB":0,"RUNEBNB":0.02581506588174777,"RVNBNB":0,"SANDBNB":0,"SCBNB":0,"SNXBNB":0,"SOLBNB":0.04310437466221814,"SPARTABNB":0.01276550552597843,"SRMBNB":0.013760415372848916,"STMXBNB":0,"STXBNB":0,"SUSHIBNB":0.03125840286886801,"SWRVBNB":0.016661750297710755,"SXPBNB":0.010218338834711533,"THETABNB":0.042700066234270695,"TROYBNB":0,"TRXBNB":0.000547784702469132,"UNFIBNB":0.016652800881385946,"UNIBNB":0,"VETBNB":0,"VTHOBNB":0,"WABIBNB":0,"WANBNB":0,"WAVESBNB":0,"WINBNB":0.005260810560679359,"WINGBNB":0.0028882045662593572,"WNXMBNB":0.0006965908633428562,"WRXBNB":0,"WTCBNB":0,"XLMBNB":0,"XMRBNB":0,"XRPBNB":0.0619934172928371,"XTZBNB":0,"XVSBNB":0,"YFIBNB":0,"YFIIBNB":0,"ZECBNB":0,"ZENBNB":0,"ZILBNB":0},"numerosità_campione":114,"expected_return":0.00017235016470671798,"standard_deviation":0.0014195296605126776,"sharpe_ratio":0.12141357063611616}