{"weights":{"AAVEBNB":0,"ADABNB":0,"ALGOBNB":0,"ALPHABNB":0.023931879353353204,"ANKRBNB":0,"ANTBNB":0,"ARBNB":0.01679513071139156,"ARPABNB":0.0013242482186468863,"ATABNB":0,"ATOMBNB":0,"AVABNB":0.0044210666863446005,"AVAXBNB":0,"AXSBNB":0,"BAKEBNB":0,"BANDBNB":0,"BATBNB":0,"BCHBNB":0,"BELBNB":0.020710946151435504,"BIFIBNB":0.043207460983003015,"BLZBNB":0.0028002055662981465,"BTTBNB":0,"BURGERBNB":0.015121591798053783,"CAKEBNB":0.20256756998990266,"CELRBNB":0,"CHRBNB":0,"CHZBNB":0,"COCOSBNB":0,"COSBNB":0.012715605976292487,"COTIBNB":0,"CREAMBNB":0,"CRVBNB":0,"CTKBNB":0,"CTSIBNB":0,"DASHBNB":0.023494550226667372,"DGBBNB":0.013754737788560316,"DIABNB":0,"DOTBNB":0.003936499749945971,"EGLDBNB":0,"ENJBNB":0,"EOSBNB":0,"ETCBNB":0,"FETBNB":0,"FILBNB":0,"FIOBNB":0.0059788407055091225,"FTMBNB":0,"FTTBNB":0.0426205849676754,"HARDBNB":0.031922945369230946,"HBARBNB":0,"HOTBNB":0,"ICPBNB":0,"ICXBNB":0,"INJBNB":0.01165812902033513,"IOSTBNB":0,"IOTABNB":0,"IQBNB":0,"JSTBNB":0.03259071914025562,"KAVABNB":0,"KP3RBNB":0.0062627016017918575,"KSMBNB":0.05565009696135173,"LPTBNB":0.0291939693354496,"LTCBNB":0.0030975053000097917,"LUNABNB":0,"MASKBNB":0,"MATICBNB":0,"MBLBNB":0,"MDXBNB":0.024096640277427854,"MFTBNB":0.006556865707952015,"MITHBNB":0.01588657094070197,"MKRBNB":0,"NEARBNB":0.047123370448432074,"NEOBNB":0,"NMRBNB":0.0032715484161732495,"NUBNB":0,"OCEANBNB":0,"OGNBNB":0,"ONEBNB":0,"ONTBNB":0,"PAXGBNB":0,"PERLBNB":0,"POLSBNB":0,"PROMBNB":0.010719848145747446,"RSRBNB":0,"RUNEBNB":0,"RVNBNB":0,"SANDBNB":0,"SCBNB":0,"SNXBNB":0,"SOLBNB":0.016650438334792274,"SPARTABNB":0.016321275734948293,"SRMBNB":0.015635339888277616,"STMXBNB":0,"STXBNB":0,"SUSHIBNB":0,"SWRVBNB":0.011394168201318285,"SXPBNB":0,"THETABNB":0.023959070057939142,"TROYBNB":0,"TRXBNB":0.03352616804191234,"UNFIBNB":0.02281360263284679,"UNIBNB":0,"VETBNB":0,"VTHOBNB":0,"WABIBNB":0.03418547826223151,"WANBNB":0.010160746407952243,"WAVESBNB":0,"WINBNB":0.0008713308313699178,"WINGBNB":0.018652209293348907,"WNXMBNB":0.0038937209884738074,"WRXBNB":0,"WTCBNB":0.0022752574967238185,"XLMBNB":0,"XMRBNB":0.006625532867478126,"XRPBNB":0,"XTZBNB":0,"XVSBNB":0,"YFIBNB":0,"YFIIBNB":0.06461173422646155,"ZECBNB":0.007012097195985983,"ZENBNB":0,"ZILBNB":0},"numerosità_campione":922,"expected_return":0.00011438556904773909,"standard_deviation":0.0013087205091284393,"sharpe_ratio":0.08740259532107109}