{"weights":{"AAVEBNB":0,"ADABNB":0.00946310208698321,"ALGOBNB":0,"ALPHABNB":0,"ANKRBNB":0.020609725424122448,"ANTBNB":0.020653121146909335,"ARBNB":0.005109593126588015,"ARPABNB":0.029238526156331657,"ATOMBNB":0.0038369799382785954,"AVABNB":0,"AVAXBNB":0,"AXSBNB":0.007356046046304717,"BAKEBNB":0.012915958502833842,"BANDBNB":0.015197103303897806,"BATBNB":0.005586263669514507,"BCHBNB":0,"BELBNB":0.012013934916628721,"BIFIBNB":0.014786279226629106,"BLZBNB":0.010332082130508279,"BTTBNB":0.0035350120967326234,"BURGERBNB":0.005206358300609185,"CAKEBNB":0.1517714322251609,"CELRBNB":0,"CHRBNB":0,"CHZBNB":0,"COCOSBNB":0.017718643654002154,"COSBNB":0.031008676527837904,"COTIBNB":0,"CREAMBNB":0.0039037539301780113,"CRVBNB":0,"CTKBNB":0,"CTSIBNB":0.0013908588672914743,"DASHBNB":0,"DGBBNB":0,"DIABNB":0,"DOTBNB":0.028454782780062252,"EGLDBNB":0.008059290363959023,"ENJBNB":0,"EOSBNB":0,"ETCBNB":0,"FETBNB":0.004642271771377366,"FILBNB":0.006455003290134383,"FIOBNB":0,"FTMBNB":0,"FTTBNB":0.07622862362268473,"HARDBNB":0.04375956981310684,"HBARBNB":0,"HOTBNB":0,"ICPBNB":0,"ICXBNB":0,"INJBNB":0.00069388761296611,"IOSTBNB":0.007919227361469019,"IOTABNB":0,"IQBNB":0.023484280871712757,"JSTBNB":0.005476941193919611,"KAVABNB":0,"KP3RBNB":0.018522037392640696,"KSMBNB":0,"LTCBNB":0,"LUNABNB":0,"MATICBNB":0.006345110617714281,"MBLBNB":0.012705030964453917,"MFTBNB":0.0010943181442078886,"MITHBNB":0,"MKRBNB":0.00726254281228913,"NEARBNB":0.01323502193407763,"NEOBNB":0,"NMRBNB":0.010243730371764528,"OCEANBNB":0.015159889230744083,"OGNBNB":0,"ONEBNB":0.004543067217535175,"ONTBNB":0,"PAXGBNB":0.06984302694101088,"PERLBNB":0.005420030167090363,"PROMBNB":0.013396429908372746,"RSRBNB":0.00016348405007084662,"RUNEBNB":0.015302916079575261,"RVNBNB":0,"SANDBNB":0,"SCBNB":0.016571278714791776,"SNXBNB":0.004742655078428792,"SOLBNB":0.017541781418335213,"SPARTABNB":0.01204083303718257,"SRMBNB":0.0016225195124988756,"STMXBNB":0,"STXBNB":0.012764584760859649,"SUSHIBNB":0.0030724918097166124,"SWRVBNB":0.0073517882906872,"SXPBNB":0.013275867401422881,"THETABNB":0.019976935372151873,"TROYBNB":0,"TRXBNB":0.020614512158290174,"UNFIBNB":0.024262238579447835,"UNIBNB":0.014267149098159147,"VETBNB":0,"VTHOBNB":0,"WABIBNB":0,"WANBNB":0,"WAVESBNB":0,"WINBNB":0.00261469497698186,"WINGBNB":0,"WNXMBNB":0,"WRXBNB":0,"WTCBNB":0.008455975522447996,"XLMBNB":0,"XMRBNB":0,"XRPBNB":0.028735925069027397,"XTZBNB":0,"XVSBNB":0.003663020771295649,"YFIBNB":0,"YFIIBNB":0.008381782637992425,"ZECBNB":0,"ZENBNB":0,"ZILBNB":0},"numerosità_campione":114,"expected_return":0.0000764351375574598,"standard_deviation":0.0011680813465266416,"sharpe_ratio":0.06543648503997103}