{"weights":{"AAVEBNB":0,"ADABNB":0.0346749582208868,"ALGOBNB":0,"ALPHABNB":0,"ANKRBNB":0.0219651627226713,"ANTBNB":0.008670373026727803,"ARBNB":0.0003130536869251807,"ARPABNB":0.015931272949394407,"ATOMBNB":0.00022237745062668427,"AVABNB":0.0000777589544276369,"AVAXBNB":0,"AXSBNB":0.0077346208776210654,"BAKEBNB":0.0265890828214064,"BANDBNB":0,"BATBNB":0,"BCHBNB":0,"BELBNB":0,"BIFIBNB":0.021286239460995372,"BLZBNB":0.016091058112451047,"BTTBNB":0,"BURGERBNB":0.0007144184563645205,"CAKEBNB":0.12507424235901238,"CELRBNB":0,"CHRBNB":0,"CHZBNB":0,"COCOSBNB":0.02883880126999107,"COSBNB":0.01004636179501589,"COTIBNB":0.004749547356536032,"CREAMBNB":0.008416214851900564,"CRVBNB":0,"CTKBNB":0,"CTSIBNB":0.006683649013702784,"DASHBNB":0,"DGBBNB":0,"DIABNB":0,"DOTBNB":0.013852163146999835,"EGLDBNB":0,"ENJBNB":0,"EOSBNB":0,"ETCBNB":0,"FETBNB":0.0018197723554291426,"FILBNB":0,"FIOBNB":0.0019441750902207222,"FTMBNB":0,"FTTBNB":0.07583925471907096,"HARDBNB":0.045327107369314924,"HBARBNB":0,"HOTBNB":0,"ICPBNB":0,"ICXBNB":0,"INJBNB":0,"IOSTBNB":0,"IOTABNB":0,"IQBNB":0.026968670086422182,"JSTBNB":0,"KAVABNB":0,"KP3RBNB":0.021725515686124422,"KSMBNB":0.004114807444036136,"LTCBNB":0,"LUNABNB":0,"MATICBNB":0.018094883684322674,"MBLBNB":0.001842166572509015,"MFTBNB":0,"MITHBNB":0,"MKRBNB":0.0016969228072125254,"NEARBNB":0.021755774646203204,"NEOBNB":0,"NMRBNB":0.013785871673575974,"OCEANBNB":0.0025595900867643154,"OGNBNB":0,"ONEBNB":0.016249207992800843,"ONTBNB":0,"PAXGBNB":0.1015057173102692,"PERLBNB":0,"PROMBNB":0.01196102703124022,"RSRBNB":0,"RUNEBNB":0.023211515425329267,"RVNBNB":0,"SANDBNB":0,"SCBNB":0.006299660469671354,"SNXBNB":0.0018890872011469676,"SOLBNB":0.03558327694582074,"SPARTABNB":0.012976033864276142,"SRMBNB":0.01067475002949219,"STMXBNB":0,"STXBNB":0.004671122520403949,"SUSHIBNB":0.024455435595675937,"SWRVBNB":0.014088216905511885,"SXPBNB":0.012629310771162073,"THETABNB":0.03918098139805109,"TROYBNB":0,"TRXBNB":0.01240971795588789,"UNFIBNB":0.020040861038149827,"UNIBNB":0,"VETBNB":0,"VTHOBNB":0,"WABIBNB":0,"WANBNB":0,"WAVESBNB":0,"WINBNB":0.0043887685405608,"WINGBNB":0.0019053455812564884,"WNXMBNB":0.00007489127303595912,"WRXBNB":0,"WTCBNB":0.002004517986705921,"XLMBNB":0,"XMRBNB":0,"XRPBNB":0.05228113010295604,"XTZBNB":0,"XVSBNB":0,"YFIBNB":0,"YFIIBNB":0.002113555305732111,"ZECBNB":0,"ZENBNB":0,"ZILBNB":0},"numerosità_campione":114,"expected_return":0.00014732885327647667,"standard_deviation":0.0013314351192986692,"sharpe_ratio":0.11065417393682829}