{"weights":{"AAVEBNB":0,"ADABNB":0.010901788691188472,"ALGOBNB":0,"ALPHABNB":0,"ANKRBNB":0.020780758530305393,"ANTBNB":0.02013338188683038,"ARBNB":0.004863871536305339,"ARPABNB":0.028603446281756588,"ATOMBNB":0.0038764691167511973,"AVABNB":0,"AVAXBNB":0,"AXSBNB":0.007494281056794939,"BAKEBNB":0.013625157611140411,"BANDBNB":0.014249300533322493,"BATBNB":0.0045584779114202275,"BCHBNB":0,"BELBNB":0.010734704218039631,"BIFIBNB":0.01520168039257659,"BLZBNB":0.010675633208385826,"BTTBNB":0.0023977430881946694,"BURGERBNB":0.004980669444140056,"CAKEBNB":0.1507191098804708,"CELRBNB":0,"CHRBNB":0,"CHZBNB":0,"COCOSBNB":0.01844609370155803,"COSBNB":0.030327397910210864,"COTIBNB":0,"CREAMBNB":0.004147453295048994,"CRVBNB":0,"CTKBNB":0,"CTSIBNB":0.001703599270989383,"DASHBNB":0,"DGBBNB":0,"DIABNB":0,"DOTBNB":0.02785333469614617,"EGLDBNB":0.007000328714628679,"ENJBNB":0,"EOSBNB":0,"ETCBNB":0,"FETBNB":0.004486242598251797,"FILBNB":0.005965196091498275,"FIOBNB":0,"FTMBNB":0,"FTTBNB":0.07640267815247608,"HARDBNB":0.04389910505022203,"HBARBNB":0,"HOTBNB":0,"ICPBNB":0,"ICXBNB":0,"INJBNB":0,"IOSTBNB":0.007505280773233433,"IOTABNB":0,"IQBNB":0.02379278296576886,"JSTBNB":0.00478686402939215,"KAVABNB":0,"KP3RBNB":0.018785604925574427,"KSMBNB":0,"LTCBNB":0,"LUNABNB":0,"MATICBNB":0.007023313940874907,"MBLBNB":0.012270012765639448,"MFTBNB":0.0008388309329490499,"MITHBNB":0,"MKRBNB":0.0071505539961323125,"NEARBNB":0.013781550168043612,"NEOBNB":0,"NMRBNB":0.010457795948287232,"OCEANBNB":0.014825399761780845,"OGNBNB":0,"ONEBNB":0.005196844660075411,"ONTBNB":0,"PAXGBNB":0.07163718395363829,"PERLBNB":0.004906489747306632,"PROMBNB":0.01330122291812559,"RSRBNB":0,"RUNEBNB":0.015785104741087068,"RVNBNB":0,"SANDBNB":0,"SCBNB":0.01630464942737108,"SNXBNB":0.004720818004892846,"SOLBNB":0.018526965635595125,"SPARTABNB":0.012134346694621993,"SRMBNB":0.0021246037661249357,"STMXBNB":0,"STXBNB":0.012551963531314898,"SUSHIBNB":0.004438640089901877,"SWRVBNB":0.007751371353905658,"SXPBNB":0.013476630511245579,"THETABNB":0.021313326326566368,"TROYBNB":0,"TRXBNB":0.021460888885858294,"UNFIBNB":0.024219518170945073,"UNIBNB":0.012514773082820953,"VETBNB":0,"VTHOBNB":0,"WABIBNB":0,"WANBNB":0,"WAVESBNB":0,"WINBNB":0.0026758374084626005,"WINGBNB":0,"WNXMBNB":0,"WRXBNB":0,"WTCBNB":0.0082326144611359,"XLMBNB":0,"XMRBNB":0,"XRPBNB":0.030106187584230268,"XTZBNB":0,"XVSBNB":0.003199810848875787,"YFIBNB":0,"YFIIBNB":0.008174315119568388,"ZECBNB":0,"ZENBNB":0,"ZILBNB":0},"numerosità_campione":114,"expected_return":0.00008060535612916666,"standard_deviation":0.0011742541479647433,"sharpe_ratio":0.06864387600322687}