{"weights":{"AAVEBNB":0.00698917268458913,"ADABNB":0.03663314914445968,"ALGOBNB":0,"ALPHABNB":0,"ANKRBNB":0.015332417205296317,"ANTBNB":0,"ARBNB":0,"ARPABNB":0.0020457943568100846,"ATOMBNB":0,"AVABNB":0,"AVAXBNB":0,"AXSBNB":0,"BAKEBNB":0.027619203926543674,"BANDBNB":0,"BATBNB":0,"BCHBNB":0,"BELBNB":0,"BIFIBNB":0.02314710280860425,"BLZBNB":0.011619688361890368,"BTTBNB":0,"BURGERBNB":0,"CAKEBNB":0.08665010275614517,"CELRBNB":0.020098437658385412,"CHRBNB":0,"CHZBNB":0,"COCOSBNB":0.01482581306958158,"COSBNB":0,"COTIBNB":0,"CREAMBNB":0.025134635334912826,"CRVBNB":0,"CTKBNB":0,"CTSIBNB":0.0069633023557552675,"DASHBNB":0,"DGBBNB":0,"DIABNB":0,"DOTBNB":0.022000693430441774,"EGLDBNB":0,"ENJBNB":0,"EOSBNB":0,"ETCBNB":0,"FETBNB":0.010337906005778169,"FILBNB":0,"FIOBNB":0,"FTMBNB":0,"FTTBNB":0.03363133498024969,"HARDBNB":0.039073594485921945,"HBARBNB":0,"HOTBNB":0,"ICPBNB":0,"ICXBNB":0,"INJBNB":0.03078041366251206,"IOSTBNB":0,"IOTABNB":0,"IQBNB":0.0340147759822566,"JSTBNB":0,"KAVABNB":0,"KP3RBNB":0.017044410018746223,"KSMBNB":0.008383323874858985,"LTCBNB":0,"LUNABNB":0,"MATICBNB":0.034585410227065884,"MBLBNB":0.0032753773930901306,"MFTBNB":0,"MITHBNB":0,"MKRBNB":0,"NEARBNB":0.014907063309697642,"NEOBNB":0,"NMRBNB":0.013485161374524038,"OCEANBNB":0,"OGNBNB":0,"ONEBNB":0.021026870476207223,"ONTBNB":0,"PAXGBNB":0.10403692278285606,"PERLBNB":0.015047587019256793,"PROMBNB":0.006528276800842458,"RSRBNB":0,"RUNEBNB":0.03279820150585371,"RVNBNB":0,"SANDBNB":0,"SCBNB":0,"SNXBNB":0.02276782167783456,"SOLBNB":0.05003654635610465,"SPARTABNB":0.020916669438094997,"SRMBNB":0.0058314432509504795,"STMXBNB":0,"STXBNB":0,"SUSHIBNB":0.06456308189855012,"SWRVBNB":0.011233769515353731,"SXPBNB":0,"THETABNB":0.0012945124160890177,"TROYBNB":0.0009676991136366688,"TRXBNB":0,"UNFIBNB":0.01630758047927326,"UNIBNB":0,"VETBNB":0,"VTHOBNB":0,"WABIBNB":0,"WANBNB":0,"WAVESBNB":0,"WINBNB":0,"WINGBNB":0.0013048241514899714,"WNXMBNB":0.004449082886770897,"WRXBNB":0,"WTCBNB":0,"XLMBNB":0,"XMRBNB":0,"XRPBNB":0.061711594889254845,"XTZBNB":0,"XVSBNB":0,"YFIBNB":0,"YFIIBNB":0.020599230933463927,"ZECBNB":0,"ZENBNB":0,"ZILBNB":0},"numerosità_campione":114,"expected_return":0.0001943507233309141,"standard_deviation":0.0015222015662488912,"sharpe_ratio":0.1276773901959948}