{"weights":{"AAVEBNB":0,"ADABNB":0.023750369364112872,"ALGOBNB":0,"ALPHABNB":0,"ANKRBNB":0.02172909205046961,"ANTBNB":0.014578297201984163,"ARBNB":0.0026582360628318678,"ARPABNB":0.021978026823931584,"ATOMBNB":0.0032477000711583423,"AVABNB":0.0003449393410881931,"AVAXBNB":0,"AXSBNB":0.008289524480632273,"BAKEBNB":0.020421140863043134,"BANDBNB":0.0034359049045431423,"BATBNB":0,"BCHBNB":0,"BELBNB":0,"BIFIBNB":0.018594529941995702,"BLZBNB":0.013966469220189496,"BTTBNB":0,"BURGERBNB":0.0025484276371966538,"CAKEBNB":0.13876295882271536,"CELRBNB":0,"CHRBNB":0,"CHZBNB":0,"COCOSBNB":0.024426466419400283,"COSBNB":0.02159153854590557,"COTIBNB":0.0021373510368299033,"CREAMBNB":0.006579389211690835,"CRVBNB":0,"CTKBNB":0,"CTSIBNB":0.004522725514876899,"DASHBNB":0,"DGBBNB":0,"DIABNB":0,"DOTBNB":0.021503694958108853,"EGLDBNB":0,"ENJBNB":0,"EOSBNB":0,"ETCBNB":0,"FETBNB":0.0031437447453479183,"FILBNB":0,"FIOBNB":0.0014696115584327163,"FTMBNB":0,"FTTBNB":0.07651265777172148,"HARDBNB":0.044974594401339725,"HBARBNB":0,"HOTBNB":0,"ICPBNB":0,"ICXBNB":0,"INJBNB":0,"IOSTBNB":0.0026502388508057037,"IOTABNB":0,"IQBNB":0.026158019651536905,"JSTBNB":0,"KAVABNB":0,"KP3RBNB":0.020907363002256256,"KSMBNB":0.0009006441397756187,"LTCBNB":0,"LUNABNB":0,"MATICBNB":0.013076601382294675,"MBLBNB":0.007366467812237968,"MFTBNB":0,"MITHBNB":0,"MKRBNB":0.0051642408645297495,"NEARBNB":0.01838358257037873,"NEOBNB":0,"NMRBNB":0.012244919147157585,"OCEANBNB":0.010101407323848054,"OGNBNB":0,"ONEBNB":0.011069957574832924,"ONTBNB":0,"PAXGBNB":0.08775532117789389,"PERLBNB":0,"PROMBNB":0.012384502608565426,"RSRBNB":0,"RUNEBNB":0.020077937727486048,"RVNBNB":0,"SANDBNB":0,"SCBNB":0.012107773570023635,"SNXBNB":0.004237169334086172,"SOLBNB":0.027599753632865237,"SPARTABNB":0.012941341980224152,"SRMBNB":0.006813353944764962,"STMXBNB":0,"STXBNB":0.009547855211007532,"SUSHIBNB":0.01647750697937118,"SWRVBNB":0.011310636384135517,"SXPBNB":0.014048672438038817,"THETABNB":0.03276340701221474,"TROYBNB":0,"TRXBNB":0.021977192281969045,"UNFIBNB":0.022974702355845228,"UNIBNB":0,"VETBNB":0,"VTHOBNB":0,"WABIBNB":0,"WANBNB":0,"WAVESBNB":0,"WINBNB":0.0032788788901286408,"WINGBNB":0.0007902986746147389,"WNXMBNB":0,"WRXBNB":0,"WTCBNB":0.005626345075420644,"XLMBNB":0,"XMRBNB":0,"XRPBNB":0.04224252454409447,"XTZBNB":0,"XVSBNB":0,"YFIBNB":0,"YFIIBNB":0.005853992908049489,"ZECBNB":0,"ZENBNB":0,"ZILBNB":0},"numerosità_campione":114,"expected_return":0.00011813732327452856,"standard_deviation":0.0012486927967427092,"sharpe_ratio":0.09460879696166818}