{"weights":{"AAVEBNB":0,"ADABNB":0.016687881866142017,"ALGOBNB":0,"ALPHABNB":0,"ANKRBNB":0.02135569886849869,"ANTBNB":0.017825966983705328,"ARBNB":0.0038901154011375134,"ARPABNB":0.02583566265474897,"ATOMBNB":0.004052739671690764,"AVABNB":0.0001916560904926913,"AVAXBNB":0,"AXSBNB":0.00800251183803591,"BAKEBNB":0.016481674479694064,"BANDBNB":0.010348088901177043,"BATBNB":0,"BCHBNB":0,"BELBNB":0.00564614821288011,"BIFIBNB":0.01678826089537989,"BLZBNB":0.012192337204479353,"BTTBNB":0,"BURGERBNB":0.003919925557716278,"CAKEBNB":0.1460860899280478,"CELRBNB":0,"CHRBNB":0,"CHZBNB":0,"COCOSBNB":0.021361133415861426,"COSBNB":0.027083202030797865,"COTIBNB":0.00026891484317855354,"CREAMBNB":0.005214892857699606,"CRVBNB":0,"CTKBNB":0,"CTSIBNB":0.0029524033587853206,"DASHBNB":0,"DGBBNB":0,"DIABNB":0,"DOTBNB":0.025411053438578177,"EGLDBNB":0.0023412730092307356,"ENJBNB":0,"EOSBNB":0,"ETCBNB":0,"FETBNB":0.003922706399743019,"FILBNB":0.0037411295862761016,"FIOBNB":0.00018544621986622147,"FTMBNB":0,"FTTBNB":0.07661732659479278,"HARDBNB":0.04444124361700316,"HBARBNB":0,"HOTBNB":0,"ICPBNB":0,"ICXBNB":0,"INJBNB":0,"IOSTBNB":0.0057054972418520405,"IOTABNB":0,"IQBNB":0.025038551758678966,"JSTBNB":0.0018006644994518015,"KAVABNB":0,"KP3RBNB":0.019784334797198114,"KSMBNB":0,"LTCBNB":0,"LUNABNB":0,"MATICBNB":0.009744359312147342,"MBLBNB":0.010197168517189211,"MFTBNB":0,"MITHBNB":0,"MKRBNB":0.0065752963400990735,"NEARBNB":0.01591967275017031,"NEOBNB":0,"NMRBNB":0.011219261097087348,"OCEANBNB":0.013281111497376055,"OGNBNB":0,"ONEBNB":0.007791609380185399,"ONTBNB":0,"PAXGBNB":0.07886804377892646,"PERLBNB":0.002751971324796583,"PROMBNB":0.012829331780882242,"RSRBNB":0,"RUNEBNB":0.017737713377310504,"RVNBNB":0,"SANDBNB":0,"SCBNB":0.015007355857581482,"SNXBNB":0.004747686911919715,"SOLBNB":0.022515169230564996,"SPARTABNB":0.012532954463140834,"SRMBNB":0.004269838213261249,"STMXBNB":0,"STXBNB":0.011614404666721938,"SUSHIBNB":0.01021862400539939,"SWRVBNB":0.00930638836211891,"SXPBNB":0.014085675436328675,"THETABNB":0.026695802464037563,"TROYBNB":0,"TRXBNB":0.023776053766560886,"UNFIBNB":0.023839010243773915,"UNIBNB":0.004832611283946064,"VETBNB":0,"VTHOBNB":0,"WABIBNB":0,"WANBNB":0,"WAVESBNB":0,"WINBNB":0.0029722662273710928,"WINGBNB":3.600582448094363e-20,"WNXMBNB":0,"WRXBNB":0,"WTCBNB":0.0072831324901007095,"XLMBNB":0,"XMRBNB":0,"XRPBNB":0.03563555515086236,"XTZBNB":0,"XVSBNB":0.0012641967769109104,"YFIBNB":0,"YFIIBNB":0.007313203070408407,"ZECBNB":0,"ZENBNB":0,"ZILBNB":0},"numerosità_campione":114,"expected_return":0.00009728623041599414,"standard_deviation":0.0012031868562940376,"sharpe_ratio":0.08085712531439015}