{"weights":{"AAVEBNB":0.0017429792113817539,"ADABNB":0.01384383334680029,"ALGOBNB":0,"ALPHABNB":0,"ANKRBNB":0.012345785806372026,"ANTBNB":0.015513781045869273,"ARBNB":0.0003382318478675278,"ARPABNB":0.023972035587024144,"ATOMBNB":0,"AVABNB":0.002725278262154707,"AVAXBNB":0,"AXSBNB":0.0010471596062583157,"BAKEBNB":0.015560485642958262,"BANDBNB":0.010072388590608909,"BATBNB":0,"BCHBNB":0,"BELBNB":0,"BIFIBNB":0.01703796101557418,"BLZBNB":0.007488092747053236,"BTTBNB":0.01193527101786705,"BURGERBNB":0.004042891692240625,"CAKEBNB":0.13887168478497128,"CELRBNB":0.008267091775329234,"CHRBNB":0,"CHZBNB":0,"COCOSBNB":0.014156064739761293,"COSBNB":0.013416106823722164,"COTIBNB":0,"CREAMBNB":0.01404708473514272,"CRVBNB":0,"CTKBNB":0,"CTSIBNB":0.0036432625000540624,"DASHBNB":0,"DGBBNB":0,"DIABNB":0,"DOTBNB":0.03700234733322305,"EGLDBNB":0,"ENJBNB":0,"EOSBNB":0,"ETCBNB":0,"FETBNB":0.009184298574580562,"FILBNB":0,"FIOBNB":0,"FTMBNB":0,"FTTBNB":0.06293299187491362,"HARDBNB":0.04200521822927573,"HBARBNB":0,"HOTBNB":0,"ICPBNB":0,"ICXBNB":0,"INJBNB":0.01887758202411759,"IOSTBNB":0,"IOTABNB":0,"IQBNB":0.024629456254099697,"JSTBNB":0.014979128159209012,"KAVABNB":0,"KP3RBNB":0.02012502524664576,"KSMBNB":0,"LTCBNB":0.013881354985940642,"LUNABNB":0,"MATICBNB":0.010121862697169812,"MBLBNB":0.01443112115979383,"MFTBNB":0,"MITHBNB":0,"MKRBNB":0.0024175742064043207,"NEARBNB":0.010051888199185018,"NEOBNB":0,"NMRBNB":0.009634162567457033,"OCEANBNB":0.01291756669066836,"OGNBNB":0,"ONEBNB":0.0037840143659599607,"ONTBNB":0,"PAXGBNB":0.06752005903822186,"PERLBNB":0.014304573732676061,"PROMBNB":0.010813243881371514,"RSRBNB":0.006080465336833419,"RUNEBNB":0.01875586022337828,"RVNBNB":0,"SANDBNB":0,"SCBNB":0.0017093227345959501,"SNXBNB":0.011515010197703405,"SOLBNB":0.022529149041287905,"SPARTABNB":0.01926066099073106,"SRMBNB":0.0000025013665703748836,"STMXBNB":0,"STXBNB":0.01422356971874659,"SUSHIBNB":0.01854687432134455,"SWRVBNB":0.009775604860394423,"SXPBNB":0.009934618834744011,"THETABNB":0.014910512168611506,"TROYBNB":0.0039139453319829275,"TRXBNB":0,"UNFIBNB":0.026835982424177,"UNIBNB":0.0014601452469185953,"VETBNB":0,"VTHOBNB":0,"WABIBNB":0,"WANBNB":0,"WAVESBNB":0,"WINBNB":0.00572583992037441,"WINGBNB":0,"WNXMBNB":0.004414725116537775,"WRXBNB":0,"WTCBNB":0.007139059259231263,"XLMBNB":0,"XMRBNB":0,"XRPBNB":0.031905018837115474,"XTZBNB":0.011242937476129743,"XVSBNB":0.005799813533193431,"YFIBNB":0,"YFIIBNB":0.024637443059473196,"ZECBNB":0,"ZENBNB":0,"ZILBNB":0},"numerosità_campione":114,"expected_return":0.00010845524462326696,"standard_deviation":0.0012105277705600332,"sharpe_ratio":0.08959335527931896}