{"weights":{"AAVEBNB":0,"ADABNB":0,"ALGOBNB":0,"ALPHABNB":0,"ANKRBNB":0.018798356104770632,"ANTBNB":0.02316204470612332,"ARBNB":0.006740020950002389,"ARPABNB":0.0319035666576925,"ATOMBNB":0.001700313619380125,"AVABNB":0,"AVAXBNB":0,"AXSBNB":0.005647207397877203,"BAKEBNB":0.008058728703148423,"BANDBNB":0.02084626696598412,"BATBNB":0.010492970316422618,"BCHBNB":0,"BELBNB":0.0199586723799603,"BIFIBNB":0.012040011992096224,"BLZBNB":0.007899759187692883,"BTTBNB":0.011118657497577615,"BURGERBNB":0.006434635874522946,"CAKEBNB":0.15818589027740668,"CELRBNB":0,"CHRBNB":0,"CHZBNB":0,"COCOSBNB":0.013537378141122023,"COSBNB":0.03423385997581371,"COTIBNB":0,"CREAMBNB":0.0025896992309342214,"CRVBNB":0,"CTKBNB":0,"CTSIBNB":0,"DASHBNB":0,"DGBBNB":0,"DIABNB":0,"DOTBNB":0.030886424582196946,"EGLDBNB":0.01383545878613871,"ENJBNB":0,"EOSBNB":0,"ETCBNB":0,"FETBNB":0.005226581348495923,"FILBNB":0.008253399423127873,"FIOBNB":0,"FTMBNB":0,"FTTBNB":0.07462795521172949,"HARDBNB":0.04210945348917203,"HBARBNB":0,"HOTBNB":0,"ICPBNB":0,"ICXBNB":0,"INJBNB":0.009449946820991772,"IOSTBNB":0.008216686891110145,"IOTABNB":0,"IQBNB":0.02152416028658248,"JSTBNB":0.009833572765251758,"KAVABNB":0,"KP3RBNB":0.01703153016814736,"KSMBNB":0,"LTCBNB":0.00937431871874232,"LUNABNB":0,"MATICBNB":0.001568647713106597,"MBLBNB":0.01444845123514019,"MFTBNB":0.0019230786575453233,"MITHBNB":0,"MKRBNB":0.0074509505109155135,"NEARBNB":0.009330907963811136,"NEOBNB":0,"NMRBNB":0.008679196210767669,"OCEANBNB":0.015635329070776867,"OGNBNB":0.0005162980401241425,"ONEBNB":0,"ONTBNB":0,"PAXGBNB":0.05763650296593581,"PERLBNB":0.008114381402612994,"PROMBNB":0.013578014403413101,"RSRBNB":0.006425782611564055,"RUNEBNB":0.011047517339896423,"RVNBNB":0,"SANDBNB":0,"SCBNB":0.017743474481611562,"SNXBNB":0.004737287846428831,"SOLBNB":0.010280381117121932,"SPARTABNB":0.011533217757504731,"SRMBNB":0,"STMXBNB":0.0007425387314801278,"STXBNB":0.014039488735113341,"SUSHIBNB":0,"SWRVBNB":0.0046130409239118425,"SXPBNB":0.010863440972392151,"THETABNB":0.009853325161315632,"TROYBNB":0.002661849833217115,"TRXBNB":0.008970403217746035,"UNFIBNB":0.02451992266251433,"UNIBNB":0.02054214110773894,"VETBNB":0,"VTHOBNB":0,"WABIBNB":0,"WANBNB":0,"WAVESBNB":0,"WINBNB":0.0024055456000388865,"WINGBNB":0,"WNXMBNB":0,"WRXBNB":0,"WTCBNB":0.009447757203296419,"XLMBNB":0,"XMRBNB":0.00398417384521412,"XRPBNB":0.018694496078906733,"XTZBNB":0,"XVSBNB":0.006611498385825169,"YFIBNB":0.0031058490129219924,"YFIIBNB":0.009293742813025035,"ZECBNB":0.004131434595245142,"ZENBNB":0.0011524033216049792,"ZILBNB":0},"numerosità_campione":114,"expected_return":0.000047243607555511646,"standard_deviation":0.0011363834479523238,"sharpe_ratio":0.04157364984560539}