{"weights":{"AAVEBNB":0.006998228025469675,"ADABNB":0.033756781646509804,"ALGOBNB":0,"ALPHABNB":0,"ANKRBNB":0.015020876834190261,"ANTBNB":0,"ARBNB":0,"ARPABNB":0.0066611195005447646,"ATOMBNB":0,"AVABNB":0,"AVAXBNB":0,"AXSBNB":0,"BAKEBNB":0.025754110349642152,"BANDBNB":0,"BATBNB":0,"BCHBNB":0,"BELBNB":0,"BIFIBNB":0.02229470144209795,"BLZBNB":0.011322197690544038,"BTTBNB":0,"BURGERBNB":0,"CAKEBNB":0.09688850172740192,"CELRBNB":0.018317357408664744,"CHRBNB":0,"CHZBNB":0,"COCOSBNB":0.015402607590620504,"COSBNB":0,"COTIBNB":0,"CREAMBNB":0.023549089286670998,"CRVBNB":0,"CTKBNB":0,"CTSIBNB":0.00648333111594333,"DASHBNB":0,"DGBBNB":0,"DIABNB":0,"DOTBNB":0.025727452229790906,"EGLDBNB":0,"ENJBNB":0,"EOSBNB":0,"ETCBNB":0,"FETBNB":0.010209259346448476,"FILBNB":0,"FIOBNB":0,"FTMBNB":0,"FTTBNB":0.04050574098568052,"HARDBNB":0.03983914018935168,"HBARBNB":0,"HOTBNB":0,"ICPBNB":0,"ICXBNB":0,"INJBNB":0.02956727016048492,"IOSTBNB":0,"IOTABNB":0,"IQBNB":0.03285796151635712,"JSTBNB":0,"KAVABNB":0,"KP3RBNB":0.01831780356178696,"KSMBNB":0.006442824508359403,"LTCBNB":0,"LUNABNB":0,"MATICBNB":0.030618696844551607,"MBLBNB":0.005659530652907339,"MFTBNB":0,"MITHBNB":0,"MKRBNB":0,"NEARBNB":0.014570188861691199,"NEOBNB":0,"NMRBNB":0.01288447852502821,"OCEANBNB":0,"OGNBNB":0,"ONEBNB":0.0183450598345941,"ONTBNB":0,"PAXGBNB":0.09854527950200075,"PERLBNB":0.015357973796707017,"PROMBNB":0.00749548484807442,"RSRBNB":0,"RUNEBNB":0.03096693195535678,"RVNBNB":0,"SANDBNB":0,"SCBNB":0,"SNXBNB":0.02117221847266819,"SOLBNB":0.045886696752324006,"SPARTABNB":0.020822336965971827,"SRMBNB":0.0052806555759160375,"STMXBNB":0,"STXBNB":0.0026813003331310546,"SUSHIBNB":0.05744549722066611,"SWRVBNB":0.011365985986330611,"SXPBNB":0,"THETABNB":0.005127000715799527,"TROYBNB":0.0016820307171630617,"TRXBNB":0,"UNFIBNB":0.01898996194894828,"UNIBNB":0,"VETBNB":0,"VTHOBNB":0,"WABIBNB":0,"WANBNB":0,"WAVESBNB":0,"WINBNB":0.0005196049962389329,"WINGBNB":0.0009709885774333068,"WNXMBNB":0.004727470641554094,"WRXBNB":0,"WTCBNB":0,"XLMBNB":0,"XMRBNB":0,"XRPBNB":0.05791899899383596,"XTZBNB":0.002890364721448611,"XVSBNB":0.0003715479531862969,"YFIBNB":0,"YFIIBNB":0.021787359489912395,"ZECBNB":0,"ZENBNB":0,"ZILBNB":0},"numerosità_campione":114,"expected_return":0.00018207994065839309,"standard_deviation":0.001462964320800988,"sharpe_ratio":0.12445959075659647}