{"weights":{"AAVEBNB":0,"ADABNB":0.06081491270222349,"ALGOBNB":0,"ALPHABNB":0,"ANKRBNB":0.014107653154321217,"ANTBNB":0,"ARBNB":0,"ARPABNB":0,"ATOMBNB":0,"AVABNB":0,"AVAXBNB":0,"AXSBNB":0,"BAKEBNB":0.04338676739588735,"BANDBNB":0,"BATBNB":0,"BCHBNB":0,"BELBNB":0,"BIFIBNB":0.0280017019689053,"BLZBNB":0.01800522043876806,"BTTBNB":0,"BURGERBNB":0,"CAKEBNB":0.06715939998610704,"CELRBNB":0,"CHRBNB":0,"CHZBNB":0,"COCOSBNB":0.03510720582685614,"COSBNB":0,"COTIBNB":0.011683226142918487,"CREAMBNB":0.01160919847611278,"CRVBNB":0,"CTKBNB":0,"CTSIBNB":0.011462345318818425,"DASHBNB":0,"DGBBNB":0,"DIABNB":0,"DOTBNB":0,"EGLDBNB":0,"ENJBNB":0,"EOSBNB":0,"ETCBNB":0,"FETBNB":0,"FILBNB":0,"FIOBNB":0,"FTMBNB":0,"FTTBNB":0.0446052385963268,"HARDBNB":0.04037618861619766,"HBARBNB":0,"HOTBNB":0,"ICPBNB":0,"ICXBNB":0,"INJBNB":0,"IOSTBNB":0,"IOTABNB":0,"IQBNB":0.021873467730195974,"JSTBNB":0,"KAVABNB":0,"KP3RBNB":0.01733139649174785,"KSMBNB":0.010138168883763083,"LTCBNB":0,"LUNABNB":0,"MATICBNB":0.030049960678272508,"MBLBNB":0,"MFTBNB":0,"MITHBNB":0,"MKRBNB":0,"NEARBNB":0.029114746675517326,"NEOBNB":0,"NMRBNB":0.017996827374298842,"OCEANBNB":0,"OGNBNB":0,"ONEBNB":0.030429148263392797,"ONTBNB":0,"PAXGBNB":0.14125873264950528,"PERLBNB":0,"PROMBNB":0.007935034654391424,"RSRBNB":0,"RUNEBNB":0.02771436538223246,"RVNBNB":0,"SANDBNB":0,"SCBNB":0,"SNXBNB":0,"SOLBNB":0.058115723979273205,"SPARTABNB":0.011716968116461411,"SRMBNB":0.018834992066121645,"STMXBNB":0,"STXBNB":0,"SUSHIBNB":0.03861396336291888,"SWRVBNB":0.019894192018384934,"SXPBNB":0,"THETABNB":0.04297143718551185,"TROYBNB":0,"TRXBNB":0,"UNFIBNB":0.004905353971100774,"UNIBNB":0,"VETBNB":0,"VTHOBNB":0,"WABIBNB":0,"WANBNB":0,"WAVESBNB":0,"WINBNB":0.0037658103882147,"WINGBNB":0.004831706319489966,"WNXMBNB":0,"WRXBNB":0,"WTCBNB":0,"XLMBNB":0,"XMRBNB":0,"XRPBNB":0.07618894518576216,"XTZBNB":0,"XVSBNB":0,"YFIBNB":0,"YFIIBNB":0,"ZECBNB":0,"ZENBNB":0,"ZILBNB":0},"numerosità_campione":114,"expected_return":0.0002098821318520799,"standard_deviation":0.001586663110858828,"sharpe_ratio":0.13227895097307393}