{"weights":{"AAVEBNB":0,"ADABNB":0.048589960501446566,"ALGOBNB":0,"ALPHABNB":0,"ANKRBNB":0.019764749991255746,"ANTBNB":0,"ARBNB":0,"ARPABNB":0.006006857589474635,"ATOMBNB":0,"AVABNB":0,"AVAXBNB":0,"AXSBNB":0.005180085733858518,"BAKEBNB":0.034851054783999504,"BANDBNB":0,"BATBNB":0,"BCHBNB":0,"BELBNB":0,"BIFIBNB":0.02464702751239456,"BLZBNB":0.017780450669978416,"BTTBNB":0,"BURGERBNB":0,"CAKEBNB":0.10348162614352228,"CELRBNB":0,"CHRBNB":0,"CHZBNB":0,"COCOSBNB":0.03382723261274915,"COSBNB":0,"COTIBNB":0.008450333931101069,"CREAMBNB":0.010310551469265662,"CRVBNB":0,"CTKBNB":0,"CTSIBNB":0.009179346590221451,"DASHBNB":0,"DGBBNB":0,"DIABNB":0,"DOTBNB":0.0009652816207537487,"EGLDBNB":0,"ENJBNB":0,"EOSBNB":0,"ETCBNB":0,"FETBNB":0,"FILBNB":0,"FIOBNB":0.00021912190868348926,"FTMBNB":0,"FTTBNB":0.06643355510838314,"HARDBNB":0.04416316277314097,"HBARBNB":0,"HOTBNB":0,"ICPBNB":0,"ICXBNB":0,"INJBNB":0,"IOSTBNB":0,"IOTABNB":0,"IQBNB":0.025866064342276358,"JSTBNB":0,"KAVABNB":0,"KP3RBNB":0.020960100313156836,"KSMBNB":0.008171536277793037,"LTCBNB":0,"LUNABNB":0,"MATICBNB":0.0242213640398216,"MBLBNB":0,"MFTBNB":0,"MITHBNB":0,"MKRBNB":0,"NEARBNB":0.025699499942048388,"NEOBNB":0,"NMRBNB":0.015752731937934528,"OCEANBNB":0,"OGNBNB":0,"ONEBNB":0.023270207446213616,"ONTBNB":0,"PAXGBNB":0.12046752964411747,"PERLBNB":0,"PROMBNB":0.010475976886226888,"RSRBNB":0,"RUNEBNB":0.02656298487720317,"RVNBNB":0,"SANDBNB":0,"SCBNB":0,"SNXBNB":0,"SOLBNB":0.04629888620203402,"SPARTABNB":0.012656331252327346,"SRMBNB":0.014747813050487713,"STMXBNB":0,"STXBNB":0,"SUSHIBNB":0.03355303807597437,"SWRVBNB":0.017409711528269083,"SXPBNB":0.008068911453607806,"THETABNB":0.04289651023289399,"TROYBNB":0,"TRXBNB":0,"UNFIBNB":0.014787905205425477,"UNIBNB":0,"VETBNB":0,"VTHOBNB":0,"WABIBNB":0,"WANBNB":0,"WAVESBNB":0,"WINBNB":0.005060861174414409,"WINGBNB":0.0032351507254983662,"WNXMBNB":0.0006373985403447081,"WRXBNB":0,"WTCBNB":0,"XLMBNB":0,"XMRBNB":0,"XRPBNB":0.06534908791170178,"XTZBNB":0,"XVSBNB":0,"YFIBNB":0,"YFIIBNB":0,"ZECBNB":0,"ZENBNB":0,"ZILBNB":0},"numerosità_campione":114,"expected_return":0.00018069060185013178,"standard_deviation":0.0014527042606535872,"sharpe_ratio":0.12438223439149076}