{"weights":{"AAVEBNB":0.0056704058447891795,"ADABNB":0.04302483649690192,"ALGOBNB":0,"ALPHABNB":0,"ANKRBNB":0.015535162462644768,"ANTBNB":0,"ARBNB":0,"ARPABNB":0,"ATOMBNB":0,"AVABNB":0,"AVAXBNB":0,"AXSBNB":0,"BAKEBNB":0.032449887473463765,"BANDBNB":0,"BATBNB":0,"BCHBNB":0,"BELBNB":0,"BIFIBNB":0.025015326465874652,"BLZBNB":0.012189691685162174,"BTTBNB":0,"BURGERBNB":0,"CAKEBNB":0.0542512477626696,"CELRBNB":0.0248378911155452,"CHRBNB":0,"CHZBNB":0,"COCOSBNB":0.011494540249040619,"COSBNB":0,"COTIBNB":0,"CREAMBNB":0.029052091487097226,"CRVBNB":0,"CTKBNB":0,"CTSIBNB":0.007679373587556841,"DASHBNB":0,"DGBBNB":0,"DIABNB":0,"DOTBNB":0.010530491230784709,"EGLDBNB":0,"ENJBNB":0,"EOSBNB":0,"ETCBNB":0,"FETBNB":0.009947512135497237,"FILBNB":0,"FIOBNB":0,"FTMBNB":0,"FTTBNB":0.010826581692054096,"HARDBNB":0.035173140731149924,"HBARBNB":0,"HOTBNB":0,"ICPBNB":0,"ICXBNB":0,"INJBNB":0.032961281844927914,"IOSTBNB":0,"IOTABNB":0,"IQBNB":0.03566758840219447,"JSTBNB":0,"KAVABNB":0,"KP3RBNB":0.012843693517707661,"KSMBNB":0.013249740401040724,"LTCBNB":0,"LUNABNB":0,"MATICBNB":0.04558356608437927,"MBLBNB":0,"MFTBNB":0,"MITHBNB":0,"MKRBNB":0,"NEARBNB":0.014945374141096403,"NEOBNB":0,"NMRBNB":0.015139323922373368,"OCEANBNB":0,"OGNBNB":0,"ONEBNB":0.027902917781873322,"ONTBNB":0,"PAXGBNB":0.11705024600792846,"PERLBNB":0.013373759353487401,"PROMBNB":0.002571697105947306,"RSRBNB":0,"RUNEBNB":0.03618689748965119,"RVNBNB":0,"SANDBNB":0,"SCBNB":0,"SNXBNB":0.02652862020925498,"SOLBNB":0.0608628865016812,"SPARTABNB":0.020766238352151863,"SRMBNB":0.005950498317258194,"STMXBNB":0,"STXBNB":0,"SUSHIBNB":0.0831764158063214,"SWRVBNB":0.009326012835284177,"SXPBNB":0,"THETABNB":0,"TROYBNB":0,"TRXBNB":0,"UNFIBNB":0.006702572076144683,"UNIBNB":0,"VETBNB":0,"VTHOBNB":0,"WABIBNB":0,"WANBNB":0,"WAVESBNB":0,"WINBNB":0,"WINGBNB":0.0020711538410603486,"WNXMBNB":0.003143442123747361,"WRXBNB":0,"WTCBNB":0,"XLMBNB":0,"XMRBNB":0,"XRPBNB":0.07101038040032007,"XTZBNB":0,"XVSBNB":0,"YFIBNB":0,"YFIIBNB":0.015307513063936268,"ZECBNB":0,"ZENBNB":0,"ZILBNB":0},"numerosità_campione":114,"expected_return":0.0002250276800122166,"standard_deviation":0.0016900400558690287,"sharpe_ratio":0.13314931751514378}