{"weights":{"AAVEBNB":0.0042354838777137836,"ADABNB":0.04735648148605186,"ALGOBNB":0,"ALPHABNB":0,"ANKRBNB":0.01533108941042735,"ANTBNB":0,"ARBNB":0,"ARPABNB":0,"ATOMBNB":0,"AVABNB":0,"AVAXBNB":0,"AXSBNB":0,"BAKEBNB":0.036417549940164926,"BANDBNB":0,"BATBNB":0,"BCHBNB":0,"BELBNB":0,"BIFIBNB":0.026313303395906422,"BLZBNB":0.012553870509210786,"BTTBNB":0,"BURGERBNB":0,"CAKEBNB":0.024773512664344216,"CELRBNB":0.02878505568292116,"CHRBNB":0,"CHZBNB":0,"COCOSBNB":0.007544046392799276,"COSBNB":0,"COTIBNB":0,"CREAMBNB":0.032131774729262805,"CRVBNB":0,"CTKBNB":0,"CTSIBNB":0.00804185065539639,"DASHBNB":0,"DGBBNB":0,"DIABNB":0,"DOTBNB":0.0002936691583023703,"EGLDBNB":0,"ENJBNB":0,"EOSBNB":0,"ETCBNB":0,"FETBNB":0.009264423762700678,"FILBNB":0,"FIOBNB":0,"FTMBNB":0,"FTTBNB":0,"HARDBNB":0.03059027608455999,"HBARBNB":0,"HOTBNB":0,"ICPBNB":0,"ICXBNB":0,"INJBNB":0.03403118034855599,"IOSTBNB":0,"IOTABNB":0,"IQBNB":0.036400530144578794,"JSTBNB":0,"KAVABNB":0,"KP3RBNB":0.00888981415990767,"KSMBNB":0.01732178422853199,"LTCBNB":0,"LUNABNB":0,"MATICBNB":0.05478592034796177,"MBLBNB":0,"MFTBNB":0,"MITHBNB":0,"MKRBNB":0,"NEARBNB":0.014624384052683879,"NEOBNB":0,"NMRBNB":0.016503903338656766,"OCEANBNB":0,"OGNBNB":0,"ONEBNB":0.03389606676235045,"ONTBNB":0,"PAXGBNB":0.1271153487954815,"PERLBNB":0.011212920166908058,"PROMBNB":0,"RSRBNB":0,"RUNEBNB":0.03825507669012255,"RVNBNB":0,"SANDBNB":0,"SCBNB":0,"SNXBNB":0.029195115509942776,"SOLBNB":0.06995012944932112,"SPARTABNB":0.020516937414364438,"SRMBNB":0.005498410948118706,"STMXBNB":0,"STXBNB":0,"SUSHIBNB":0.09892654588560296,"SWRVBNB":0.006875048099719531,"SXPBNB":0,"THETABNB":0,"TROYBNB":0,"TRXBNB":0,"UNFIBNB":0,"UNIBNB":0,"VETBNB":0,"VTHOBNB":0,"WABIBNB":0,"WANBNB":0,"WAVESBNB":0,"WINBNB":0,"WINGBNB":0.0025549899291776993,"WNXMBNB":0.0019727685003124128,"WRXBNB":0,"WTCBNB":0,"XLMBNB":0,"XMRBNB":0,"XRPBNB":0.07822274417593386,"XTZBNB":0,"XVSBNB":0,"YFIBNB":0,"YFIIBNB":0.009617993302004768,"ZECBNB":0,"ZENBNB":0,"ZILBNB":0},"numerosità_campione":114,"expected_return":0.0002495692453572587,"standard_deviation":0.0018423713536327457,"sharpe_ratio":0.13546088027539277}