{"weights":{"AAVEBNB":0,"ADABNB":0.05201059199285238,"ALGOBNB":0,"ALPHABNB":0,"ANKRBNB":0.018580814487946632,"ANTBNB":0,"ARBNB":0,"ARPABNB":0.0019275901544719735,"ATOMBNB":0,"AVABNB":0,"AVAXBNB":0,"AXSBNB":0.0035183044969414054,"BAKEBNB":0.03735172155004886,"BANDBNB":0,"BATBNB":0,"BCHBNB":0,"BELBNB":0,"BIFIBNB":0.025585285534175863,"BLZBNB":0.01784659459837663,"BTTBNB":0,"BURGERBNB":0,"CAKEBNB":0.09411343531041651,"CELRBNB":0,"CHRBNB":0,"CHZBNB":0,"COCOSBNB":0.03440101167864068,"COSBNB":0,"COTIBNB":0.009451323687394722,"CREAMBNB":0.010679124632568215,"CRVBNB":0,"CTKBNB":0,"CTSIBNB":0.009847419273735966,"DASHBNB":0,"DGBBNB":0,"DIABNB":0,"DOTBNB":0,"EGLDBNB":0,"ENJBNB":0,"EOSBNB":0,"ETCBNB":0,"FETBNB":0,"FILBNB":0,"FIOBNB":0,"FTMBNB":0,"FTTBNB":0.0608290672954301,"HARDBNB":0.04334057811912152,"HBARBNB":0,"HOTBNB":0,"ICPBNB":0,"ICXBNB":0,"INJBNB":0,"IOSTBNB":0,"IOTABNB":0,"IQBNB":0.024880757217874333,"JSTBNB":0,"KAVABNB":0,"KP3RBNB":0.020029297025688286,"KSMBNB":0.008759595346881104,"LTCBNB":0,"LUNABNB":0,"MATICBNB":0.02586600000802758,"MBLBNB":0,"MFTBNB":0,"MITHBNB":0,"MKRBNB":0,"NEARBNB":0.026678271275761545,"NEOBNB":0,"NMRBNB":0.01637108027541521,"OCEANBNB":0,"OGNBNB":0,"ONEBNB":0.025302771981421224,"ONTBNB":0,"PAXGBNB":0.12597613850341666,"PERLBNB":0,"PROMBNB":0.00988600310225013,"RSRBNB":0,"RUNEBNB":0.027015584126069553,"RVNBNB":0,"SANDBNB":0,"SCBNB":0,"SNXBNB":0,"SOLBNB":0.04960009973069641,"SPARTABNB":0.012458534907915365,"SRMBNB":0.016031297841534547,"STMXBNB":0,"STXBNB":0,"SUSHIBNB":0.03534419689778841,"SWRVBNB":0.01825080441121582,"SXPBNB":0.0053206882763768715,"THETABNB":0.042986403567176,"TROYBNB":0,"TRXBNB":0,"UNFIBNB":0.012340257690122487,"UNIBNB":0,"VETBNB":0,"VTHOBNB":0,"WABIBNB":0,"WANBNB":0,"WAVESBNB":0,"WINBNB":0.004760774399206896,"WINGBNB":0.0036430257793005185,"WNXMBNB":0.0004927688661054148,"WRXBNB":0,"WTCBNB":0,"XLMBNB":0,"XMRBNB":0,"XRPBNB":0.06852278595763406,"XTZBNB":0,"XVSBNB":0,"YFIBNB":0,"YFIIBNB":0,"ZECBNB":0,"ZENBNB":0,"ZILBNB":0},"numerosità_campione":114,"expected_return":0.00018903103899354555,"standard_deviation":0.0014880870132795631,"sharpe_ratio":0.12702956030571363}