{"weights":{"AAVEBNB":0,"ADABNB":0.004522970242182,"ALGOBNB":0,"ALPHABNB":0,"ANKRBNB":0.010267790644312432,"ANTBNB":0.02069616161882389,"ARBNB":0.0015600504343296943,"ARPABNB":0.027501305103149087,"ATOMBNB":0,"AVABNB":0.002907674808150585,"AVAXBNB":0,"AXSBNB":0.0020622855722869995,"BAKEBNB":0.011813708283950775,"BANDBNB":0.013590456385672274,"BATBNB":0.006438577940732957,"BCHBNB":0,"BELBNB":0.008837851375038182,"BIFIBNB":0.014720750551508796,"BLZBNB":0.00467857389028717,"BTTBNB":0.02169529727083833,"BURGERBNB":0.004776375108692073,"CAKEBNB":0.1491561757528254,"CELRBNB":0.004588546050996034,"CHRBNB":0,"CHZBNB":0,"COCOSBNB":0.012326253497743035,"COSBNB":0.015838569425944003,"COTIBNB":0,"CREAMBNB":0.010692116830104974,"CRVBNB":0,"CTKBNB":0,"CTSIBNB":0.0020157217730256936,"DASHBNB":0,"DGBBNB":0,"DIABNB":0,"DOTBNB":0.03604143433504657,"EGLDBNB":0.0056011091496000285,"ENJBNB":0,"EOSBNB":0,"ETCBNB":0.0018377736928403077,"FETBNB":0.008362505426620193,"FILBNB":0.0023004157180668222,"FIOBNB":0,"FTMBNB":0,"FTTBNB":0.06618366810165763,"HARDBNB":0.04161942321919737,"HBARBNB":0,"HOTBNB":0,"ICPBNB":0,"ICXBNB":0,"INJBNB":0.013082486188682615,"IOSTBNB":0,"IOTABNB":0,"IQBNB":0.020318703842691136,"JSTBNB":0.020001280374669896,"KAVABNB":0,"KP3RBNB":0.019262987144278862,"KSMBNB":0,"LTCBNB":0.020573614125387798,"LUNABNB":0,"MATICBNB":0.0027843512013530068,"MBLBNB":0.016059883575565738,"MFTBNB":0,"MITHBNB":0.000025599171350684347,"MKRBNB":0.003031517959365136,"NEARBNB":0.0072906876134359285,"NEOBNB":0,"NMRBNB":0.008406954286567354,"OCEANBNB":0.01906005917415603,"OGNBNB":0.006910554399890549,"ONEBNB":0,"ONTBNB":0,"PAXGBNB":0.05613440283357932,"PERLBNB":0.012855486904763003,"PROMBNB":0.011934698924067292,"RSRBNB":0.009641447382498024,"RUNEBNB":0.01358816309414788,"RVNBNB":0,"SANDBNB":0,"SCBNB":0.004532011138662812,"SNXBNB":0.007115770995210629,"SOLBNB":0.014147105762507498,"SPARTABNB":0.018393570579463937,"SRMBNB":0,"STMXBNB":0,"STXBNB":0.013837505453521796,"SUSHIBNB":0.0009988125381813063,"SWRVBNB":0.009258454351426654,"SXPBNB":0.011811725422943972,"THETABNB":0.013390233459926959,"TROYBNB":0.004428331622374515,"TRXBNB":0,"UNFIBNB":0.027977888502266506,"UNIBNB":0.017357412674547885,"VETBNB":0,"VTHOBNB":0.0010695758950212478,"WABIBNB":0,"WANBNB":0,"WAVESBNB":0,"WINBNB":0.006453624998400388,"WINGBNB":0,"WNXMBNB":0.0040598851282782795,"WRXBNB":0,"WTCBNB":0.010377984023619648,"XLMBNB":0,"XMRBNB":0,"XRPBNB":0.02007013241218586,"XTZBNB":0.011022882125487344,"XVSBNB":0.006811625812137628,"YFIBNB":0,"YFIIBNB":0.02264200171580421,"ZECBNB":0.0006470449879571607,"ZENBNB":0,"ZILBNB":0},"numerosità_campione":114,"expected_return":0.00007777828794196438,"standard_deviation":0.0011601494319786667,"sharpe_ratio":0.06704161188038628}