{"weights":{"AAVEBNB":0,"ADABNB":0.001997288092353676,"ALGOBNB":0,"ALPHABNB":0,"ANKRBNB":0.019433963847106276,"ANTBNB":0.022503348415637257,"ARBNB":0.006282569869770021,"ARPABNB":0.03139036221877718,"ATOMBNB":0.0026874740263938845,"AVABNB":0,"AVAXBNB":0,"AXSBNB":0.006113715973612739,"BAKEBNB":0.009441893485311926,"BANDBNB":0.019325441497452255,"BATBNB":0.009427707214141826,"BCHBNB":0,"BELBNB":0.017877549719200695,"BIFIBNB":0.012737101594323492,"BLZBNB":0.0086658076162404,"BTTBNB":0.00910382650903382,"BURGERBNB":0.00612931872500851,"CAKEBNB":0.15639990875832324,"CELRBNB":0,"CHRBNB":0,"CHZBNB":0,"COCOSBNB":0.014654886500976412,"COSBNB":0.03343452291562942,"COTIBNB":0,"CREAMBNB":0.002948398458231054,"CRVBNB":0,"CTKBNB":0,"CTSIBNB":0,"DASHBNB":0,"DGBBNB":0,"DIABNB":0,"DOTBNB":0.030562721553972494,"EGLDBNB":0.01231061040560659,"ENJBNB":0,"EOSBNB":0,"ETCBNB":0,"FETBNB":0.005244819091655535,"FILBNB":0.008016885808104867,"FIOBNB":0,"FTMBNB":0,"FTTBNB":0.0751528225197024,"HARDBNB":0.04264958059485655,"HBARBNB":0,"HOTBNB":0,"ICPBNB":0,"ICXBNB":0,"INJBNB":0.006908474252522422,"IOSTBNB":0.00844915722785027,"IOTABNB":0,"IQBNB":0.022054564063346896,"JSTBNB":0.008576089920621737,"KAVABNB":0,"KP3RBNB":0.017351405408639338,"KSMBNB":0,"LTCBNB":0.005518345363526522,"LUNABNB":0,"MATICBNB":0.002945841118978734,"MBLBNB":0.01405960148307683,"MFTBNB":0.0017599616011134995,"MITHBNB":0,"MKRBNB":0.007464512997805468,"NEARBNB":0.010504708508173803,"NEOBNB":0,"NMRBNB":0.009119759572036739,"OCEANBNB":0.015816270209198523,"OGNBNB":0,"ONEBNB":0.0013017632693827028,"ONTBNB":0,"PAXGBNB":0.06107611670859097,"PERLBNB":0.007423848924623759,"PROMBNB":0.013667635156094551,"RSRBNB":0.004883768614972223,"RUNEBNB":0.012410634226903416,"RVNBNB":0,"SANDBNB":0,"SCBNB":0.017566839943836177,"SNXBNB":0.004772894466429918,"SOLBNB":0.012460293994911704,"SPARTABNB":0.011660643691116385,"SRMBNB":0,"STMXBNB":0,"STXBNB":0.013688120063825505,"SUSHIBNB":0,"SWRVBNB":0.005261489876474392,"SXPBNB":0.01173539889431524,"THETABNB":0.012912985948393997,"TROYBNB":0.0014208502971905727,"TRXBNB":0.01313853177732023,"UNFIBNB":0.024471433879924526,"UNIBNB":0.019655147233289108,"VETBNB":0,"VTHOBNB":0,"WABIBNB":0,"WANBNB":0,"WAVESBNB":0,"WINBNB":0.0024311824864121766,"WINGBNB":0,"WNXMBNB":0,"WRXBNB":0,"WTCBNB":0.009285326663358007,"XLMBNB":0,"XMRBNB":0.0029476335725662716,"XRPBNB":0.02184921174086957,"XTZBNB":0,"XVSBNB":0.00583397270438391,"YFIBNB":0.00246431674780397,"YFIIBNB":0.009121282911383572,"ZECBNB":0.0015374590673137053,"ZENBNB":0,"ZILBNB":0},"numerosità_campione":114,"expected_return":0.00005558404469892538,"standard_deviation":0.0011433958813856782,"sharpe_ratio":0.0486131230694685}