{"weights":{"AAVEBNB":0,"ADABNB":0,"ALGOBNB":0,"ALPHABNB":0,"ANKRBNB":0,"ANTBNB":0,"ARBNB":0.024941139489811335,"ARPABNB":0,"ATABNB":0,"ATOMBNB":0,"AVABNB":0.0075123342835272736,"AVAXBNB":0,"AXSBNB":0,"BAKEBNB":0,"BANDBNB":0,"BATBNB":0,"BCHBNB":0,"BELBNB":0.01279133058254491,"BIFIBNB":0.054445667713285,"BLZBNB":0.006798857960631138,"BTTBNB":0,"BURGERBNB":0.021627092227127977,"CAKEBNB":0.18129489350962544,"CELRBNB":0,"CHRBNB":0,"CHZBNB":0,"COCOSBNB":0,"COSBNB":0.015505233502569809,"COTIBNB":0,"CREAMBNB":0,"CRVBNB":0,"CTKBNB":0,"CTSIBNB":0,"DASHBNB":0,"DGBBNB":0.008147073163724745,"DIABNB":0,"DOTBNB":0,"EGLDBNB":0,"ENJBNB":0,"EOSBNB":0,"ETCBNB":0,"FETBNB":0,"FILBNB":0,"FIOBNB":0.014517701047462932,"FTMBNB":0,"FTTBNB":0.038349121467524505,"HARDBNB":0.05403162296015115,"HBARBNB":0,"HOTBNB":0,"ICPBNB":0,"ICXBNB":0,"INJBNB":0.005968049750769708,"IOSTBNB":0,"IOTABNB":0,"IQBNB":0,"JSTBNB":0.05234676650151457,"KAVABNB":0,"KP3RBNB":0.008708846073564968,"KSMBNB":0.09089386471760078,"LPTBNB":0.04528596937595199,"LTCBNB":0,"LUNABNB":0,"MASKBNB":0,"MATICBNB":0,"MBLBNB":0,"MDXBNB":0.028837498265817305,"MFTBNB":0.009559603665523551,"MITHBNB":0.027196336389287146,"MKRBNB":0,"NEARBNB":0.06141108264649672,"NEOBNB":0,"NMRBNB":0,"NUBNB":0,"OCEANBNB":0,"OGNBNB":0,"ONEBNB":0,"ONTBNB":0,"PAXGBNB":0,"PERLBNB":0,"POLSBNB":0,"PROMBNB":0.014485002323073119,"RSRBNB":0,"RUNEBNB":0,"RVNBNB":0,"SANDBNB":0,"SCBNB":0,"SNXBNB":0,"SOLBNB":0.0071553189875848185,"SPARTABNB":0.008324623605357878,"SRMBNB":0.0027860806925722754,"STMXBNB":0,"STXBNB":0,"SUSHIBNB":0,"SWRVBNB":0.004246459762902835,"SXPBNB":0,"THETABNB":0.029953622271412902,"TROYBNB":0.002032865582278043,"TRXBNB":0.002002676042806663,"UNFIBNB":0.021056516265148234,"UNIBNB":0,"VETBNB":0,"VTHOBNB":0,"WABIBNB":0.04125137293589175,"WANBNB":0,"WAVESBNB":0,"WINBNB":0,"WINGBNB":0.028973864858565533,"WNXMBNB":0,"WRXBNB":0,"WTCBNB":0.005204379578819628,"XLMBNB":0,"XMRBNB":0.022922443288511375,"XRPBNB":0,"XTZBNB":0,"XVSBNB":0,"YFIBNB":0,"YFIIBNB":0.03918812672220944,"ZECBNB":0.00024656178835236414,"ZENBNB":0,"ZILBNB":0},"numerosità_campione":922,"expected_return":0.00017206380211639684,"standard_deviation":0.0016281257269640916,"sharpe_ratio":0.10568213453468248}