{"weights":{"AAVEBNB":0,"ADABNB":0,"ALGOBNB":0,"ALPHABNB":0.045930670552521854,"ANKRBNB":0,"ANTBNB":0,"ARBNB":0.008737616792804201,"ARPABNB":0,"ATABNB":0.0007665291663949301,"ATOMBNB":0,"AVABNB":0,"AVAXBNB":0,"AXSBNB":0,"BAKEBNB":0.026483890033897707,"BANDBNB":0,"BATBNB":0,"BCHBNB":0,"BELBNB":0.02333440634461384,"BIFIBNB":0.027764763165503935,"BLZBNB":0,"BTTBNB":0,"BURGERBNB":0.0053034125129894204,"CAKEBNB":0.20367105260976273,"CELRBNB":0,"CHRBNB":0,"CHZBNB":0,"COCOSBNB":0,"COSBNB":0.010035967362828954,"COTIBNB":0,"CREAMBNB":0,"CRVBNB":0.003911794823819018,"CTKBNB":0.0024959327874833994,"CTSIBNB":0,"DASHBNB":0.032336836648361685,"DGBBNB":0.011949124945392652,"DIABNB":0,"DOTBNB":0.009689459725635036,"EGLDBNB":0,"ENJBNB":0,"EOSBNB":0.002718223227812813,"ETCBNB":0,"FETBNB":0.008287855779315338,"FILBNB":0,"FIOBNB":0,"FTMBNB":0,"FTTBNB":0.037439450800278676,"HARDBNB":0.007219088221186904,"HBARBNB":0,"HOTBNB":0.00010030599475946346,"ICPBNB":0.003902093904670235,"ICXBNB":0,"INJBNB":0.009340766804834207,"IOSTBNB":0,"IOTABNB":0,"IQBNB":0.003267287586429077,"JSTBNB":0.010042493560680387,"KAVABNB":0,"KP3RBNB":0.003777850285220338,"KSMBNB":0.010978913887120594,"LPTBNB":0.014200571195499875,"LTCBNB":0,"LUNABNB":0,"MASKBNB":0.009504987410104832,"MATICBNB":0.01867760559698199,"MBLBNB":0.002150587116182706,"MDXBNB":0.02221616175707194,"MFTBNB":0.0027028428449738205,"MITHBNB":0.0014684820034992633,"MKRBNB":0,"NEARBNB":0.02160540552028937,"NEOBNB":0,"NMRBNB":0.006488269000794885,"NUBNB":0,"OCEANBNB":0.011314171373618736,"OGNBNB":0,"ONEBNB":0,"ONTBNB":0.031573728461075735,"PAXGBNB":0,"PERLBNB":0,"POLSBNB":0.0006561524374048913,"PROMBNB":0.0067843658951643035,"RSRBNB":0,"RUNEBNB":0,"RVNBNB":0.012888573436175698,"SANDBNB":0,"SCBNB":0.0031576315135411134,"SNXBNB":0,"SOLBNB":0.011141399410187904,"SPARTABNB":0.02061948259093601,"SRMBNB":0.015934200452136133,"STMXBNB":0.003651237974097778,"STXBNB":0.0015177321013513643,"SUSHIBNB":0,"SWRVBNB":0.015902569449653826,"SXPBNB":0.002967729444292356,"THETABNB":0.006958451664269256,"TROYBNB":0,"TRXBNB":0.024260915721159074,"UNFIBNB":0.018132408010250504,"UNIBNB":0,"VETBNB":0,"VTHOBNB":0,"WABIBNB":0.026101825248382747,"WANBNB":0.0242653471694755,"WAVESBNB":0,"WINBNB":0.013355032162805876,"WINGBNB":0.0029910921065578544,"WNXMBNB":0.012952152777376814,"WRXBNB":0.000484341509441167,"WTCBNB":0,"XLMBNB":0,"XMRBNB":0,"XRPBNB":0.039101674448260244,"XTZBNB":0,"XVSBNB":0.004546751962498629,"YFIBNB":0,"YFIIBNB":0.07904719849719027,"ZECBNB":0.0011931342129799531,"ZENBNB":0,"ZILBNB":0},"numerosità_campione":900,"expected_return":0.00003851862968742631,"standard_deviation":0.001091169878337057,"sharpe_ratio":0.03530030516066729}