{"weights":{"AAVEBNB":0,"ADABNB":0.019392866467727185,"ALGOBNB":0,"ALPHABNB":0,"ANKRBNB":0.021541537130022128,"ANTBNB":0.016662523753249475,"ARBNB":0.003451515209402913,"ARPABNB":0.024346028671965877,"ATOMBNB":0.003944182294979271,"AVABNB":0.0003123859005033995,"AVAXBNB":0,"AXSBNB":0.008251736371674954,"BAKEBNB":0.017937556142660627,"BANDBNB":0.00826533536868996,"BATBNB":0,"BCHBNB":0,"BELBNB":0.0030670210955619512,"BIFIBNB":0.017541654975962145,"BLZBNB":0.012968619408814474,"BTTBNB":0,"BURGERBNB":0.003330517965672995,"CAKEBNB":0.143611016213736,"CELRBNB":0,"CHRBNB":0,"CHZBNB":0,"COCOSBNB":0.022613026875402096,"COSBNB":0.02526096827261438,"COTIBNB":0.0010250208489746301,"CREAMBNB":0.005773420726732897,"CRVBNB":0,"CTKBNB":0,"CTSIBNB":0.0036065828292095466,"DASHBNB":0,"DGBBNB":0,"DIABNB":0,"DOTBNB":0.024229334861148005,"EGLDBNB":0,"ENJBNB":0,"EOSBNB":0,"ETCBNB":0,"FETBNB":0.0036794123168192943,"FILBNB":0.002380103818744618,"FIOBNB":0.0008077832256258764,"FTMBNB":0,"FTTBNB":0.0766202977614483,"HARDBNB":0.04471364231899547,"HBARBNB":0,"HOTBNB":0,"ICPBNB":0,"ICXBNB":0,"INJBNB":0,"IOSTBNB":0.004646793746420073,"IOTABNB":0,"IQBNB":0.025641552181793557,"JSTBNB":0,"KAVABNB":0,"KP3RBNB":0.020278453827683764,"KSMBNB":0,"LTCBNB":0,"LUNABNB":0,"MATICBNB":0.01103747940226847,"MBLBNB":0.009070826353341412,"MFTBNB":0,"MITHBNB":0,"MKRBNB":0.006050996703213792,"NEARBNB":0.016915194498204403,"NEOBNB":0,"NMRBNB":0.01160270367958123,"OCEANBNB":0.012316486537810594,"OGNBNB":0,"ONEBNB":0.009039381979850243,"ONTBNB":0,"PAXGBNB":0.08226856210724766,"PERLBNB":0.0016496688893829152,"PROMBNB":0.012568141672285989,"RSRBNB":0,"RUNEBNB":0.018626512559732196,"RVNBNB":0,"SANDBNB":0,"SCBNB":0.014188127862620706,"SNXBNB":0.004666098178095985,"SOLBNB":0.02449373492964578,"SPARTABNB":0.01275057969158648,"SRMBNB":0.005281015584035114,"STMXBNB":0,"STXBNB":0.011027720460343551,"SUSHIBNB":0.012998693179032565,"SWRVBNB":0.010087844463721686,"SXPBNB":0.014255701191973474,"THETABNB":0.029370123075591816,"TROYBNB":0,"TRXBNB":0.024496928364921424,"UNFIBNB":0.023620979870262755,"UNIBNB":0.0005149174093916783,"VETBNB":0,"VTHOBNB":0,"WABIBNB":0,"WANBNB":0,"WAVESBNB":0,"WINBNB":0.002983202288252886,"WINGBNB":0.00028165074126508636,"WNXMBNB":0,"WRXBNB":0,"WTCBNB":0.00676172585716488,"XLMBNB":0,"XMRBNB":0,"XRPBNB":0.03813395252157728,"XTZBNB":0,"XVSBNB":0.000259826941298616,"YFIBNB":0,"YFIIBNB":0.0067803324240636184,"ZECBNB":0,"ZENBNB":0,"ZILBNB":0},"numerosità_campione":114,"expected_return":0.00010562666755940789,"standard_deviation":0.0012201193587590572,"sharpe_ratio":0.08657076604934559}