{"weights":{"AAVEBNB":0,"ADABNB":0,"ALGOBNB":0,"ALPHABNB":0.022874458597010993,"ANKRBNB":0,"ANTBNB":0,"ARBNB":0.019235778538512965,"ARPABNB":0.007353227936980604,"ATABNB":0,"ATOMBNB":0,"AVABNB":0,"AVAXBNB":0,"AXSBNB":0,"BAKEBNB":0,"BANDBNB":0,"BATBNB":0,"BCHBNB":0,"BELBNB":0.02123724032663957,"BIFIBNB":0.04893649810021567,"BLZBNB":0.007010867883919528,"BTTBNB":0,"BURGERBNB":0.01827142043026333,"CAKEBNB":0.19154407422365943,"CELRBNB":0,"CHRBNB":0,"CHZBNB":0,"COCOSBNB":0,"COSBNB":0.010216922311904873,"COTIBNB":0,"CREAMBNB":0,"CRVBNB":0,"CTKBNB":0,"CTSIBNB":0,"DASHBNB":0.0048652188502660695,"DGBBNB":0.01112109368880583,"DIABNB":0,"DOTBNB":0.012208971183128537,"EGLDBNB":0,"ENJBNB":0,"EOSBNB":0,"ETCBNB":0,"FETBNB":0,"FILBNB":0,"FIOBNB":0.0075762140609193064,"FTMBNB":0,"FTTBNB":0.04912481020832265,"HARDBNB":0.02933967700698846,"HBARBNB":0,"HOTBNB":0,"ICPBNB":0,"ICXBNB":0,"INJBNB":0.009206145028097664,"IOSTBNB":0,"IOTABNB":0,"IQBNB":0,"JSTBNB":0.03201051388020297,"KAVABNB":0,"KP3RBNB":0.007239443377696945,"KSMBNB":0.06562618490760874,"LPTBNB":0.03355793920284764,"LTCBNB":0,"LUNABNB":0,"MASKBNB":0,"MATICBNB":0,"MBLBNB":0,"MDXBNB":0.02824608863936213,"MFTBNB":0.007861225184266548,"MITHBNB":0.015169974049352488,"MKRBNB":0,"NEARBNB":0.04678866855938289,"NEOBNB":0,"NMRBNB":0.003961489023902003,"NUBNB":0,"OCEANBNB":0,"OGNBNB":0,"ONEBNB":0,"ONTBNB":0,"PAXGBNB":0.007806692457428452,"PERLBNB":0.0012041457374548851,"POLSBNB":0,"PROMBNB":0.013540355083165322,"RSRBNB":0,"RUNEBNB":0,"RVNBNB":0,"SANDBNB":0,"SCBNB":0,"SNXBNB":0,"SOLBNB":0.015803378278187286,"SPARTABNB":0.013544201665698207,"SRMBNB":0.0038752195396803604,"STMXBNB":0.008887869391334867,"STXBNB":0,"SUSHIBNB":0,"SWRVBNB":0.008618660632440676,"SXPBNB":0,"THETABNB":0.0228018148494109,"TROYBNB":0.002092902085321307,"TRXBNB":0.02288612868042484,"UNFIBNB":0.01866186193636845,"UNIBNB":0,"VETBNB":0,"VTHOBNB":0,"WABIBNB":0.03889350246452795,"WANBNB":0,"WAVESBNB":0,"WINBNB":0,"WINGBNB":0.01853301346334134,"WNXMBNB":0.001115061929823016,"WRXBNB":0,"WTCBNB":0.007718312995951915,"XLMBNB":0,"XMRBNB":0.004650346489437101,"XRPBNB":0,"XTZBNB":0,"XVSBNB":0,"YFIBNB":0,"YFIIBNB":0.07285844097326864,"ZECBNB":0.005923946146476709,"ZENBNB":0,"ZILBNB":0},"numerosità_campione":900,"expected_return":0.00011997549439664819,"standard_deviation":0.0013435472767201763,"sharpe_ratio":0.08929756062587424}