{"weights":{"AAVEBNB":0,"ADABNB":0,"ALGOBNB":0,"ALPHABNB":0.037679060335777836,"ANKRBNB":0,"ANTBNB":0,"ARBNB":0.011137513198968434,"ARPABNB":0,"ATABNB":0,"ATOMBNB":0,"AVABNB":0.0003904272414317839,"AVAXBNB":0,"AXSBNB":0,"BAKEBNB":0.013284225338909843,"BANDBNB":0,"BATBNB":0,"BCHBNB":0,"BELBNB":0.022855112035893525,"BIFIBNB":0.03321208430018569,"BLZBNB":0,"BTTBNB":0,"BURGERBNB":0.009162067038756203,"CAKEBNB":0.2079712058627235,"CELRBNB":0,"CHRBNB":0,"CHZBNB":0,"COCOSBNB":0,"COSBNB":0.010066898906557133,"COTIBNB":0,"CREAMBNB":0,"CRVBNB":0.002536141837912848,"CTKBNB":0,"CTSIBNB":0,"DASHBNB":0.03422906397935388,"DGBBNB":0.01384624936729583,"DIABNB":0,"DOTBNB":0.009267317677533984,"EGLDBNB":0,"ENJBNB":0,"EOSBNB":0,"ETCBNB":0,"FETBNB":0.007822682962194292,"FILBNB":0,"FIOBNB":0,"FTMBNB":0,"FTTBNB":0.03731210173673893,"HARDBNB":0.016630268825878994,"HBARBNB":0,"HOTBNB":0,"ICPBNB":0,"ICXBNB":0,"INJBNB":0.011908979070794811,"IOSTBNB":0,"IOTABNB":0,"IQBNB":0.00047923258330085657,"JSTBNB":0.018507480891199336,"KAVABNB":0,"KP3RBNB":0.004626961108190004,"KSMBNB":0.02746109653312151,"LPTBNB":0.018832443464570976,"LTCBNB":0,"LUNABNB":0,"MASKBNB":0.0013110157192612476,"MATICBNB":0.003849751997331965,"MBLBNB":0.00046309577646217934,"MDXBNB":0.02105805383250226,"MFTBNB":0.004024693428324179,"MITHBNB":0.007308865690175524,"MKRBNB":0,"NEARBNB":0.03083647065194956,"NEOBNB":0,"NMRBNB":0.0061610163432913425,"NUBNB":0,"OCEANBNB":0.002309373837446398,"OGNBNB":0,"ONEBNB":0,"ONTBNB":0.02313492601619932,"PAXGBNB":0,"PERLBNB":0,"POLSBNB":0.0009511972210079881,"PROMBNB":0.008134467795708927,"RSRBNB":0,"RUNEBNB":0,"RVNBNB":0.011004225620973319,"SANDBNB":0,"SCBNB":0,"SNXBNB":0,"SOLBNB":0.0162943805779166,"SPARTABNB":0.020386541717822577,"SRMBNB":0.01808962413129643,"STMXBNB":0,"STXBNB":0,"SUSHIBNB":0,"SWRVBNB":0.014365045332965818,"SXPBNB":0,"THETABNB":0.012953520229421409,"TROYBNB":0,"TRXBNB":0.03153967587056618,"UNFIBNB":0.02073460249938605,"UNIBNB":0,"VETBNB":0,"VTHOBNB":0,"WABIBNB":0.029390647549853946,"WANBNB":0.022214094746569758,"WAVESBNB":0,"WINBNB":0.010352472912906481,"WINGBNB":0.00863009720832718,"WNXMBNB":0.011159328938098095,"WRXBNB":0.00157373904826282,"WTCBNB":0,"XLMBNB":0,"XMRBNB":0,"XRPBNB":0.03229731893958726,"XTZBNB":0,"XVSBNB":0.0011356070012187975,"YFIBNB":0,"YFIIBNB":0.07410724113394988,"ZECBNB":0.005010293933926428,"ZENBNB":0,"ZILBNB":0},"numerosità_campione":922,"expected_return":0.00006494708356031822,"standard_deviation":0.0011416669909428277,"sharpe_ratio":0.05688794024488936}