{"weights":{"AAVEBNB":0,"ADABNB":0.005109073738703089,"ALGOBNB":0,"ALPHABNB":0,"ANKRBNB":0.01989968115629698,"ANTBNB":0.021809651688495624,"ARBNB":0.005817485425930718,"ARPABNB":0.03077535881079145,"ATOMBNB":0.003410132484753906,"AVABNB":0,"AVAXBNB":0,"AXSBNB":0.006645116944646841,"BAKEBNB":0.010820708909310061,"BANDBNB":0.01774830211234052,"BATBNB":0.008176727507989989,"BCHBNB":0,"BELBNB":0.01565239129661783,"BIFIBNB":0.013540309781402388,"BLZBNB":0.009338522923145817,"BTTBNB":0.006999497116116213,"BURGERBNB":0.005764361476006702,"CAKEBNB":0.15460526002793024,"CELRBNB":0,"CHRBNB":0,"CHZBNB":0,"COCOSBNB":0.015806745822153304,"COSBNB":0.03258310792128058,"COTIBNB":0,"CREAMBNB":0.0032860706316583405,"CRVBNB":0,"CTKBNB":0,"CTSIBNB":0.0003262149205322821,"DASHBNB":0,"DGBBNB":0,"DIABNB":0,"DOTBNB":0.02995565790798696,"EGLDBNB":0.010743060000225447,"ENJBNB":0,"EOSBNB":0,"ETCBNB":0,"FETBNB":0.005119017916378426,"FILBNB":0.007565518521310972,"FIOBNB":0,"FTMBNB":0,"FTTBNB":0.0755982678272416,"HARDBNB":0.04314989768182567,"HBARBNB":0,"HOTBNB":0,"ICPBNB":0,"ICXBNB":0,"INJBNB":0.004385902374820716,"IOSTBNB":0.008521760569004862,"IOTABNB":0,"IQBNB":0.022532457343733416,"JSTBNB":0.0073794843286631535,"KAVABNB":0,"KP3RBNB":0.017748342262524936,"KSMBNB":0,"LTCBNB":0.0012668729022513254,"LUNABNB":0,"MATICBNB":0.004301161193253712,"MBLBNB":0.013645376758815931,"MFTBNB":0.0015634061948240218,"MITHBNB":0,"MKRBNB":0.007384367894615818,"NEARBNB":0.011602257048648318,"NEOBNB":0,"NMRBNB":0.009553344846205377,"OCEANBNB":0.015708123400651204,"OGNBNB":0,"ONEBNB":0.002563144430101324,"ONTBNB":0,"PAXGBNB":0.06459353310878213,"PERLBNB":0.006713485880445762,"PROMBNB":0.013650249466573883,"RSRBNB":0.0031757281600692895,"RUNEBNB":0.013724763488158393,"RVNBNB":0,"SANDBNB":0,"SCBNB":0.017205612197226897,"SNXBNB":0.004784961824766676,"SOLBNB":0.014645176624770762,"SPARTABNB":0.011798341659103564,"SRMBNB":0.0002210555519501061,"STMXBNB":0,"STXBNB":0.0133844732607604,"SUSHIBNB":0,"SWRVBNB":0.006035251373141762,"SXPBNB":0.01251472925853363,"THETABNB":0.015861412241446618,"TROYBNB":0.0001959846078371662,"TRXBNB":0.016980002016336662,"UNFIBNB":0.02432878672727358,"UNIBNB":0.018378619867846287,"VETBNB":0,"VTHOBNB":0,"WABIBNB":0,"WANBNB":0,"WAVESBNB":0,"WINBNB":0.0024292065050434634,"WINGBNB":0,"WNXMBNB":0,"WRXBNB":0,"WTCBNB":0.009021145102406229,"XLMBNB":0,"XMRBNB":0.0016529201055986752,"XRPBNB":0.02479871069089693,"XTZBNB":0,"XVSBNB":0.004996225945210353,"YFIBNB":0.0016496961819082918,"YFIIBNB":0.008857786054726239,"ZECBNB":0,"ZENBNB":0,"ZILBNB":0},"numerosità_campione":114,"expected_return":0.00006392448184233912,"standard_deviation":0.0011520359750866013,"sharpe_ratio":0.055488268790854174}