{"weights":{"AAVEBNB":0,"ADABNB":0.03787000485515873,"ALGOBNB":0,"ALPHABNB":0,"ANKRBNB":0.02187113881857302,"ANTBNB":0.006904939948740853,"ARBNB":0,"ARPABNB":0.014074875897832616,"ATOMBNB":0,"AVABNB":0,"AVAXBNB":0,"AXSBNB":0.0075839699391221154,"BAKEBNB":0.0284002896981832,"BANDBNB":0,"BATBNB":0,"BCHBNB":0,"BELBNB":0,"BIFIBNB":0.022069834425156528,"BLZBNB":0.016668736045871255,"BTTBNB":0,"BURGERBNB":0.00016610822158120438,"CAKEBNB":0.12105593357361542,"CELRBNB":0,"CHRBNB":0,"CHZBNB":0,"COCOSBNB":0.030174932283931876,"COSBNB":0.0064779792561758184,"COTIBNB":0.005494864978864594,"CREAMBNB":0.008926434012764316,"CRVBNB":0,"CTKBNB":0,"CTSIBNB":0.007294208865627693,"DASHBNB":0,"DGBBNB":0,"DIABNB":0,"DOTBNB":0.01135694606461284,"EGLDBNB":0,"ENJBNB":0,"EOSBNB":0,"ETCBNB":0,"FETBNB":0.0014187353436018874,"FILBNB":0,"FIOBNB":0.0019931202257749306,"FTMBNB":0,"FTTBNB":0.07554886145900173,"HARDBNB":0.045379595047157245,"HBARBNB":0,"HOTBNB":0,"ICPBNB":0,"ICXBNB":0,"INJBNB":0,"IOSTBNB":0,"IOTABNB":0,"IQBNB":0.02714313990746094,"JSTBNB":0,"KAVABNB":0,"KP3RBNB":0.021872461204209905,"KSMBNB":0.005020193966560234,"LTCBNB":0,"LUNABNB":0,"MATICBNB":0.019547598719621008,"MBLBNB":0.000028788003390432103,"MFTBNB":0,"MITHBNB":0,"MKRBNB":0.000382385016371521,"NEARBNB":0.02269949887415285,"NEOBNB":0,"NMRBNB":0.014213102601847315,"OCEANBNB":0.00008495627880998564,"OGNBNB":0,"ONEBNB":0.01779540737647678,"ONTBNB":0,"PAXGBNB":0.10561486008734507,"PERLBNB":0,"PROMBNB":0.01179062770607149,"RSRBNB":0,"RUNEBNB":0.024129824259490448,"RVNBNB":0,"SANDBNB":0,"SCBNB":0.004491831342882139,"SNXBNB":0.0011145648241668036,"SOLBNB":0.03790186384082268,"SPARTABNB":0.012909893109262367,"SRMBNB":0.011790762982737284,"STMXBNB":0,"STXBNB":0.003176615663903127,"SUSHIBNB":0.026750664377614326,"SWRVBNB":0.014941588524937486,"SXPBNB":0.012139502176091783,"THETABNB":0.04074383795170368,"TROYBNB":0,"TRXBNB":0.009431532449481134,"UNFIBNB":0.019153110128977295,"UNIBNB":0,"VETBNB":0,"VTHOBNB":0,"WABIBNB":0,"WANBNB":0,"WAVESBNB":0,"WINBNB":0.004703822006800893,"WINGBNB":0.002258034837298484,"WNXMBNB":0.00042944489113233325,"WRXBNB":0,"WTCBNB":0.000885527350698237,"XLMBNB":0,"XMRBNB":0,"XRPBNB":0.05526727524164281,"XTZBNB":0,"XVSBNB":0,"YFIBNB":0,"YFIIBNB":0.0008557753366909934,"ZECBNB":0,"ZENBNB":0,"ZILBNB":0},"numerosità_campione":114,"expected_return":0.00015566929041989052,"standard_deviation":0.0013590429194975993,"sharpe_ratio":0.11454332176458207}