{"weights":{"AAVEBNB":0,"ADABNB":0,"ALGOBNB":0,"ALPHABNB":0.04358308913758169,"ANKRBNB":0,"ANTBNB":0,"ARBNB":0.009980548409438315,"ARPABNB":0.000767212426941163,"ATABNB":0,"ATOMBNB":0,"AVABNB":0,"AVAXBNB":0,"AXSBNB":0,"BAKEBNB":0.021337090994009905,"BANDBNB":0,"BATBNB":0,"BCHBNB":0,"BELBNB":0.02358130937454008,"BIFIBNB":0.030708934513944637,"BLZBNB":0,"BTTBNB":0,"BURGERBNB":0.007289449420402705,"CAKEBNB":0.20485076362249363,"CELRBNB":0,"CHRBNB":0,"CHZBNB":0,"COCOSBNB":0,"COSBNB":0.010321330339900646,"COTIBNB":0,"CREAMBNB":0,"CRVBNB":0.003388203300431615,"CTKBNB":0.00017768317126379984,"CTSIBNB":0,"DASHBNB":0.029863434302341455,"DGBBNB":0.012521295094772891,"DIABNB":0,"DOTBNB":0.011492740615174891,"EGLDBNB":0,"ENJBNB":0,"EOSBNB":0,"ETCBNB":0,"FETBNB":0.007260544539790576,"FILBNB":0,"FIOBNB":0,"FTMBNB":0,"FTTBNB":0.03963533322444279,"HARDBNB":0.010059058265879703,"HBARBNB":0,"HOTBNB":0,"ICPBNB":0,"ICXBNB":0,"INJBNB":0.010718667141937713,"IOSTBNB":0,"IOTABNB":0,"IQBNB":0.002859440230834471,"JSTBNB":0.012672099813122228,"KAVABNB":0,"KP3RBNB":0.004262181867599,"KSMBNB":0.018290256650512367,"LPTBNB":0.016102029950044002,"LTCBNB":0,"LUNABNB":0,"MASKBNB":0.005649904727863614,"MATICBNB":0.012276319022963543,"MBLBNB":0.0020748001149414573,"MDXBNB":0.022762125440154518,"MFTBNB":0.0034087655549157442,"MITHBNB":0.0033463752329130577,"MKRBNB":0,"NEARBNB":0.025371081580880424,"NEOBNB":0,"NMRBNB":0.00643100017232282,"NUBNB":0,"OCEANBNB":0.008000103689584637,"OGNBNB":0,"ONEBNB":0,"ONTBNB":0.027765494592003063,"PAXGBNB":0,"PERLBNB":0,"POLSBNB":0.0002497230122909525,"PROMBNB":0.0078072205018233035,"RSRBNB":0,"RUNEBNB":0,"RVNBNB":0.011157448649033183,"SANDBNB":0,"SCBNB":0.0030939767000505393,"SNXBNB":0,"SOLBNB":0.01355437348454746,"SPARTABNB":0.02018641839346216,"SRMBNB":0.015815612367056246,"STMXBNB":0.004947381055479037,"STXBNB":0,"SUSHIBNB":0,"SWRVBNB":0.015291930921016533,"SXPBNB":0,"THETABNB":0.010313778450631932,"TROYBNB":0,"TRXBNB":0.026498484941997226,"UNFIBNB":0.018519834015973173,"UNIBNB":0,"VETBNB":0,"VTHOBNB":0,"WABIBNB":0.027759883133516843,"WANBNB":0.02178731211681613,"WAVESBNB":0,"WINBNB":0.011284183109709349,"WINGBNB":0.00526740394877109,"WNXMBNB":0.012004809345616131,"WRXBNB":0,"WTCBNB":0,"XLMBNB":0,"XMRBNB":0,"XRPBNB":0.039002615162770676,"XTZBNB":0,"XVSBNB":0.0038750576647065124,"YFIBNB":0,"YFIIBNB":0.08010077837707394,"ZECBNB":0.002673108111714345,"ZENBNB":0,"ZILBNB":0},"numerosità_campione":900,"expected_return":0.0000510504550273066,"standard_deviation":0.0011075878002482305,"sharpe_ratio":0.046091564944887684}