{"weights":{"AAVEBNB":0,"ADABNB":0.050331690181961444,"ALGOBNB":0,"ALPHABNB":0,"ANKRBNB":0.019186823386101837,"ANTBNB":0,"ARBNB":0,"ARPABNB":0.004016509029800935,"ATOMBNB":0,"AVABNB":0,"AVAXBNB":0,"AXSBNB":0.004378760989892323,"BAKEBNB":0.03609761395552272,"BANDBNB":0,"BATBNB":0,"BCHBNB":0,"BELBNB":0,"BIFIBNB":0.025105946084592386,"BLZBNB":0.017829811408764825,"BTTBNB":0,"BURGERBNB":0,"CAKEBNB":0.09893501516879591,"CELRBNB":0,"CHRBNB":0,"CHZBNB":0,"COCOSBNB":0.034123392210930026,"COSBNB":0,"COTIBNB":0.00895497514982117,"CREAMBNB":0.01049366700050348,"CRVBNB":0,"CTKBNB":0,"CTSIBNB":0.009511700756766599,"DASHBNB":0,"DGBBNB":0,"DIABNB":0,"DOTBNB":0,"EGLDBNB":0,"ENJBNB":0,"EOSBNB":0,"ETCBNB":0,"FETBNB":0,"FILBNB":0,"FIOBNB":0,"FTMBNB":0,"FTTBNB":0.06371296607838838,"HARDBNB":0.043786426749875686,"HBARBNB":0,"HOTBNB":0,"ICPBNB":0,"ICXBNB":0,"INJBNB":0,"IOSTBNB":0,"IOTABNB":0,"IQBNB":0.025391106201182345,"JSTBNB":0,"KAVABNB":0,"KP3RBNB":0.020491662864341214,"KSMBNB":0.008532602324324992,"LTCBNB":0,"LUNABNB":0,"MATICBNB":0.02505070577436536,"MBLBNB":0,"MFTBNB":0,"MITHBNB":0,"MKRBNB":0,"NEARBNB":0.0261888379324385,"NEOBNB":0,"NMRBNB":0.016056763825825184,"OCEANBNB":0,"OGNBNB":0,"ONEBNB":0.024280133618915983,"ONTBNB":0,"PAXGBNB":0.12318675655063613,"PERLBNB":0,"PROMBNB":0.010185263799918819,"RSRBNB":0,"RUNEBNB":0.026808775501008197,"RVNBNB":0,"SANDBNB":0,"SCBNB":0,"SNXBNB":0,"SOLBNB":0.04794167983250397,"SPARTABNB":0.012561232579408443,"SRMBNB":0.015371324028183584,"STMXBNB":0,"STXBNB":0,"SUSHIBNB":0.03452017814141912,"SWRVBNB":0.017818912992502954,"SXPBNB":0.006750123512195779,"THETABNB":0.04292517892054305,"TROYBNB":0,"TRXBNB":0,"UNFIBNB":0.013596722362155013,"UNIBNB":0,"VETBNB":0,"VTHOBNB":0,"WABIBNB":0,"WANBNB":0,"WAVESBNB":0,"WINBNB":0.004909771655713582,"WINGBNB":0.003430482469844554,"WNXMBNB":0.0005700353045888283,"WRXBNB":0,"WTCBNB":0,"XLMBNB":0,"XMRBNB":0,"XRPBNB":0.06696645165626644,"XTZBNB":0,"XVSBNB":0,"YFIBNB":0,"YFIIBNB":0,"ZECBNB":0,"ZENBNB":0,"ZILBNB":0},"numerosità_campione":114,"expected_return":0.00018486082042183866,"standard_deviation":0.001470101768983175,"sharpe_ratio":0.12574695461369406}