{"weights":{"AAVEBNB":0,"ADABNB":0,"ALGOBNB":0,"ALPHABNB":0,"ANKRBNB":0,"ANTBNB":0,"ARBNB":0.028638341591031492,"ARPABNB":0.005252916759798025,"ATABNB":0,"ATOMBNB":0,"AVABNB":0,"AVAXBNB":0,"AXSBNB":0,"BAKEBNB":0,"BANDBNB":0,"BATBNB":0,"BCHBNB":0,"BELBNB":0.01186793696061366,"BIFIBNB":0.06362909179048923,"BLZBNB":0.013562264183737722,"BTTBNB":0,"BURGERBNB":0.028910788148070483,"CAKEBNB":0.1562091473202633,"CELRBNB":0,"CHRBNB":0,"CHZBNB":0,"COCOSBNB":0,"COSBNB":0.006988791189968055,"COTIBNB":0,"CREAMBNB":0,"CRVBNB":0,"CTKBNB":0,"CTSIBNB":0,"DASHBNB":0,"DGBBNB":0.0038476577891742485,"DIABNB":0,"DOTBNB":0,"EGLDBNB":0,"ENJBNB":0,"EOSBNB":0,"ETCBNB":0,"FETBNB":0,"FILBNB":0,"FIOBNB":0.018453889047828943,"FTMBNB":0,"FTTBNB":0.026630551528878103,"HARDBNB":0.050079001790053514,"HBARBNB":0,"HOTBNB":0,"ICPBNB":0,"ICXBNB":0,"INJBNB":0,"IOSTBNB":0,"IOTABNB":0,"IQBNB":0,"JSTBNB":0.04484485317900341,"KAVABNB":0,"KP3RBNB":0.010574260629754039,"KSMBNB":0.11347781846140326,"LPTBNB":0.046745773845942626,"LTCBNB":0,"LUNABNB":0,"MASKBNB":0,"MATICBNB":0,"MBLBNB":0,"MDXBNB":0.03068225436543254,"MFTBNB":0.012503797834528468,"MITHBNB":0.026520890922152096,"MKRBNB":0,"NEARBNB":0.05729071256626832,"NEOBNB":0,"NMRBNB":0,"NUBNB":0,"OCEANBNB":0,"OGNBNB":0,"ONEBNB":0,"ONTBNB":0,"PAXGBNB":0.027367499692128962,"PERLBNB":0.0012778950066158052,"POLSBNB":0,"PROMBNB":0.019166424765118584,"RSRBNB":0,"RUNEBNB":0,"RVNBNB":0,"SANDBNB":0,"SCBNB":0,"SNXBNB":0,"SOLBNB":0.009020796623226615,"SPARTABNB":0.0014307307553454098,"SRMBNB":0,"STMXBNB":0.0014967927862413375,"STXBNB":0,"SUSHIBNB":0,"SWRVBNB":0,"SXPBNB":0,"THETABNB":0.024477355379686257,"TROYBNB":0.006915044247084451,"TRXBNB":0,"UNFIBNB":0.011890803810136548,"UNIBNB":0,"VETBNB":0,"VTHOBNB":0,"WABIBNB":0.04977940471344141,"WANBNB":0,"WAVESBNB":0,"WINBNB":0,"WINGBNB":0.027589005130005104,"WNXMBNB":0,"WRXBNB":0,"WTCBNB":0.014939025507987183,"XLMBNB":0,"XMRBNB":0.011345056065882382,"XRPBNB":0,"XTZBNB":0,"XVSBNB":0,"YFIBNB":0,"YFIIBNB":0.03659342561270827,"ZECBNB":0,"ZENBNB":0,"ZILBNB":0},"numerosità_campione":900,"expected_return":0.00017636870842610948,"standard_deviation":0.0017103821128432587,"sharpe_ratio":0.10311655337234699}