{"weights":{"AAVEBNB":0,"ADABNB":0,"ALGOBNB":0,"ALPHABNB":0.036085328308388155,"ANKRBNB":0,"ANTBNB":0,"ARBNB":0.01191788869900473,"ARPABNB":0.00047866661514140503,"ATABNB":0,"ATOMBNB":0,"AVABNB":0.001278064555407479,"AVAXBNB":0,"AXSBNB":0,"BAKEBNB":0.008915256241756845,"BANDBNB":0,"BATBNB":0,"BCHBNB":0,"BELBNB":0.022582793389872905,"BIFIBNB":0.03483591449366599,"BLZBNB":0,"BTTBNB":0,"BURGERBNB":0.010306046823410388,"CAKEBNB":0.20851039404262292,"CELRBNB":0,"CHRBNB":0,"CHZBNB":0,"COCOSBNB":0,"COSBNB":0.010422456394039197,"COTIBNB":0,"CREAMBNB":0,"CRVBNB":0.0020467757909060085,"CTKBNB":0,"CTSIBNB":0,"DASHBNB":0.03300663013213565,"DGBBNB":0.013973382130680629,"DIABNB":0,"DOTBNB":0.009265610814130264,"EGLDBNB":0,"ENJBNB":0,"EOSBNB":0,"ETCBNB":0,"FETBNB":0.0071357954512292834,"FILBNB":0,"FIOBNB":0.0007642861907824524,"FTMBNB":0,"FTTBNB":0.03831614382531541,"HARDBNB":0.018908155853872177,"HBARBNB":0,"HOTBNB":0,"ICPBNB":0,"ICXBNB":0,"INJBNB":0.012344340701229806,"IOSTBNB":0,"IOTABNB":0,"IQBNB":0.00005072136092549675,"JSTBNB":0.020599288864682215,"KAVABNB":0,"KP3RBNB":0.0048363401243545325,"KSMBNB":0.03191770580020316,"LPTBNB":0.020033973357311066,"LTCBNB":0.001137863787591638,"LUNABNB":0,"MASKBNB":0,"MATICBNB":0,"MBLBNB":0,"MDXBNB":0.021390132014976075,"MFTBNB":0.004412803146652699,"MITHBNB":0.008645606641055296,"MKRBNB":0,"NEARBNB":0.0335993235221158,"NEOBNB":0,"NMRBNB":0.005893456323845019,"NUBNB":0,"OCEANBNB":0,"OGNBNB":0,"ONEBNB":0,"ONTBNB":0.020361834749699135,"PAXGBNB":0,"PERLBNB":0,"POLSBNB":0.0005558117209857442,"PROMBNB":0.008617458299400717,"RSRBNB":0,"RUNEBNB":0,"RVNBNB":0.009564076151784716,"SANDBNB":0,"SCBNB":0,"SNXBNB":0,"SOLBNB":0.017224523266923843,"SPARTABNB":0.020169047381506457,"SRMBNB":0.018296755825402924,"STMXBNB":0,"STXBNB":0,"SUSHIBNB":0,"SWRVBNB":0.013958954439512639,"SXPBNB":0,"THETABNB":0.015066546659494306,"TROYBNB":0,"TRXBNB":0.031640338689165125,"UNFIBNB":0.021149242625922028,"UNIBNB":0,"VETBNB":0,"VTHOBNB":0,"WABIBNB":0.030117083133937524,"WANBNB":0.020764171573639096,"WAVESBNB":0,"WINBNB":0.00916836137990472,"WINGBNB":0.010248993604746496,"WNXMBNB":0.010357440788434157,"WRXBNB":0.0010158671231159987,"WTCBNB":0,"XLMBNB":0,"XMRBNB":0,"XRPBNB":0.029017538761029887,"XTZBNB":0,"XVSBNB":0.00016024184392941183,"YFIBNB":0,"YFIIBNB":0.07323525564008944,"ZECBNB":0.005699310944071184,"ZENBNB":0,"ZILBNB":0},"numerosità_campione":922,"expected_return":0.00007318683114155503,"standard_deviation":0.0011620943240991397,"sharpe_ratio":0.0629783913610367}