{"weights":{"AAVEBNB":0,"ADABNB":0.022259411491758533,"ALGOBNB":0,"ALPHABNB":0,"ANKRBNB":0.021673752571831642,"ANTBNB":0.015358989370157713,"ARBNB":0.0029511435853776307,"ARPABNB":0.022776929512501622,"ATOMBNB":0.0035797671007594296,"AVABNB":0.0003568381268074817,"AVAXBNB":0,"AXSBNB":0.008318365623269021,"BAKEBNB":0.019571434600910195,"BANDBNB":0.00526552647704044,"BATBNB":0,"BCHBNB":0,"BELBNB":0.00004353388480892686,"BIFIBNB":0.01821784835008045,"BLZBNB":0.013645144081694451,"BTTBNB":0,"BURGERBNB":0.002819918536005874,"CAKEBNB":0.14049016405951972,"CELRBNB":0,"CHRBNB":0,"CHZBNB":0,"COCOSBNB":0.0238539447865928,"COSBNB":0.02304508525103296,"COTIBNB":0.0017654910483764544,"CREAMBNB":0.00629204636975238,"CRVBNB":0,"CTKBNB":0,"CTSIBNB":0.0042221498807342725,"DASHBNB":0,"DGBBNB":0,"DIABNB":0,"DOTBNB":0.02252532586176902,"EGLDBNB":0,"ENJBNB":0,"EOSBNB":0,"ETCBNB":0,"FETBNB":0.003334988651136223,"FILBNB":0.00047791835710367885,"FIOBNB":0.0013295842657204179,"FTMBNB":0,"FTTBNB":0.07647078672724171,"HARDBNB":0.04488755533057108,"HBARBNB":0,"HOTBNB":0,"ICPBNB":0,"ICXBNB":0,"INJBNB":0,"IOSTBNB":0.003380525158429694,"IOTABNB":0,"IQBNB":0.026048281531031472,"JSTBNB":0,"KAVABNB":0,"KP3RBNB":0.02075887808320703,"KSMBNB":0.00042197980304966307,"LTCBNB":0,"LUNABNB":0,"MATICBNB":0.0124054301367066,"MBLBNB":0.007998817074040047,"MFTBNB":0,"MITHBNB":0,"MKRBNB":0.005543856643836786,"NEARBNB":0.01791227458128036,"NEOBNB":0,"NMRBNB":0.012032524318274364,"OCEANBNB":0.010930604240726453,"OGNBNB":0,"ONEBNB":0.010361453787105287,"ONTBNB":0,"PAXGBNB":0.08579713958203491,"PERLBNB":0.0003811824399803355,"PROMBNB":0.012428849675775826,"RSRBNB":0,"RUNEBNB":0.01959317988792654,"RVNBNB":0,"SANDBNB":0,"SCBNB":0.012839904404168987,"SNXBNB":0.0044588446450562575,"SOLBNB":0.026507889584990195,"SPARTABNB":0.01290037810309139,"SRMBNB":0.0062916533572720075,"STMXBNB":0,"STXBNB":0.010129126067931099,"SUSHIBNB":0.015311521172096557,"SWRVBNB":0.010907999425314828,"SXPBNB":0.014158829431067024,"THETABNB":0.031712784283665585,"TROYBNB":0,"TRXBNB":0.023024619008367667,"UNFIBNB":0.023290774313219114,"UNIBNB":0,"VETBNB":0,"VTHOBNB":0,"WABIBNB":0,"WANBNB":0,"WAVESBNB":0,"WINBNB":0.0031537385626762915,"WINGBNB":0.0006214924034011372,"WNXMBNB":0,"WRXBNB":0,"WTCBNB":0.006070415903270431,"XLMBNB":0,"XMRBNB":0,"XRPBNB":0.04085295868317854,"XTZBNB":0,"XVSBNB":0,"YFIBNB":0,"YFIIBNB":0.006238449805273414,"ZECBNB":0,"ZENBNB":0,"ZILBNB":0},"numerosità_campione":114,"expected_return":0.00011396710470282169,"standard_deviation":0.0012387206964688795,"sharpe_ratio":0.09200387547225009}