{"weights":{"AAVEBNB":0,"ADABNB":0.06263855901385001,"ALGOBNB":0,"ALPHABNB":0,"ANKRBNB":0.01296617811222825,"ANTBNB":0,"ARBNB":0,"ARPABNB":0,"ATOMBNB":0,"AVABNB":0,"AVAXBNB":0,"AXSBNB":0,"BAKEBNB":0.04457082015494768,"BANDBNB":0,"BATBNB":0,"BCHBNB":0,"BELBNB":0,"BIFIBNB":0.02849246700087691,"BLZBNB":0.018029489512813992,"BTTBNB":0,"BURGERBNB":0,"CAKEBNB":0.06128637867209432,"CELRBNB":0,"CHRBNB":0,"CHZBNB":0,"COCOSBNB":0.035137154652380626,"COSBNB":0,"COTIBNB":0.012117196751937006,"CREAMBNB":0.0118160541454745,"CRVBNB":0,"CTKBNB":0,"CTSIBNB":0.011801391788374032,"DASHBNB":0,"DGBBNB":0,"DIABNB":0,"DOTBNB":0,"EGLDBNB":0,"ENJBNB":0,"EOSBNB":0,"ETCBNB":0,"FETBNB":0,"FILBNB":0,"FIOBNB":0,"FTMBNB":0,"FTTBNB":0.04102599531253474,"HARDBNB":0.0396308016351603,"HBARBNB":0,"HOTBNB":0,"ICPBNB":0,"ICXBNB":0,"INJBNB":0,"IOSTBNB":0,"IOTABNB":0,"IQBNB":0.021193000686852332,"JSTBNB":0,"KAVABNB":0,"KP3RBNB":0.016704492939302644,"KSMBNB":0.010378889984017807,"LTCBNB":0,"LUNABNB":0,"MATICBNB":0.030891372956465775,"MBLBNB":0,"MFTBNB":0,"MITHBNB":0,"MKRBNB":0,"NEARBNB":0.029620326734432892,"NEOBNB":0,"NMRBNB":0.018320146569161075,"OCEANBNB":0,"OGNBNB":0,"ONEBNB":0.031433453819673426,"ONTBNB":0,"PAXGBNB":0.1445222073250436,"PERLBNB":0,"PROMBNB":0.007449895062606873,"RSRBNB":0,"RUNEBNB":0.027834962802238343,"RVNBNB":0,"SANDBNB":0,"SCBNB":0,"SNXBNB":0,"SOLBNB":0.05978554747187577,"SPARTABNB":0.0115095961229023,"SRMBNB":0.01930108665591902,"STMXBNB":0,"STXBNB":0,"SUSHIBNB":0.03906752831816939,"SWRVBNB":0.020148706831338754,"SXPBNB":0,"THETABNB":0.042880569973353676,"TROYBNB":0,"TRXBNB":0,"UNFIBNB":0.0032045200899788536,"UNIBNB":0,"VETBNB":0,"VTHOBNB":0,"WABIBNB":0,"WANBNB":0,"WAVESBNB":0,"WINBNB":0.003542957423280647,"WINGBNB":0.005077577663337614,"WNXMBNB":0,"WRXBNB":0,"WTCBNB":0,"XLMBNB":0,"XMRBNB":0,"XRPBNB":0.07762067381737672,"XTZBNB":0,"XVSBNB":0,"YFIBNB":0,"YFIIBNB":0,"ZECBNB":0,"ZENBNB":0,"ZILBNB":0},"numerosità_campione":114,"expected_return":0.00021405235042378675,"standard_deviation":0.0016080940871914984,"sharpe_ratio":0.13310934486279005}