{"weights":{"AAVEBNB":0,"ADABNB":0.018047170583964184,"ALGOBNB":0,"ALPHABNB":0,"ANKRBNB":0.021444740368101747,"ANTBNB":0.017243488914953607,"ARBNB":0.0036692115338852567,"ARPABNB":0.02509507916292454,"ATOMBNB":0.0040028723235169626,"AVABNB":0.00025862727717801,"AVAXBNB":0,"AXSBNB":0.008124835098642867,"BAKEBNB":0.017209737340163775,"BANDBNB":0.009322634919392002,"BATBNB":0,"BCHBNB":0,"BELBNB":0.004368028235043735,"BIFIBNB":0.017168139930881253,"BLZBNB":0.012580402196590828,"BTTBNB":0,"BURGERBNB":0.0036262925300207965,"CAKEBNB":0.1448493466247582,"CELRBNB":0,"CHRBNB":0,"CHZBNB":0,"COCOSBNB":0.021986739434989275,"COSBNB":0.02616581169183622,"COTIBNB":0.0006493609941690259,"CREAMBNB":0.005494458834765129,"CRVBNB":0,"CTKBNB":0,"CTSIBNB":0.003280433708290884,"DASHBNB":0,"DGBBNB":0,"DIABNB":0,"DOTBNB":0.024820480488935863,"EGLDBNB":0.0010661157329134024,"ENJBNB":0,"EOSBNB":0,"ETCBNB":0,"FETBNB":0.003803819737544744,"FILBNB":0.003076176512863093,"FIOBNB":0.0004938406227231264,"FTMBNB":0,"FTTBNB":0.07661255483808571,"HARDBNB":0.044577771793427694,"HBARBNB":0,"HOTBNB":0,"ICPBNB":0,"ICXBNB":0,"INJBNB":0,"IOSTBNB":0.005175997549517419,"IOTABNB":0,"IQBNB":0.025353158409946182,"JSTBNB":0.000894649482341818,"KAVABNB":0,"KP3RBNB":0.02003153846788144,"KSMBNB":0,"LTCBNB":0,"LUNABNB":0,"MATICBNB":0.010391928543554824,"MBLBNB":0.009637330030755797,"MFTBNB":0,"MITHBNB":0,"MKRBNB":0.006316251318069246,"NEARBNB":0.016416337155722324,"NEOBNB":0,"NMRBNB":0.011409829430517748,"OCEANBNB":0.01280410946662806,"OGNBNB":0,"ONEBNB":0.008413384393746039,"ONTBNB":0,"PAXGBNB":0.08057742704986398,"PERLBNB":0.0022001231717129464,"PROMBNB":0.012697323977624075,"RSRBNB":0,"RUNEBNB":0.018178576846096667,"RVNBNB":0,"SANDBNB":0,"SCBNB":0.01460631909869655,"SNXBNB":0.004708410094842082,"SOLBNB":0.0235023994330052,"SPARTABNB":0.012642865255768354,"SRMBNB":0.004785490180706432,"STMXBNB":0,"STXBNB":0.011321054398099658,"SUSHIBNB":0.011612733803572344,"SWRVBNB":0.00970009316880363,"SXPBNB":0.014182457219289717,"THETABNB":0.028043026690487603,"TROYBNB":0,"TRXBNB":0.024155710292391528,"UNFIBNB":0.023730915344170767,"UNIBNB":0.0026842008922645213,"VETBNB":0,"VTHOBNB":0,"WABIBNB":0,"WANBNB":0,"WAVESBNB":0,"WINBNB":0.002974680891736586,"WINGBNB":0.00009467556105007406,"WNXMBNB":0,"WRXBNB":0,"WTCBNB":0.007021413873414919,"XLMBNB":0,"XMRBNB":0,"XRPBNB":0.03688853136677236,"XTZBNB":0,"XVSBNB":0.0007645321505088048,"YFIBNB":0,"YFIIBNB":0.0070443535598785625,"ZECBNB":0,"ZENBNB":0,"ZILBNB":0},"numerosità_campione":114,"expected_return":0.00010145644898770101,"standard_deviation":0.0012114531613663143,"sharpe_ratio":0.08374772729411617}