{"weights":{"AAVEBNB":0,"ADABNB":0,"ALGOBNB":0,"ALPHABNB":0.04413851908668953,"ANKRBNB":0,"ANTBNB":0,"ARBNB":0.008211423723091908,"ARPABNB":0,"ATABNB":0.0006413847843373072,"ATOMBNB":0,"AVABNB":0,"AVAXBNB":0.0013920989167656391,"AXSBNB":0,"BAKEBNB":0.026907037856296875,"BANDBNB":0,"BATBNB":0,"BCHBNB":0,"BELBNB":0.022950676895283822,"BIFIBNB":0.02633795444082565,"BLZBNB":0,"BTTBNB":0,"BURGERBNB":0.0045041464692298794,"CAKEBNB":0.2046460982066518,"CELRBNB":0,"CHRBNB":0,"CHZBNB":0,"COCOSBNB":0,"COSBNB":0.008654242742739003,"COTIBNB":0,"CREAMBNB":0,"CRVBNB":0.0030310473166112193,"CTKBNB":0.005624508393181727,"CTSIBNB":0,"DASHBNB":0.03791428472839718,"DGBBNB":0.012341820964966383,"DIABNB":0,"DOTBNB":0.007731149554631746,"EGLDBNB":0,"ENJBNB":0.0017422359107387444,"EOSBNB":0.006543170066755447,"ETCBNB":0,"FETBNB":0.009020527691689317,"FILBNB":0,"FIOBNB":0,"FTMBNB":0.0005221442809568964,"FTTBNB":0.03351321398916386,"HARDBNB":0.007879973825561425,"HBARBNB":0,"HOTBNB":0,"ICPBNB":0.0023755686337223127,"ICXBNB":0,"INJBNB":0.008070465853367187,"IOSTBNB":0,"IOTABNB":0,"IQBNB":0.002044531653216655,"JSTBNB":0.010723203042375184,"KAVABNB":0,"KP3RBNB":0.003763167025129982,"KSMBNB":0.009490811811219763,"LPTBNB":0.014157032507411665,"LTCBNB":0,"LUNABNB":0,"MASKBNB":0.011456918206441333,"MATICBNB":0.01993120836666547,"MBLBNB":0.0012093891082927562,"MDXBNB":0.01997248879708612,"MFTBNB":0.0024028717434855682,"MITHBNB":0.002064304442682066,"MKRBNB":0.0029745180521104763,"NEARBNB":0.01993658302731591,"NEOBNB":0,"NMRBNB":0.0066637134115355365,"NUBNB":0,"OCEANBNB":0.01158695866991774,"OGNBNB":0,"ONEBNB":0,"ONTBNB":0.03134733417243485,"PAXGBNB":0,"PERLBNB":0,"POLSBNB":0.0020149626471006915,"PROMBNB":0.005981771757873601,"RSRBNB":0,"RUNEBNB":0,"RVNBNB":0.014099691846079954,"SANDBNB":0,"SCBNB":0.0014291152420200456,"SNXBNB":0,"SOLBNB":0.011432503962929677,"SPARTABNB":0.021354752003665996,"SRMBNB":0.015300004463411333,"STMXBNB":0,"STXBNB":0.000544229293688352,"SUSHIBNB":0,"SWRVBNB":0.015867167343558933,"SXPBNB":0.0052668880518806395,"THETABNB":0.0039038510473825916,"TROYBNB":0,"TRXBNB":0.024493710181596136,"UNFIBNB":0.0187085082824648,"UNIBNB":0,"VETBNB":0,"VTHOBNB":0,"WABIBNB":0.025671256408375323,"WANBNB":0.027415927937914853,"WAVESBNB":0,"WINBNB":0.015553843311813063,"WINGBNB":0.0022866138256906507,"WNXMBNB":0.013792237925309314,"WRXBNB":0.0025962591128693537,"WTCBNB":0,"XLMBNB":0,"XMRBNB":0,"XRPBNB":0.03705250984328334,"XTZBNB":0,"XVSBNB":0.0042721457059955855,"YFIBNB":0,"YFIIBNB":0.07482005795998536,"ZECBNB":0.001723263476134621,"ZENBNB":0,"ZILBNB":0},"numerosità_campione":922,"expected_return":0.00003198809323537085,"standard_deviation":0.001089541324932477,"sharpe_ratio":0.029359228974039395}