{"weights":{"AAVEBNB":0,"ADABNB":0,"ALGOBNB":0,"ALPHABNB":0.041012135431294366,"ANKRBNB":0,"ANTBNB":0,"ARBNB":0.00965606901330132,"ARPABNB":0,"ATABNB":0,"ATOMBNB":0,"AVABNB":0,"AVAXBNB":0,"AXSBNB":0,"BAKEBNB":0.02092924084171135,"BANDBNB":0,"BATBNB":0,"BCHBNB":0,"BELBNB":0.023058281771322072,"BIFIBNB":0.02963194735947866,"BLZBNB":0,"BTTBNB":0,"BURGERBNB":0.006731207206991482,"CAKEBNB":0.20634151435766662,"CELRBNB":0,"CHRBNB":0,"CHZBNB":0,"COCOSBNB":0,"COSBNB":0.009331726607639515,"COTIBNB":0,"CREAMBNB":0,"CRVBNB":0.003087260523515682,"CTKBNB":0.0032281043840926005,"CTSIBNB":0,"DASHBNB":0.03669995839166478,"DGBBNB":0.013318956071635702,"DIABNB":0,"DOTBNB":0.009044401567268413,"EGLDBNB":0,"ENJBNB":0,"EOSBNB":0.0003513175012150548,"ETCBNB":0,"FETBNB":0.008598422735669542,"FILBNB":0,"FIOBNB":0,"FTMBNB":0,"FTTBNB":0.035503228210307346,"HARDBNB":0.01201203937184106,"HBARBNB":0,"HOTBNB":0,"ICPBNB":0,"ICXBNB":0,"INJBNB":0.010134963711664674,"IOSTBNB":0,"IOTABNB":0,"IQBNB":0.0012478757400036843,"JSTBNB":0.01439239793570413,"KAVABNB":0,"KP3RBNB":0.0042577906257476655,"KSMBNB":0.01802917794435141,"LPTBNB":0.016277832737141423,"LTCBNB":0,"LUNABNB":0,"MASKBNB":0.007034493289267732,"MATICBNB":0.013196964519807066,"MBLBNB":0.0008952365728554949,"MDXBNB":0.020502082369414604,"MFTBNB":0.0031724695242745233,"MITHBNB":0.004531555035830367,"MKRBNB":0,"NEARBNB":0.025035378322976375,"NEOBNB":0,"NMRBNB":0.0064381839183695775,"NUBNB":0,"OCEANBNB":0.007406507762959244,"OGNBNB":0,"ONEBNB":0,"ONTBNB":0.027933308892350007,"PAXGBNB":0,"PERLBNB":0,"POLSBNB":0.0014591363565264763,"PROMBNB":0.0070216097182072045,"RSRBNB":0,"RUNEBNB":0,"RVNBNB":0.012882445408796354,"SANDBNB":0,"SCBNB":0.0007727146590209394,"SNXBNB":0,"SOLBNB":0.013978861929498662,"SPARTABNB":0.020812483826314655,"SRMBNB":0.016878969073769207,"STMXBNB":0,"STXBNB":0,"SUSHIBNB":0,"SWRVBNB":0.015260444358276618,"SXPBNB":0.0013465297947464628,"THETABNB":0.008253606194316969,"TROYBNB":0,"TRXBNB":0.028944564960328538,"UNFIBNB":0.019677222851666253,"UNIBNB":0,"VETBNB":0,"VTHOBNB":0,"WABIBNB":0.027446136789019835,"WANBNB":0.025053959251515167,"WAVESBNB":0,"WINBNB":0.013179514675824313,"WINGBNB":0.005402427486832107,"WNXMBNB":0.012632419657472187,"WRXBNB":0.0023790116624946484,"WTCBNB":0,"XLMBNB":0,"XMRBNB":0,"XRPBNB":0.03609658144584582,"XTZBNB":0,"XVSBNB":0.0026833295316465557,"YFIBNB":0,"YFIIBNB":0.07515890905784978,"ZECBNB":0.0036570910606975996,"ZENBNB":0,"ZILBNB":0},"numerosità_campione":922,"expected_return":0.000048467588397844535,"standard_deviation":0.0011095590526012619,"sharpe_ratio":0.0436818466617136}