{"weights":{"AAVEBNB":0,"ADABNB":0,"ALGOBNB":0,"ALPHABNB":0.004798071058612042,"ANKRBNB":0,"ANTBNB":0,"ARBNB":0.024518385587322847,"ARPABNB":0.006749381245661813,"ATABNB":0,"ATOMBNB":0,"AVABNB":0,"AVAXBNB":0,"AXSBNB":0,"BAKEBNB":0,"BANDBNB":0,"BATBNB":0,"BCHBNB":0,"BELBNB":0.017512971471218337,"BIFIBNB":0.05718094774426,"BLZBNB":0.010456136614360966,"BTTBNB":0,"BURGERBNB":0.02406686347228451,"CAKEBNB":0.17564556179227456,"CELRBNB":0,"CHRBNB":0,"CHZBNB":0,"COCOSBNB":0,"COSBNB":0.009316518183838534,"COTIBNB":0,"CREAMBNB":0,"CRVBNB":0,"CTKBNB":0,"CTSIBNB":0,"DASHBNB":0,"DGBBNB":0.007997744283491265,"DIABNB":0,"DOTBNB":0.0020658113126745545,"EGLDBNB":0,"ENJBNB":0,"EOSBNB":0,"ETCBNB":0,"FETBNB":0,"FILBNB":0,"FIOBNB":0.013226096230588914,"FTMBNB":0,"FTTBNB":0.041311132440443564,"HARDBNB":0.04038654438006823,"HBARBNB":0,"HOTBNB":0,"ICPBNB":0,"ICXBNB":0,"INJBNB":0.002538034157218675,"IOSTBNB":0,"IOTABNB":0,"IQBNB":0,"JSTBNB":0.040700763617034647,"KAVABNB":0,"KP3RBNB":0.008851823118564502,"KSMBNB":0.09178986229492099,"LPTBNB":0.04127954098294784,"LTCBNB":0,"LUNABNB":0,"MASKBNB":0,"MATICBNB":0,"MBLBNB":0,"MDXBNB":0.029665956297029804,"MFTBNB":0.010255351610058229,"MITHBNB":0.02126425957767878,"MKRBNB":0,"NEARBNB":0.05351602455235403,"NEOBNB":0,"NMRBNB":0,"NUBNB":0,"OCEANBNB":0,"OGNBNB":0,"ONEBNB":0,"ONTBNB":0,"PAXGBNB":0.02117090515705221,"PERLBNB":0.0015054990226644486,"POLSBNB":0,"PROMBNB":0.016383495306319072,"RSRBNB":0,"RUNEBNB":0,"RVNBNB":0,"SANDBNB":0,"SCBNB":0,"SNXBNB":0,"SOLBNB":0.012974862672757229,"SPARTABNB":0.007819951834083884,"SRMBNB":0,"STMXBNB":0.0061516353518172645,"STXBNB":0,"SUSHIBNB":0,"SWRVBNB":0.002691019246296612,"SXPBNB":0,"THETABNB":0.02449850768744045,"TROYBNB":0.0048964357818523626,"TRXBNB":0,"UNFIBNB":0.01590969405376742,"UNIBNB":0,"VETBNB":0,"VTHOBNB":0,"WABIBNB":0.04524368574833709,"WANBNB":0,"WAVESBNB":0,"WINBNB":0,"WINGBNB":0.023675108294926916,"WNXMBNB":0,"WRXBNB":0,"WTCBNB":0.012188373727982375,"XLMBNB":0,"XMRBNB":0.009592235514634857,"XRPBNB":0,"XTZBNB":0,"XVSBNB":0,"YFIBNB":0,"YFIIBNB":0.05831563493459848,"ZECBNB":0.0018891736405615206,"ZENBNB":0,"ZILBNB":0},"numerosità_campione":900,"expected_return":0.00015130505774634882,"standard_deviation":0.0015302583815125885,"sharpe_ratio":0.09887549682739909}