{"weights":{"AAVEBNB":0,"ADABNB":0.02992508518848391,"ALGOBNB":0,"ALPHABNB":0,"ANKRBNB":0.02188410782324675,"ANTBNB":0.011226050522960412,"ARBNB":0.0013477423556217216,"ARPABNB":0.018584250947772312,"ATOMBNB":0.0015958214231626537,"AVABNB":0.00018217413212834676,"AVAXBNB":0,"AXSBNB":0.008026745771822441,"BAKEBNB":0.0239260610704739,"BANDBNB":0,"BATBNB":0,"BCHBNB":0,"BELBNB":0,"BIFIBNB":0.020118169639668566,"BLZBNB":0.01521930081319884,"BTTBNB":0,"BURGERBNB":0.0014879704756922945,"CAKEBNB":0.1311031502385529,"CELRBNB":0,"CHRBNB":0,"CHZBNB":0,"COCOSBNB":0.026880204432204097,"COSBNB":0.015116374354174771,"COTIBNB":0.003644126737878757,"CREAMBNB":0.007671177025409237,"CRVBNB":0,"CTKBNB":0,"CTSIBNB":0.005764609863825441,"DASHBNB":0,"DGBBNB":0,"DIABNB":0,"DOTBNB":0.01718812264244256,"EGLDBNB":0,"ENJBNB":0,"EOSBNB":0,"ETCBNB":0,"FETBNB":0.0024112828164939456,"FILBNB":0,"FIOBNB":0.0018617835988952655,"FTMBNB":0,"FTTBNB":0.07628626884645148,"HARDBNB":0.04522215708145073,"HBARBNB":0,"HOTBNB":0,"ICPBNB":0,"ICXBNB":0,"INJBNB":0,"IOSTBNB":0,"IOTABNB":0,"IQBNB":0.026568981042714684,"JSTBNB":0,"KAVABNB":0,"KP3RBNB":0.021400731727520765,"KSMBNB":0.002749885823525715,"LTCBNB":0,"LUNABNB":0,"MATICBNB":0.015899346584390163,"MBLBNB":0.004380310093374129,"MFTBNB":0,"MITHBNB":0,"MKRBNB":0.0032939045818239344,"NEARBNB":0.020320800963728763,"NEOBNB":0,"NMRBNB":0.0131334489625088,"OCEANBNB":0.006146753977697421,"OGNBNB":0,"ONEBNB":0.01399484085907329,"ONTBNB":0,"PAXGBNB":0.095567742810838,"PERLBNB":0,"PROMBNB":0.01214962878564157,"RSRBNB":0,"RUNEBNB":0.02187772891168644,"RVNBNB":0,"SANDBNB":0,"SCBNB":0.008855069738519405,"SNXBNB":0.00300959619586071,"SOLBNB":0.03214115127000248,"SPARTABNB":0.013013248408520786,"SRMBNB":0.00898956792003252,"STMXBNB":0,"STXBNB":0.006879252188234335,"SUSHIBNB":0.02107061969785144,"SWRVBNB":0.012887022615071943,"SXPBNB":0.013319008595256148,"THETABNB":0.036591870472871005,"TROYBNB":0,"TRXBNB":0.01685230945891521,"UNFIBNB":0.021426419642650553,"UNIBNB":0,"VETBNB":0,"VTHOBNB":0,"WABIBNB":0,"WANBNB":0,"WAVESBNB":0,"WINBNB":0.003883909375622876,"WINGBNB":0.0014272581411933988,"WNXMBNB":0,"WRXBNB":0,"WTCBNB":0.003617452847329273,"XLMBNB":0,"XMRBNB":0,"XRPBNB":0.047984446031841925,"XTZBNB":0,"XVSBNB":0,"YFIBNB":0,"YFIIBNB":0.003894954473690971,"ZECBNB":0,"ZENBNB":0,"ZILBNB":0},"numerosità_campione":114,"expected_return":0.000134818197561356,"standard_deviation":0.0012932306221822686,"sharpe_ratio":0.10424915343703844}