{"weights":{"AAVEBNB":0.003989221536319215,"ADABNB":0.01935886372195065,"ALGOBNB":0,"ALPHABNB":0,"ANKRBNB":0.013354542900650745,"ANTBNB":0.011799317913877571,"ARBNB":0,"ARPABNB":0.02095377481851922,"ATOMBNB":0,"AVABNB":0.0017116620158937783,"AVAXBNB":0,"AXSBNB":0,"BAKEBNB":0.01799392991396965,"BANDBNB":0.005698364204369739,"BATBNB":0,"BCHBNB":0,"BELBNB":0,"BIFIBNB":0.018444644092839857,"BLZBNB":0.008781977229506712,"BTTBNB":0.002548805662481203,"BURGERBNB":0.0031383397179992273,"CAKEBNB":0.1308244842424488,"CELRBNB":0.010449773632981628,"CHRBNB":0,"CHZBNB":0,"COCOSBNB":0.014899618098723304,"COSBNB":0.01023291322111489,"COTIBNB":0,"CREAMBNB":0.0162665920600278,"CRVBNB":0,"CTKBNB":0,"CTSIBNB":0.004444584130081751,"DASHBNB":0,"DGBBNB":0,"DIABNB":0,"DOTBNB":0.036081527608346806,"EGLDBNB":0,"ENJBNB":0,"EOSBNB":0,"ETCBNB":0,"FETBNB":0.00940567441635696,"FILBNB":0,"FIOBNB":0,"FTMBNB":0,"FTTBNB":0.060400837773848845,"HARDBNB":0.0419115780719632,"HBARBNB":0,"HOTBNB":0,"ICPBNB":0,"ICXBNB":0,"INJBNB":0.022070190787669388,"IOSTBNB":0,"IOTABNB":0,"IQBNB":0.0269640425454852,"JSTBNB":0.010671134448337772,"KAVABNB":0,"KP3RBNB":0.020393078737576932,"KSMBNB":0,"LTCBNB":0.006349623729882211,"LUNABNB":0,"MATICBNB":0.014870049602866505,"MBLBNB":0.012970704407122903,"MFTBNB":0,"MITHBNB":0,"MKRBNB":0.0011418771372742704,"NEARBNB":0.01160605706040692,"NEOBNB":0,"NMRBNB":0.01047669646009011,"OCEANBNB":0.007391060210402641,"OGNBNB":0,"ONEBNB":0.007170304872116185,"ONTBNB":0,"PAXGBNB":0.07513697110431325,"PERLBNB":0.015017020353604537,"PROMBNB":0.010324938545999397,"RSRBNB":0.002691431254004004,"RUNEBNB":0.021981338370487404,"RVNBNB":0,"SANDBNB":0,"SCBNB":0,"SNXBNB":0.014023524551153294,"SOLBNB":0.028044747507296484,"SPARTABNB":0.019655275075351794,"SRMBNB":0.0015735502058909067,"STMXBNB":0,"STXBNB":0.013300584932782064,"SUSHIBNB":0.028075646049754207,"SWRVBNB":0.010293144489354724,"SXPBNB":0.007498810287040332,"THETABNB":0.014399512196352594,"TROYBNB":0.003576833657130846,"TRXBNB":0,"UNFIBNB":0.02582303309899238,"UNIBNB":0,"VETBNB":0,"VTHOBNB":0,"WABIBNB":0,"WANBNB":0,"WAVESBNB":0,"WINBNB":0.004982697795543781,"WINGBNB":0,"WNXMBNB":0.00466457922245328,"WRXBNB":0,"WTCBNB":0.00449751881062276,"XLMBNB":0,"XMRBNB":0,"XRPBNB":0.03926778679329826,"XTZBNB":0.010651991941531675,"XVSBNB":0.004824291467975106,"YFIBNB":0,"YFIIBNB":0.02492892530556437,"ZECBNB":0,"ZENBNB":0,"ZILBNB":0},"numerosità_campione":114,"expected_return":0.0001268614186320485,"standard_deviation":0.0012565195719328056,"sharpe_ratio":0.10096254882596657}