{"weights":{"AAVEBNB":0.005883697635142758,"ADABNB":0.02455000514520666,"ALGOBNB":0,"ALPHABNB":0,"ANKRBNB":0.014115083137700827,"ANTBNB":0.0075811152719675624,"ARBNB":0,"ARPABNB":0.017617311908599265,"ATOMBNB":0,"AVABNB":0.0004898665350392004,"AVAXBNB":0,"AXSBNB":0,"BAKEBNB":0.020531373784561338,"BANDBNB":0.0007715899493845752,"BATBNB":0,"BCHBNB":0,"BELBNB":0,"BIFIBNB":0.01979831539289194,"BLZBNB":0.010007418481480799,"BTTBNB":0,"BURGERBNB":0.0019557102326264873,"CAKEBNB":0.12153251020380826,"CELRBNB":0.012884757496718122,"CHRBNB":0,"CHZBNB":0,"COCOSBNB":0.015335386982991694,"COSBNB":0.00635439513721453,"COTIBNB":0,"CREAMBNB":0.01857837571942622,"CRVBNB":0,"CTKBNB":0,"CTSIBNB":0.005206230233011273,"DASHBNB":0,"DGBBNB":0,"DIABNB":0,"DOTBNB":0.03448554802751499,"EGLDBNB":0,"ENJBNB":0,"EOSBNB":0,"ETCBNB":0,"FETBNB":0.009657105351450142,"FILBNB":0,"FIOBNB":0,"FTMBNB":0,"FTTBNB":0.05663509431353067,"HARDBNB":0.04163555547253235,"HBARBNB":0,"HOTBNB":0,"ICPBNB":0,"ICXBNB":0,"INJBNB":0.024924353240735442,"IOSTBNB":0,"IOTABNB":0,"IQBNB":0.02919536028073036,"JSTBNB":0.004850418185215035,"KAVABNB":0,"KP3RBNB":0.02042418322957087,"KSMBNB":0.00034572058272557135,"LTCBNB":0,"LUNABNB":0,"MATICBNB":0.019798575997724006,"MBLBNB":0.011236688356284205,"MFTBNB":0,"MITHBNB":0,"MKRBNB":0,"NEARBNB":0.012981532301621131,"NEOBNB":0,"NMRBNB":0.01126489429757464,"OCEANBNB":0.0012748629387592757,"OGNBNB":0,"ONEBNB":0.010637861530789886,"ONTBNB":0,"PAXGBNB":0.08274444562127314,"PERLBNB":0.01566570216041127,"PROMBNB":0.00963858052397969,"RSRBNB":0,"RUNEBNB":0.025223594372137913,"RVNBNB":0,"SANDBNB":0,"SCBNB":0,"SNXBNB":0.016604948947290983,"SOLBNB":0.03362840670090153,"SPARTABNB":0.020083162867582167,"SRMBNB":0.0031668947604227993,"STMXBNB":0,"STXBNB":0.011537654105331172,"SUSHIBNB":0.03769765916081594,"SWRVBNB":0.010934091413828884,"SXPBNB":0.0045522636885785926,"THETABNB":0.013319007941935024,"TROYBNB":0.0032589361003292354,"TRXBNB":0,"UNFIBNB":0.02459582583330832,"UNIBNB":0,"VETBNB":0,"VTHOBNB":0,"WABIBNB":0,"WANBNB":0,"WAVESBNB":0,"WINBNB":0.003976738287380552,"WINGBNB":0,"WNXMBNB":0.0048961572701025635,"WRXBNB":0,"WTCBNB":0.001642771579958294,"XLMBNB":0,"XMRBNB":0,"XRPBNB":0.0462801891132435,"XTZBNB":0.009631728202507996,"XVSBNB":0.0036260285266705283,"YFIBNB":0,"YFIIBNB":0.024754315467479845,"ZECBNB":0,"ZENBNB":0,"ZILBNB":0},"numerosità_campione":114,"expected_return":0.00014526759264082997,"standard_deviation":0.0013141793992596626,"sharpe_ratio":0.11053863172917323}