{"weights":{"AAVEBNB":0,"ADABNB":0.00045154453013220345,"ALGOBNB":0,"ALPHABNB":0,"ANKRBNB":0.019159246078102956,"ANTBNB":0.022830979548521195,"ARBNB":0.006505293932918164,"ARPABNB":0.03166316822378726,"ATOMBNB":0.0022334569838980828,"AVABNB":0,"AVAXBNB":0,"AXSBNB":0.00587358184077591,"BAKEBNB":0.008775441096232503,"BANDBNB":0.02009418548185559,"BATBNB":0.009963657434231329,"BCHBNB":0,"BELBNB":0.01891695452353014,"BIFIBNB":0.012351410737069284,"BLZBNB":0.008307212619762916,"BTTBNB":0.010134451893972574,"BURGERBNB":0.006297921848149686,"CAKEBNB":0.15726685406956784,"CELRBNB":0,"CHRBNB":0,"CHZBNB":0,"COCOSBNB":0.014108599951336571,"COSBNB":0.03385446672195008,"COTIBNB":0,"CREAMBNB":0.0027739128646752263,"CRVBNB":0,"CTKBNB":0,"CTSIBNB":0,"DASHBNB":0,"DGBBNB":0,"DIABNB":0,"DOTBNB":0.03082837693935317,"EGLDBNB":0.013063602519821634,"ENJBNB":0,"EOSBNB":0,"ETCBNB":0,"FETBNB":0.0052653764268874165,"FILBNB":0.008142575571129303,"FIOBNB":0,"FTMBNB":0,"FTTBNB":0.07496742238779461,"HARDBNB":0.04235618917646167,"HBARBNB":0,"HOTBNB":0,"ICPBNB":0,"ICXBNB":0,"INJBNB":0.008142038048899352,"IOSTBNB":0.00836069200193772,"IOTABNB":0,"IQBNB":0.02181177689497573,"JSTBNB":0.0091829734268138,"KAVABNB":0,"KP3RBNB":0.017176650648148634,"KSMBNB":0,"LTCBNB":0.007471464704127632,"LUNABNB":0,"MATICBNB":0.002279618281239117,"MBLBNB":0.01425483912497388,"MFTBNB":0.0018677816194250965,"MITHBNB":0,"MKRBNB":0.007484100597527509,"NEARBNB":0.009953959381043952,"NEOBNB":0,"NMRBNB":0.008900784523588631,"OCEANBNB":0.01576711095230683,"OGNBNB":0,"ONEBNB":0.0006754061391903269,"ONTBNB":0,"PAXGBNB":0.059359590659016005,"PERLBNB":0.007778175497305193,"PROMBNB":0.013650712825596985,"RSRBNB":0.005655446748393303,"RUNEBNB":0.011753280450972601,"RVNBNB":0,"SANDBNB":0,"SCBNB":0.01769739074063402,"SNXBNB":0.00474110077099546,"SOLBNB":0.01139994590133984,"SPARTABNB":0.011598929611493699,"SRMBNB":0,"STMXBNB":0.0002415934737661158,"STXBNB":0.013852109725932624,"SUSHIBNB":0,"SWRVBNB":0.004927090898576714,"SXPBNB":0.01130777200150369,"THETABNB":0.011448704263841897,"TROYBNB":0.002024961566175178,"TRXBNB":0.011212811896712995,"UNFIBNB":0.02451129670721014,"UNIBNB":0.020150511410801045,"VETBNB":0,"VTHOBNB":0,"WABIBNB":0,"WANBNB":0,"WAVESBNB":0,"WINBNB":0.0024113622637745905,"WINGBNB":0,"WNXMBNB":0,"WRXBNB":0,"WTCBNB":0.009365311441382173,"XLMBNB":0,"XMRBNB":0.0035388936949683914,"XRPBNB":0.02034807835218106,"XTZBNB":0,"XVSBNB":0.006226016997416621,"YFIBNB":0.002789608149332796,"YFIIBNB":0.00922344361448798,"ZECBNB":0.0028293788448013734,"ZENBNB":0.0004414017452717479,"ZILBNB":0},"numerosità_campione":114,"expected_return":0.0000514138261272185,"standard_deviation":0.0011396848623806532,"sharpe_ratio":0.04511231817172838}