{"weights":{"AAVEBNB":0,"ADABNB":0,"ALGOBNB":0,"ALPHABNB":0.03444109262666573,"ANKRBNB":0,"ANTBNB":0,"ARBNB":0.014561693666978058,"ARPABNB":0.005821944546999658,"ATABNB":0,"ATOMBNB":0,"AVABNB":0,"AVAXBNB":0,"AXSBNB":0,"BAKEBNB":0,"BANDBNB":0,"BATBNB":0,"BCHBNB":0,"BELBNB":0.023221179345508297,"BIFIBNB":0.04018182278309513,"BLZBNB":0.0030341923217650493,"BTTBNB":0,"BURGERBNB":0.013541745053485951,"CAKEBNB":0.20327473723027728,"CELRBNB":0,"CHRBNB":0,"CHZBNB":0,"COCOSBNB":0,"COSBNB":0.010518441814006345,"COTIBNB":0,"CREAMBNB":0,"CRVBNB":0,"CTKBNB":0,"CTSIBNB":0,"DASHBNB":0.019257776295409347,"DGBBNB":0.012631249640159905,"DIABNB":0,"DOTBNB":0.01500560773839793,"EGLDBNB":0,"ENJBNB":0,"EOSBNB":0,"ETCBNB":0,"FETBNB":0.0006060428897638709,"FILBNB":0,"FIOBNB":0.0029602430762541362,"FTMBNB":0,"FTTBNB":0.04676180844576914,"HARDBNB":0.01981410494708499,"HBARBNB":0,"HOTBNB":0,"ICPBNB":0,"ICXBNB":0,"INJBNB":0.012203612112500026,"IOSTBNB":0,"IOTABNB":0,"IQBNB":0.001580705767244035,"JSTBNB":0.02203166874262927,"KAVABNB":0,"KP3RBNB":0.005612771620542957,"KSMBNB":0.04301256219749071,"LPTBNB":0.02469783515431949,"LTCBNB":0,"LUNABNB":0,"MASKBNB":0,"MATICBNB":0,"MBLBNB":0.0006464623746730841,"MDXBNB":0.025466494337675963,"MFTBNB":0.0057354297487252305,"MITHBNB":0.009580029852262022,"MKRBNB":0,"NEARBNB":0.03831415334528638,"NEOBNB":0,"NMRBNB":0.005926636042915438,"NUBNB":0,"OCEANBNB":0,"OGNBNB":0,"ONEBNB":0,"ONTBNB":0.011008992250684095,"PAXGBNB":0,"PERLBNB":0.00035314473787903327,"POLSBNB":0,"PROMBNB":0.010785328421678233,"RSRBNB":0,"RUNEBNB":0,"RVNBNB":0.0017024438359534383,"SANDBNB":0,"SCBNB":0.0003052819121943697,"SNXBNB":0,"SOLBNB":0.017902874308378995,"SPARTABNB":0.01786697442338195,"SRMBNB":0.011645147799733527,"STMXBNB":0.008005139136294104,"STXBNB":0,"SUSHIBNB":0,"SWRVBNB":0.01226629456453809,"SXPBNB":0,"THETABNB":0.0191101586226358,"TROYBNB":0,"TRXBNB":0.02773935939765071,"UNFIBNB":0.01925875918780094,"UNIBNB":0,"VETBNB":0,"VTHOBNB":0,"WABIBNB":0.03360032770025315,"WANBNB":0.011782554812460683,"WAVESBNB":0,"WINBNB":0.004273548284049128,"WINGBNB":0.012210808584633701,"WNXMBNB":0.007778653864178553,"WRXBNB":0,"WTCBNB":0.0030732740483563406,"XLMBNB":0,"XMRBNB":0,"XRPBNB":0.023925891014115595,"XTZBNB":0,"XVSBNB":0,"YFIBNB":0,"YFIIBNB":0.07883206138376334,"ZECBNB":0.006130937991500813,"ZENBNB":0,"ZILBNB":0},"numerosità_campione":900,"expected_return":0.0000886459310469474,"standard_deviation":0.001205328863471277,"sharpe_ratio":0.07354501641290849}