{"weights":{"AAVEBNB":0,"ADABNB":0.06446220532547653,"ALGOBNB":0,"ALPHABNB":0,"ANKRBNB":0.011824703070135278,"ANTBNB":0,"ARBNB":0,"ARPABNB":0,"ATOMBNB":0,"AVABNB":0,"AVAXBNB":0,"AXSBNB":0,"BAKEBNB":0.04575487291400799,"BANDBNB":0,"BATBNB":0,"BCHBNB":0,"BELBNB":0,"BIFIBNB":0.028983232032848524,"BLZBNB":0.018053758586859925,"BTTBNB":0,"BURGERBNB":0,"CAKEBNB":0.055413357358081596,"CELRBNB":0,"CHRBNB":0,"CHZBNB":0,"COCOSBNB":0.035167103477905096,"COSBNB":0,"COTIBNB":0.012551167360955524,"CREAMBNB":0.012022909814836221,"CRVBNB":0,"CTKBNB":0,"CTSIBNB":0.012140438257929638,"DASHBNB":0,"DGBBNB":0,"DIABNB":0,"DOTBNB":0,"EGLDBNB":0,"ENJBNB":0,"EOSBNB":0,"ETCBNB":0,"FETBNB":0,"FILBNB":0,"FIOBNB":0,"FTMBNB":0,"FTTBNB":0.037446752028742675,"HARDBNB":0.03888541465412294,"HBARBNB":0,"HOTBNB":0,"ICPBNB":0,"ICXBNB":0,"INJBNB":0,"IOSTBNB":0,"IOTABNB":0,"IQBNB":0.02051253364350869,"JSTBNB":0,"KAVABNB":0,"KP3RBNB":0.016077589386857435,"KSMBNB":0.010619611084272531,"LTCBNB":0,"LUNABNB":0,"MATICBNB":0.03173278523465904,"MBLBNB":0,"MFTBNB":0,"MITHBNB":0,"MKRBNB":0,"NEARBNB":0.030125906793348457,"NEOBNB":0,"NMRBNB":0.01864346576402331,"OCEANBNB":0,"OGNBNB":0,"ONEBNB":0.032437759375954056,"ONTBNB":0,"PAXGBNB":0.14778568200058187,"PERLBNB":0,"PROMBNB":0.0069647554708223225,"RSRBNB":0,"RUNEBNB":0.027955560222244224,"RVNBNB":0,"SANDBNB":0,"SCBNB":0,"SNXBNB":0,"SOLBNB":0.061455370964478326,"SPARTABNB":0.011302224129343187,"SRMBNB":0.019767181245716393,"STMXBNB":0,"STXBNB":0,"SUSHIBNB":0.039521093273419905,"SWRVBNB":0.020403221644292573,"SXPBNB":0,"THETABNB":0.04278970276119549,"TROYBNB":0,"TRXBNB":0,"UNFIBNB":0.001503686208856933,"UNIBNB":0,"VETBNB":0,"VTHOBNB":0,"WABIBNB":0,"WANBNB":0,"WAVESBNB":0,"WINBNB":0.0033201044583465933,"WINGBNB":0.005323449007185262,"WNXMBNB":0,"WRXBNB":0,"WTCBNB":0,"XLMBNB":0,"XMRBNB":0,"XRPBNB":0.07905240244899127,"XTZBNB":0,"XVSBNB":0,"YFIBNB":0,"YFIIBNB":0,"ZECBNB":0,"ZENBNB":0,"ZILBNB":0},"numerosità_campione":114,"expected_return":0.00021822256899549364,"standard_deviation":0.0016300671505137146,"sharpe_ratio":0.1338733615524495}