{"weights":{"AAVEBNB":0.0025465902541514074,"ADABNB":0.015665614471579343,"ALGOBNB":0,"ALPHABNB":0,"ANKRBNB":0.012698874503771683,"ANTBNB":0.01433840727704132,"ARBNB":0.000004402156895547262,"ARPABNB":0.022964329387475585,"ATOMBNB":0,"AVABNB":0.002421613328717501,"AVAXBNB":0,"AXSBNB":0.0006122030573353225,"BAKEBNB":0.01633728140738589,"BANDBNB":0.008685622946005757,"BATBNB":0,"BCHBNB":0,"BELBNB":0,"BIFIBNB":0.017526933920382314,"BLZBNB":0.007949990189122146,"BTTBNB":0.008997019245643298,"BURGERBNB":0.0037908479028881136,"CAKEBNB":0.13631326309591557,"CELRBNB":0.008976083203055128,"CHRBNB":0,"CHZBNB":0,"COCOSBNB":0.014453125603620874,"COSBNB":0.012432604025447665,"COTIBNB":0,"CREAMBNB":0.014766190622180599,"CRVBNB":0,"CTKBNB":0,"CTSIBNB":0.0039206585028453075,"DASHBNB":0,"DGBBNB":0,"DIABNB":0,"DOTBNB":0.03676374077171962,"EGLDBNB":0,"ENJBNB":0,"EOSBNB":0,"ETCBNB":0,"FETBNB":0.009255973241855201,"FILBNB":0,"FIOBNB":0,"FTMBNB":0,"FTTBNB":0.062205979805298475,"HARDBNB":0.042018416176944386,"HBARBNB":0,"HOTBNB":0,"ICPBNB":0,"ICXBNB":0,"INJBNB":0.019998578596654052,"IOSTBNB":0,"IOTABNB":0,"IQBNB":0.02543286268794993,"JSTBNB":0.013657958356956101,"KAVABNB":0,"KP3RBNB":0.020245233989153687,"KSMBNB":0,"LTCBNB":0.011660439549401684,"LUNABNB":0,"MATICBNB":0.011655334585588413,"MBLBNB":0.013926463985283213,"MFTBNB":0,"MITHBNB":0,"MKRBNB":0.0020134108908579154,"NEARBNB":0.01054272509296559,"NEOBNB":0,"NMRBNB":0.009908954524214284,"OCEANBNB":0.011198642537585632,"OGNBNB":0,"ONEBNB":0.0048905173782564605,"ONTBNB":0,"PAXGBNB":0.07002126368045881,"PERLBNB":0.014542954828628156,"PROMBNB":0.010673427288168865,"RSRBNB":0.005002959261169438,"RUNEBNB":0.019816847420184212,"RVNBNB":0,"SANDBNB":0,"SCBNB":0.000849292064761522,"SNXBNB":0.012336817653736386,"SOLBNB":0.024337289317907008,"SPARTABNB":0.019382911077191797,"SRMBNB":0.0005038492980686932,"STMXBNB":0,"STXBNB":0.013975717902998782,"SUSHIBNB":0.021755190079481963,"SWRVBNB":0.009920302918864338,"SXPBNB":0.00916639387489548,"THETABNB":0.014755332054558276,"TROYBNB":0.0038250838569095502,"TRXBNB":0,"UNFIBNB":0.026496747424271945,"UNIBNB":0,"VETBNB":0,"VTHOBNB":0,"WABIBNB":0,"WANBNB":0,"WAVESBNB":0,"WINBNB":0.00550203793506537,"WINGBNB":0,"WNXMBNB":0.004493193277954847,"WRXBNB":0,"WTCBNB":0.006310599260144179,"XLMBNB":0,"XMRBNB":0,"XRPBNB":0.03427214264064731,"XTZBNB":0.011027534920266872,"XVSBNB":0.005494864735280288,"YFIBNB":0,"YFIIBNB":0.024760359956240985,"ZECBNB":0,"ZENBNB":0,"ZILBNB":0},"numerosità_campione":114,"expected_return":0.00011459063595952744,"standard_deviation":0.0012245089183099728,"sharpe_ratio":0.09358089128307999}