{"weights":{"AAVEBNB":0,"ADABNB":0,"ALGOBNB":0,"ALPHABNB":0.01985584972019813,"ANKRBNB":0,"ANTBNB":0,"ARBNB":0.020300068686474437,"ARPABNB":0.007400957423176776,"ATABNB":0,"ATOMBNB":0,"AVABNB":0,"AVAXBNB":0,"AXSBNB":0,"BAKEBNB":0,"BANDBNB":0,"BATBNB":0,"BCHBNB":0,"BELBNB":0.020613671863381304,"BIFIBNB":0.050576175869013806,"BLZBNB":0.007691926136997041,"BTTBNB":0,"BURGERBNB":0.019372235932302383,"CAKEBNB":0.18891440975992027,"CELRBNB":0,"CHRBNB":0,"CHZBNB":0,"COCOSBNB":0,"COSBNB":0.010199607825797118,"COTIBNB":0,"CREAMBNB":0,"CRVBNB":0,"CTKBNB":0,"CTSIBNB":0,"DASHBNB":0.0013017777120184304,"DGBBNB":0.010517354381206847,"DIABNB":0,"DOTBNB":0.010828607528684073,"EGLDBNB":0,"ENJBNB":0,"EOSBNB":0,"ETCBNB":0,"FETBNB":0,"FILBNB":0,"FIOBNB":0.008627484061282591,"FTMBNB":0,"FTTBNB":0.0486653829021039,"HARDBNB":0.03138554952430637,"HBARBNB":0,"HOTBNB":0,"ICPBNB":0,"ICXBNB":0,"INJBNB":0.008210285956945163,"IOSTBNB":0,"IOTABNB":0,"IQBNB":0,"JSTBNB":0.03392479916411388,"KAVABNB":0,"KP3RBNB":0.007561280265953849,"KSMBNB":0.07054736331701884,"LPTBNB":0.03497314280719577,"LTCBNB":0,"LUNABNB":0,"MASKBNB":0,"MATICBNB":0,"MBLBNB":0,"MDXBNB":0.028615322305215428,"MFTBNB":0.008271651081675267,"MITHBNB":0.01634796634797791,"MKRBNB":0,"NEARBNB":0.04813320654048532,"NEOBNB":0,"NMRBNB":0.00336013136522323,"NUBNB":0,"OCEANBNB":0,"OGNBNB":0,"ONEBNB":0,"ONTBNB":0,"PAXGBNB":0.011079244650835325,"PERLBNB":0.001385233868344781,"POLSBNB":0,"PROMBNB":0.014135946298522984,"RSRBNB":0,"RUNEBNB":0,"RVNBNB":0,"SANDBNB":0,"SCBNB":0,"SNXBNB":0,"SOLBNB":0.015187072082362007,"SPARTABNB":0.012622615293475255,"SRMBNB":0.0016849654276853113,"STMXBNB":0.008794059599021752,"STXBNB":0,"SUSHIBNB":0,"SWRVBNB":0.007546872928486106,"SXPBNB":0,"THETABNB":0.02327235412681839,"TROYBNB":0.0026501638952387387,"TRXBNB":0.01669047784377033,"UNFIBNB":0.018304102317639567,"UNIBNB":0,"VETBNB":0,"VTHOBNB":0,"WABIBNB":0.040113839396519385,"WANBNB":0,"WAVESBNB":0,"WINBNB":0,"WINGBNB":0.019569118263667182,"WNXMBNB":0,"WRXBNB":0,"WTCBNB":0.008689998430398898,"XLMBNB":0,"XMRBNB":0.0059498744751310655,"XRPBNB":0,"XTZBNB":0,"XVSBNB":0,"YFIBNB":0,"YFIIBNB":0.07075294056133596,"ZECBNB":0.005374912062078848,"ZENBNB":0,"ZILBNB":0},"numerosità_campione":900,"expected_return":0.00012624140706658834,"standard_deviation":0.0013771544438553032,"sharpe_ratio":0.09166830026208189}