{"weights":{"AAVEBNB":0,"ADABNB":0,"ALGOBNB":0,"ALPHABNB":0.027945749783281276,"ANKRBNB":0,"ANTBNB":0,"ARBNB":0.017271664212546296,"ARPABNB":0.007000016754919975,"ATABNB":0,"ATOMBNB":0,"AVABNB":0,"AVAXBNB":0,"AXSBNB":0,"BAKEBNB":0,"BANDBNB":0,"BATBNB":0,"BCHBNB":0,"BELBNB":0.022431975584746543,"BIFIBNB":0.04557702363335479,"BLZBNB":0.005413275522568655,"BTTBNB":0,"BURGERBNB":0.01615659376392854,"CAKEBNB":0.19669104459477127,"CELRBNB":0,"CHRBNB":0,"CHZBNB":0,"COCOSBNB":0,"COSBNB":0.010245951857594667,"COTIBNB":0,"CREAMBNB":0,"CRVBNB":0,"CTKBNB":0,"CTSIBNB":0,"DASHBNB":0.011378724758658986,"DGBBNB":0.012144641019813326,"DIABNB":0,"DOTBNB":0.014141683481765716,"EGLDBNB":0,"ENJBNB":0,"EOSBNB":0,"ETCBNB":0,"FETBNB":0,"FILBNB":0,"FIOBNB":0.005674404929409573,"FTMBNB":0,"FTTBNB":0.049287129966555376,"HARDBNB":0.02538506373194142,"HBARBNB":0,"HOTBNB":0,"ICPBNB":0,"ICXBNB":0,"INJBNB":0.010648642608605572,"IOSTBNB":0,"IOTABNB":0,"IQBNB":0.0007623757800377062,"JSTBNB":0.028215402983026116,"KAVABNB":0,"KP3RBNB":0.0066141269747451124,"KSMBNB":0.05631504103906054,"LPTBNB":0.03087150816313686,"LTCBNB":0,"LUNABNB":0,"MASKBNB":0,"MATICBNB":0,"MBLBNB":0,"MDXBNB":0.0273816369587169,"MFTBNB":0.007058346767075632,"MITHBNB":0.01287958819423882,"MKRBNB":0,"NEARBNB":0.04373039170718695,"NEOBNB":0,"NMRBNB":0.004945860201644472,"NUBNB":0,"OCEANBNB":0,"OGNBNB":0,"ONEBNB":0,"ONTBNB":0,"PAXGBNB":0.0014577187390309935,"PERLBNB":0.0008362440785171842,"POLSBNB":0,"PROMBNB":0.012388564488442676,"RSRBNB":0,"RUNEBNB":0,"RVNBNB":0,"SANDBNB":0,"SCBNB":0,"SNXBNB":0,"SOLBNB":0.016929622359385076,"SPARTABNB":0.015278291270676298,"SRMBNB":0.007422182192564433,"STMXBNB":0.008744208462408441,"STXBNB":0,"SUSHIBNB":0,"SWRVBNB":0.010394190900483687,"SXPBNB":0,"THETABNB":0.021691007587391904,"TROYBNB":0.0009160159022550406,"TRXBNB":0.030783669265689522,"UNFIBNB":0.01928071131925918,"UNIBNB":0,"VETBNB":0,"VTHOBNB":0,"WABIBNB":0.03661676400411433,"WANBNB":0.0045353782276365846,"WAVESBNB":0,"WINBNB":0,"WINGBNB":0.01620644686223476,"WNXMBNB":0.004137337830469459,"WRXBNB":0,"WTCBNB":0.005773400530671805,"XLMBNB":0,"XMRBNB":0.001895998911073242,"XRPBNB":0.0057830102032870746,"XTZBNB":0,"XVSBNB":0,"YFIBNB":0,"YFIIBNB":0.07620898098105999,"ZECBNB":0.006552390910017219,"ZENBNB":0,"ZILBNB":0},"numerosità_campione":900,"expected_return":0.00010744366905676788,"standard_deviation":0.0012821873042048635,"sharpe_ratio":0.08379717121235893}