{"weights":{"AAVEBNB":0,"ADABNB":0,"ALGOBNB":0,"ALPHABNB":0,"ANKRBNB":0.01647621041185018,"ANTBNB":0.024664295347081817,"ARBNB":0.008036207819457998,"ARPABNB":0.0324172461287063,"ATOMBNB":0,"AVABNB":0,"AVAXBNB":0,"AXSBNB":0.004559855985985522,"BAKEBNB":0.004277830914787488,"BANDBNB":0.025493079267028474,"BATBNB":0.012394137769361413,"BCHBNB":0,"BELBNB":0.02511303379024605,"BIFIBNB":0.010624009648937885,"BLZBNB":0.005671062831399608,"BTTBNB":0.015408180091153275,"BURGERBNB":0.006904247103655474,"CAKEBNB":0.16258581355854296,"CELRBNB":0,"CHRBNB":0,"CHZBNB":0,"COCOSBNB":0.011258835041861604,"COSBNB":0.035501924655312475,"COTIBNB":0,"CREAMBNB":0.0015414224550958223,"CRVBNB":0,"CTKBNB":0,"CTSIBNB":0,"DASHBNB":0,"DGBBNB":0,"DIABNB":0,"DOTBNB":0.029820692571981344,"EGLDBNB":0.017493601031281364,"ENJBNB":0,"EOSBNB":0,"ETCBNB":0,"FETBNB":0.0044590475089194715,"FILBNB":0.008308651398781137,"FIOBNB":0,"FTMBNB":0,"FTTBNB":0.07228361465299771,"HARDBNB":0.041446222552722393,"HBARBNB":0,"HOTBNB":0,"ICPBNB":0.004130265556419763,"ICXBNB":0,"INJBNB":0.01581987295491826,"IOSTBNB":0.006915215863158946,"IOTABNB":0,"IQBNB":0.020505025070815266,"JSTBNB":0.01214242605366443,"KAVABNB":0,"KP3RBNB":0.016145471701671205,"KSMBNB":0,"LTCBNB":0.018098429610725247,"LUNABNB":0,"MATICBNB":0,"MBLBNB":0.015987446351618112,"MFTBNB":0.0020240928806802678,"MITHBNB":0,"MKRBNB":0.006802916505784559,"NEARBNB":0.006172086911745237,"NEOBNB":0,"NMRBNB":0.007629284121870955,"OCEANBNB":0.015503650070884466,"OGNBNB":0.00370011568685973,"ONEBNB":0,"ONTBNB":0,"PAXGBNB":0.04838971751917171,"PERLBNB":0.009751110681698443,"PROMBNB":0.01312822172493723,"RSRBNB":0.008991893488236383,"RUNEBNB":0.007134284453962154,"RVNBNB":0,"SANDBNB":0,"SCBNB":0.017752125460734777,"SNXBNB":0.004028567710068571,"SOLBNB":0.004102786832412422,"SPARTABNB":0.01093193598195975,"SRMBNB":0,"STMXBNB":0.002587507929747523,"STXBNB":0.015480153661188736,"SUSHIBNB":0,"SWRVBNB":0.0029859510688583103,"SXPBNB":0.008212679789619011,"THETABNB":0,"TROYBNB":0.0061266585191841905,"TRXBNB":0,"UNFIBNB":0.024709737145697925,"UNIBNB":0.022303743178151616,"VETBNB":0,"VTHOBNB":0,"WABIBNB":0,"WANBNB":0,"WAVESBNB":0,"WINBNB":0.0016474686015178822,"WINGBNB":0,"WNXMBNB":0,"WRXBNB":0,"WTCBNB":0.00979404483964783,"XLMBNB":0,"XMRBNB":0.00506160285203398,"XRPBNB":0.008943883076315568,"XTZBNB":0.001986645840926766,"XVSBNB":0.008705080195293764,"YFIBNB":0.004085651985306115,"YFIIBNB":0.00936466552787419,"ZECBNB":0.011039992687484112,"ZENBNB":0.0044383673700069525,"ZILBNB":0},"numerosità_campione":114,"expected_return":0.000026392514696977232,"standard_deviation":0.0011269305723720217,"sharpe_ratio":0.023419823140856763}