{"weights":{"AAVEBNB":0,"ADABNB":0,"ALGOBNB":0,"ALPHABNB":0.04815928150988562,"ANKRBNB":0,"ANTBNB":0,"ARBNB":0.0066087294858001595,"ARPABNB":0,"ATABNB":0.0019306655369329372,"ATOMBNB":0,"AVABNB":0,"AVAXBNB":0.012956892734341956,"AXSBNB":0,"BAKEBNB":0.032223616470847316,"BANDBNB":0,"BATBNB":0,"BCHBNB":0,"BELBNB":0.022470693455807936,"BIFIBNB":0.022458593341663766,"BLZBNB":0,"BTTBNB":0,"BURGERBNB":0.0012891324048756492,"CAKEBNB":0.20056464620410955,"CELRBNB":0,"CHRBNB":0,"CHZBNB":0,"COCOSBNB":0,"COSBNB":0.009313107468776435,"COTIBNB":0,"CREAMBNB":0,"CRVBNB":0.0020780508122939627,"CTKBNB":0.00508202802019398,"CTSIBNB":0,"DASHBNB":0.034306061618145735,"DGBBNB":0.009769027579863726,"DIABNB":0,"DOTBNB":0.0025912775447228358,"EGLDBNB":0,"ENJBNB":0.002683238766997735,"EOSBNB":0.01022476122880791,"ETCBNB":0,"FETBNB":0.009367317364094244,"FILBNB":0,"FIOBNB":0,"FTMBNB":0.0007810027278438614,"FTTBNB":0.032992400457669574,"HARDBNB":0.002278608504677127,"HBARBNB":0,"HOTBNB":0,"ICPBNB":0.017767806187170228,"ICXBNB":0,"INJBNB":0.006018297054866929,"IOSTBNB":0,"IOTABNB":0,"IQBNB":0.003624104852408976,"JSTBNB":0.005104258124565968,"KAVABNB":0.0001836937137591172,"KP3RBNB":0.002404788024214904,"KSMBNB":0,"LPTBNB":0.011535953980659416,"LTCBNB":0,"LUNABNB":0,"MASKBNB":0.016161828151238372,"MATICBNB":0.025515672286858023,"MBLBNB":0.001235345265442266,"MDXBNB":0.02073178190138829,"MFTBNB":0.001237389511786274,"MITHBNB":0,"MKRBNB":0.00958209971813088,"NEARBNB":0.014563951598763008,"NEOBNB":0,"NMRBNB":0.00608462241109879,"NUBNB":0,"OCEANBNB":0.015420898350598644,"OGNBNB":0,"ONEBNB":0,"ONTBNB":0.034985643485479834,"PAXGBNB":0,"PERLBNB":0,"POLSBNB":0.0016753984757001113,"PROMBNB":0.004910631658551278,"RSRBNB":0.001582036802530712,"RUNEBNB":0,"RVNBNB":0.01331140098264113,"SANDBNB":0,"SCBNB":0.002561327988303146,"SNXBNB":0.00230794223732058,"SOLBNB":0.004897182464276594,"SPARTABNB":0.021576310804023835,"SRMBNB":0.014797635188096405,"STMXBNB":0.00029136553850556395,"STXBNB":0.007082977353051621,"SUSHIBNB":0.002422668507917268,"SWRVBNB":0.016462472207641153,"SXPBNB":0.007018886002984968,"THETABNB":0.0005478777556930876,"TROYBNB":0,"TRXBNB":0.012197674859705689,"UNFIBNB":0.01701926861365268,"UNIBNB":0,"VETBNB":0,"VTHOBNB":0,"WABIBNB":0.023305636765913792,"WANBNB":0.02763222608571199,"WAVESBNB":0,"WINBNB":0.01668310776586411,"WINGBNB":0,"WNXMBNB":0.013942947702863239,"WRXBNB":0.0016926683075286194,"WTCBNB":0,"XLMBNB":0,"XMRBNB":0,"XRPBNB":0.037642378765323614,"XTZBNB":0,"XVSBNB":0.005507576270518962,"YFIBNB":0.00763033123913284,"YFIIBNB":0.07301280179976513,"ZECBNB":0,"ZENBNB":0,"ZILBNB":0},"numerosità_campione":900,"expected_return":0.000013454979007665724,"standard_deviation":0.0010779857949610012,"sharpe_ratio":0.01248159212353303}