{"weights":{"AAVEBNB":0,"ADABNB":0.05369517630413376,"ALGOBNB":0,"ALPHABNB":0,"ANKRBNB":0.017953167989110855,"ANTBNB":0,"ARBNB":0,"ARPABNB":0,"ATOMBNB":0,"AVABNB":0,"AVAXBNB":0,"AXSBNB":0.0026554148226901717,"BAKEBNB":0.03860233068663579,"BANDBNB":0,"BATBNB":0,"BCHBNB":0,"BELBNB":0,"BIFIBNB":0.026065298147361082,"BLZBNB":0.01786536978186733,"BTTBNB":0,"BURGERBNB":0,"CAKEBNB":0.08925267444548793,"CELRBNB":0,"CHRBNB":0,"CHZBNB":0,"COCOSBNB":0.0346681708740727,"COSBNB":0,"COTIBNB":0.009943061102661969,"CREAMBNB":0.010863586744943355,"CRVBNB":0,"CTKBNB":0,"CTSIBNB":0.010180690746491871,"DASHBNB":0,"DGBBNB":0,"DIABNB":0,"DOTBNB":0,"EGLDBNB":0,"ENJBNB":0,"EOSBNB":0,"ETCBNB":0,"FETBNB":0,"FILBNB":0,"FIOBNB":0,"FTMBNB":0,"FTTBNB":0.05792162849664303,"HARDBNB":0.04288478860408726,"HBARBNB":0,"HOTBNB":0,"ICPBNB":0,"ICXBNB":0,"INJBNB":0,"IOSTBNB":0,"IOTABNB":0,"IQBNB":0.02436306304211177,"JSTBNB":0,"KAVABNB":0,"KP3RBNB":0.019561811908429785,"KSMBNB":0.008992734224078602,"LTCBNB":0,"LUNABNB":0,"MATICBNB":0.026683517256019626,"MBLBNB":0,"MFTBNB":0,"MITHBNB":0,"MKRBNB":0,"NEARBNB":0.027166463549739145,"NEOBNB":0,"NMRBNB":0.016686645392519718,"OCEANBNB":0,"OGNBNB":0,"ONEBNB":0.026326991260426015,"ONTBNB":0,"PAXGBNB":0.1287837218693014,"PERLBNB":0,"PROMBNB":0.009580729910627542,"RSRBNB":0,"RUNEBNB":0.027216478301596885,"RVNBNB":0,"SANDBNB":0,"SCBNB":0,"SNXBNB":0,"SOLBNB":0.051263823152145796,"SPARTABNB":0.012353205484695899,"SRMBNB":0.01668521081547933,"STMXBNB":0,"STXBNB":0,"SUSHIBNB":0.036159379640273326,"SWRVBNB":0.01867515213255581,"SXPBNB":0.0038745627124506473,"THETABNB":0.043045764171154265,"TROYBNB":0,"TRXBNB":0,"UNFIBNB":0.01106875943340584,"UNIBNB":0,"VETBNB":0,"VTHOBNB":0,"WABIBNB":0,"WANBNB":0,"WAVESBNB":0,"WINBNB":0.0046074358415978565,"WINGBNB":0.0038581256076306025,"WNXMBNB":0.000413693962061385,"WRXBNB":0,"WTCBNB":0,"XLMBNB":0,"XMRBNB":0,"XRPBNB":0.07008137158551152,"XTZBNB":0,"XVSBNB":0,"YFIBNB":0,"YFIIBNB":0,"ZECBNB":0,"ZENBNB":0,"ZILBNB":0},"numerosità_campione":114,"expected_return":0.00019320125756525238,"standard_deviation":0.0015066450081273,"sharpe_ratio":0.12823276652633248}