{"weights":{"AAVEBNB":0,"ADABNB":0,"ALGOBNB":0,"ALPHABNB":0.03633518548594358,"ANKRBNB":0,"ANTBNB":0,"ARBNB":0.013705850876906032,"ARPABNB":0.005151817042072738,"ATABNB":0,"ATOMBNB":0,"AVABNB":0,"AVAXBNB":0,"AXSBNB":0,"BAKEBNB":0.0013966337532031548,"BANDBNB":0,"BATBNB":0,"BCHBNB":0,"BELBNB":0.023291662765789305,"BIFIBNB":0.03847404007081714,"BLZBNB":0.0022006662508518536,"BTTBNB":0,"BURGERBNB":0.012609204997360299,"CAKEBNB":0.20442110344601913,"CELRBNB":0,"CHRBNB":0,"CHZBNB":0,"COCOSBNB":0,"COSBNB":0.010539959725315576,"COTIBNB":0,"CREAMBNB":0,"CRVBNB":0,"CTKBNB":0,"CTSIBNB":0,"DASHBNB":0.021367107912322138,"DGBBNB":0.012527886863977128,"DIABNB":0,"DOTBNB":0.014661259967525028,"EGLDBNB":0,"ENJBNB":0,"EOSBNB":0,"ETCBNB":0,"FETBNB":0.002187098807713993,"FILBNB":0,"FIOBNB":0.002063822158618829,"FTMBNB":0,"FTTBNB":0.0455985048387408,"HARDBNB":0.01807225934297758,"HBARBNB":0,"HOTBNB":0,"ICPBNB":0,"ICXBNB":0,"INJBNB":0.012352320353072033,"IOSTBNB":0,"IOTABNB":0,"IQBNB":0.0018300794254976903,"JSTBNB":0.02027930160349705,"KAVABNB":0,"KP3RBNB":0.005333642155530768,"KSMBNB":0.038745416289221755,"LPTBNB":0.022884273867947502,"LTCBNB":0,"LUNABNB":0,"MASKBNB":0,"MATICBNB":0,"MBLBNB":0.0012027417718560775,"MDXBNB":0.02476839805202908,"MFTBNB":0.005265893018184212,"MITHBNB":0.008526796621750472,"MKRBNB":0,"NEARBNB":0.036285275527714274,"NEOBNB":0,"NMRBNB":0.0061385085117817186,"NUBNB":0,"OCEANBNB":0,"OGNBNB":0,"ONEBNB":0,"ONTBNB":0.014755946556007399,"PAXGBNB":0,"PERLBNB":0.00017572845078001997,"POLSBNB":0,"PROMBNB":0.010323400996255868,"RSRBNB":0,"RUNEBNB":0,"RVNBNB":0.0038988143966936987,"SANDBNB":0,"SCBNB":0.0009829092754259194,"SNXBNB":0,"SOLBNB":0.01775590227347575,"SPARTABNB":0.018583256622394313,"SRMBNB":0.012718015492797198,"STMXBNB":0.007606939659708102,"STXBNB":0,"SUSHIBNB":0,"SWRVBNB":0.012778801006427032,"SXPBNB":0,"THETABNB":0.017884017787879694,"TROYBNB":0,"TRXBNB":0.027126776956996463,"UNFIBNB":0.019107182709528183,"UNIBNB":0,"VETBNB":0,"VTHOBNB":0,"WABIBNB":0.032588931449536986,"WANBNB":0.013733094236147346,"WAVESBNB":0,"WINBNB":0.005590903791399247,"WINGBNB":0.011012041739940314,"WNXMBNB":0.008750099466503056,"WRXBNB":0,"WTCBNB":0.002236672762412722,"XLMBNB":0,"XMRBNB":0,"XRPBNB":0.028259419681612365,"XTZBNB":0,"XVSBNB":0.0010600535307101306,"YFIBNB":0,"YFIIBNB":0.07924406996688738,"ZECBNB":0.005610309686244121,"ZENBNB":0,"ZILBNB":0},"numerosità_campione":900,"expected_return":0.00008238001837700732,"standard_deviation":0.001183997729051907,"sharpe_ratio":0.06957785167626428}