{"weights":{"AAVEBNB":0.0032784628337353397,"ADABNB":0.017505682133812032,"ALGOBNB":0,"ALPHABNB":0,"ANKRBNB":0.013046282689514702,"ANTBNB":0.013084743353182384,"ARBNB":0,"ARPABNB":0.02198658355775201,"ATOMBNB":0,"AVABNB":0.002065965461749423,"AVAXBNB":0,"AXSBNB":0.00012613518290522727,"BAKEBNB":0.01715989168188518,"BANDBNB":0.007218188404696138,"BATBNB":0,"BCHBNB":0,"BELBNB":0,"BIFIBNB":0.017974732775687487,"BLZBNB":0.008378761736182105,"BTTBNB":0.005854659224140451,"BURGERBNB":0.0034855118105645224,"CAKEBNB":0.13361236754139497,"CELRBNB":0.009709238021641281,"CHRBNB":0,"CHZBNB":0,"COCOSBNB":0.01470499147921739,"COSBNB":0.011331577857966383,"COTIBNB":0,"CREAMBNB":0.015507193348718366,"CRVBNB":0,"CTKBNB":0,"CTSIBNB":0.004193793489050648,"DASHBNB":0,"DGBBNB":0,"DIABNB":0,"DOTBNB":0.03642960706812963,"EGLDBNB":0,"ENJBNB":0,"EOSBNB":0,"ETCBNB":0,"FETBNB":0.009337039508912546,"FILBNB":0,"FIOBNB":0,"FTMBNB":0,"FTTBNB":0.06131344097978827,"HARDBNB":0.04197284665997209,"HBARBNB":0,"HOTBNB":0,"ICPBNB":0,"ICXBNB":0,"INJBNB":0.021049680137289285,"IOSTBNB":0,"IOTABNB":0,"IQBNB":0.0262045443689165,"JSTBNB":0.012234526416982545,"KAVABNB":0,"KP3RBNB":0.02031452826541193,"KSMBNB":0,"LTCBNB":0.009050192411453871,"LUNABNB":0,"MATICBNB":0.013255597456115403,"MBLBNB":0.013456177277669928,"MFTBNB":0,"MITHBNB":0,"MKRBNB":0.0016158266440310235,"NEARBNB":0.011062889425877973,"NEOBNB":0,"NMRBNB":0.01019460376976944,"OCEANBNB":0.00932996635252043,"OGNBNB":0,"ONEBNB":0.006022095435636807,"ONTBNB":0,"PAXGBNB":0.0725194800152758,"PERLBNB":0.014797158575705145,"PROMBNB":0.010506749924092472,"RSRBNB":0.003895137788628644,"RUNEBNB":0.020882800546773394,"RVNBNB":0,"SANDBNB":0,"SCBNB":0,"SNXBNB":0.013190017185512659,"SOLBNB":0.02618269505991744,"SPARTABNB":0.019518018237800912,"SRMBNB":0.0010264430930025583,"STMXBNB":0,"STXBNB":0.01368766111076495,"SUSHIBNB":0.024922446795215412,"SWRVBNB":0.01008203520141394,"SXPBNB":0.008376638092358231,"THETABNB":0.014572104756950267,"TROYBNB":0.0036987020250857203,"TRXBNB":0,"UNFIBNB":0.02616714941759517,"UNIBNB":0,"VETBNB":0,"VTHOBNB":0,"WABIBNB":0,"WANBNB":0,"WAVESBNB":0,"WINBNB":0.005255193638220162,"WINGBNB":0,"WNXMBNB":0.004572471863566088,"WRXBNB":0,"WTCBNB":0.005411409671154387,"XLMBNB":0,"XMRBNB":0,"XRPBNB":0.03677515059248622,"XTZBNB":0.010860290407652727,"XVSBNB":0.005167618382596977,"YFIBNB":0,"YFIIBNB":0.02486430285595689,"ZECBNB":0,"ZENBNB":0,"ZILBNB":0},"numerosità_campione":114,"expected_return":0.00012072602729578794,"standard_deviation":0.0012398483878060368,"sharpe_ratio":0.09737160485357219}