{"weights":{"AAVEBNB":0.003762269964429232,"ADABNB":0.04772311993116064,"ALGOBNB":0,"ALPHABNB":0,"ANKRBNB":0.0151957829811468,"ANTBNB":0,"ARBNB":0,"ARPABNB":0,"ATOMBNB":0,"AVABNB":0,"AVAXBNB":0,"AXSBNB":0,"BAKEBNB":0.03732244623284436,"BANDBNB":0,"BATBNB":0,"BCHBNB":0,"BELBNB":0,"BIFIBNB":0.026532722917232444,"BLZBNB":0.012512212306859189,"BTTBNB":0,"BURGERBNB":0,"CAKEBNB":0.015593542926718168,"CELRBNB":0.029797758359841036,"CHRBNB":0,"CHZBNB":0,"COCOSBNB":0.005994787241630989,"COSBNB":0,"COTIBNB":0,"CREAMBNB":0.03292634023711289,"CRVBNB":0,"CTKBNB":0,"CTSIBNB":0.008004568681957203,"DASHBNB":0,"DGBBNB":0,"DIABNB":0,"DOTBNB":0,"EGLDBNB":0,"ENJBNB":0,"EOSBNB":0,"ETCBNB":0,"FETBNB":0.008958170973263114,"FILBNB":0,"FIOBNB":0,"FTMBNB":0,"FTTBNB":0,"HARDBNB":0.028707368516774395,"HBARBNB":0,"HOTBNB":0,"ICPBNB":0,"ICXBNB":0,"INJBNB":0.03392007379658045,"IOSTBNB":0,"IOTABNB":0,"IQBNB":0.03633473842330069,"JSTBNB":0,"KAVABNB":0,"KP3RBNB":0.007706403041815501,"KSMBNB":0.018043268894847985,"LTCBNB":0,"LUNABNB":0,"MATICBNB":0.05720151918837111,"MBLBNB":0,"MFTBNB":0,"MITHBNB":0,"MKRBNB":0,"NEARBNB":0.01432969986981373,"NEOBNB":0,"NMRBNB":0.01685890496606084,"OCEANBNB":0,"OGNBNB":0,"ONEBNB":0.03563647074173375,"ONTBNB":0,"PAXGBNB":0.12964089957197472,"PERLBNB":0.01042573380290474,"PROMBNB":0,"RSRBNB":0,"RUNEBNB":0.038464223076095205,"RVNBNB":0,"SANDBNB":0,"SCBNB":0,"SNXBNB":0.029705380606642816,"SOLBNB":0.07245148623980366,"SPARTABNB":0.02036372679860303,"SRMBNB":0.005258508946279314,"STMXBNB":0,"STXBNB":0,"SUSHIBNB":0.10314181358047705,"SWRVBNB":0.005982771629203212,"SXPBNB":0,"THETABNB":0,"TROYBNB":0,"TRXBNB":0,"UNFIBNB":0,"UNIBNB":0,"VETBNB":0,"VTHOBNB":0,"WABIBNB":0,"WANBNB":0,"WAVESBNB":0,"WINBNB":0,"WINGBNB":0.002654052966286358,"WNXMBNB":0.001523855841381663,"WRXBNB":0,"WTCBNB":0,"XLMBNB":0,"XMRBNB":0,"XRPBNB":0.07973958995606821,"XTZBNB":0,"XVSBNB":0,"YFIBNB":0,"YFIIBNB":0.007585786790785327,"ZECBNB":0,"ZENBNB":0,"ZILBNB":0},"numerosità_campione":114,"expected_return":0.00025570463669351913,"standard_deviation":0.0018828366312932479,"sharpe_ratio":0.13580819091982796}