{"weights":{"AAVEBNB":0,"ADABNB":0.002247894626831343,"ALGOBNB":0,"ALPHABNB":0,"ANKRBNB":0.009607844882206748,"ANTBNB":0.02158762705151407,"ARBNB":0.0018838038798306288,"ARPABNB":0.028048210663627143,"ATOMBNB":0,"AVABNB":0.0030017415314631023,"AVAXBNB":0,"AXSBNB":0.0021690634829124606,"BAKEBNB":0.011018959800452309,"BANDBNB":0.01392022819249731,"BATBNB":0.007331543596115176,"BCHBNB":0,"BELBNB":0.010616594400966435,"BIFIBNB":0.014230346998616146,"BLZBNB":0.003937861724470992,"BTTBNB":0.02337980931933356,"BURGERBNB":0.004816287472327957,"CAKEBNB":0.15123839996267582,"CELRBNB":0.003554952504136194,"CHRBNB":0,"CHZBNB":0,"COCOSBNB":0.012056504745716054,"COSBNB":0.01626515913763691,"COTIBNB":0,"CREAMBNB":0.010102661457951856,"CRVBNB":0,"CTKBNB":0,"CTSIBNB":0.0016022802540404813,"DASHBNB":0,"DGBBNB":0,"DIABNB":0,"DOTBNB":0.03537581433134636,"EGLDBNB":0.007537115880753426,"ENJBNB":0,"EOSBNB":0,"ETCBNB":0.0025754022226979856,"FETBNB":0.008016839282215053,"FILBNB":0.00390219117127686,"FIOBNB":0,"FTMBNB":0,"FTTBNB":0.0670066220674471,"HARDBNB":0.041443176714153866,"HBARBNB":0,"HOTBNB":0,"ICPBNB":0,"ICXBNB":0,"INJBNB":0.01191339279593172,"IOSTBNB":0,"IOTABNB":0,"IQBNB":0.01936534675319272,"JSTBNB":0.021167787400310053,"KAVABNB":0,"KP3RBNB":0.01919360484028197,"KSMBNB":0,"LTCBNB":0.02090642627791831,"LUNABNB":0,"MATICBNB":0.0010250732589151626,"MBLBNB":0.016232548584280384,"MFTBNB":0,"MITHBNB":0.00032284125106084397,"MKRBNB":0.002829040171888608,"NEARBNB":0.006580118071652616,"NEOBNB":0,"NMRBNB":0.008107585024606831,"OCEANBNB":0.020406864759169117,"OGNBNB":0.009173810013133958,"ONEBNB":0,"ONTBNB":0,"PAXGBNB":0.05390491708761482,"PERLBNB":0.012401296716171144,"PROMBNB":0.012203251005709072,"RSRBNB":0.010170258283940718,"RUNEBNB":0.012282444464094093,"RVNBNB":0,"SANDBNB":0,"SCBNB":0.004882515249033846,"SNXBNB":0.0058413605928091744,"SOLBNB":0.012214283605764594,"SPARTABNB":0.018164251960771104,"SRMBNB":0,"STMXBNB":0,"STXBNB":0.013942014765907213,"SUSHIBNB":0,"SWRVBNB":0.009248105559018904,"SXPBNB":0.011788815977552656,"THETABNB":0.012584277184076622,"TROYBNB":0.004635737764865036,"TRXBNB":0,"UNFIBNB":0.028348310795792846,"UNIBNB":0.01905740525672178,"VETBNB":0,"VTHOBNB":0.0015308234235641785,"WABIBNB":0.00003672754686935222,"WANBNB":0,"WAVESBNB":0,"WINBNB":0.006623301363620339,"WINGBNB":0,"WNXMBNB":0.004130722479611214,"WRXBNB":0,"WTCBNB":0.010919172534741702,"XLMBNB":0,"XMRBNB":0,"XRPBNB":0.01740586267859515,"XTZBNB":0.010632983495236174,"XVSBNB":0.007016525662346456,"YFIBNB":0,"YFIIBNB":0.02202740753223019,"ZECBNB":0.002307850455785926,"ZENBNB":0,"ZILBNB":0},"numerosità_campione":114,"expected_return":0.00007164289660570388,"standard_deviation":0.0011540641081788435,"sharpe_ratio":0.062078784096976265}