{"weights":{"AAVEETH":0.022158544989477457,"ADAETH":0.019670668386354128,"ADXETH":0.002726944309607885,"AIONETH":0.0021887191386261184,"BATETH":0,"BETHETH":0.8689915822468306,"BLZETH":0,"BNBETH":0,"BNTETH":0.02218441135448295,"BQXETH":0.0012101517462741003,"BRDETH":0,"CDTETH":0,"COVERETH":0,"CVCETH":0,"CVPETH":0.001639395664953537,"DASHETH":0,"DATAETH":0,"DENTETH":0,"DEXEETH":0.0027771329481794736,"DFETH":0.003793639393958574,"ELFETH":0.002645018083125647,"ENJETH":0,"EOSETH":0,"ETCETH":0,"EZETH":0.006086370118219113,"FIROETH":0,"FRONTETH":0,"FUNETH":0,"GHSTETH":0.0044109842620743585,"GLMETH":0.0014117467323585082,"GRTETH":0,"GXSETH":0.0007169864537838813,"HEGICETH":0.0007608588996467214,"HOTETH":0,"ICXETH":0,"IOSTETH":0,"IOTAETH":0,"IOTXETH":0,"KEYETH":0,"KMDETH":0,"KNCETH":0,"LINKETH":0,"LOOMETH":0,"LRCETH":0,"LSKETH":0,"LTCETH":0,"MANAETH":0,"MFTETH":0,"MTLETH":0,"NANOETH":0.0018341050082357057,"NASETH":0,"NAVETH":0,"NCASHETH":0.0024883438963050055,"NEBLETH":0,"NEOETH":0,"OMGETH":0,"ONTETH":0,"OSTETH":0.0023172244092087317,"PIVXETH":0.003179220177155771,"POWRETH":0,"PROSETH":0.001122080607606326,"PUNDIXETH":0,"QKCETH":0,"QLCETH":0.0008170475763018215,"QSPETH":0,"QTUMETH":0,"RENBTCETH":0.010120392413833411,"REPETH":0,"RLCETH":0.004781482463568954,"SCETH":0,"SCRTETH":0,"SLPETH":0.0025111126314864107,"SNTETH":0,"STEEMETH":0,"STMXETH":0,"STRAXETH":0.001180301945674193,"THETAETH":0,"TRXETH":0,"UFTETH":0,"VETETH":0,"VIBETH":0,"WANETH":0.0049646562260398,"WAVESETH":0,"XEMETH":0,"XLMETH":0.00011500751956539821,"XMRETH":0,"XRPETH":0,"XVGETH":0,"ZECETH":0,"ZENETH":0.0011958703970653397,"ZILETH":0,"ZRXETH":0},"numerosità_campione":92,"expected_return":-8.290832327092706e-7,"standard_deviation":0.0006712162955124289,"sharpe_ratio":-0.001235195328618059}