{"weights":{"AAVEETH":0.023234018140793053,"ADAETH":0.00847186377929784,"ADXETH":0.010256975473111406,"AIONETH":0.0007208578107933338,"BATETH":0,"BETHETH":0.8274097541822341,"BLZETH":0.0004311599014964955,"BNBETH":0,"BNTETH":0.007274438591751865,"BQXETH":0,"BRDETH":0.004142470732482948,"CDTETH":0,"COVERETH":0,"CVCETH":0,"CVPETH":0,"DASHETH":0,"DATAETH":0.002354971230128681,"DENTETH":0,"DEXEETH":0,"DFETH":0.004130075580966684,"ELFETH":0,"ENJETH":0,"EOSETH":0,"ETCETH":0,"EZETH":0,"FIROETH":0,"FRONTETH":0,"FUNETH":0,"GHSTETH":0.005033124095482562,"GLMETH":0.00024098690501160185,"GRTETH":0,"GXSETH":0,"HEGICETH":0.0029161320687755,"HOTETH":0,"ICXETH":0,"IOSTETH":0,"IOTAETH":0,"IOTXETH":0.0016037929509691103,"KEYETH":0.0013547181674570718,"KMDETH":0,"KNCETH":0,"LINKETH":0,"LOOMETH":0,"LRCETH":0,"LSKETH":0,"LTCETH":0,"MANAETH":0,"MFTETH":0.001577953644051029,"MTLETH":0.0006336499868057491,"NANOETH":0,"NASETH":0.0010576730915831558,"NAVETH":0.00688022482872829,"NCASHETH":0.005727111827160835,"NEBLETH":0,"NEOETH":0,"OMGETH":0,"ONTETH":0,"OSTETH":0.008531440916194722,"PIVXETH":0.004076932113784879,"POWRETH":0,"PROSETH":0.007725055372989634,"PUNDIXETH":0.0039418481622320745,"QKCETH":0,"QLCETH":0,"QSPETH":0,"QTUMETH":0,"RENBTCETH":0.03755334419515443,"REPETH":0,"RLCETH":0.00850333672391747,"SCETH":0,"SCRTETH":0,"SLPETH":0.0006324416821726446,"SNTETH":0,"STEEMETH":0,"STMXETH":0,"STRAXETH":0.00013804876968244326,"THETAETH":0,"TRXETH":0,"UFTETH":0,"VETETH":0,"VIBETH":0,"WANETH":0.000018214961360814058,"WAVESETH":0,"XEMETH":0,"XLMETH":0,"XMRETH":0,"XRPETH":0.005412679589349077,"XVGETH":0,"ZECETH":0,"ZENETH":0.008014704524080603,"ZILETH":0,"ZRXETH":0},"numerosità_campione":6977,"expected_return":4.647335663879692e-7,"standard_deviation":0.0008539197100036532,"sharpe_ratio":0.000544235671039823}