{"weights":{"AAVEETH":0.021749629152965275,"ADAETH":0.001955170771874011,"ADXETH":0.008273546523023288,"AIONETH":0.0004933854322674302,"BATETH":0,"BETHETH":0.8195009390352403,"BLZETH":0.0003783530767515352,"BNBETH":0,"BNTETH":0.010270626534894016,"BQXETH":0,"BRDETH":0.008480090940398852,"CDTETH":0.0002724145254761818,"COVERETH":0,"CVCETH":0.0005708424861746685,"CVPETH":0,"DASHETH":0,"DATAETH":0,"DENTETH":0,"DEXEETH":0.00012248418875405255,"DFETH":0.004202876445938318,"ELFETH":0,"ENJETH":0,"EOSETH":0,"ETCETH":0.0016236139372027983,"EZETH":0,"FIROETH":0,"FRONTETH":0,"FUNETH":0,"GHSTETH":0.003503609163789197,"GLMETH":0,"GRTETH":0,"GXSETH":0,"HEGICETH":0.001871123678339069,"HOTETH":0,"ICXETH":0,"IOSTETH":0,"IOTAETH":0,"IOTXETH":0.0016888691774953196,"KEYETH":0.0009220757739361019,"KMDETH":0.001313342685987875,"KNCETH":0,"LINKETH":0,"LOOMETH":0,"LRCETH":0,"LSKETH":0,"LTCETH":0,"MANAETH":0,"MFTETH":0.0002851863958511784,"MTLETH":0,"NANOETH":0,"NASETH":0.003924509342832036,"NAVETH":0.00675071364050547,"NCASHETH":0.005288296342436187,"NEBLETH":0,"NEOETH":0,"OMGETH":0,"ONTETH":0,"OSTETH":0.010285998841345498,"PIVXETH":0.006493603991043985,"POWRETH":0,"PROSETH":0.009490166649368314,"PUNDIXETH":0.004732152782717174,"QKCETH":0,"QLCETH":0,"QSPETH":0.002904490503193829,"QTUMETH":0,"RENBTCETH":0.035317181624340194,"REPETH":0,"RLCETH":0.006273145413572474,"SCETH":0,"SCRTETH":0.0001811475202732073,"SLPETH":0.00016845084479954242,"SNTETH":0,"STEEMETH":0,"STMXETH":0,"STRAXETH":0.000041753546390068517,"THETAETH":0,"TRXETH":0,"UFTETH":0,"VETETH":0.0017723929547582397,"VIBETH":0,"WANETH":0.003017366970037681,"WAVESETH":0,"XEMETH":0,"XLMETH":0,"XMRETH":0,"XRPETH":0.00946044815392514,"XVGETH":0,"ZECETH":0,"ZENETH":0.0064200009521012055,"ZILETH":0,"ZRXETH":0},"numerosità_campione":6955,"expected_return":-0.0000017345367587776065,"standard_deviation":0.0008429661048451967,"sharpe_ratio":-0.0020576589601976215}