{"weights":{"AAVEETH":0.021995151284562132,"ADAETH":0.0023530572022170894,"ADXETH":0.008414426126575794,"AIONETH":0.0005825130812993189,"BATETH":0,"BETHETH":0.8199299419954307,"BLZETH":0.00043637516876754353,"BNBETH":0,"BNTETH":0.010562311496800005,"BQXETH":0,"BRDETH":0.00806744146976954,"CDTETH":0.00017922631725600887,"COVERETH":0,"CVCETH":0.0004167615795101289,"CVPETH":0,"DASHETH":0,"DATAETH":0,"DENTETH":0,"DEXEETH":0,"DFETH":0.004208115288046833,"ELFETH":0,"ENJETH":0,"EOSETH":0,"ETCETH":0.0014502217367337083,"EZETH":0,"FIROETH":0,"FRONTETH":0,"FUNETH":0,"GHSTETH":0.0035218943272967143,"GLMETH":0,"GRTETH":0,"GXSETH":0,"HEGICETH":0.001912476228138755,"HOTETH":0,"ICXETH":0,"IOSTETH":0,"IOTAETH":0,"IOTXETH":0.0015977685121866298,"KEYETH":0.0010047370293668173,"KMDETH":0.001272083473282484,"KNCETH":0,"LINKETH":0,"LOOMETH":0,"LRCETH":0,"LSKETH":0,"LTCETH":0,"MANAETH":0,"MFTETH":0.00037050786376080394,"MTLETH":0,"NANOETH":0,"NASETH":0.004080443387504179,"NAVETH":0.006485264763430995,"NCASHETH":0.005385884443793893,"NEBLETH":0,"NEOETH":0,"OMGETH":0,"ONTETH":0,"OSTETH":0.010083450833770664,"PIVXETH":0.006345491594084386,"POWRETH":0,"PROSETH":0.009449831748933234,"PUNDIXETH":0.004634370450890865,"QKCETH":0,"QLCETH":0,"QSPETH":0.0025417769363215237,"QTUMETH":0,"RENBTCETH":0.035823800907756664,"REPETH":0,"RLCETH":0.006378174022780876,"SCETH":0,"SCRTETH":0,"SLPETH":0.00019505428711489128,"SNTETH":0,"STEEMETH":0,"STMXETH":0,"STRAXETH":0.000005243292803251668,"THETAETH":0,"TRXETH":0,"UFTETH":0,"VETETH":0.0014724393319863899,"VIBETH":0,"WANETH":0.0028994378041818838,"WAVESETH":0,"XEMETH":0,"XLMETH":0,"XMRETH":0,"XRPETH":0.009327578581299014,"XVGETH":0,"ZECETH":0,"ZENETH":0.006616747432346008,"ZILETH":0,"ZRXETH":0},"numerosità_campione":6977,"expected_return":-0.000002127198451251261,"standard_deviation":0.0008426349442894338,"sharpe_ratio":-0.002524460284572054}