{"weights":{"AAVEETH":0.010341397301913474,"ADAETH":0.002630958430511823,"ADXETH":0.006436049260318216,"AIONETH":0.0005808069450379223,"BATETH":0,"BETHETH":0.8319874540577507,"BLZETH":0,"BNBETH":0,"BNTETH":0.024260819156680824,"BQXETH":0.002276009050082998,"BRDETH":0.0009511466350186472,"CDTETH":0.0075211486931032355,"COVERETH":0.000041744936157170276,"CVCETH":0,"CVPETH":0.005138251387630965,"DASHETH":0,"DATAETH":0,"DENTETH":0,"DEXEETH":0.0036694182539429594,"DFETH":0.0052191762961958255,"ELFETH":0.003502671824758806,"ENJETH":0,"EOSETH":0.002409021888887873,"ETCETH":0,"EZETH":0.007669691361019949,"FIROETH":0,"FRONTETH":0,"FUNETH":0,"GHSTETH":0.0001930430974616002,"GLMETH":0.004734203410097057,"GRTETH":0.0024834369642541265,"GXSETH":0,"HEGICETH":0,"HOTETH":0,"ICXETH":0,"IOSTETH":0,"IOTAETH":0,"IOTXETH":0,"KEYETH":0,"KMDETH":0,"KNCETH":0.0019384413575494616,"LINKETH":0.015176725255740124,"LOOMETH":0,"LRCETH":0,"LSKETH":0,"LTCETH":0.002514716437690627,"MANAETH":0,"MFTETH":0,"MTLETH":0,"NANOETH":0,"NASETH":0,"NAVETH":0.004137289853993595,"NCASHETH":0.003074787215744566,"NEBLETH":0.002765960034085071,"NEOETH":0,"OMGETH":0,"ONTETH":0,"OSTETH":0.005710377800817371,"PIVXETH":0.0035692445345282117,"POWRETH":0,"PROSETH":0.0037613225798564117,"PUNDIXETH":0,"QKCETH":0,"QLCETH":0.0015725131557017841,"QSPETH":0.0038465799182375894,"QTUMETH":0,"RENBTCETH":0.011555186464873638,"REPETH":0.0020404145184251773,"RLCETH":0.0002305875472944668,"SCETH":0,"SCRTETH":0.0020154560176376163,"SLPETH":0,"SNTETH":0.0019006054730678907,"STEEMETH":0,"STMXETH":0.0005892958259837113,"STRAXETH":0,"THETAETH":0,"TRXETH":0,"UFTETH":0,"VETETH":0.0017537954085922324,"VIBETH":0.005932943937005644,"WANETH":0.0038673077123506693,"WAVESETH":0,"XEMETH":0,"XLMETH":0,"XMRETH":0,"XRPETH":0,"XVGETH":0,"ZECETH":0,"ZENETH":0,"ZILETH":0,"ZRXETH":0},"numerosità_campione":92,"expected_return":-0.00001273146821122771,"standard_deviation":0.0006515158370840884,"sharpe_ratio":-0.01954130273825487}