{"weights":{"AAVEETH":0.020338576277342167,"ADAETH":0,"ADXETH":0.006293704454903826,"AIONETH":0.00004203290301809886,"BATETH":0,"BETHETH":0.8061565639311445,"BLZETH":0,"BNBETH":0,"BNTETH":0.011575410003110336,"BQXETH":0,"BRDETH":0.01084627275009569,"CDTETH":0.0013746312729236755,"COVERETH":0,"CVCETH":0.0008253318233055161,"CVPETH":0,"DASHETH":0,"DATAETH":0,"DENTETH":0,"DEXEETH":0.0035268644098784647,"DFETH":0.0040622176977031165,"ELFETH":0,"ENJETH":0,"EOSETH":0,"ETCETH":0.0034271150562953673,"EZETH":0.00021566851829573808,"FIROETH":0,"FRONTETH":0,"FUNETH":0,"GHSTETH":0.001603629863704854,"GLMETH":0,"GRTETH":0,"GXSETH":0,"HEGICETH":0.0009135804629489025,"HOTETH":0,"ICXETH":0,"IOSTETH":0,"IOTAETH":0,"IOTXETH":0.0013283658522176057,"KEYETH":0.0004204940359188213,"KMDETH":0.0015821249527925882,"KNCETH":0,"LINKETH":0.0022181076037038525,"LOOMETH":0,"LRCETH":0,"LSKETH":0,"LTCETH":0,"MANAETH":0,"MFTETH":0,"MTLETH":0,"NANOETH":0,"NASETH":0.006014922750275972,"NAVETH":0.005686179720003331,"NCASHETH":0.004963173823828943,"NEBLETH":0,"NEOETH":0,"OMGETH":0,"ONTETH":0,"OSTETH":0.011105604314001663,"PIVXETH":0.007794402357269211,"POWRETH":0,"PROSETH":0.011058573993864661,"PUNDIXETH":0.004514104278303977,"QKCETH":0,"QLCETH":0.0006783833485250053,"QSPETH":0.005612972913090983,"QTUMETH":0,"RENBTCETH":0.03340804288015403,"REPETH":0,"RLCETH":0.004185474169155412,"SCETH":0.0028483268167071715,"SCRTETH":0.002759749214246919,"SLPETH":0,"SNTETH":0,"STEEMETH":0,"STMXETH":0,"STRAXETH":0,"THETAETH":0,"TRXETH":0,"UFTETH":0,"VETETH":0.002967262638743839,"VIBETH":0,"WANETH":0.004302865600975206,"WAVESETH":0.000790455608235464,"XEMETH":0,"XLMETH":0,"XMRETH":0,"XRPETH":0.009903783137948796,"XVGETH":0,"ZECETH":0,"ZENETH":0.004655030565366248,"ZILETH":0,"ZRXETH":0},"numerosità_campione":6977,"expected_return":-0.00000471913046889049,"standard_deviation":0.0008370654846600483,"sharpe_ratio":-0.005637707629059676}