{"weights":{"AAVEETH":0.02107442680843748,"ADAETH":0,"ADXETH":0.007359081805722319,"AIONETH":0.0002851969876539243,"BATETH":0,"BETHETH":0.8136804088115733,"BLZETH":0.0001579439699293583,"BNBETH":0,"BNTETH":0.010869292901485316,"BQXETH":0,"BRDETH":0.009627373810915076,"CDTETH":0.0008226407310033396,"COVERETH":0,"CVCETH":0.0007774370194227899,"CVPETH":0,"DASHETH":0,"DATAETH":0,"DENTETH":0,"DEXEETH":0.0018154470947591144,"DFETH":0.00414133226663608,"ELFETH":0,"ENJETH":0,"EOSETH":0,"ETCETH":0.0025918384019536296,"EZETH":0.000021084172891353923,"FIROETH":0,"FRONTETH":0,"FUNETH":0,"GHSTETH":0.0026531628253781605,"GLMETH":0,"GRTETH":0,"GXSETH":0,"HEGICETH":0.0014018985570323824,"HOTETH":0,"ICXETH":0,"IOSTETH":0,"IOTAETH":0,"IOTXETH":0.0015409922922598944,"KEYETH":0.0007009842189740315,"KMDETH":0.0015094724018478167,"KNCETH":0,"LINKETH":0.0008911385241694761,"LOOMETH":0,"LRCETH":0,"LSKETH":0,"LTCETH":0,"MANAETH":0,"MFTETH":0,"MTLETH":0,"NANOETH":0,"NASETH":0.0048566216156987335,"NAVETH":0.006289910029749997,"NCASHETH":0.005116284931036998,"NEBLETH":0,"NEOETH":0,"OMGETH":0,"ONTETH":0,"OSTETH":0.01067833597328052,"PIVXETH":0.007143365780707196,"POWRETH":0,"PROSETH":0.01021220300710984,"PUNDIXETH":0.004710802492549852,"QKCETH":0,"QLCETH":0.000152165443700937,"QSPETH":0.004286883924106922,"QTUMETH":0,"RENBTCETH":0.03433418896092918,"REPETH":0,"RLCETH":0.005308346803874562,"SCETH":0.0013243992900561297,"SCRTETH":0.0014208121696509337,"SLPETH":0,"SNTETH":0,"STEEMETH":0,"STMXETH":0,"STRAXETH":0,"THETAETH":0,"TRXETH":0,"UFTETH":0,"VETETH":0.0026749261834412303,"VIBETH":0,"WANETH":0.0036775496396253323,"WAVESETH":0.00030813626374063695,"XEMETH":0,"XLMETH":0,"XMRETH":0,"XRPETH":0.009905672694437914,"XVGETH":0,"ZECETH":0,"ZENETH":0.005678241194258083,"ZILETH":0,"ZRXETH":0},"numerosità_campione":6955,"expected_return":-0.000002977825802071159,"standard_deviation":0.0008397956654631034,"sharpe_ratio":-0.0035458932744419965}