{"weights":{"AAVEETH":0.023400152786168096,"ADAETH":0.010981804696761178,"ADXETH":0.010938019202523581,"AIONETH":0.000560008980225065,"BATETH":0,"BETHETH":0.8299450125258739,"BLZETH":0.0001486302965989694,"BNBETH":0,"BNTETH":0.0045739890484356015,"BQXETH":0,"BRDETH":0.00260779363675865,"CDTETH":0,"COVERETH":0,"CVCETH":0,"CVPETH":0,"DASHETH":0,"DATAETH":0.0034645043349226775,"DENTETH":0,"DEXEETH":0,"DFETH":0.004117094948694913,"ELFETH":0,"ENJETH":0,"EOSETH":0,"ETCETH":0,"EZETH":0,"FIROETH":0,"FRONTETH":0,"FUNETH":0,"GHSTETH":0.006013893619770186,"GLMETH":0.00012666910154822498,"GRTETH":0,"GXSETH":0,"HEGICETH":0.00341178649198851,"HOTETH":0,"ICXETH":0,"IOSTETH":0,"IOTAETH":0,"IOTXETH":0.0017006313912573353,"KEYETH":0.0013938336420276918,"KMDETH":0,"KNCETH":0,"LINKETH":0,"LOOMETH":0,"LRCETH":0,"LSKETH":0,"LTCETH":0,"MANAETH":0,"MFTETH":0.002086905746114714,"MTLETH":0.0006342554207314566,"NANOETH":0,"NASETH":0,"NAVETH":0.007624202411642897,"NCASHETH":0.005695088117825668,"NEBLETH":0,"NEOETH":0,"OMGETH":0,"ONTETH":0,"OSTETH":0.007995645184184058,"PIVXETH":0.0029835349200352645,"POWRETH":0,"PROSETH":0.006767369144706463,"PUNDIXETH":0.0036500808267720397,"QKCETH":0,"QLCETH":0,"QSPETH":0,"QTUMETH":0,"RENBTCETH":0.03745325981620918,"REPETH":0,"RLCETH":0.009519275618321346,"SCETH":0,"SCRTETH":0,"SLPETH":0.0008178360847579731,"SNTETH":0,"STEEMETH":0,"STMXETH":0,"STRAXETH":0.00017893717744636706,"THETAETH":0,"TRXETH":0,"UFTETH":0,"VETETH":0,"VIBETH":0,"WANETH":0,"WAVESETH":0,"XEMETH":0,"XLMETH":0,"XMRETH":0,"XRPETH":0.003056980077678495,"XVGETH":0,"ZECETH":0,"ZENETH":0.0081528047500195,"ZILETH":0,"ZRXETH":0},"numerosità_campione":6955,"expected_return":0.000001995330371103051,"standard_deviation":0.0008606273834209759,"sharpe_ratio":0.002318460241378393}