{"weights":{"AAVEETH":0.02127601805519939,"ADAETH":0,"ADXETH":0.007471422434044202,"AIONETH":0.000365958902333779,"BATETH":0,"BETHETH":0.8140524476309713,"BLZETH":0.00021608978296331263,"BNBETH":0,"BNTETH":0.011136061451251057,"BQXETH":0,"BRDETH":0.009367572702624194,"CDTETH":0.0007594806355989915,"COVERETH":0,"CVCETH":0.0006947951454575698,"CVPETH":0,"DASHETH":0,"DATAETH":0,"DENTETH":0,"DEXEETH":0.0016574855098950999,"DFETH":0.0041562771631705395,"ELFETH":0,"ENJETH":0,"EOSETH":0,"ETCETH":0.00251569882714414,"EZETH":0.00005246810536227192,"FIROETH":0,"FRONTETH":0,"FUNETH":0,"GHSTETH":0.0026776717471344424,"GLMETH":0,"GRTETH":0,"GXSETH":0,"HEGICETH":0.0014288927770936273,"HOTETH":0,"ICXETH":0,"IOSTETH":0,"IOTAETH":0,"IOTXETH":0.0014704778058192225,"KEYETH":0.0007777212389516345,"KMDETH":0.0015199271621681018,"KNCETH":0,"LINKETH":0.0008054220984222331,"LOOMETH":0,"LRCETH":0,"LSKETH":0,"LTCETH":0,"MANAETH":0,"MFTETH":0,"MTLETH":0,"NANOETH":0,"NASETH":0.004984499611564375,"NAVETH":0.006094435592506613,"NCASHETH":0.005192038206710107,"NEBLETH":0,"NEOETH":0,"OMGETH":0,"ONTETH":0,"OSTETH":0.010545150068883229,"PIVXETH":0.007042806015817623,"POWRETH":0,"PROSETH":0.01018750709801422,"PUNDIXETH":0.004680218697777443,"QKCETH":0,"QLCETH":0.00020254045060292717,"QSPETH":0.004048547132737345,"QTUMETH":0,"RENBTCETH":0.03469391775705441,"REPETH":0,"RLCETH":0.005392598094337548,"SCETH":0.0011074334187294514,"SCRTETH":0.0013108495438621628,"SLPETH":0,"SNTETH":0,"STEEMETH":0,"STMXETH":0,"STRAXETH":0,"THETAETH":0,"TRXETH":0,"UFTETH":0,"VETETH":0.0025557380467009145,"VIBETH":0,"WANETH":0.003608393282733015,"WAVESETH":0.00023228451453056976,"XEMETH":0,"XLMETH":0,"XMRETH":0,"XRPETH":0.009906139961018455,"XVGETH":0,"ZECETH":0,"ZENETH":0.005813013330814448,"ZILETH":0,"ZRXETH":0},"numerosità_campione":6977,"expected_return":-0.0000034231644600708737,"standard_deviation":0.0008391776358003365,"sharpe_ratio":-0.004079189332549538}