{"weights":{"AAVEETH":0.023821855421104855,"ADAETH":0.014069748319796313,"ADXETH":0.011804550014252228,"AIONETH":0.0004152359825931286,"BATETH":0,"BETHETH":0.8317361459385797,"BLZETH":0,"BNBETH":0,"BNTETH":0.0015974419535877346,"BQXETH":0,"BRDETH":0,"CDTETH":0,"COVERETH":0,"CVCETH":0,"CVPETH":0,"DASHETH":0,"DATAETH":0.0051699561805157454,"DENTETH":0,"DEXEETH":0,"DFETH":0.004102507721460823,"ELFETH":0,"ENJETH":0,"EOSETH":0,"ETCETH":0,"EZETH":0,"FIROETH":0,"FRONTETH":0,"FUNETH":0,"GHSTETH":0.007238262728719372,"GLMETH":0.000040357446757184605,"GRTETH":0,"GXSETH":0,"HEGICETH":0.0039961847761571506,"HOTETH":0,"ICXETH":0,"IOSTETH":0,"IOTAETH":0,"IOTXETH":0.0016303468291496924,"KEYETH":0.0015075833015786287,"KMDETH":0,"KNCETH":0,"LINKETH":0,"LOOMETH":0,"LRCETH":0,"LSKETH":0,"LTCETH":0,"MANAETH":0,"MFTETH":0.002748408693163048,"MTLETH":0.0009558297378494517,"NANOETH":0.0002929128193159181,"NASETH":0,"NAVETH":0.007824999982968714,"NCASHETH":0.005773042098071149,"NEBLETH":0,"NEOETH":0,"OMGETH":0,"ONTETH":0,"OSTETH":0.006785338854706098,"PIVXETH":0.0013271917475094425,"POWRETH":0,"PROSETH":0.005637223223399934,"PUNDIXETH":0.0028791033915096156,"QKCETH":0,"QLCETH":0,"QSPETH":0,"QTUMETH":0,"RENBTCETH":0.03819952465370126,"REPETH":0,"RLCETH":0.010815390611296948,"SCETH":0,"SCRTETH":0,"SLPETH":0.0009959525171514697,"SNTETH":0,"STEEMETH":0,"STMXETH":0,"STRAXETH":0.00010110696490569414,"THETAETH":0,"TRXETH":0,"UFTETH":0,"VETETH":0,"VIBETH":0,"WANETH":0,"WAVESETH":0,"XEMETH":0,"XLMETH":0,"XMRETH":0,"XRPETH":0,"XVGETH":0,"ZECETH":0,"ZENETH":0.008533798090198538,"ZILETH":0,"ZRXETH":0},"numerosità_campione":6955,"expected_return":0.0000032386194143966013,"standard_deviation":0.0008698297295575613,"sharpe_ratio":0.003723279745846264}