{"weights":{"AAVEETH":0.018854793383443515,"ADAETH":0.014881743865921893,"ADXETH":0.004422948430887219,"AIONETH":0.0018307030759817883,"BATETH":0,"BETHETH":0.8606939719621056,"BLZETH":0,"BNBETH":0,"BNTETH":0.02367679865686206,"BQXETH":0.0020501696279016397,"BRDETH":0,"CDTETH":0.001171293731771076,"COVERETH":0,"CVCETH":0,"CVPETH":0.0030511222986306357,"DASHETH":0,"DATAETH":0,"DENTETH":0,"DEXEETH":0.0033714232019334007,"DFETH":0.004296070935001802,"ELFETH":0.0033894157278613916,"ENJETH":0,"EOSETH":0.0004584712358981114,"ETCETH":0,"EZETH":0.00662406648878129,"FIROETH":0,"FRONTETH":0,"FUNETH":0,"GHSTETH":0.003223067839120232,"GLMETH":0.002789063140069094,"GRTETH":0,"GXSETH":0.0004865981717029633,"HEGICETH":0.0001936863486173975,"HOTETH":0,"ICXETH":0,"IOSTETH":0,"IOTAETH":0,"IOTXETH":0,"KEYETH":0,"KMDETH":0,"KNCETH":0,"LINKETH":0.004687216456759503,"LOOMETH":0,"LRCETH":0,"LSKETH":0,"LTCETH":0,"MANAETH":0,"MFTETH":0,"MTLETH":0,"NANOETH":0.0012695251633976488,"NASETH":0,"NAVETH":0.0001981810109435641,"NCASHETH":0.0027082763924424517,"NEBLETH":0,"NEOETH":0,"OMGETH":0,"ONTETH":0,"OSTETH":0.0037347878172076616,"PIVXETH":0.0035978661772787294,"POWRETH":0,"PROSETH":0.002026758185402305,"PUNDIXETH":0,"QKCETH":0,"QLCETH":0.0012949335999955904,"QSPETH":0.00016972911244982457,"QTUMETH":0,"RENBTCETH":0.01102232952850577,"REPETH":0,"RLCETH":0.003406781216392466,"SCETH":0,"SCRTETH":0,"SLPETH":0.001721376381214181,"SNTETH":0.00018064500599743505,"STEEMETH":0,"STMXETH":0,"STRAXETH":0.0007514106155226518,"THETAETH":0,"TRXETH":0,"UFTETH":0,"VETETH":0,"VIBETH":0.0014870742576619644,"WANETH":0.005072651940456525,"WAVESETH":0,"XEMETH":0,"XLMETH":0,"XMRETH":0,"XRPETH":0,"XVGETH":0,"ZECETH":0,"ZENETH":0.0012050490158806702,"ZILETH":0,"ZRXETH":0},"numerosità_campione":92,"expected_return":-0.0000038046794773388836,"standard_deviation":0.0006622266467346146,"sharpe_ratio":-0.005745282972377278}