{"weights":{"AAVEETH":0.022755592391949016,"ADAETH":0.00569409094385922,"ADXETH":0.009364051262998066,"AIONETH":0.0007001450572789712,"BATETH":0,"BETHETH":0.8245091507428988,"BLZETH":0.0005792760820418811,"BNBETH":0,"BNTETH":0.009092255820810817,"BQXETH":0,"BRDETH":0.0062463698394118255,"CDTETH":0,"COVERETH":0,"CVCETH":0,"CVPETH":0,"DASHETH":0,"DATAETH":0.0008258027993687415,"DENTETH":0,"DEXEETH":0,"DFETH":0.004157943199895105,"ELFETH":0,"ENJETH":0,"EOSETH":0,"ETCETH":0.00023768662137605548,"EZETH":0,"FIROETH":0,"FRONTETH":0,"FUNETH":0,"GHSTETH":0.004114709807875303,"GLMETH":0.00010203704642006657,"GRTETH":0,"GXSETH":0,"HEGICETH":0.002373751671104226,"HOTETH":0,"ICXETH":0,"IOSTETH":0,"IOTAETH":0,"IOTXETH":0.0015574621594997761,"KEYETH":0.001181641334899267,"KMDETH":0.0007012000578476595,"KNCETH":0,"LINKETH":0,"LOOMETH":0,"LRCETH":0,"LSKETH":0,"LTCETH":0,"MANAETH":0,"MFTETH":0.0009651749309779801,"MTLETH":0.00009675844293426001,"NANOETH":0,"NASETH":0.0027687112729807197,"NAVETH":0.00670690190097615,"NCASHETH":0.005559330804831802,"NEBLETH":0,"NEOETH":0,"OMGETH":0,"ONTETH":0,"OSTETH":0.00939782005043344,"PIVXETH":0.005301569860338484,"POWRETH":0,"PROSETH":0.0086301620151005,"PUNDIXETH":0.0043447995868526115,"QKCETH":0,"QLCETH":0,"QSPETH":0.0004671013024189197,"QTUMETH":0,"RENBTCETH":0.036650950873905574,"REPETH":0,"RLCETH":0.007414429576151198,"SCETH":0,"SCRTETH":0,"SLPETH":0.0004513340885551678,"SNTETH":0,"STEEMETH":0,"STMXETH":0,"STRAXETH":0.0000543019840363522,"THETAETH":0,"TRXETH":0,"UFTETH":0,"VETETH":0.000015880548153095187,"VIBETH":0,"WANETH":0.0016410026707663207,"WAVESETH":0,"XEMETH":0,"XLMETH":0,"XMRETH":0,"XRPETH":0.007872848596871927,"XVGETH":0,"ZECETH":0,"ZENETH":0.007467754654180786,"ZILETH":0,"ZRXETH":0},"numerosità_campione":6977,"expected_return":-8.312324424316456e-7,"standard_deviation":0.0008475097245850426,"sharpe_ratio":-0.0009807939877487936}