{"weights":{"AAVEETH":0.02246020346494547,"ADAETH":0.0052344480487164936,"ADXETH":0.009204199138222654,"AIONETH":0.0006207070446392641,"BATETH":0,"BETHETH":0.8243040015531994,"BLZETH":0.0005230702824009399,"BNBETH":0,"BNTETH":0.008800978375589838,"BQXETH":0,"BRDETH":0.006825152668508936,"CDTETH":0,"COVERETH":0,"CVCETH":0.000043785565050938936,"CVPETH":0,"DASHETH":0,"DATAETH":0.000450412497117682,"DENTETH":0,"DEXEETH":0,"DFETH":0.00417228788276915,"ELFETH":0,"ENJETH":0,"EOSETH":0,"ETCETH":0.0004290658403054015,"EZETH":0,"FIROETH":0,"FRONTETH":0,"FUNETH":0,"GHSTETH":0.004144985777582565,"GLMETH":0,"GRTETH":0,"GXSETH":0,"HEGICETH":0.0023465381133954983,"HOTETH":0,"ICXETH":0,"IOSTETH":0,"IOTAETH":0,"IOTXETH":0.001686983189459962,"KEYETH":0.0010891076445236987,"KMDETH":0.0008226891607276515,"KNCETH":0,"LINKETH":0,"LOOMETH":0,"LRCETH":0,"LSKETH":0,"LTCETH":0,"MANAETH":0,"MFTETH":0.0008741530390630361,"MTLETH":0,"NANOETH":0,"NASETH":0.002610355065093135,"NAVETH":0.007118832013409776,"NCASHETH":0.005440968740564652,"NEBLETH":0,"NEOETH":0,"OMGETH":0,"ONTETH":0,"OSTETH":0.009703663576508998,"PIVXETH":0.005523223015256264,"POWRETH":0,"PROSETH":0.008649829553914206,"PUNDIXETH":0.004526508483911744,"QKCETH":0,"QLCETH":0,"QSPETH":0.0009832961245265144,"QTUMETH":0,"RENBTCETH":0.036041394491850086,"REPETH":0,"RLCETH":0.0073027490458191496,"SCETH":0,"SCRTETH":0,"SLPETH":0.0004477835233130286,"SNTETH":0,"STEEMETH":0,"STMXETH":0,"STRAXETH":0.00012062238094210171,"THETAETH":0,"TRXETH":0,"UFTETH":0,"VETETH":0.00034815742904009954,"VIBETH":0,"WANETH":0.001837957490553875,"WAVESETH":0,"XEMETH":0,"XLMETH":0,"XMRETH":0,"XRPETH":0.008128992511826411,"XVGETH":0,"ZECETH":0,"ZENETH":0.007182897267251258,"ZILETH":0,"ZRXETH":0},"numerosità_campione":6955,"expected_return":-4.912477154840538e-7,"standard_deviation":0.0008474040097840274,"sharpe_ratio":-0.0005797089815627084}