{"weights":{"AAVEETH":0.020216258466685864,"ADAETH":0,"ADXETH":0.006246110404041558,"AIONETH":0,"BATETH":0,"BETHETH":0.8060068389419065,"BLZETH":0,"BNBETH":0,"BNTETH":0.011407611098355426,"BQXETH":0,"BRDETH":0.010962605810992666,"CDTETH":0.0014132741793548152,"COVERETH":0,"CVCETH":0.0008642190006671658,"CVPETH":0,"DASHETH":0,"DATAETH":0,"DENTETH":0,"DEXEETH":0.003597496646804558,"DFETH":0.0040494850473925485,"ELFETH":0,"ENJETH":0,"EOSETH":0,"ETCETH":0.003462996402437737,"EZETH":0.00021863189849836068,"FIROETH":0,"FRONTETH":0,"FUNETH":0,"GHSTETH":0.0016078342211588792,"GLMETH":0,"GRTETH":0,"GXSETH":0,"HEGICETH":0.0008949518873450852,"HOTETH":0,"ICXETH":0,"IOSTETH":0,"IOTAETH":0,"IOTXETH":0.001397971210677539,"KEYETH":0.0003695045151784395,"KMDETH":0.0015466067970229306,"KNCETH":0,"LINKETH":0.002260380373884311,"LOOMETH":0,"LRCETH":0,"LSKETH":0,"LTCETH":0,"MANAETH":0,"MFTETH":0,"MTLETH":0,"NANOETH":0,"NASETH":0.005929386341561396,"NAVETH":0.005805312262940803,"NCASHETH":0.00491460656637324,"NEBLETH":0,"NEOETH":0,"OMGETH":0,"ONTETH":0,"OSTETH":0.01115350555094793,"PIVXETH":0.007865876586257224,"POWRETH":0,"PROSETH":0.011069445524630753,"PUNDIXETH":0.004509547450957271,"QKCETH":0,"QLCETH":0.000631261438645183,"QSPETH":0.005734797886849504,"QTUMETH":0,"RENBTCETH":0.03324420750235079,"REPETH":0,"RLCETH":0.00414887203907562,"SCETH":0.0029342000402774893,"SCRTETH":0.00281005188802691,"SLPETH":0,"SNTETH":0,"STEEMETH":0,"STMXETH":0,"STRAXETH":0,"THETAETH":0,"TRXETH":0,"UFTETH":0,"VETETH":0.003047868214920476,"VIBETH":0,"WANETH":0.0043444795523586805,"WAVESETH":0.0008144739123016711,"XEMETH":0,"XLMETH":0,"XMRETH":0,"XRPETH":0.009890681779650023,"XVGETH":0,"ZECETH":0,"ZENETH":0.004628648559470808,"ZILETH":0,"ZRXETH":0},"numerosità_campione":6955,"expected_return":-0.000004221114845364712,"standard_deviation":0.0008378663277736527,"sharpe_ratio":-0.005037933504955261}