{"weights":{"AAVEETH":0.022944487690177595,"ADAETH":0.008001495588180235,"ADXETH":0.010073629960049858,"AIONETH":0.0006415766456832174,"BATETH":0,"BETHETH":0.8275519916679357,"BLZETH":0.00045777707626463234,"BNBETH":0,"BNTETH":0.0070447430788135625,"BQXETH":0,"BRDETH":0.005020737197325403,"CDTETH":0,"COVERETH":0,"CVCETH":0,"CVPETH":0,"DASHETH":0,"DATAETH":0.0018581513431653637,"DENTETH":0,"DEXEETH":0,"DFETH":0.004147101417041046,"ELFETH":0,"ENJETH":0,"EOSETH":0,"ETCETH":0,"EZETH":0,"FIROETH":0,"FRONTETH":0,"FUNETH":0,"GHSTETH":0.00495777329101715,"GLMETH":0.00011582751830167084,"GRTETH":0,"GXSETH":0,"HEGICETH":0.0028482808901358616,"HOTETH":0,"ICXETH":0,"IOSTETH":0,"IOTAETH":0,"IOTXETH":0.0017287180087849742,"KEYETH":0.00125446331869513,"KMDETH":0.0002165723590593161,"KNCETH":0,"LINKETH":0,"LOOMETH":0,"LRCETH":0,"LSKETH":0,"LTCETH":0,"MANAETH":0,"MFTETH":0.001454599818051982,"MTLETH":0.00027082551539989245,"NANOETH":0,"NASETH":0.0010014575739251321,"NAVETH":0.0073838608620170765,"NCASHETH":0.005577647046491741,"NEBLETH":0,"NEOETH":0,"OMGETH":0,"ONTETH":0,"OSTETH":0.00900665351839741,"PIVXETH":0.004410468510114757,"POWRETH":0,"PROSETH":0.007796263881747744,"PUNDIXETH":0.004232068269560869,"QKCETH":0,"QLCETH":0,"QSPETH":0,"QTUMETH":0,"RENBTCETH":0.0367138457191703,"REPETH":0,"RLCETH":0.0083184822507388,"SCETH":0,"SCRTETH":0,"SLPETH":0.0006327361981940129,"SNTETH":0,"STEEMETH":0,"STMXETH":0,"STRAXETH":0.0001926395905825185,"THETAETH":0,"TRXETH":0,"UFTETH":0,"VETETH":0,"VIBETH":0,"WANETH":0.00039818467125528545,"WAVESETH":0,"XEMETH":0,"XLMETH":0,"XMRETH":0,"XRPETH":0.006041336500340776,"XVGETH":0,"ZECETH":0,"ZENETH":0.007705603023381,"ZILETH":0,"ZRXETH":0},"numerosità_campione":6955,"expected_return":7.520413278094983e-7,"standard_deviation":0.0008532290465282015,"sharpe_ratio":0.0008814061486415199}