{"weights":{"AAVEETH":0.024155634175065617,"ADAETH":0.014823030058745645,"ADXETH":0.012048790040121278,"AIONETH":0.0004170053828873883,"BATETH":0,"BETHETH":0.8306161795773431,"BLZETH":0,"BNBETH":0,"BNTETH":0.0012537060338085847,"BQXETH":0,"BRDETH":0,"CDTETH":0,"COVERETH":0,"CVCETH":0,"CVPETH":0,"DASHETH":0,"DATAETH":0.0060330405474639595,"DENTETH":0,"DEXEETH":0,"DFETH":0.004049390319509016,"ELFETH":0,"ENJETH":0,"EOSETH":0,"ETCETH":0,"EZETH":0,"FIROETH":0,"FRONTETH":0,"FUNETH":0,"GHSTETH":0.007447551804844677,"GLMETH":0.000043206194364761244,"GRTETH":0,"GXSETH":0,"HEGICETH":0.004122597689285877,"HOTETH":0,"ICXETH":0,"IOSTETH":0,"IOTAETH":0,"IOTXETH":0.0013835492042863309,"KEYETH":0.0016206956464181132,"KMDETH":0,"KNCETH":0,"LINKETH":0,"LOOMETH":0,"LRCETH":0,"LSKETH":0,"LTCETH":0,"MANAETH":0,"MFTETH":0.0029440892660460385,"MTLETH":0.0014822485289422683,"NANOETH":0.00042811019252514556,"NASETH":0,"NAVETH":0.006988581783933862,"NCASHETH":0.005962667715190747,"NEBLETH":0,"NEOETH":0,"OMGETH":0,"ONTETH":0,"OSTETH":0.005768596685695913,"PIVXETH":0.0004796158839468495,"POWRETH":0,"PROSETH":0.005339738029408664,"PUNDIXETH":0.00208854311707396,"QKCETH":0,"QLCETH":0,"QSPETH":0,"QTUMETH":0,"RENBTCETH":0.03928863767886507,"REPETH":0,"RLCETH":0.011179082266593261,"SCETH":0,"SCRTETH":0,"SLPETH":0.0010230285993885683,"SNTETH":0,"STEEMETH":0,"STMXETH":0,"STRAXETH":0,"THETAETH":0,"TRXETH":0,"UFTETH":0,"VETETH":0,"VIBETH":0,"WANETH":0,"WAVESETH":0,"XEMETH":0,"XLMETH":0,"XMRETH":0,"XRPETH":0,"XVGETH":0,"ZECETH":0,"ZENETH":0.00901268357824524,"ZILETH":0,"ZRXETH":0},"numerosità_campione":6977,"expected_return":0.0000030566655840271978,"standard_deviation":0.0008722955031319641,"sharpe_ratio":0.0035041629505738426}