{"weights":{"AAVEETH":0.023751618247711534,"ADAETH":0.011572707536788416,"ADXETH":0.011154915996423029,"AIONETH":0.0006334868120447545,"BATETH":0,"BETHETH":0.8297193260675507,"BLZETH":0.00006373730039766795,"BNBETH":0,"BNTETH":0.00478208708401647,"BQXETH":0,"BRDETH":0.0014346447432916991,"CDTETH":0,"COVERETH":0,"CVCETH":0,"CVPETH":0,"DASHETH":0,"DATAETH":0.0040525876553179655,"DENTETH":0,"DEXEETH":0,"DFETH":0.004088145967820477,"ELFETH":0,"ENJETH":0,"EOSETH":0,"ETCETH":0,"EZETH":0,"FIROETH":0,"FRONTETH":0,"FUNETH":0,"GHSTETH":0.0061040903315241445,"GLMETH":0.00023798839303002558,"GRTETH":0,"GXSETH":0,"HEGICETH":0.003489505982610103,"HOTETH":0,"ICXETH":0,"IOSTETH":0,"IOTAETH":0,"IOTXETH":0.0015315938572628234,"KEYETH":0.0014974448436021939,"KMDETH":0,"KNCETH":0,"LINKETH":0,"LOOMETH":0,"LRCETH":0,"LSKETH":0,"LTCETH":0,"MANAETH":0,"MFTETH":0.0022227342322908,"MTLETH":0.001067874970879581,"NANOETH":0,"NASETH":0,"NAVETH":0.00699840339955079,"NCASHETH":0.005882260361497311,"NEBLETH":0,"NEOETH":0,"OMGETH":0,"ONTETH":0,"OSTETH":0.007354706366705563,"PIVXETH":0.0025480774367586737,"POWRETH":0,"PROSETH":0.006672633659386435,"PUNDIXETH":0.0031998439212840863,"QKCETH":0,"QLCETH":0,"QSPETH":0,"QTUMETH":0,"RENBTCETH":0.03850633503779967,"REPETH":0,"RLCETH":0.009754850420213765,"SCETH":0,"SCRTETH":0,"SLPETH":0.0008187359405386561,"SNTETH":0,"STEEMETH":0,"STMXETH":0,"STRAXETH":0.00007643331049296664,"THETAETH":0,"TRXETH":0,"UFTETH":0,"VETETH":0,"VIBETH":0,"WANETH":0,"WAVESETH":0,"XEMETH":0,"XLMETH":0,"XMRETH":0,"XRPETH":0.002212019418390077,"XVGETH":0,"ZECETH":0,"ZENETH":0.00857121070481973,"ZILETH":0,"ZRXETH":0},"numerosità_campione":6977,"expected_return":0.0000017606995752075821,"standard_deviation":0.0008620965560092176,"sharpe_ratio":0.0020423461420123763}