{"weights":{"AAVEETH":0.013171804939977242,"ADAETH":0.0066966437169297035,"ADXETH":0.005946751984219818,"AIONETH":0.0010266023448731126,"BATETH":0,"BETHETH":0.8415385896374068,"BLZETH":0,"BNBETH":0,"BNTETH":0.02441770321262427,"BQXETH":0.0023840304072020677,"BRDETH":0.000764028588766496,"CDTETH":0.0057129248998492605,"COVERETH":0,"CVCETH":0,"CVPETH":0.0045197820099466286,"DASHETH":0,"DATAETH":0,"DENTETH":0,"DEXEETH":0.0037070432576328002,"DFETH":0.004906177308484482,"ELFETH":0.00366527803903082,"ENJETH":0,"EOSETH":0.0020173282415315813,"ETCETH":0,"EZETH":0.00734451623070021,"FIROETH":0,"FRONTETH":0,"FUNETH":0,"GHSTETH":0.001101061801009962,"GLMETH":0.004293883439801064,"GRTETH":0.0015743446396688716,"GXSETH":0.000014229267560509402,"HEGICETH":0,"HOTETH":0,"ICXETH":0,"IOSTETH":0,"IOTAETH":0,"IOTXETH":0,"KEYETH":0,"KMDETH":0,"KNCETH":0.0013378353070660973,"LINKETH":0.012482077981284494,"LOOMETH":0,"LRCETH":0,"LSKETH":0,"LTCETH":0.0013460330477512823,"MANAETH":0,"MFTETH":0,"MTLETH":0,"NANOETH":0.00022688148470034845,"NASETH":0,"NAVETH":0.003051483089296941,"NCASHETH":0.0029553195565240405,"NEBLETH":0.0013622564660133731,"NEOETH":0,"OMGETH":0,"ONTETH":0,"OSTETH":0.005245391251278363,"PIVXETH":0.0036744213689169675,"POWRETH":0,"PROSETH":0.003205976430273974,"PUNDIXETH":0,"QKCETH":0,"QLCETH":0.001462572739635887,"QSPETH":0.0028006699524025197,"QTUMETH":0,"RENBTCETH":0.011530841499478637,"REPETH":0.0007717233785631251,"RLCETH":0.001245704140615627,"SCETH":0,"SCRTETH":0.0008497860301136731,"SLPETH":0.0004557887940477104,"SNTETH":0.001534466532466507,"STEEMETH":0,"STMXETH":0,"STRAXETH":0,"THETAETH":0,"TRXETH":0,"UFTETH":0,"VETETH":0,"VIBETH":0.0047078904712847,"WANETH":0.004395935262797095,"WAVESETH":0,"XEMETH":0,"XLMETH":0,"XMRETH":0,"XRPETH":0,"XVGETH":0,"ZECETH":0,"ZENETH":0.0005542212482728874,"ZILETH":0,"ZRXETH":0},"numerosità_campione":92,"expected_return":-0.0000097558719665981,"standard_deviation":0.0006526420804135879,"sharpe_ratio":-0.014948272965199662}