{"weights":{"AAVEETH":0.01595875485110836,"ADAETH":0.010723923174954547,"ADXETH":0.0053293452338366906,"AIONETH":0.001435292456873263,"BATETH":0,"BETHETH":0.8511141685106183,"BLZETH":0,"BNBETH":0,"BNTETH":0.024179264501497863,"BQXETH":0.002310258730949354,"BRDETH":0.0004882961910104276,"CDTETH":0.0036606381859816497,"COVERETH":0,"CVCETH":0,"CVPETH":0.0038876698188862044,"DASHETH":0,"DATAETH":0,"DENTETH":0,"DEXEETH":0.003675132485321574,"DFETH":0.004645896238220294,"ELFETH":0.003653202271312753,"ENJETH":0,"EOSETH":0.0014176015661481896,"ETCETH":0,"EZETH":0.007006995544550056,"FIROETH":0,"FRONTETH":0,"FUNETH":0,"GHSTETH":0.002157081864137614,"GLMETH":0.003681937807724627,"GRTETH":0.0001913542217451168,"GXSETH":0.00025849234748904533,"HEGICETH":0,"HOTETH":0,"ICXETH":0,"IOSTETH":0,"IOTAETH":0,"IOTXETH":0,"KEYETH":0,"KMDETH":0,"KNCETH":0.0005717278221487503,"LINKETH":0.009171368371904954,"LOOMETH":0,"LRCETH":0,"LSKETH":0,"LTCETH":0,"MANAETH":0,"MFTETH":0,"MTLETH":0,"NANOETH":0.0007259554718618201,"NASETH":0,"NAVETH":0.0018146044688020619,"NCASHETH":0.0028338251603152597,"NEBLETH":0,"NEOETH":0,"OMGETH":0,"ONTETH":0,"OSTETH":0.004620881941219349,"PIVXETH":0.0037180142361038374,"POWRETH":0,"PROSETH":0.002643824041363857,"PUNDIXETH":0,"QKCETH":0,"QLCETH":0.001393034074837075,"QSPETH":0.0016089641058471935,"QTUMETH":0,"RENBTCETH":0.011418474368768663,"REPETH":0,"RLCETH":0.0022807116545643224,"SCETH":0,"SCRTETH":0,"SLPETH":0.001051663920912323,"SNTETH":0.0009834968399766433,"STEEMETH":0,"STMXETH":0,"STRAXETH":0.000355771672625015,"THETAETH":0,"TRXETH":0,"UFTETH":0,"VETETH":0,"VIBETH":0.0032764854074143718,"WANETH":0.004798578369857779,"WAVESETH":0,"XEMETH":0,"XLMETH":0,"XMRETH":0,"XRPETH":0,"XVGETH":0,"ZECETH":0,"ZENETH":0.0009573120691107631,"ZILETH":0,"ZRXETH":0},"numerosità_campione":92,"expected_return":-0.000006780275721968489,"standard_deviation":0.0006561390907467584,"sharpe_ratio":-0.01033359514405976}