{"weights":{"ADAETH":0.14407915041700897,"ADXETH":0.016334616944826064,"AIONETH":0,"BATETH":0,"BLZETH":0,"BNBETH":0.08268900987850161,"BNTETH":0.08487511187656654,"BQXETH":0.045242461888001295,"BRDETH":0,"CDTETH":0.006871270810193792,"CVCETH":0,"DASHETH":0,"DATAETH":0.007905113372037552,"DENTETH":0.00846748868560447,"ELFETH":0,"ENJETH":0,"EOSETH":0,"ETCETH":0.08609975936413566,"FUNETH":0.004890641530512867,"GXSETH":0,"HOTETH":0,"ICXETH":0,"IOSTETH":0,"IOTAETH":0,"IOTXETH":0,"KEYETH":0,"KMDETH":0,"KNCETH":0,"LINKETH":0.09710819406014307,"LOOMETH":0,"LRCETH":0.04035525983718451,"LSKETH":0,"LTCETH":0.08683750847985762,"MANAETH":0,"MFTETH":0,"MTLETH":0.01982590751753354,"NANOETH":0.00651114505554898,"NASETH":0,"NAVETH":0.07585202421324169,"NCASHETH":0.029230260372877834,"NEBLETH":0,"NEOETH":0,"OMGETH":0,"ONTETH":0,"OSTETH":0,"PIVXETH":0,"POWRETH":0,"QKCETH":0,"QLCETH":0,"QSPETH":0,"QTUMETH":0,"REPETH":0,"RLCETH":0,"SCETH":0,"SNTETH":0,"STEEMETH":0,"THETAETH":0.0842168427784463,"TRXETH":0.017664496387125233,"VETETH":0.027909251767670916,"VIBETH":0,"WANETH":0,"WAVESETH":0.015979811576521733,"XEMETH":0,"XLMETH":0,"XMRETH":0,"XRPETH":0,"XVGETH":0,"ZECETH":0,"ZENETH":0.011054673186459914,"ZILETH":0,"ZRXETH":0},"numerosità_campione":757,"expected_return":0.0011617536511154699,"standard_deviation":0.024255695241162764,"sharpe_ratio":0.04789611839878056}