{"weights":{"ADAETH":0.13696788880038158,"ADXETH":0.01676634551351701,"AIONETH":0,"BATETH":0,"BLZETH":0,"BNBETH":0.07781100994452646,"BNTETH":0.08621823416169101,"BQXETH":0.041091160935416406,"BRDETH":0,"CDTETH":0.009137124993402128,"CVCETH":0,"DASHETH":0,"DATAETH":0.0066458348078578065,"DENTETH":0.006834662089983344,"ELFETH":0,"ENJETH":0,"EOSETH":0,"ETCETH":0.0790155741791273,"FUNETH":0.006057148479199719,"GXSETH":0,"HOTETH":0,"ICXETH":0,"IOSTETH":0,"IOTAETH":0,"IOTXETH":0,"KEYETH":0,"KMDETH":0,"KNCETH":0,"LINKETH":0.09105721163794162,"LOOMETH":0,"LRCETH":0.04063765107257819,"LSKETH":0,"LTCETH":0.11372753712539699,"MANAETH":0,"MFTETH":0,"MTLETH":0.01846544745107779,"NANOETH":0.006968141001981421,"NASETH":0,"NAVETH":0.08280922996279949,"NCASHETH":0.028757243158519137,"NEBLETH":0,"NEOETH":0,"OMGETH":0,"ONTETH":0,"OSTETH":0,"PIVXETH":0,"POWRETH":0,"QKCETH":0,"QLCETH":0,"QSPETH":0,"QTUMETH":0,"REPETH":0,"RLCETH":0,"SCETH":0,"SNTETH":0,"STEEMETH":0,"THETAETH":0.07318268974237932,"TRXETH":0.025933160154670693,"VETETH":0.02534179159604382,"VIBETH":0,"WANETH":0,"WAVESETH":0.017444489945468707,"XEMETH":0,"XLMETH":0,"XMRETH":0,"XRPETH":0,"XVGETH":0,"ZECETH":0,"ZENETH":0.009130423246040215,"ZILETH":0,"ZRXETH":0},"numerosità_campione":757,"expected_return":0.0009544763547841804,"standard_deviation":0.023734041724672663,"sharpe_ratio":0.040215499991809525}