{"weights":{"ADAETH":0.15607469888298325,"ADXETH":0,"AIONETH":0,"BATETH":0,"BLZETH":0,"BNBETH":0.13012628678587732,"BNTETH":0.015714946383955757,"BQXETH":0.09738822861382365,"BRDETH":0,"CDTETH":0,"CVCETH":0,"DASHETH":0,"DATAETH":0,"DENTETH":0.015385664258032426,"ELFETH":0,"ENJETH":0,"EOSETH":0,"ETCETH":0.08737307677350048,"FUNETH":0,"GXSETH":0,"HOTETH":0,"ICXETH":0,"IOSTETH":0,"IOTAETH":0,"IOTXETH":0,"KEYETH":0.012018232406005212,"KMDETH":0,"KNCETH":0,"LINKETH":0,"LOOMETH":0,"LRCETH":0.00919462886408998,"LSKETH":0,"LTCETH":0,"MANAETH":0.01254271003215758,"MFTETH":0.015275499063589318,"MTLETH":0.02824141765444401,"NANOETH":0.00685289764232826,"NASETH":0,"NAVETH":0,"NCASHETH":0.04854624444480575,"NEBLETH":0,"NEOETH":0,"OMGETH":0,"ONTETH":0,"OSTETH":0,"PIVXETH":0,"POWRETH":0,"QKCETH":0,"QLCETH":0,"QSPETH":0,"QTUMETH":0,"REPETH":0,"RLCETH":0.004642132759410722,"SCETH":0,"SNTETH":0,"STEEMETH":0,"STMXETH":0.05560168507825864,"THETAETH":0.17377791594497322,"TRXETH":0,"VETETH":0.03815894980710675,"VIBETH":0,"WANETH":0,"WAVESETH":0.06803130566579192,"XEMETH":0,"XLMETH":0,"XMRETH":0,"XRPETH":0,"XVGETH":0,"ZECETH":0,"ZENETH":0.025053478938865625,"ZILETH":0,"ZRXETH":0},"numerosità_campione":363,"expected_return":0.004385919503419505,"standard_deviation":0.034634129141335554,"sharpe_ratio":0.126635766862258}