{"weights":{"ADAETH":0.15319300823135332,"ADXETH":0,"AIONETH":0,"BATETH":0,"BLZETH":0,"BNBETH":0.12744361478204294,"BNTETH":0.026492837059304566,"BQXETH":0.08960280215029354,"BRDETH":0,"CDTETH":0,"CVCETH":0,"DASHETH":0,"DATAETH":0,"DENTETH":0.011710059854289419,"ELFETH":0,"ENJETH":0,"EOSETH":0,"ETCETH":0.09495738918479221,"FUNETH":0.0019114695067965612,"GXSETH":0,"HOTETH":0,"ICXETH":0,"IOSTETH":0,"IOTAETH":0,"IOTXETH":0,"KEYETH":0.010044211192290254,"KMDETH":0,"KNCETH":0,"LINKETH":0,"LOOMETH":0,"LRCETH":0.01952143664254616,"LSKETH":0,"LTCETH":0,"MANAETH":0.01094975163408155,"MFTETH":0.013192767362311642,"MTLETH":0.02824401468743303,"NANOETH":0.009452593657753677,"NASETH":0,"NAVETH":0,"NCASHETH":0.0468156915628728,"NEBLETH":0,"NEOETH":0,"OMGETH":0,"ONTETH":0,"OSTETH":0,"PIVXETH":0,"POWRETH":0,"QKCETH":0,"QLCETH":0,"QSPETH":0,"QTUMETH":0,"REPETH":0,"RLCETH":0.0031688276326543472,"SCETH":0,"SNTETH":0,"STEEMETH":0,"STMXETH":0.05706089228559822,"THETAETH":0.1620077998874176,"TRXETH":0,"VETETH":0.0393779148573621,"VIBETH":0,"WANETH":0,"WAVESETH":0.07177574535709583,"XEMETH":0,"XLMETH":0,"XMRETH":0,"XRPETH":0,"XVGETH":0,"ZECETH":0,"ZENETH":0.023077172471710174,"ZILETH":0,"ZRXETH":0},"numerosità_campione":363,"expected_return":0.004177281689731045,"standard_deviation":0.03396427603230133,"sharpe_ratio":0.12299045284399085}