{"weights":{"ADAETH":0.14230133501285214,"ADXETH":0.0164425490869988,"AIONETH":0,"BATETH":0,"BLZETH":0,"BNBETH":0.08146950989500783,"BNTETH":0.08521089244784766,"BQXETH":0.04420463664985508,"BRDETH":0,"CDTETH":0.007437734355995873,"CVCETH":0,"DASHETH":0,"DATAETH":0.007590293730992617,"DENTETH":0.00805928203669919,"ELFETH":0,"ENJETH":0,"EOSETH":0,"ETCETH":0.08432871306788357,"FUNETH":0.00518226826768458,"GXSETH":0,"HOTETH":0,"ICXETH":0,"IOSTETH":0,"IOTAETH":0,"IOTXETH":0,"KEYETH":0,"KMDETH":0,"KNCETH":0,"LINKETH":0.0955954484545927,"LOOMETH":0,"LRCETH":0.04042585764603293,"LSKETH":0,"LTCETH":0.09356001564124243,"MANAETH":0,"MFTETH":0,"MTLETH":0.019485792500919603,"NANOETH":0.00662539404215709,"NASETH":0,"NAVETH":0.07759132565063112,"NCASHETH":0.02911200606928816,"NEBLETH":0,"NEOETH":0,"OMGETH":0,"ONTETH":0,"OSTETH":0,"PIVXETH":0,"POWRETH":0,"QKCETH":0,"QLCETH":0,"QSPETH":0,"QTUMETH":0,"REPETH":0,"RLCETH":0,"SCETH":0,"SNTETH":0,"STEEMETH":0,"THETAETH":0.08145830451942956,"TRXETH":0.019731662329011586,"VETETH":0.027267386724764146,"VIBETH":0,"WANETH":0,"WAVESETH":0.016345981168758475,"XEMETH":0,"XLMETH":0,"XMRETH":0,"XRPETH":0,"XVGETH":0,"ZECETH":0,"ZENETH":0.010573610701354992,"ZILETH":0,"ZRXETH":0},"numerosità_campione":757,"expected_return":0.0011099343270326476,"standard_deviation":0.02411955043432714,"sharpe_ratio":0.04601803545446602}