{"weights":{"ADAETH":0.08610188877010176,"ADXETH":0.014205840589560733,"AIONETH":0,"BATETH":0,"BLZETH":0,"BNBETH":0.059548984458863086,"BNTETH":0.06179860071570582,"BQXETH":0.036337890060793576,"BRDETH":0,"CDTETH":0,"CVCETH":0,"DASHETH":0,"DATAETH":0,"DENTETH":0,"ELFETH":0,"ENJETH":0.0006272250292945931,"EOSETH":0,"ETCETH":0.04758010545537136,"FUNETH":0.00611551413509484,"GXSETH":0,"HOTETH":0,"ICXETH":0,"IOSTETH":0,"IOTAETH":0,"IOTXETH":0,"KEYETH":0,"KMDETH":0,"KNCETH":0,"LINKETH":0.06103816601613972,"LOOMETH":0,"LRCETH":0.0572189419328202,"LSKETH":0,"LTCETH":0.19194586357013996,"MANAETH":0,"MFTETH":0,"MTLETH":0.018913612502465472,"NANOETH":0.00727478948495216,"NASETH":0,"NAVETH":0.13005691442631448,"NCASHETH":0.02715707646121218,"NEBLETH":0,"NEOETH":0,"OMGETH":0,"ONTETH":0,"OSTETH":0.0031748017137735326,"PIVXETH":0,"POWRETH":0,"QKCETH":0,"QLCETH":0,"QSPETH":0,"QTUMETH":0,"REPETH":0,"RLCETH":0,"SCETH":0,"SNTETH":0,"STEEMETH":0,"STMXETH":0.03094189733959047,"THETAETH":0.054786898540608656,"TRXETH":0.03630342218057613,"VETETH":0.01149272616034048,"VIBETH":0.0030540193939009906,"WANETH":0,"WAVESETH":0.05432482106237991,"XEMETH":0,"XLMETH":0,"XMRETH":0,"XRPETH":0,"XVGETH":0,"ZECETH":0,"ZENETH":0,"ZILETH":0,"ZRXETH":0},"numerosità_campione":363,"expected_return":0.0007347577638714564,"standard_deviation":0.026995706586121437,"sharpe_ratio":0.02721757852595706}