{"weights":{"ADAETH":0.12230769179120995,"ADXETH":0.0074651468247852425,"AIONETH":0,"BATETH":0,"BLZETH":0,"BNBETH":0.09945322996774467,"BNTETH":0.047226196720558444,"BQXETH":0.06392893214422621,"BRDETH":0,"CDTETH":0,"CVCETH":0,"DASHETH":0,"DATAETH":0,"DENTETH":0.0028249664868455074,"ELFETH":0,"ENJETH":0.0003341553504430366,"EOSETH":0,"ETCETH":0.0833961632354675,"FUNETH":0.006078883174080094,"GXSETH":0,"HOTETH":0,"ICXETH":0,"IOSTETH":0,"IOTAETH":0,"IOTXETH":0,"KEYETH":0.003872570642324917,"KMDETH":0,"KNCETH":0,"LINKETH":0.0317090765596674,"LOOMETH":0,"LRCETH":0.040877054604431085,"LSKETH":0,"LTCETH":0.07683495397664347,"MANAETH":0.0019993850697481086,"MFTETH":0.003149203469116881,"MTLETH":0.025176449879739948,"NANOETH":0.011303082890216608,"NASETH":0,"NAVETH":0.06274213791459443,"NCASHETH":0.038790281280208116,"NEBLETH":0,"NEOETH":0,"OMGETH":0,"ONTETH":0,"OSTETH":0,"PIVXETH":0,"POWRETH":0,"QKCETH":0,"QLCETH":0,"QSPETH":0,"QTUMETH":0,"REPETH":0,"RLCETH":0,"SCETH":0,"SNTETH":0,"STEEMETH":0,"STMXETH":0.05024918165165748,"THETAETH":0.11211407547571875,"TRXETH":0,"VETETH":0.02958799611337514,"VIBETH":0,"WANETH":0,"WAVESETH":0.06733678590331475,"XEMETH":0,"XLMETH":0,"XMRETH":0,"XRPETH":0,"XVGETH":0,"ZECETH":0,"ZENETH":0.011242398873882307,"ZILETH":0,"ZRXETH":0},"numerosità_campione":363,"expected_return":0.0026124980870675953,"standard_deviation":0.030013595173375936,"sharpe_ratio":0.0870438237064334}