{"weights":{"ADAETH":0.1713976062657362,"ADXETH":0.007479233896352983,"AIONETH":0,"BATETH":0,"BLZETH":0,"BNBETH":0.09811282209047123,"BNTETH":0.0723173415974762,"BQXETH":0.07047888166557545,"BRDETH":0,"CDTETH":0,"CVCETH":0,"DASHETH":0,"DATAETH":0.015543336286001788,"DENTETH":0.012974877189570532,"ELFETH":0,"ENJETH":0,"EOSETH":0,"ETCETH":0.09911426172522327,"FUNETH":0,"GXSETH":0,"HOTETH":0,"ICXETH":0,"IOSTETH":0,"IOTAETH":0,"IOTXETH":0,"KEYETH":0,"KMDETH":0,"KNCETH":0,"LINKETH":0.1294981689695238,"LOOMETH":0,"LRCETH":0.03375104872623439,"LSKETH":0,"LTCETH":0,"MANAETH":0.0033464603761608905,"MFTETH":0,"MTLETH":0.027609483275942086,"NANOETH":0.00028417211108777956,"NASETH":0,"NAVETH":0.02065423520910684,"NCASHETH":0.029204317531058076,"NEBLETH":0,"NEOETH":0,"OMGETH":0,"ONTETH":0,"OSTETH":0,"PIVXETH":0,"POWRETH":0,"QKCETH":0,"QLCETH":0,"QSPETH":0,"QTUMETH":0,"REPETH":0,"RLCETH":0,"SCETH":0,"SNTETH":0,"STEEMETH":0,"THETAETH":0.1474798078695024,"TRXETH":0,"VETETH":0.03881201151844424,"VIBETH":0,"WANETH":0,"WAVESETH":0.0014738382387255136,"XEMETH":0,"XLMETH":0,"XMRETH":0,"XRPETH":0,"XVGETH":0,"ZECETH":0,"ZENETH":0.02046809545780626,"ZILETH":0,"ZRXETH":0},"numerosità_campione":757,"expected_return":0.002146320808689092,"standard_deviation":0.027568701766747594,"sharpe_ratio":0.07785353212670715}