{"weights":{"ADAETH":0.08854637270436475,"ADXETH":0.01420660711225594,"AIONETH":0,"BATETH":0,"BLZETH":0,"BNBETH":0.03766448613940965,"BNTETH":0.09100692054867034,"BQXETH":0.013029526410881835,"BRDETH":0,"CDTETH":0.020532650739026513,"CVCETH":0,"DASHETH":0,"DATAETH":0,"DENTETH":0,"ELFETH":0.006033920011209925,"ENJETH":0,"EOSETH":0,"ETCETH":0.026572434675194823,"FUNETH":0.013640792624284213,"GXSETH":0,"HOTETH":0.0010223109007876478,"ICXETH":0,"IOSTETH":0,"IOTAETH":0,"IOTXETH":0,"KEYETH":0,"KMDETH":0,"KNCETH":0,"LINKETH":0.051594283721747666,"LOOMETH":0,"LRCETH":0.04066550377586952,"LSKETH":0,"LTCETH":0.2710056847520297,"MANAETH":0,"MFTETH":0,"MTLETH":0.007098325535895672,"NANOETH":0.006324524765605825,"NASETH":0,"NAVETH":0.12428043844631928,"NCASHETH":0.023533441927525885,"NEBLETH":0,"NEOETH":0.001273379800773847,"OMGETH":0,"ONTETH":0,"OSTETH":0,"PIVXETH":0,"POWRETH":0.008910117734327296,"QKCETH":0,"QLCETH":0,"QSPETH":0,"QTUMETH":0,"REPETH":0,"RLCETH":0,"SCETH":0,"SNTETH":0,"STEEMETH":0,"THETAETH":0,"TRXETH":0.07058177941223168,"VETETH":0.0061019309975934265,"VIBETH":0.00960492158115793,"WANETH":0,"WAVESETH":0.022201691681594235,"XEMETH":0,"XLMETH":0,"XMRETH":0.03921283696217974,"XRPETH":0,"XVGETH":0,"ZECETH":0.0053551170390626745,"ZENETH":0,"ZILETH":0,"ZRXETH":0},"numerosità_campione":757,"expected_return":-0.00044464539545202147,"standard_deviation":0.021967909302107624,"sharpe_ratio":-0.02024067877089067}