{"weights":{"ADAETH":0.09734669923986314,"ADXETH":0.016251658576767896,"AIONETH":0,"BATETH":0,"BLZETH":0,"BNBETH":0.04598330159886141,"BNTETH":0.09123163498345518,"BQXETH":0.01843263225945591,"BRDETH":0,"CDTETH":0.019692074834239695,"CVCETH":0,"DASHETH":0,"DATAETH":0,"DENTETH":0,"ELFETH":0.003433135166816143,"ENJETH":0,"EOSETH":0,"ETCETH":0.03754858070783111,"FUNETH":0.012844123072096893,"GXSETH":0,"HOTETH":0.001231871537640278,"ICXETH":0,"IOSTETH":0,"IOTAETH":0,"IOTXETH":0,"KEYETH":0,"KMDETH":0,"KNCETH":0,"LINKETH":0.05916788212616328,"LOOMETH":0,"LRCETH":0.041394658424092685,"LSKETH":0,"LTCETH":0.24525102076802455,"MANAETH":0,"MFTETH":0,"MTLETH":0.010157373702069258,"NANOETH":0.007481477458682348,"NASETH":0,"NAVETH":0.11697620823299913,"NCASHETH":0.02503725197954226,"NEBLETH":0,"NEOETH":0,"OMGETH":0,"ONTETH":0,"OSTETH":0,"PIVXETH":0,"POWRETH":0.003927194564276508,"QKCETH":0,"QLCETH":0,"QSPETH":0,"QTUMETH":0,"REPETH":0,"RLCETH":0,"SCETH":0,"SNTETH":0,"STEEMETH":0,"THETAETH":0.011797892049316475,"TRXETH":0.06446942782784423,"VETETH":0.011004733295341974,"VIBETH":0.0036672858654277023,"WANETH":0,"WAVESETH":0.022346868628313893,"XEMETH":0,"XLMETH":0,"XMRETH":0.033325013100878056,"XRPETH":0,"XVGETH":0,"ZECETH":0,"ZENETH":0,"ZILETH":0,"ZRXETH":0},"numerosità_campione":757,"expected_return":-0.00018554877503790983,"standard_deviation":0.022054880834740498,"sharpe_ratio":-0.008413048178688699}