{"weights":{"ADAETH":0.12055829232533123,"ADXETH":0.017497897074028317,"AIONETH":0,"BATETH":0,"BLZETH":0,"BNBETH":0.06559444785672433,"BNTETH":0.08889679386851301,"BQXETH":0.0318535384044791,"BRDETH":0,"CDTETH":0.014003976179944536,"CVCETH":0,"DASHETH":0,"DATAETH":0.0038929919380465516,"DENTETH":0.003018602772804091,"ELFETH":0,"ENJETH":0,"EOSETH":0,"ETCETH":0.06256036274907342,"FUNETH":0.008960456021345747,"GXSETH":0,"HOTETH":0,"ICXETH":0,"IOSTETH":0,"IOTAETH":0,"IOTXETH":0,"KEYETH":0,"KMDETH":0,"KNCETH":0,"LINKETH":0.07780086407918455,"LOOMETH":0,"LRCETH":0.04138156538848972,"LSKETH":0,"LTCETH":0.1705200762383315,"MANAETH":0,"MFTETH":0,"MTLETH":0.015518640518893808,"NANOETH":0.007706153853365866,"NASETH":0,"NAVETH":0.09748412264461778,"NCASHETH":0.027592169174906183,"NEBLETH":0,"NEOETH":0,"OMGETH":0,"ONTETH":0,"OSTETH":0,"PIVXETH":0,"POWRETH":0,"QKCETH":0,"QLCETH":0,"QSPETH":0,"QTUMETH":0,"REPETH":0,"RLCETH":0,"SCETH":0,"SNTETH":0,"STEEMETH":0,"THETAETH":0.048162592997333775,"TRXETH":0.04346079247787517,"VETETH":0.019875819572780846,"VIBETH":0,"WANETH":0,"WAVESETH":0.02018664027879874,"XEMETH":0,"XLMETH":0,"XMRETH":0.00936879106096783,"XRPETH":0,"XVGETH":0,"ZECETH":0,"ZENETH":0.004104412524163982,"ZILETH":0,"ZRXETH":0},"numerosità_campione":757,"expected_return":0.00048810243803877986,"standard_deviation":0.022795687085458982,"sharpe_ratio":0.021412052034620745}