{"weights":{"ADAETH":0.10577698376416722,"ADXETH":0.010796403209722727,"AIONETH":0,"BATETH":0,"BLZETH":0,"BNBETH":0.08238092495164112,"BNTETH":0.05434515450791742,"BQXETH":0.05220274239029984,"BRDETH":0,"CDTETH":0,"CVCETH":0,"DASHETH":0,"DATAETH":0,"DENTETH":0,"ELFETH":0,"ENJETH":0.0017596479199556234,"EOSETH":0,"ETCETH":0.06848807371671777,"FUNETH":0.006403776644173283,"GXSETH":0,"HOTETH":0,"ICXETH":0,"IOSTETH":0,"IOTAETH":0,"IOTXETH":0,"KEYETH":0.00032618290830571705,"KMDETH":0,"KNCETH":0,"LINKETH":0.045253735348462096,"LOOMETH":0,"LRCETH":0.04821496421499753,"LSKETH":0,"LTCETH":0.1271768686062806,"MANAETH":0,"MFTETH":0,"MTLETH":0.023050963474587845,"NANOETH":0.01032972555501396,"NASETH":0,"NAVETH":0.09250245214231982,"NCASHETH":0.034365916206424346,"NEBLETH":0,"NEOETH":0,"OMGETH":0,"ONTETH":0,"OSTETH":0.00041743910759142966,"PIVXETH":0,"POWRETH":0,"QKCETH":0,"QLCETH":0,"QSPETH":0,"QTUMETH":0,"REPETH":0,"RLCETH":0,"SCETH":0,"SNTETH":0,"STEEMETH":0,"STMXETH":0.043629781125028425,"THETAETH":0.08709551770250658,"TRXETH":0.015822644242891756,"VETETH":0.02257848361349881,"VIBETH":0,"WANETH":0,"WAVESETH":0.06211528165386797,"XEMETH":0,"XLMETH":0,"XMRETH":0,"XRPETH":0,"XVGETH":0,"ZECETH":0,"ZENETH":0.004966336993628093,"ZILETH":0,"ZRXETH":0},"numerosità_campione":363,"expected_return":0.001777946832313756,"standard_deviation":0.02840777712554279,"sharpe_ratio":0.06258662282713838}