{"weights":{"ADAETH":0.1458569658211658,"ADXETH":0.016226684802653324,"AIONETH":0,"BATETH":0,"BLZETH":0,"BNBETH":0.08390850986199538,"BNTETH":0.0845393313052854,"BQXETH":0.04628028712614751,"BRDETH":0,"CDTETH":0.0063048072643917055,"CVCETH":0,"DASHETH":0,"DATAETH":0.008219933013082487,"DENTETH":0.008875695334509753,"ELFETH":0,"ENJETH":0,"EOSETH":0,"ETCETH":0.08787080566038775,"FUNETH":0.004599014793341153,"GXSETH":0,"HOTETH":0,"ICXETH":0,"IOSTETH":0,"IOTAETH":0,"IOTXETH":0,"KEYETH":0,"KMDETH":0,"KNCETH":0,"LINKETH":0.09862093966569344,"LOOMETH":0,"LRCETH":0.04028466202833608,"LSKETH":0,"LTCETH":0.08011500131847275,"MANAETH":0,"MFTETH":0,"MTLETH":0.020166022534147475,"NANOETH":0.0063968960689408695,"NASETH":0,"NAVETH":0.07411272277585224,"NCASHETH":0.02934851467646751,"NEBLETH":0,"NEOETH":0,"OMGETH":0,"ONTETH":0,"OSTETH":0,"PIVXETH":0,"POWRETH":0,"QKCETH":0,"QLCETH":0,"QSPETH":0,"QTUMETH":0,"REPETH":0,"RLCETH":0,"SCETH":0,"SNTETH":0,"STEEMETH":0,"THETAETH":0.08697538103746302,"TRXETH":0.01559733044523886,"VETETH":0.028551116810577693,"VIBETH":0,"WANETH":0,"WAVESETH":0.015613641984284988,"XEMETH":0,"XLMETH":0,"XMRETH":0,"XRPETH":0,"XVGETH":0,"ZECETH":0,"ZENETH":0.01153573567156484,"ZILETH":0,"ZRXETH":0},"numerosità_campione":757,"expected_return":0.001213572975198292,"standard_deviation":0.02439555587783182,"sharpe_ratio":0.04974565782700867}