{"weights":{"ADAETH":0.12802096943290708,"ADXETH":0.017272108824701433,"AIONETH":0,"BATETH":0,"BLZETH":0,"BNBETH":0.07153810482882403,"BNTETH":0.08784859342302427,"BQXETH":0.03591656460699624,"BRDETH":0,"CDTETH":0.011936749069705937,"CVCETH":0,"DASHETH":0,"DATAETH":0.005083118839727144,"DENTETH":0.004773531120518787,"ELFETH":0,"ENJETH":0,"EOSETH":0,"ETCETH":0.07008744298330055,"FUNETH":0.007554667477685507,"GXSETH":0,"HOTETH":0,"ICXETH":0,"IOSTETH":0,"IOTAETH":0,"IOTXETH":0,"KEYETH":0,"KMDETH":0,"KNCETH":0,"LINKETH":0.08354413273327832,"LOOMETH":0,"LRCETH":0.04100597974572069,"LSKETH":0,"LTCETH":0.14681571749625452,"MANAETH":0,"MFTETH":0,"MTLETH":0.016781016782461834,"NANOETH":0.00749836663453211,"NASETH":0,"NAVETH":0.09136739585164058,"NCASHETH":0.028151727184115294,"NEBLETH":0,"NEOETH":0,"OMGETH":0,"ONTETH":0,"OSTETH":0,"PIVXETH":0,"POWRETH":0,"QKCETH":0,"QLCETH":0,"QSPETH":0,"QTUMETH":0,"REPETH":0,"RLCETH":0,"SCETH":0,"SNTETH":0,"STEEMETH":0,"THETAETH":0.05936268516922199,"TRXETH":0.03611679198182566,"VETETH":0.022176395104772633,"VIBETH":0,"WANETH":0,"WAVESETH":0.019197126658599854,"XEMETH":0,"XLMETH":0,"XMRETH":0.0013241355712182126,"XRPETH":0,"XVGETH":0,"ZECETH":0,"ZENETH":0.006626678478967503,"ZILETH":0,"ZRXETH":0},"numerosità_campione":757,"expected_return":0.0006953797343700692,"standard_deviation":0.023171600442444405,"sharpe_ratio":0.030010000219765253}