{"weights":{"ADAETH":0.08965388996594867,"ADXETH":0.01360917848046019,"AIONETH":0,"BATETH":0,"BLZETH":0,"BNBETH":0.064124671276193,"BNTETH":0.06055108127045842,"BQXETH":0.03961643053089251,"BRDETH":0,"CDTETH":0,"CVCETH":0,"DASHETH":0,"DATAETH":0,"DENTETH":0,"ELFETH":0,"ENJETH":0.0009453455455966781,"EOSETH":0,"ETCETH":0.05212337674882967,"FUNETH":0.006203794699588198,"GXSETH":0,"HOTETH":0,"ICXETH":0,"IOSTETH":0,"IOTAETH":0,"IOTXETH":0,"KEYETH":0,"KMDETH":0,"KNCETH":0,"LINKETH":0.05817978581514577,"LOOMETH":0,"LRCETH":0.05546657149013431,"LSKETH":0,"LTCETH":0.1794192170811244,"MANAETH":0,"MFTETH":0,"MTLETH":0.01984889068814263,"NANOETH":0.007929717956871262,"NASETH":0,"NAVETH":0.12277280375047903,"NCASHETH":0.028656221234259663,"NEBLETH":0,"NEOETH":0,"OMGETH":0,"ONTETH":0,"OSTETH":0.00273367755411078,"PIVXETH":0,"POWRETH":0,"QKCETH":0,"QLCETH":0,"QSPETH":0,"QTUMETH":0,"REPETH":0,"RLCETH":0,"SCETH":0,"SNTETH":0,"STEEMETH":0,"STMXETH":0.03385998911382772,"THETAETH":0.06134548157829872,"TRXETH":0.032622005212970796,"VETETH":0.014139285991715338,"VIBETH":0.00022870599609746742,"WANETH":0,"WAVESETH":0.05596987801885474,"XEMETH":0,"XLMETH":0,"XMRETH":0,"XRPETH":0,"XVGETH":0,"ZECETH":0,"ZENETH":0,"ZILETH":0,"ZRXETH":0},"numerosità_campione":363,"expected_return":0.0009433955775599163,"standard_deviation":0.02721952472408744,"sharpe_ratio":0.03465878214710615}