{"weights":{"ADAETH":0.1470087257298689,"ADXETH":0.0007519919286736107,"AIONETH":0,"BATETH":0,"BLZETH":0,"BNBETH":0.12287995946446525,"BNTETH":0.03437085809883699,"BQXETH":0.08175670388808806,"BRDETH":0,"CDTETH":0,"CVCETH":0,"DASHETH":0,"DATAETH":0,"DENTETH":0.008683543761538147,"ELFETH":0,"ENJETH":0,"EOSETH":0,"ETCETH":0.09974017432550232,"FUNETH":0.005308830196239823,"GXSETH":0,"HOTETH":0,"ICXETH":0,"IOSTETH":0,"IOTAETH":0,"IOTXETH":0,"KEYETH":0.007856230928761573,"KMDETH":0,"KNCETH":0,"LINKETH":0.008239480375021173,"LOOMETH":0,"LRCETH":0.027191731903959404,"LSKETH":0,"LTCETH":0,"MANAETH":0.009054812498402006,"MFTETH":0.0105901132143155,"MTLETH":0.027960169220403532,"NANOETH":0.010996746025414905,"NASETH":0,"NAVETH":0.012174496568073947,"NCASHETH":0.044742705204118716,"NEBLETH":0,"NEOETH":0,"OMGETH":0,"ONTETH":0,"OSTETH":0,"PIVXETH":0,"POWRETH":0,"QKCETH":0,"QLCETH":0,"QSPETH":0,"QTUMETH":0,"REPETH":0,"RLCETH":0.0014005458174639763,"SCETH":0,"SNTETH":0,"STEEMETH":0,"STMXETH":0.05720121346870599,"THETAETH":0.14956024409863922,"TRXETH":0,"VETETH":0.03889243745700722,"VIBETH":0,"WANETH":0,"WAVESETH":0.0735128260176153,"XEMETH":0,"XLMETH":0,"XMRETH":0,"XRPETH":0,"XVGETH":0,"ZECETH":0,"ZENETH":0.020125459808884312,"ZILETH":0,"ZRXETH":0},"numerosità_campione":363,"expected_return":0.0038643249691983545,"standard_deviation":0.03307416635446331,"sharpe_ratio":0.11683816691805657}