{"weights":{"ADAETH":0.11682583368816522,"ADXETH":0.01760699726626531,"AIONETH":0,"BATETH":0,"BLZETH":0,"BNBETH":0.0626139807627155,"BNTETH":0.08942008733847082,"BQXETH":0.029821170798379162,"BRDETH":0,"CDTETH":0.015035186889041879,"CVCETH":0,"DASHETH":0,"DATAETH":0.00329891036611686,"DENTETH":0.002131234248252243,"ELFETH":0,"ENJETH":0,"EOSETH":0,"ETCETH":0.058795632782739374,"FUNETH":0.009666118343035667,"GXSETH":0,"HOTETH":0.000052730520004134856,"ICXETH":0,"IOSTETH":0,"IOTAETH":0,"IOTXETH":0,"KEYETH":0,"KMDETH":0,"KNCETH":0,"LINKETH":0.0749267434136827,"LOOMETH":0,"LRCETH":0.04156712145314362,"LSKETH":0,"LTCETH":0.18237084722780722,"MANAETH":0,"MFTETH":0,"MTLETH":0.014884767459190191,"NANOETH":0.007810618801586121,"NASETH":0,"NAVETH":0.10054351640158322,"NCASHETH":0.02730922460340999,"NEBLETH":0,"NEOETH":0,"OMGETH":0,"ONTETH":0,"OSTETH":0,"PIVXETH":0,"POWRETH":0,"QKCETH":0,"QLCETH":0,"QSPETH":0,"QTUMETH":0,"REPETH":0,"RLCETH":0,"SCETH":0,"SNTETH":0,"STEEMETH":0,"THETAETH":0.042559243970425764,"TRXETH":0.04712517718827999,"VETETH":0.018724365473404177,"VIBETH":0,"WANETH":0,"WAVESETH":0.0206814321217681,"XEMETH":0,"XLMETH":0,"XMRETH":0.013388966968339274,"XRPETH":0,"XVGETH":0,"ZECETH":0,"ZENETH":0.002840091914193535,"ZILETH":0,"ZRXETH":0},"numerosità_campione":757,"expected_return":0.00038446378987313514,"standard_deviation":0.022633018080173616,"sharpe_ratio":0.01698685471426027}