{"weights":{"ADAETH":0.14052351960869527,"ADXETH":0.016550481229171535,"AIONETH":0,"BATETH":0,"BLZETH":0,"BNBETH":0.08025000991151404,"BNTETH":0.08554667301912877,"BQXETH":0.04316681141170885,"BRDETH":0,"CDTETH":0.00800419790179796,"CVCETH":0,"DASHETH":0,"DATAETH":0.007275474089947678,"DENTETH":0.007651075387793907,"ELFETH":0,"ENJETH":0,"EOSETH":0,"ETCETH":0.08255766677163148,"FUNETH":0.005473895004856294,"GXSETH":0,"HOTETH":0,"ICXETH":0,"IOSTETH":0,"IOTAETH":0,"IOTXETH":0,"KEYETH":0,"KMDETH":0,"KNCETH":0,"LINKETH":0.09408270284904234,"LOOMETH":0,"LRCETH":0.040496455454881355,"LSKETH":0,"LTCETH":0.1002825228026273,"MANAETH":0,"MFTETH":0,"MTLETH":0.019145677484305665,"NANOETH":0.0067396430287652,"NASETH":0,"NAVETH":0.07933062708802059,"NCASHETH":0.028993751765698482,"NEBLETH":0,"NEOETH":0,"OMGETH":0,"ONTETH":0,"OSTETH":0,"PIVXETH":0,"POWRETH":0,"QKCETH":0,"QLCETH":0,"QSPETH":0,"QTUMETH":0,"REPETH":0,"RLCETH":0,"SCETH":0,"SNTETH":0,"STEEMETH":0,"THETAETH":0.0786997662604128,"TRXETH":0.021798828270897963,"VETETH":0.02662552168185737,"VIBETH":0,"WANETH":0,"WAVESETH":0.01671215076099522,"XEMETH":0,"XLMETH":0,"XMRETH":0,"XRPETH":0,"XVGETH":0,"ZECETH":0,"ZENETH":0.010092548216250065,"ZILETH":0,"ZRXETH":0},"numerosità_campione":757,"expected_return":0.0010581150029498252,"standard_deviation":0.023987184727559594,"sharpe_ratio":0.044111679422476166}