{"weights":{"ADAETH":0.07225682268348246,"ADXETH":0.015126704805356491,"AIONETH":0,"BATETH":0,"BLZETH":0,"BNBETH":0.04081854072440688,"BNTETH":0.0658798802903058,"BQXETH":0.023904021863836358,"BRDETH":0,"CDTETH":0.00391788604109832,"CVCETH":0,"DASHETH":0,"DATAETH":0,"DENTETH":0,"ELFETH":0,"ENJETH":0,"EOSETH":0,"ETCETH":0.02951288592184317,"FUNETH":0.005247548349966965,"GXSETH":0,"HOTETH":0,"ICXETH":0,"IOSTETH":0,"IOTAETH":0,"IOTXETH":0,"KEYETH":0,"KMDETH":0,"KNCETH":0,"LINKETH":0.07224589660650957,"LOOMETH":0,"LRCETH":0.0633286606245209,"LSKETH":0,"LTCETH":0.238171370109258,"MANAETH":0,"MFTETH":0,"MTLETH":0.014552193763228537,"NANOETH":0.004328337544004544,"NASETH":0,"NAVETH":0.15705434072747515,"NCASHETH":0.021110905219663426,"NEBLETH":0,"NEOETH":0,"OMGETH":0,"ONTETH":0,"OSTETH":0.004221177640053862,"PIVXETH":0,"POWRETH":0.007365499578827886,"QKCETH":0,"QLCETH":0,"QSPETH":0,"QTUMETH":0,"REPETH":0,"RLCETH":0,"SCETH":0,"SNTETH":0,"STEEMETH":0,"STMXETH":0.0191490753680877,"THETAETH":0.028536798491934225,"TRXETH":0.04921319998654049,"VETETH":0.0008925718424760491,"VIBETH":0.012672580924081248,"WANETH":0,"WAVESETH":0.047268147931508527,"XEMETH":0,"XLMETH":0,"XMRETH":0.003224952961533391,"XRPETH":0,"XVGETH":0,"ZECETH":0,"ZENETH":0,"ZILETH":0,"ZRXETH":0},"numerosità_campione":363,"expected_return":-0.00009979349088238319,"standard_deviation":0.026403129716349023,"sharpe_ratio":-0.003779608400764334}