{"weights":{"ADAETH":0.12641211296671187,"ADXETH":0.006408887532157264,"AIONETH":0,"BATETH":0,"BLZETH":0,"BNBETH":0.10337499856705214,"BNTETH":0.04514886919788054,"BQXETH":0.06685746360391706,"BRDETH":0,"CDTETH":0,"CVCETH":0,"DASHETH":0,"DATAETH":0,"DENTETH":0.003816392218383819,"ELFETH":0,"ENJETH":0,"EOSETH":0,"ETCETH":0.08635251067687597,"FUNETH":0.005954764320984402,"GXSETH":0,"HOTETH":0,"ICXETH":0,"IOSTETH":0,"IOTAETH":0,"IOTXETH":0,"KEYETH":0.0045008792499666855,"KMDETH":0,"KNCETH":0,"LINKETH":0.028098311375906515,"LOOMETH":0,"LRCETH":0.03864857207140712,"LSKETH":0,"LTCETH":0.06320327629217462,"MANAETH":0.0032992830717980355,"MFTETH":0.004379250584736651,"MTLETH":0.02564750398511697,"NANOETH":0.011249293403343932,"NASETH":0,"NAVETH":0.054631618398900225,"NCASHETH":0.039763502258049636,"NEBLETH":0,"NEOETH":0,"OMGETH":0,"ONTETH":0,"OSTETH":0,"PIVXETH":0,"POWRETH":0,"QKCETH":0,"QLCETH":0,"QSPETH":0,"QTUMETH":0,"REPETH":0,"RLCETH":0,"SCETH":0,"SNTETH":0,"STEEMETH":0,"STMXETH":0.05142144558352482,"THETAETH":0.11836900463032977,"TRXETH":0,"VETETH":0.0312685103197929,"VIBETH":0,"WANETH":0,"WAVESETH":0.06847874880126407,"XEMETH":0,"XLMETH":0,"XMRETH":0,"XRPETH":0,"XVGETH":0,"ZECETH":0,"ZENETH":0.012714800889725002,"ZILETH":0,"ZRXETH":0},"numerosità_campione":363,"expected_return":0.002821135900756055,"standard_deviation":0.030472257350077015,"sharpe_ratio":0.09258046978094732}