{"weights":{"ADAETH":0.10057426153649118,"ADXETH":0.0169871517201347,"AIONETH":0,"BATETH":0,"BLZETH":0,"BNBETH":0.04893539891604261,"BNTETH":0.09116163026168544,"BQXETH":0.02054775862528427,"BRDETH":0,"CDTETH":0.019226552456943664,"CVCETH":0,"DASHETH":0,"DATAETH":0.00042091766083342334,"DENTETH":0,"ELFETH":0.0023466560355815524,"ENJETH":0,"EOSETH":0,"ETCETH":0.04133223095494981,"FUNETH":0.01250036535388762,"GXSETH":0,"HOTETH":0.0012506893714929008,"ICXETH":0,"IOSTETH":0,"IOTAETH":0,"IOTXETH":0,"KEYETH":0,"KMDETH":0,"KNCETH":0,"LINKETH":0.06200001018513571,"LOOMETH":0,"LRCETH":0.041693231475034606,"LSKETH":0,"LTCETH":0.2347357265853776,"MANAETH":0,"MFTETH":0,"MTLETH":0.011283497189724047,"NANOETH":0.007746180034573468,"NASETH":0,"NAVETH":0.11413658460413158,"NCASHETH":0.025568949313548455,"NEBLETH":0,"NEOETH":0,"OMGETH":0,"ONTETH":0,"OSTETH":0,"PIVXETH":0,"POWRETH":0.0019654991293803653,"QKCETH":0,"QLCETH":0,"QSPETH":0,"QTUMETH":0,"REPETH":0,"RLCETH":0,"SCETH":0,"SNTETH":0,"STEEMETH":0,"THETAETH":0.017351354645014923,"TRXETH":0.062006866376337635,"VETETH":0.012645732546830345,"VIBETH":0.0011627781767044995,"WANETH":0,"WAVESETH":0.02231477870042338,"XEMETH":0,"XLMETH":0,"XMRETH":0.030105198144456346,"XRPETH":0,"XVGETH":0,"ZECETH":0,"ZENETH":0,"ZILETH":0,"ZRXETH":0},"numerosità_campione":757,"expected_return":-0.00008191012687226517,"standard_deviation":0.022120163362128586,"sharpe_ratio":-0.0037029621134038087}