{"weights":{"ADAETH":0.14763478122532267,"ADXETH":0.01611875266048059,"AIONETH":0,"BATETH":0,"BLZETH":0,"BNBETH":0.08512800984548918,"BNTETH":0.08420355073400429,"BQXETH":0.04731811236429373,"BRDETH":0,"CDTETH":0.005738343718589625,"CVCETH":0,"DASHETH":0,"DATAETH":0.008534752654127422,"DENTETH":0.009283901983415032,"ELFETH":0,"ENJETH":0,"EOSETH":0,"ETCETH":0.08964185195663983,"FUNETH":0.004307388056169441,"GXSETH":0,"HOTETH":0,"ICXETH":0,"IOSTETH":0,"IOTAETH":0,"IOTXETH":0,"KEYETH":0,"KMDETH":0,"KNCETH":0,"LINKETH":0.10013368527124378,"LOOMETH":0,"LRCETH":0.04021406421948767,"LSKETH":0,"LTCETH":0.07339249415708794,"MANAETH":0,"MFTETH":0,"MTLETH":0.020506137550761413,"NANOETH":0.00628264708233276,"NASETH":0,"NAVETH":0.07237342133846279,"NCASHETH":0.02946676898005719,"NEBLETH":0,"NEOETH":0,"OMGETH":0,"ONTETH":0,"OSTETH":0,"PIVXETH":0,"POWRETH":0,"QKCETH":0,"QLCETH":0,"QSPETH":0,"QTUMETH":0,"REPETH":0,"RLCETH":0,"SCETH":0,"SNTETH":0,"STEEMETH":0,"THETAETH":0.08973391929647977,"TRXETH":0.013530164503352506,"VETETH":0.029192981853484467,"VIBETH":0,"WANETH":0,"WAVESETH":0.015247472392048246,"XEMETH":0,"XLMETH":0,"XMRETH":0,"XRPETH":0,"XVGETH":0,"ZECETH":0,"ZENETH":0.012016798156669763,"ZILETH":0,"ZRXETH":0},"numerosità_campione":757,"expected_return":0.001265392299281114,"standard_deviation":0.02453906880920294,"sharpe_ratio":0.05156643510476449}