{"weights":{"ADAETH":0.11816557372434161,"ADXETH":0.008425861788685993,"AIONETH":0,"BATETH":0,"BLZETH":0,"BNBETH":0.09546256454495197,"BNTETH":0.049122763759437554,"BQXETH":0.061059196823606596,"BRDETH":0,"CDTETH":0,"CVCETH":0,"DASHETH":0,"DATAETH":0,"DENTETH":0.0015535817547687126,"ELFETH":0,"ENJETH":0.0014061872768724778,"EOSETH":0,"ETCETH":0.08011986896970497,"FUNETH":0.00621694986872846,"GXSETH":0,"HOTETH":0,"ICXETH":0,"IOSTETH":0,"IOTAETH":0,"IOTXETH":0,"KEYETH":0.0032386682348828004,"KMDETH":0,"KNCETH":0,"LINKETH":0.035183901634473665,"LOOMETH":0,"LRCETH":0.04282466158572561,"LSKETH":0,"LTCETH":0.0897244208089765,"MANAETH":0.0004958596211379584,"MFTETH":0.001894327861641426,"MTLETH":0.024746707802276186,"NANOETH":0.011349760446546262,"NASETH":0,"NAVETH":0.07025253538255055,"NCASHETH":0.037820892088428246,"NEBLETH":0,"NEOETH":0,"OMGETH":0,"ONTETH":0,"OSTETH":0,"PIVXETH":0,"POWRETH":0,"QKCETH":0,"QLCETH":0,"QSPETH":0,"QTUMETH":0,"REPETH":0,"RLCETH":0,"SCETH":0,"SNTETH":0,"STEEMETH":0,"STMXETH":0.0490002243844432,"THETAETH":0.10588660287297808,"TRXETH":0.0023119525381535624,"VETETH":0.027885817935158208,"VIBETH":0,"WANETH":0,"WAVESETH":0.06614133086548303,"XEMETH":0,"XLMETH":0,"XMRETH":0,"XRPETH":0,"XVGETH":0,"ZECETH":0,"ZENETH":0.009709787426046612,"ZILETH":0,"ZRXETH":0},"numerosità_campione":363,"expected_return":0.002403860273379135,"standard_deviation":0.029577449769972407,"sharpe_ratio":0.08127341241635985}