{"weights":{"ADAETH":0.09071086567373994,"ADXETH":0.014834723068775117,"AIONETH":0,"BATETH":0,"BLZETH":0,"BNBETH":0.03971380602266331,"BNTETH":0.09116639155248521,"BQXETH":0.014231905495078821,"BRDETH":0,"CDTETH":0.020409606773369258,"CVCETH":0,"DASHETH":0,"DATAETH":0,"DENTETH":0,"ELFETH":0.005452740031705177,"ENJETH":0,"EOSETH":0,"ETCETH":0.029368994886468533,"FUNETH":0.0134985556104152,"GXSETH":0,"HOTETH":0.0012159768157802046,"ICXETH":0,"IOSTETH":0,"IOTAETH":0,"IOTXETH":0,"KEYETH":0,"KMDETH":0,"KNCETH":0,"LINKETH":0.053412399740277186,"LOOMETH":0,"LRCETH":0.040804682213215974,"LSKETH":0,"LTCETH":0.2654526344468978,"MANAETH":0,"MFTETH":0,"MTLETH":0.007867747458039458,"NANOETH":0.0066172145658194475,"NASETH":0,"NAVETH":0.12259815337394289,"NCASHETH":0.023935166842567707,"NEBLETH":0,"NEOETH":0.0005557458379636937,"OMGETH":0,"ONTETH":0,"OSTETH":0,"PIVXETH":0,"POWRETH":0.007890992132595101,"QKCETH":0,"QLCETH":0,"QSPETH":0,"QTUMETH":0,"REPETH":0,"RLCETH":0,"SCETH":0,"SNTETH":0,"STEEMETH":0,"THETAETH":0.0007323718660963248,"TRXETH":0.06917414572444575,"VETETH":0.0075542121565015125,"VIBETH":0.008422768096069021,"WANETH":0,"WAVESETH":0.02234256599381596,"XEMETH":0,"XLMETH":0,"XMRETH":0.03848025422780964,"XRPETH":0,"XVGETH":0,"ZECETH":0.003555379393461679,"ZENETH":0,"ZILETH":0,"ZRXETH":0},"numerosità_campione":757,"expected_return":-0.00039282607136919905,"standard_deviation":0.021976414880092054,"sharpe_ratio":-0.01787489331233237}