{"weights":{"ADAETH":0.10391659396259662,"ADXETH":0.0175947950619831,"AIONETH":0,"BATETH":0,"BLZETH":0,"BNBETH":0.05193113560563891,"BNTETH":0.09098086088579378,"BQXETH":0.02259159639239933,"BRDETH":0,"CDTETH":0.018526738592006247,"CVCETH":0,"DASHETH":0,"DATAETH":0.0011395676593448341,"DENTETH":0,"ELFETH":0.0011131595754729179,"ENJETH":0,"EOSETH":0,"ETCETH":0.0451817870151768,"FUNETH":0.012083241040560381,"GXSETH":0,"HOTETH":0.0012308443270212192,"ICXETH":0,"IOSTETH":0,"IOTAETH":0,"IOTXETH":0,"KEYETH":0,"KMDETH":0,"KNCETH":0,"LINKETH":0.06477275955708224,"LOOMETH":0,"LRCETH":0.04197518020714436,"LSKETH":0,"LTCETH":0.22385228757371398,"MANAETH":0,"MFTETH":0,"MTLETH":0.012365824803547466,"NANOETH":0.007967386641352853,"NASETH":0,"NAVETH":0.11125795568042353,"NCASHETH":0.026069104956681355,"NEBLETH":0,"NEOETH":0,"OMGETH":0,"ONTETH":0,"OSTETH":0,"PIVXETH":0,"POWRETH":0,"QKCETH":0,"QLCETH":0,"QSPETH":0,"QTUMETH":0,"REPETH":0,"RLCETH":0,"SCETH":0,"SNTETH":0,"STEEMETH":0,"THETAETH":0.022866166524163935,"TRXETH":0.05929182131568224,"VETETH":0.014213531283339876,"VIBETH":0,"WANETH":0,"WAVESETH":0.022219907824723946,"XEMETH":0,"XLMETH":0,"XMRETH":0.026857753514150106,"XRPETH":0,"XVGETH":0,"ZECETH":0,"ZENETH":0,"ZILETH":0,"ZRXETH":0},"numerosità_campione":757,"expected_return":0.000021728521293379285,"standard_deviation":0.02220257615675027,"sharpe_ratio":0.000978648655001827}