{"weights":{"ADAETH":0.07903257201762218,"ADXETH":0.01526479581313233,"AIONETH":0,"BATETH":0,"BLZETH":0,"BNBETH":0.05036652700639673,"BNTETH":0.06424736414662517,"BQXETH":0.029760798655191587,"BRDETH":0,"CDTETH":0.0017717101486805385,"CVCETH":0,"DASHETH":0,"DATAETH":0,"DENTETH":0,"ELFETH":0,"ENJETH":0,"EOSETH":0,"ETCETH":0.03839854780107879,"FUNETH":0.005721933066680161,"GXSETH":0,"HOTETH":0,"ICXETH":0,"IOSTETH":0,"IOTAETH":0,"IOTXETH":0,"KEYETH":0,"KMDETH":0,"KNCETH":0,"LINKETH":0.06666544370106173,"LOOMETH":0,"LRCETH":0.060686154355878125,"LSKETH":0,"LTCETH":0.21685056019266583,"MANAETH":0,"MFTETH":0,"MTLETH":0.017062916984378403,"NANOETH":0.00602436370719046,"NASETH":0,"NAVETH":0.14456236154516786,"NCASHETH":0.024120897410208706,"NEBLETH":0,"NEOETH":0,"OMGETH":0,"ONTETH":0,"OSTETH":0.0038323941639285277,"PIVXETH":0,"POWRETH":0,"QKCETH":0,"QLCETH":0,"QSPETH":0,"QTUMETH":0,"REPETH":0,"RLCETH":0,"SCETH":0,"SNTETH":0,"STEEMETH":0,"STMXETH":0.024979301141183654,"THETAETH":0.04170080211414939,"TRXETH":0.043508791692619286,"VETETH":0.006095011214090279,"VIBETH":0.008379680692942149,"WANETH":0,"WAVESETH":0.050967072429128096,"XEMETH":0,"XLMETH":0,"XMRETH":0,"XRPETH":0,"XVGETH":0,"ZECETH":0,"ZENETH":0,"ZILETH":0,"ZRXETH":0},"numerosità_campione":363,"expected_return":0.0003174821364945363,"standard_deviation":0.026638978143318687,"sharpe_ratio":0.011917954764873886}