{"weights":{"ADAETH":0.10750174386726388,"ADXETH":0.017778136691870956,"AIONETH":0,"BATETH":0,"BLZETH":0,"BNBETH":0.05498046929764972,"BNTETH":0.09065259127389341,"BQXETH":0.024705490028624225,"BRDETH":0,"CDTETH":0.01756840085889516,"CVCETH":0,"DASHETH":0,"DATAETH":0.0018133681348340655,"DENTETH":0,"ELFETH":0,"ENJETH":0,"EOSETH":0,"ETCETH":0.049263996138955185,"FUNETH":0.011455939201860525,"GXSETH":0,"HOTETH":0.0011200324728144802,"ICXETH":0,"IOSTETH":0,"IOTAETH":0,"IOTXETH":0,"KEYETH":0,"KMDETH":0,"KNCETH":0,"LINKETH":0.0676698691260127,"LOOMETH":0,"LRCETH":0.04199756890616855,"LSKETH":0,"LTCETH":0.2120690876284783,"MANAETH":0,"MFTETH":0,"MTLETH":0.013218866656984893,"NANOETH":0.008037357597703024,"NASETH":0,"NAVETH":0.10822435108689363,"NCASHETH":0.026504719346783678,"NEBLETH":0,"NEOETH":0,"OMGETH":0,"ONTETH":0,"OSTETH":0,"PIVXETH":0,"POWRETH":0,"QKCETH":0,"QLCETH":0,"QSPETH":0,"QTUMETH":0,"REPETH":0,"RLCETH":0,"SCETH":0,"SNTETH":0,"STEEMETH":0,"THETAETH":0.028468373468746797,"TRXETH":0.056045922899079045,"VETETH":0.015744067159196684,"VIBETH":0,"WANETH":0,"WAVESETH":0.02187906507121385,"XEMETH":0,"XLMETH":0,"XMRETH":0.023300583086077117,"XRPETH":0,"XVGETH":0,"ZECETH":0,"ZENETH":0,"ZILETH":0,"ZRXETH":0},"numerosità_campione":757,"expected_return":0.00012536716945902383,"standard_deviation":0.022302927299999654,"sharpe_ratio":0.005621108286490526}