{"weights":{"ADAETH":0.0977044127295669,"ADXETH":0.012259221211868237,"AIONETH":0,"BATETH":0,"BLZETH":0,"BNBETH":0.07337220733761471,"BNTETH":0.057491976027540886,"BQXETH":0.0459563512851696,"BRDETH":0,"CDTETH":0,"CVCETH":0,"DASHETH":0,"DATAETH":0,"DENTETH":0,"ELFETH":0,"ENJETH":0.0014232152354975037,"EOSETH":0,"ETCETH":0.06068325806310777,"FUNETH":0.006337103110563644,"GXSETH":0,"HOTETH":0,"ICXETH":0,"IOSTETH":0,"IOTAETH":0,"IOTXETH":0,"KEYETH":0,"KMDETH":0,"KNCETH":0,"LINKETH":0.051725221175264756,"LOOMETH":0,"LRCETH":0.05182388124910858,"LSKETH":0,"LTCETH":0.15310053358512668,"MANAETH":0,"MFTETH":0,"MTLETH":0.021483884560737777,"NANOETH":0.009194209134672122,"NASETH":0,"NAVETH":0.10768838871926911,"NCASHETH":0.03158428836320279,"NEBLETH":0,"NEOETH":0,"OMGETH":0,"ONTETH":0,"OSTETH":0.0015704763854455404,"PIVXETH":0,"POWRETH":0,"QKCETH":0,"QLCETH":0,"QSPETH":0,"QTUMETH":0,"REPETH":0,"RLCETH":0,"SCETH":0,"SNTETH":0,"STEEMETH":0,"STMXETH":0.038858718736805624,"THETAETH":0.07428352840599986,"TRXETH":0.02427120458086631,"VETETH":0.018531092484227255,"VIBETH":0,"WANETH":0,"WAVESETH":0.059109167699226306,"XEMETH":0,"XLMETH":0,"XMRETH":0,"XRPETH":0,"XVGETH":0,"ZECETH":0,"ZENETH":0.001547659919118182,"ZILETH":0,"ZRXETH":0},"numerosità_campione":363,"expected_return":0.001360671204936836,"standard_deviation":0.02775670330184215,"sharpe_ratio":0.04902135495487792}