{"weights":{"ADAETH":0.10934328126532035,"ADXETH":0.017765464095990568,"AIONETH":0,"BATETH":0,"BLZETH":0,"BNBETH":0.05651703604433798,"BNTETH":0.09045397236218744,"BQXETH":0.025742981837934276,"BRDETH":0,"CDTETH":0.017059776707125614,"CVCETH":0,"DASHETH":0,"DATAETH":0.0021262064110544026,"DENTETH":0.00020055818707327255,"ELFETH":0,"ENJETH":0,"EOSETH":0,"ETCETH":0.05124743927351629,"FUNETH":0.01112102453697106,"GXSETH":0,"HOTETH":0.000988407032918272,"ICXETH":0,"IOSTETH":0,"IOTAETH":0,"IOTXETH":0,"KEYETH":0,"KMDETH":0,"KNCETH":0,"LINKETH":0.06913935593627231,"LOOMETH":0,"LRCETH":0.041903016974560246,"LSKETH":0,"LTCETH":0.20605021494856618,"MANAETH":0,"MFTETH":0,"MTLETH":0.013574748502300673,"NANOETH":0.008028544139656965,"NASETH":0,"NAVETH":0.10667852642214735,"NCASHETH":0.02669349520445672,"NEBLETH":0,"NEOETH":0,"OMGETH":0,"ONTETH":0,"OSTETH":0,"PIVXETH":0,"POWRETH":0,"QKCETH":0,"QLCETH":0,"QSPETH":0,"QTUMETH":0,"REPETH":0,"RLCETH":0,"SCETH":0,"SNTETH":0,"STEEMETH":0,"THETAETH":0.031300542775087384,"TRXETH":0.05433404380581615,"VETETH":0.016403093943145534,"VIBETH":0,"WANETH":0,"WAVESETH":0.021671567382594775,"XEMETH":0,"XLMETH":0,"XMRETH":0.021395439185643517,"XRPETH":0,"XVGETH":0,"ZECETH":0,"ZENETH":0.0002612630253228512,"ZILETH":0,"ZRXETH":0},"numerosità_campione":757,"expected_return":0.00017718649354184608,"standard_deviation":0.02236001993294017,"sharpe_ratio":0.007924254722189213}