{"weights":{"ADAETH":0.163079254676874,"ADXETH":0.014891407356357161,"AIONETH":0,"BATETH":0,"BLZETH":0,"BNBETH":0.09581008315729245,"BNTETH":0.08100037943051823,"BQXETH":0.056808471057265046,"BRDETH":0,"CDTETH":0.00042073347548865833,"CVCETH":0,"DASHETH":0,"DATAETH":0.011470622963408226,"DENTETH":0.012459356408681592,"ELFETH":0,"ENJETH":0,"EOSETH":0,"ETCETH":0.10499899966525619,"FUNETH":0.0016044195008529983,"GXSETH":0,"HOTETH":0,"ICXETH":0,"IOSTETH":0,"IOTAETH":0,"IOTXETH":0,"KEYETH":0,"KMDETH":0,"KNCETH":0,"LINKETH":0.11394790405615533,"LOOMETH":0,"LRCETH":0.03921778051638867,"LSKETH":0,"LTCETH":0.010792746134667627,"MANAETH":0,"MFTETH":0,"MTLETH":0.023608594652366695,"NANOETH":0.005142848327686167,"NASETH":0,"NAVETH":0.05630510721042302,"NCASHETH":0.030407620464862187,"NEBLETH":0,"NEOETH":0,"OMGETH":0,"ONTETH":0,"OSTETH":0,"PIVXETH":0,"POWRETH":0,"QKCETH":0,"QLCETH":0,"QSPETH":0,"QTUMETH":0,"REPETH":0,"RLCETH":0,"SCETH":0,"SNTETH":0,"STEEMETH":0,"THETAETH":0.11492094159660285,"TRXETH":0,"VETETH":0.03508306540367082,"VIBETH":0,"WANETH":0,"WAVESETH":0.011810554513363098,"XEMETH":0,"XLMETH":0,"XMRETH":0,"XRPETH":0,"XVGETH":0,"ZECETH":0,"ZENETH":0.01621910943181893,"ZILETH":0,"ZRXETH":0},"numerosità_campione":757,"expected_return":0.0017317662160265146,"standard_deviation":0.025985302605824948,"sharpe_ratio":0.06664406577425488}