{"weights":{"ADAETH":0.1529682274377932,"ADXETH":0.01579495623396238,"AIONETH":0,"BATETH":0,"BLZETH":0,"BNBETH":0.08878650979597055,"BNTETH":0.08319620902016095,"BQXETH":0.0504315880787324,"BRDETH":0,"CDTETH":0.004038953081183372,"CVCETH":0,"DASHETH":0,"DATAETH":0.00947921157726223,"DENTETH":0.010508521930130878,"ELFETH":0,"ENJETH":0,"EOSETH":0,"ETCETH":0.09495499084539612,"FUNETH":0.003432507844654302,"GXSETH":0,"HOTETH":0,"ICXETH":0,"IOSTETH":0,"IOTAETH":0,"IOTXETH":0,"KEYETH":0,"KMDETH":0,"KNCETH":0,"LINKETH":0.10467192208789487,"LOOMETH":0,"LRCETH":0.04000227079294241,"LSKETH":0,"LTCETH":0.0532249726729334,"MANAETH":0,"MFTETH":0,"MTLETH":0.021526482600603226,"NANOETH":0.005939900122508429,"NASETH":0,"NAVETH":0.06715551702629444,"NCASHETH":0.029821531890826213,"NEBLETH":0,"NEOETH":0,"OMGETH":0,"ONTETH":0,"OSTETH":0,"PIVXETH":0,"POWRETH":0,"QKCETH":0,"QLCETH":0,"QSPETH":0,"QTUMETH":0,"REPETH":0,"RLCETH":0,"SCETH":0,"SNTETH":0,"STEEMETH":0,"THETAETH":0.09800953407352998,"TRXETH":0.007328666677693406,"VETETH":0.03111857698220479,"VIBETH":0,"WANETH":0,"WAVESETH":0.014148963615338014,"XEMETH":0,"XLMETH":0,"XMRETH":0,"XRPETH":0,"XVGETH":0,"ZECETH":0,"ZENETH":0.013459985611984537,"ZILETH":0,"ZRXETH":0},"numerosità_campione":757,"expected_return":0.0014208502715295811,"standard_deviation":0.02499088416192476,"sharpe_ratio":0.05685474200606072}