{"weights":{"ADAETH":0.16678865574490015,"ADXETH":0.012878191970228162,"AIONETH":0,"BATETH":0,"BLZETH":0,"BNBETH":0.09753056415029213,"BNTETH":0.07847387515111273,"BQXETH":0.06129477443419063,"BRDETH":0,"CDTETH":0,"CVCETH":0,"DASHETH":0,"DATAETH":0.012841793959447475,"DENTETH":0.012796591690043452,"ELFETH":0,"ENJETH":0,"EOSETH":0,"ETCETH":0.10519927208832851,"FUNETH":0,"GXSETH":0,"HOTETH":0,"ICXETH":0,"IOSTETH":0,"IOTAETH":0,"IOTXETH":0,"KEYETH":0,"KMDETH":0,"KNCETH":0,"LINKETH":0.11938956749257165,"LOOMETH":0,"LRCETH":0.03780802770832913,"LSKETH":0,"LTCETH":0,"MANAETH":0.0009530522087799556,"MFTETH":0,"MTLETH":0.02497109844781086,"NANOETH":0.0038168709114032575,"NASETH":0,"NAVETH":0.04578163759259707,"NCASHETH":0.030206899917317332,"NEBLETH":0,"NEOETH":0,"OMGETH":0,"ONTETH":0,"OSTETH":0,"PIVXETH":0,"POWRETH":0,"QKCETH":0,"QLCETH":0,"QSPETH":0,"QTUMETH":0,"REPETH":0,"RLCETH":0,"SCETH":0,"SNTETH":0,"STEEMETH":0,"THETAETH":0.12584669697915965,"TRXETH":0,"VETETH":0.036791433492608855,"VIBETH":0,"WANETH":0,"WAVESETH":0.008894979708827843,"XEMETH":0,"XLMETH":0,"XMRETH":0,"XRPETH":0,"XVGETH":0,"ZECETH":0,"ZENETH":0.017736016352051263,"ZILETH":0,"ZRXETH":0},"numerosità_campione":757,"expected_return":0.0018872241882749814,"standard_deviation":0.026531418283507423,"sharpe_ratio":0.07113167370506257}