{"weights":{"ADAETH":0.08787788936802522,"ADXETH":0.013907509535010465,"AIONETH":0,"BATETH":0,"BLZETH":0,"BNBETH":0.061836827867528046,"BNTETH":0.061174840993082125,"BQXETH":0.03797716029584304,"BRDETH":0,"CDTETH":0,"CVCETH":0,"DASHETH":0,"DATAETH":0,"DENTETH":0,"ELFETH":0,"ENJETH":0.0007862852874456356,"EOSETH":0,"ETCETH":0.04985174110210052,"FUNETH":0.0061596544173415195,"GXSETH":0,"HOTETH":0,"ICXETH":0,"IOSTETH":0,"IOTAETH":0,"IOTXETH":0,"KEYETH":0,"KMDETH":0,"KNCETH":0,"LINKETH":0.05960897591564275,"LOOMETH":0,"LRCETH":0.05634275671147726,"LSKETH":0,"LTCETH":0.1856825403256322,"MANAETH":0,"MFTETH":0,"MTLETH":0.01938125159530405,"NANOETH":0.007602253720911712,"NASETH":0,"NAVETH":0.12641485908839675,"NCASHETH":0.027906648847735922,"NEBLETH":0,"NEOETH":0,"OMGETH":0,"ONTETH":0,"OSTETH":0.0029542396339421566,"PIVXETH":0,"POWRETH":0,"QKCETH":0,"QLCETH":0,"QSPETH":0,"QTUMETH":0,"REPETH":0,"RLCETH":0,"SCETH":0,"SNTETH":0,"STEEMETH":0,"STMXETH":0.0324009432267091,"THETAETH":0.05806619005945369,"TRXETH":0.034462713696773464,"VETETH":0.012816006076027911,"VIBETH":0.0016413626949992291,"WANETH":0,"WAVESETH":0.05514734954061733,"XEMETH":0,"XLMETH":0,"XMRETH":0,"XRPETH":0,"XVGETH":0,"ZECETH":0,"ZENETH":0,"ZILETH":0,"ZRXETH":0},"numerosità_campione":363,"expected_return":0.0008390766707156861,"standard_deviation":0.02710388791027693,"sharpe_ratio":0.030957797401365988}