{"weights":{"ADAETH":0.06467433655527244,"ADXETH":0.013998888615444958,"AIONETH":0,"BATETH":0,"BLZETH":0,"BNBETH":0.0305251166935602,"BNTETH":0.06638343329918736,"BQXETH":0.0186693276769862,"BRDETH":0,"CDTETH":0.005397398798234466,"CVCETH":0,"DASHETH":0,"DATAETH":0,"DENTETH":0,"ELFETH":0,"ENJETH":0,"EOSETH":0,"ETCETH":0.020180427967122275,"FUNETH":0.0048987313405090055,"GXSETH":0,"HOTETH":0,"ICXETH":0,"IOSTETH":0,"IOTAETH":0,"IOTXETH":0,"KEYETH":0,"KMDETH":0,"KNCETH":0,"LINKETH":0.07737769293317567,"LOOMETH":0,"LRCETH":0.06496435052752485,"LSKETH":0,"LTCETH":0.2550803748937746,"MANAETH":0,"MFTETH":0,"MTLETH":0.011693009233036683,"NANOETH":0.001920436420106475,"NASETH":0,"NAVETH":0.16740179118321108,"NCASHETH":0.018129574388268666,"NEBLETH":0,"NEOETH":0,"OMGETH":0,"ONTETH":0,"OSTETH":0.004445070541101858,"PIVXETH":0,"POWRETH":0.020462812207028325,"QKCETH":0,"QLCETH":0,"QSPETH":0,"QTUMETH":0,"REPETH":0,"RLCETH":0,"SCETH":0,"SNTETH":0,"STEEMETH":0,"STMXETH":0.013690633938602393,"THETAETH":0.014465839241644976,"TRXETH":0.05367064601027956,"VETETH":0,"VIBETH":0.01586505619786239,"WANETH":0,"WAVESETH":0.043094938742582634,"XEMETH":0,"XLMETH":0,"XMRETH":0.013010112595482914,"XRPETH":0,"XVGETH":0,"ZECETH":0,"ZENETH":0,"ZILETH":0,"ZRXETH":0},"numerosità_campione":363,"expected_return":-0.0005170691182593032,"standard_deviation":0.02627231315150739,"sharpe_ratio":-0.01968114171285432}