{"weights":{"ADAETH":0.13519007339622474,"ADXETH":0.016874277655689746,"AIONETH":0,"BATETH":0,"BLZETH":0,"BNBETH":0.07659150996103267,"BNTETH":0.08655401473297213,"BQXETH":0.04005333569727018,"BRDETH":0,"CDTETH":0.009703588539204212,"CVCETH":0,"DASHETH":0,"DATAETH":0.006331015166812871,"DENTETH":0.006426455441078062,"ELFETH":0,"ENJETH":0,"EOSETH":0,"ETCETH":0.07724452788287521,"FUNETH":0.006348775216371432,"GXSETH":0,"HOTETH":0,"ICXETH":0,"IOSTETH":0,"IOTAETH":0,"IOTXETH":0,"KEYETH":0,"KMDETH":0,"KNCETH":0,"LINKETH":0.08954446603239126,"LOOMETH":0,"LRCETH":0.040708248881426615,"LSKETH":0,"LTCETH":0.12045004428678183,"MANAETH":0,"MFTETH":0,"MTLETH":0.018125332434463855,"NANOETH":0.00708238998858953,"NASETH":0,"NAVETH":0.08454853140018893,"NCASHETH":0.028638988854929458,"NEBLETH":0,"NEOETH":0,"OMGETH":0,"ONTETH":0,"OSTETH":0,"PIVXETH":0,"POWRETH":0,"QKCETH":0,"QLCETH":0,"QSPETH":0,"QTUMETH":0,"REPETH":0,"RLCETH":0,"SCETH":0,"SNTETH":0,"STEEMETH":0,"THETAETH":0.07042415148336258,"TRXETH":0.028000326096557056,"VETETH":0.024699926553137044,"VIBETH":0,"WANETH":0,"WAVESETH":0.01781065953770545,"XEMETH":0,"XLMETH":0,"XMRETH":0,"XRPETH":0,"XVGETH":0,"ZECETH":0,"ZENETH":0.00864936076093529,"ZILETH":0,"ZRXETH":0},"numerosità_campione":757,"expected_return":0.0009026570307013582,"standard_deviation":0.02361338866031134,"sharpe_ratio":0.0382264927616474}