{"weights":{"ADAETH":0.15652385824610693,"ADXETH":0.015579091949616907,"AIONETH":0,"BATETH":0,"BLZETH":0,"BNBETH":0.09122550976295812,"BNTETH":0.0825246478775987,"BQXETH":0.05250723855502486,"BRDETH":0,"CDTETH":0.0029060259895792003,"CVCETH":0,"DASHETH":0,"DATAETH":0.010108850859352106,"DENTETH":0.011324935227941446,"ELFETH":0,"ENJETH":0,"EOSETH":0,"ETCETH":0.0984970834379003,"FUNETH":0.0028492543703108734,"GXSETH":0,"HOTETH":0,"ICXETH":0,"IOSTETH":0,"IOTAETH":0,"IOTXETH":0,"KEYETH":0,"KMDETH":0,"KNCETH":0,"LINKETH":0.1076974132989956,"LOOMETH":0,"LRCETH":0.039861075175245564,"LSKETH":0,"LTCETH":0.039779958350163666,"MANAETH":0,"MFTETH":0,"MTLETH":0.022206712633831102,"NANOETH":0.005711402149292208,"NASETH":0,"NAVETH":0.06367691415151554,"NCASHETH":0.030058040498005565,"NEBLETH":0,"NEOETH":0,"OMGETH":0,"ONTETH":0,"OSTETH":0,"PIVXETH":0,"POWRETH":0,"QKCETH":0,"QLCETH":0,"QSPETH":0,"QTUMETH":0,"REPETH":0,"RLCETH":0,"SCETH":0,"SNTETH":0,"STEEMETH":0,"THETAETH":0.1035266105915635,"TRXETH":0.00319433479392066,"VETETH":0.032402307068018346,"VIBETH":0,"WANETH":0,"WAVESETH":0.013416624430864525,"XEMETH":0,"XLMETH":0,"XMRETH":0,"XRPETH":0,"XVGETH":0,"ZECETH":0,"ZENETH":0.01442211058219439,"ZILETH":0,"ZRXETH":0},"numerosità_campione":757,"expected_return":0.0015244889196952267,"standard_deviation":0.025309188101689556,"sharpe_ratio":0.06023460387468759}