{"weights":{"ADAETH":0.06077933495818488,"ADXETH":0.013432310554707486,"AIONETH":0,"BATETH":0,"BLZETH":0,"BNBETH":0.025365167820986134,"BNTETH":0.06659161022385571,"BQXETH":0.016046956794402743,"BRDETH":0,"CDTETH":0.0061196003267081365,"CVCETH":0,"DASHETH":0,"DATAETH":0,"DENTETH":0,"ELFETH":0,"ENJETH":0,"EOSETH":0,"ETCETH":0.015464564636024154,"FUNETH":0.004703757205852576,"GXSETH":0,"HOTETH":0,"ICXETH":0,"IOSTETH":0,"IOTAETH":0,"IOTXETH":0,"KEYETH":0,"KMDETH":0,"KNCETH":0,"LINKETH":0.07988381717025295,"LOOMETH":0,"LRCETH":0.06574112186546917,"LSKETH":0,"LTCETH":0.2635026481445726,"MANAETH":0,"MFTETH":0,"MTLETH":0.010274633400315987,"NANOETH":0.0006826340422179927,"NASETH":0,"NAVETH":0.1725975685802027,"NCASHETH":0.016642568290052458,"NEBLETH":0,"NEOETH":0,"OMGETH":0,"ONTETH":0,"OSTETH":0.004556667973621795,"PIVXETH":0,"POWRETH":0.027025907293922086,"QKCETH":0,"QLCETH":0,"QSPETH":0,"QTUMETH":0,"REPETH":0,"RLCETH":0,"SCETH":0,"SNTETH":0,"STEEMETH":0,"STMXETH":0.010972738254644353,"THETAETH":0.007355043906575865,"TRXETH":0.05591745020030158,"VETETH":0,"VIBETH":0.01742284491458367,"WANETH":0,"WAVESETH":0.0409891911584329,"XEMETH":0,"XLMETH":0,"XMRETH":0.017931862284112043,"XRPETH":0,"XVGETH":0,"ZECETH":0,"ZENETH":0,"ZILETH":0,"ZRXETH":0},"numerosità_campione":363,"expected_return":-0.0007257069319477633,"standard_deviation":0.026246136962748547,"sharpe_ratio":-0.027650047432800025}