{"weights":{"ADAETH":0.1305261300219177,"ADXETH":0.005341731023672659,"AIONETH":0,"BATETH":0,"BLZETH":0,"BNBETH":0.10732812162324118,"BNTETH":0.04303695279819903,"BQXETH":0.06978225739491045,"BRDETH":0,"CDTETH":0,"CVCETH":0,"DASHETH":0,"DATAETH":0,"DENTETH":0.004774628761658004,"ELFETH":0,"ENJETH":0,"EOSETH":0,"ETCETH":0.08934311891799918,"FUNETH":0.0058481220538869625,"GXSETH":0,"HOTETH":0,"ICXETH":0,"IOSTETH":0,"IOTAETH":0,"IOTXETH":0,"KEYETH":0.005133231247523247,"KMDETH":0,"KNCETH":0,"LINKETH":0.024474684860263586,"LOOMETH":0,"LRCETH":0.03639816719113896,"LSKETH":0,"LTCETH":0.049537683981497466,"MANAETH":0.004468184333116453,"MFTETH":0.005595956027844371,"MTLETH":0.026121226437689115,"NANOETH":0.011211863862822084,"NASETH":0,"NAVETH":0.04646116602223488,"NCASHETH":0.04075026628197678,"NEBLETH":0,"NEOETH":0,"OMGETH":0,"ONTETH":0,"OSTETH":0,"PIVXETH":0,"POWRETH":0,"QKCETH":0,"QLCETH":0,"QSPETH":0,"QTUMETH":0,"REPETH":0,"RLCETH":0,"SCETH":0,"SNTETH":0,"STEEMETH":0,"STMXETH":0.052608687528776565,"THETAETH":0.12459437758524754,"TRXETH":0,"VETETH":0.03288840376886588,"VIBETH":0,"WANETH":0,"WAVESETH":0.06960581112662241,"XEMETH":0,"XLMETH":0,"XMRETH":0,"XRPETH":0,"XVGETH":0,"ZECETH":0,"ZENETH":0.014169227148895604,"ZILETH":0,"ZRXETH":0},"numerosità_campione":363,"expected_return":0.0030297737144445148,"standard_deviation":0.030952775879534426,"sharpe_ratio":0.0978837480113621}