{"weights":{"ADAETH":0.06662183735381622,"ADXETH":0.014282177645813694,"AIONETH":0,"BATETH":0,"BLZETH":0,"BNBETH":0.03310509112984723,"BNTETH":0.06627934483685319,"BQXETH":0.019980513118277927,"BRDETH":0,"CDTETH":0.005036298033997629,"CVCETH":0,"DASHETH":0,"DATAETH":0,"DENTETH":0,"ELFETH":0,"ENJETH":0,"EOSETH":0,"ETCETH":0.022538359632671336,"FUNETH":0.00499621840783722,"GXSETH":0,"HOTETH":0,"ICXETH":0,"IOSTETH":0,"IOTAETH":0,"IOTXETH":0,"KEYETH":0,"KMDETH":0,"KNCETH":0,"LINKETH":0.07612463081463702,"LOOMETH":0,"LRCETH":0.06457596485855269,"LSKETH":0,"LTCETH":0.25086923826837565,"MANAETH":0,"MFTETH":0,"MTLETH":0.01240219714939703,"NANOETH":0.002539337609050716,"NASETH":0,"NAVETH":0.16480390248471527,"NCASHETH":0.01887307743737677,"NEBLETH":0,"NEOETH":0,"OMGETH":0,"ONTETH":0,"OSTETH":0.00438927182484189,"PIVXETH":0,"POWRETH":0.01718126466358145,"QKCETH":0,"QLCETH":0,"QSPETH":0,"QTUMETH":0,"REPETH":0,"RLCETH":0,"SCETH":0,"SNTETH":0,"STEEMETH":0,"STMXETH":0.015049581780581411,"THETAETH":0.01802123690917953,"TRXETH":0.052547243915268535,"VETETH":0,"VIBETH":0.01508616183950175,"WANETH":0,"WAVESETH":0.04414781253465749,"XEMETH":0,"XLMETH":0,"XMRETH":0.01054923775116835,"XRPETH":0,"XVGETH":0,"ZECETH":0,"ZENETH":0,"ZILETH":0,"ZRXETH":0},"numerosità_campione":363,"expected_return":-0.00041275021141507336,"standard_deviation":0.02629524226354682,"sharpe_ratio":-0.01569676397267008}