{"weights":{"ADAETH":0.10375128611278028,"ADXETH":0.011155686075099341,"AIONETH":0,"BATETH":0,"BLZETH":0,"BNBETH":0.08016439706050686,"BNTETH":0.05515724415959184,"BQXETH":0.050661420763696514,"BRDETH":0,"CDTETH":0,"CVCETH":0,"DASHETH":0,"DATAETH":0,"DENTETH":0,"ELFETH":0,"ENJETH":0.0016886635440940241,"EOSETH":0,"ETCETH":0.06655007547331702,"FUNETH":0.006391659696537018,"GXSETH":0,"HOTETH":0,"ICXETH":0,"IOSTETH":0,"IOTAETH":0,"IOTXETH":0,"KEYETH":0,"KMDETH":0,"KNCETH":0,"LINKETH":0.04688557869281002,"LOOMETH":0,"LRCETH":0.04911400855459723,"LSKETH":0,"LTCETH":0.13356693491329966,"MANAETH":0,"MFTETH":0,"MTLETH":0.02267613156521211,"NANOETH":0.010068998416184994,"NASETH":0,"NAVETH":0.09628752596140215,"NCASHETH":0.03370772258014659,"NEBLETH":0,"NEOETH":0,"OMGETH":0,"ONTETH":0,"OSTETH":0.0007127959400270393,"PIVXETH":0,"POWRETH":0,"QKCETH":0,"QLCETH":0,"QSPETH":0,"QTUMETH":0,"REPETH":0,"RLCETH":0,"SCETH":0,"SNTETH":0,"STEEMETH":0,"STMXETH":0.04250807423055909,"THETAETH":0.08390838860288319,"TRXETH":0.01795940700922113,"VETETH":0.021592937284116532,"VIBETH":0,"WANETH":0,"WAVESETH":0.061364560651388005,"XEMETH":0,"XLMETH":0,"XMRETH":0,"XRPETH":0,"XVGETH":0,"ZECETH":0,"ZENETH":0.004126502712529352,"ZILETH":0,"ZRXETH":0},"numerosità_campione":363,"expected_return":0.0016736279254695257,"standard_deviation":0.02823478202051274,"sharpe_ratio":0.05927539742483667}