{"weights":{"ADAETH":0.1387457042045384,"ADXETH":0.01665841337134427,"AIONETH":0,"BATETH":0,"BLZETH":0,"BNBETH":0.07903050992802024,"BNTETH":0.08588245359040989,"BQXETH":0.04212898617356263,"BRDETH":0,"CDTETH":0.008570661447600042,"CVCETH":0,"DASHETH":0,"DATAETH":0.006960654448902745,"DENTETH":0.007242868738888627,"ELFETH":0,"ENJETH":0,"EOSETH":0,"ETCETH":0.0807866204753794,"FUNETH":0.005765521742028005,"GXSETH":0,"HOTETH":0,"ICXETH":0,"IOSTETH":0,"IOTAETH":0,"IOTXETH":0,"KEYETH":0,"KMDETH":0,"KNCETH":0,"LINKETH":0.09256995724349198,"LOOMETH":0,"LRCETH":0.04056705326372977,"LSKETH":0,"LTCETH":0.10700502996401211,"MANAETH":0,"MFTETH":0,"MTLETH":0.018805562467691727,"NANOETH":0.00685389201537331,"NASETH":0,"NAVETH":0.08106992852541002,"NCASHETH":0.02887549746210881,"NEBLETH":0,"NEOETH":0,"OMGETH":0,"ONTETH":0,"OSTETH":0,"PIVXETH":0,"POWRETH":0,"QKCETH":0,"QLCETH":0,"QSPETH":0,"QTUMETH":0,"REPETH":0,"RLCETH":0,"SCETH":0,"SNTETH":0,"STEEMETH":0,"THETAETH":0.07594122800139608,"TRXETH":0.023865994212784316,"VETETH":0.025983656638950595,"VIBETH":0,"WANETH":0,"WAVESETH":0.017078320353231962,"XEMETH":0,"XLMETH":0,"XMRETH":0,"XRPETH":0,"XVGETH":0,"ZECETH":0,"ZENETH":0.009611485731145142,"ZILETH":0,"ZRXETH":0},"numerosità_campione":757,"expected_return":0.0010062956788670031,"standard_deviation":0.023858661019265495,"sharpe_ratio":0.04217737441570737}