{"weights":{"ADAETH":0.12428963087911915,"ADXETH":0.017385002949364875,"AIONETH":0,"BATETH":0,"BLZETH":0,"BNBETH":0.06856627634277418,"BNTETH":0.08837269364576865,"BQXETH":0.033885051505737666,"BRDETH":0,"CDTETH":0.012970362624825238,"CVCETH":0,"DASHETH":0,"DATAETH":0.0044880553888868475,"DENTETH":0.003896066946661438,"ELFETH":0,"ENJETH":0,"EOSETH":0,"ETCETH":0.06632390286618699,"FUNETH":0.008257561749515627,"GXSETH":0,"HOTETH":0,"ICXETH":0,"IOSTETH":0,"IOTAETH":0,"IOTXETH":0,"KEYETH":0,"KMDETH":0,"KNCETH":0,"LINKETH":0.08067249840623142,"LOOMETH":0,"LRCETH":0.04119377256710521,"LSKETH":0,"LTCETH":0.15866789686729305,"MANAETH":0,"MFTETH":0,"MTLETH":0.016149828650677822,"NANOETH":0.007602260243948989,"NASETH":0,"NAVETH":0.09442575924812918,"NCASHETH":0.02787194817951074,"NEBLETH":0,"NEOETH":0,"OMGETH":0,"ONTETH":0,"OSTETH":0,"PIVXETH":0,"POWRETH":0,"QKCETH":0,"QLCETH":0,"QSPETH":0,"QTUMETH":0,"REPETH":0,"RLCETH":0,"SCETH":0,"SNTETH":0,"STEEMETH":0,"THETAETH":0.05376263908327787,"TRXETH":0.03978879222985041,"VETETH":0.021026107338776738,"VIBETH":0,"WANETH":0,"WAVESETH":0.019691883468699295,"XEMETH":0,"XLMETH":0,"XMRETH":0.005346463316093025,"XRPETH":0,"XVGETH":0,"ZECETH":0,"ZENETH":0.005365545501565741,"ZILETH":0,"ZRXETH":0},"numerosità_campione":757,"expected_return":0.0005917410862044246,"standard_deviation":0.02297534619998876,"sharpe_ratio":0.025755480725017935}