{"weights":{"ADAETH":0.16463988227489465,"ADXETH":0.014649032978624552,"AIONETH":0,"BATETH":0,"BLZETH":0,"BNBETH":0.09689982281785693,"BNTETH":0.08057239348530329,"BQXETH":0.05790541630940488,"BRDETH":0,"CDTETH":0,"CVCETH":0,"DASHETH":0,"DATAETH":0.011819810397419143,"DENTETH":0.012658966423369954,"ELFETH":0,"ENJETH":0,"EOSETH":0,"ETCETH":0.10652103085110268,"FUNETH":0.0012411492624524907,"GXSETH":0,"HOTETH":0,"ICXETH":0,"IOSTETH":0,"IOTAETH":0,"IOTXETH":0,"KEYETH":0,"KMDETH":0,"KNCETH":0,"LINKETH":0.1155345172679741,"LOOMETH":0,"LRCETH":0.038990728116468344,"LSKETH":0,"LTCETH":0.003162242439984697,"MANAETH":0,"MFTETH":0,"MTLETH":0.023964044723563668,"NANOETH":0.004983431891955965,"NASETH":0,"NAVETH":0.054388473271120896,"NCASHETH":0.030457936107701176,"NEBLETH":0,"NEOETH":0,"OMGETH":0,"ONTETH":0,"OSTETH":0,"PIVXETH":0,"POWRETH":0,"QKCETH":0,"QLCETH":0,"QSPETH":0,"QTUMETH":0,"REPETH":0,"RLCETH":0,"SCETH":0,"SNTETH":0,"STEEMETH":0,"THETAETH":0.11782785351168322,"TRXETH":0,"VETETH":0.03577008389652652,"VIBETH":0,"WANETH":0,"WAVESETH":0.01136612268020885,"XEMETH":0,"XLMETH":0,"XMRETH":0,"XRPETH":0,"XVGETH":0,"ZECETH":0,"ZENETH":0.016647061292383844,"ZILETH":0,"ZRXETH":0},"numerosità_campione":757,"expected_return":0.0017835855401093373,"standard_deviation":0.026162587760642512,"sharpe_ratio":0.06817313166522695}