{"weights":{"ADAETH":0.10569390955006466,"ADXETH":0.017733551707530375,"AIONETH":0,"BATETH":0,"BLZETH":0,"BNBETH":0.05344476697532773,"BNTETH":0.0908126251132003,"BQXETH":0.02365237458161046,"BRDETH":0,"CDTETH":0.018064586668463185,"CVCETH":0,"DASHETH":0,"DATAETH":0.0014819600632915656,"DENTETH":0,"ELFETH":0.0002524690648191538,"ENJETH":0,"EOSETH":0,"ETCETH":0.04721840018817386,"FUNETH":0.011770374590188072,"GXSETH":0,"HOTETH":0.0011777099958448596,"ICXETH":0,"IOSTETH":0,"IOTAETH":0,"IOTXETH":0,"KEYETH":0,"KMDETH":0,"KNCETH":0,"LINKETH":0.06620164751301516,"LOOMETH":0,"LRCETH":0.042048266270993236,"LSKETH":0,"LTCETH":0.21806769233392842,"MANAETH":0,"MFTETH":0,"MTLETH":0.012819977247146433,"NANOETH":0.008008829342834322,"NASETH":0,"NAVETH":0.10976165903803083,"NCASHETH":0.026289389192271445,"NEBLETH":0,"NEOETH":0,"OMGETH":0,"ONTETH":0,"OSTETH":0,"PIVXETH":0,"POWRETH":0,"QKCETH":0,"QLCETH":0,"QSPETH":0,"QTUMETH":0,"REPETH":0,"RLCETH":0,"SCETH":0,"SNTETH":0,"STEEMETH":0,"THETAETH":0.025643646126092018,"TRXETH":0.0576824990620725,"VETETH":0.015006967747966407,"VIBETH":0,"WANETH":0,"WAVESETH":0.022054511915058334,"XEMETH":0,"XLMETH":0,"XMRETH":0.02511218571207663,"XRPETH":0,"XVGETH":0,"ZECETH":0,"ZENETH":0,"ZILETH":0,"ZRXETH":0},"numerosità_campione":757,"expected_return":0.00007354784537620166,"standard_deviation":0.022250466503102192,"sharpe_ratio":0.0033054518369737334}