{"weights":{"ADAETH":0.1494125966294795,"ADXETH":0.01601082051830785,"AIONETH":0,"BATETH":0,"BLZETH":0,"BNBETH":0.08634750982898297,"BNTETH":0.08386777016272318,"BQXETH":0.048355937602439954,"BRDETH":0,"CDTETH":0.00517188017278754,"CVCETH":0,"DASHETH":0,"DATAETH":0.008849572295172359,"DENTETH":0.009692108632320316,"ELFETH":0,"ENJETH":0,"EOSETH":0,"ETCETH":0.09141289825289192,"FUNETH":0.004015761318997727,"GXSETH":0,"HOTETH":0,"ICXETH":0,"IOSTETH":0,"IOTAETH":0,"IOTXETH":0,"KEYETH":0,"KMDETH":0,"KNCETH":0,"LINKETH":0.10164643087679415,"LOOMETH":0,"LRCETH":0.04014346641063925,"LSKETH":0,"LTCETH":0.06666998699570308,"MANAETH":0,"MFTETH":0,"MTLETH":0.02084625256737535,"NANOETH":0.006168398095724649,"NASETH":0,"NAVETH":0.07063411990107334,"NCASHETH":0.02958502328364686,"NEBLETH":0,"NEOETH":0,"OMGETH":0,"ONTETH":0,"OSTETH":0,"PIVXETH":0,"POWRETH":0,"QKCETH":0,"QLCETH":0,"QSPETH":0,"QTUMETH":0,"REPETH":0,"RLCETH":0,"SCETH":0,"SNTETH":0,"STEEMETH":0,"THETAETH":0.09249245755549651,"TRXETH":0.011462998561466134,"VETETH":0.02983484689639124,"VIBETH":0,"WANETH":0,"WAVESETH":0.0148813027998115,"XEMETH":0,"XLMETH":0,"XMRETH":0,"XRPETH":0,"XVGETH":0,"ZECETH":0,"ZENETH":0.012497860641774688,"ZILETH":0,"ZRXETH":0},"numerosità_campione":757,"expected_return":0.0013172116233639366,"standard_deviation":0.024686170337565764,"sharpe_ratio":0.053358281392050996}