{"weights":{"ADAETH":0.13163444258791104,"ADXETH":0.017090141940035216,"AIONETH":0,"BATETH":0,"BLZETH":0,"BNBETH":0.0741525099940451,"BNTETH":0.08722557587553437,"BQXETH":0.03797768522097773,"BRDETH":0,"CDTETH":0.01083651563080838,"CVCETH":0,"DASHETH":0,"DATAETH":0.005701375884723,"DENTETH":0.005610042143267499,"ELFETH":0,"ENJETH":0,"EOSETH":0,"ETCETH":0.07370243529037103,"FUNETH":0.006932028690714858,"GXSETH":0,"HOTETH":0,"ICXETH":0,"IOSTETH":0,"IOTAETH":0,"IOTXETH":0,"KEYETH":0,"KMDETH":0,"KNCETH":0,"LINKETH":0.08651897482129053,"LOOMETH":0,"LRCETH":0.040849444499123456,"LSKETH":0,"LTCETH":0.1338950586095515,"MANAETH":0,"MFTETH":0,"MTLETH":0.01744510240123598,"NANOETH":0.007310887961805751,"NASETH":0,"NAVETH":0.08802713427496783,"NCASHETH":0.02840248024775011,"NEBLETH":0,"NEOETH":0,"OMGETH":0,"ONTETH":0,"OSTETH":0,"PIVXETH":0,"POWRETH":0,"QKCETH":0,"QLCETH":0,"QSPETH":0,"QTUMETH":0,"REPETH":0,"RLCETH":0,"SCETH":0,"SNTETH":0,"STEEMETH":0,"THETAETH":0.0649070749653291,"TRXETH":0.03213465798032979,"VETETH":0.023416196467323496,"VIBETH":0,"WANETH":0,"WAVESETH":0.01854299872217894,"XEMETH":0,"XLMETH":0,"XMRETH":0,"XRPETH":0,"XVGETH":0,"ZECETH":0,"ZENETH":0.007687235790725442,"ZILETH":0,"ZRXETH":0},"numerosità_campione":757,"expected_return":0.0007990183825357137,"standard_deviation":0.023384224774966437,"sharpe_ratio":0.0341691200039733}