{"weights":{"ADAETH":0.15474604284195004,"ADXETH":0.015687024091789643,"AIONETH":0,"BATETH":0,"BLZETH":0,"BNBETH":0.09000600977946434,"BNTETH":0.08286042844887981,"BQXETH":0.051469413316878626,"BRDETH":0,"CDTETH":0.0034724895353812862,"CVCETH":0,"DASHETH":0,"DATAETH":0.009794031218307167,"DENTETH":0.01091672857903616,"ELFETH":0,"ENJETH":0,"EOSETH":0,"ETCETH":0.09672603714164821,"FUNETH":0.003140881107482588,"GXSETH":0,"HOTETH":0,"ICXETH":0,"IOSTETH":0,"IOTAETH":0,"IOTXETH":0,"KEYETH":0,"KMDETH":0,"KNCETH":0,"LINKETH":0.10618466769344523,"LOOMETH":0,"LRCETH":0.03993167298409399,"LSKETH":0,"LTCETH":0.046502465511548526,"MANAETH":0,"MFTETH":0,"MTLETH":0.021866597617217164,"NANOETH":0.005825651135900319,"NASETH":0,"NAVETH":0.065416215588905,"NCASHETH":0.02993978619441589,"NEBLETH":0,"NEOETH":0,"OMGETH":0,"ONTETH":0,"OSTETH":0,"PIVXETH":0,"POWRETH":0,"QKCETH":0,"QLCETH":0,"QSPETH":0,"QTUMETH":0,"REPETH":0,"RLCETH":0,"SCETH":0,"SNTETH":0,"STEEMETH":0,"THETAETH":0.10076807233254673,"TRXETH":0.005261500735807033,"VETETH":0.031760442025111565,"VIBETH":0,"WANETH":0,"WAVESETH":0.013782794023101268,"XEMETH":0,"XLMETH":0,"XMRETH":0,"XRPETH":0,"XVGETH":0,"ZECETH":0,"ZENETH":0.013941048097089462,"ZILETH":0,"ZRXETH":0},"numerosità_campione":757,"expected_return":0.0014726695956124034,"standard_deviation":0.025148369103018518,"sharpe_ratio":0.058559248497575184}