{"weights":{"ADAETH":0.1160585132880732,"ADXETH":0.00886255371711094,"AIONETH":0,"BATETH":0,"BLZETH":0,"BNBETH":0.0933613731825266,"BNTETH":0.050027932497562044,"BQXETH":0.059648255407100906,"BRDETH":0,"CDTETH":0,"CVCETH":0,"DASHETH":0,"DATAETH":0,"DENTETH":0.0008229432023032216,"ELFETH":0,"ENJETH":0.0017546932324033313,"EOSETH":0,"ETCETH":0.07824132935514991,"FUNETH":0.006262505313994542,"GXSETH":0,"HOTETH":0,"ICXETH":0,"IOSTETH":0,"IOTAETH":0,"IOTXETH":0,"KEYETH":0.0029115123863008405,"KMDETH":0,"KNCETH":0,"LINKETH":0.03685907938334123,"LOOMETH":0,"LRCETH":0.04369572899255031,"LSKETH":0,"LTCETH":0.09584398560440925,"MANAETH":0,"MFTETH":0.0012689655945979073,"MTLETH":0.024550884873015058,"NANOETH":0.011317014758204787,"NASETH":0,"NAVETH":0.07381281465210981,"NCASHETH":0.0373145673614881,"NEBLETH":0,"NEOETH":0,"OMGETH":0,"ONTETH":0,"OSTETH":0,"PIVXETH":0,"POWRETH":0,"QKCETH":0,"QLCETH":0,"QSPETH":0,"QTUMETH":0,"REPETH":0,"RLCETH":0,"SCETH":0,"SNTETH":0,"STEEMETH":0,"STMXETH":0.048301506367484745,"THETAETH":0.10282542421954868,"TRXETH":0.004656320937451948,"VETETH":0.027112652515632808,"VIBETH":0,"WANETH":0,"WAVESETH":0.06554376778659952,"XEMETH":0,"XLMETH":0,"XMRETH":0,"XRPETH":0,"XVGETH":0,"ZECETH":0,"ZENETH":0.008945675371040433,"ZILETH":0,"ZRXETH":0},"numerosità_campione":363,"expected_return":0.0022995413665349057,"standard_deviation":0.029367671924579525,"sharpe_ratio":0.07830179295248409}