{"weights":{"ADAETH":0.1139433747951336,"ADXETH":0.009264102494169325,"AIONETH":0,"BATETH":0,"BLZETH":0,"BNBETH":0.09118640539319092,"BNTETH":0.05092321508109115,"BQXETH":0.058202960293086095,"BRDETH":0,"CDTETH":0,"CVCETH":0,"DASHETH":0,"DATAETH":0,"DENTETH":0.00008356176779641275,"ELFETH":0,"ENJETH":0.001912685554708105,"EOSETH":0,"ETCETH":0.07627886940446074,"FUNETH":0.006294408120504422,"GXSETH":0,"HOTETH":0,"ICXETH":0,"IOSTETH":0,"IOTAETH":0,"IOTXETH":0,"KEYETH":0.0025802423853169827,"KMDETH":0,"KNCETH":0,"LINKETH":0.038495841677365104,"LOOMETH":0,"LRCETH":0.0445866480971309,"LSKETH":0,"LTCETH":0.10196169635996616,"MANAETH":0,"MFTETH":0.0006277421143788659,"MTLETH":0.024361556059824825,"NANOETH":0.01119908795297515,"NASETH":0,"NAVETH":0.07743093875381918,"NCASHETH":0.03679793189289749,"NEBLETH":0,"NEOETH":0,"OMGETH":0,"ONTETH":0,"OSTETH":0,"PIVXETH":0,"POWRETH":0,"QKCETH":0,"QLCETH":0,"QSPETH":0,"QTUMETH":0,"REPETH":0,"RLCETH":0,"SCETH":0,"SNTETH":0,"STEEMETH":0,"STMXETH":0.04756285948884494,"THETAETH":0.09974815701753943,"TRXETH":0.0070616986114802275,"VETETH":0.026335336593088527,"VIBETH":0,"WANETH":0,"WAVESETH":0.06496138060008448,"XEMETH":0,"XLMETH":0,"XMRETH":0,"XRPETH":0,"XVGETH":0,"ZECETH":0,"ZENETH":0.0081992994911469,"ZILETH":0,"ZRXETH":0},"numerosità_campione":363,"expected_return":0.0021952224596906754,"standard_deviation":0.02916355018872759,"sharpe_ratio":0.07527281299720436}