{"weights":{"ADAETH":0.1428050391521976,"ADXETH":0.0020990912062883987,"AIONETH":0,"BATETH":0,"BLZETH":0,"BNBETH":0.11918812714923095,"BNTETH":0.036678561610894375,"BQXETH":0.07854171214081504,"BRDETH":0,"CDTETH":0,"CVCETH":0,"DASHETH":0,"DATAETH":0,"DENTETH":0.007646586404794523,"ELFETH":0,"ENJETH":0,"EOSETH":0,"ETCETH":0.09829973010321671,"FUNETH":0.005537449211877623,"GXSETH":0,"HOTETH":0,"ICXETH":0,"IOSTETH":0,"IOTAETH":0,"IOTXETH":0,"KEYETH":0.0070319025228209875,"KMDETH":0,"KNCETH":0,"LINKETH":0.01342815258521278,"LOOMETH":0,"LRCETH":0.029663607160368703,"LSKETH":0,"LTCETH":0.00852406967377721,"MANAETH":0.007952705398258547,"MFTETH":0.009231035334831146,"MTLETH":0.027538558174402296,"NANOETH":0.011104679601945156,"NASETH":0,"NAVETH":0.0220499243859482,"NCASHETH":0.04371852379012084,"NEBLETH":0,"NEOETH":0,"OMGETH":0,"ONTETH":0,"OSTETH":0,"PIVXETH":0,"POWRETH":0,"QKCETH":0,"QLCETH":0,"QSPETH":0,"QTUMETH":0,"REPETH":0,"RLCETH":0.0004273294871337857,"SCETH":0,"SNTETH":0,"STEEMETH":0,"STMXETH":0.05618706176727219,"THETAETH":0.14325605850311557,"TRXETH":0,"VETETH":0.03768217952871774,"VIBETH":0,"WANETH":0,"WAVESETH":0.07290315072668217,"XEMETH":0,"XLMETH":0,"XMRETH":0,"XRPETH":0,"XVGETH":0,"ZECETH":0,"ZENETH":0.01850476438007766,"ZILETH":0,"ZRXETH":0},"numerosità_campione":363,"expected_return":0.003655687155509895,"standard_deviation":0.032515578080737136,"sharpe_ratio":0.11242879171431971}