{"weights":{"ADAETH":0.09164175071435704,"ADXETH":0.013297900018555799,"AIONETH":0,"BATETH":0,"BLZETH":0,"BNBETH":0.06646967574913087,"BNTETH":0.05980971806129527,"BQXETH":0.04121889506918874,"BRDETH":0,"CDTETH":0,"CVCETH":0,"DASHETH":0,"DATAETH":0,"DENTETH":0,"ELFETH":0,"ENJETH":0.001091530966843908,"EOSETH":0,"ETCETH":0.05441241971929052,"FUNETH":0.006249364880840078,"GXSETH":0,"HOTETH":0,"ICXETH":0,"IOSTETH":0,"IOTAETH":0,"IOTXETH":0,"KEYETH":0,"KMDETH":0,"KNCETH":0,"LINKETH":0.05658340834239105,"LOOMETH":0,"LRCETH":0.05455371969820727,"LSKETH":0,"LTCETH":0.17281899337260703,"MANAETH":0,"MFTETH":0,"MTLETH":0.020271644023705508,"NANOETH":0.008265083708738736,"NASETH":0,"NAVETH":0.1190356104039782,"NCASHETH":0.029407835544110115,"NEBLETH":0,"NEOETH":0,"OMGETH":0,"ONTETH":0,"OSTETH":0.002445938069459727,"PIVXETH":0,"POWRETH":0,"QKCETH":0,"QLCETH":0,"QSPETH":0,"QTUMETH":0,"REPETH":0,"RLCETH":0,"SCETH":0,"SNTETH":0,"STEEMETH":0,"STMXETH":0.03515423335075006,"THETAETH":0.06460368106248633,"TRXETH":0.030569865860457186,"VETETH":0.015315982047090858,"VIBETH":0,"WANETH":0,"WAVESETH":0.056782749336515816,"XEMETH":0,"XLMETH":0,"XMRETH":0,"XRPETH":0,"XVGETH":0,"ZECETH":0,"ZENETH":0,"ZILETH":0,"ZRXETH":0},"numerosità_campione":363,"expected_return":0.001047714484404146,"standard_deviation":0.027342631348066176,"sharpe_ratio":0.03831798304511926}