{"weights":{"ADAETH":0.16863223595323457,"ADXETH":0.01071860874067809,"AIONETH":0,"BATETH":0,"BLZETH":0,"BNBETH":0.09776346732636378,"BNTETH":0.07601126172965811,"BQXETH":0.06496841732674456,"BRDETH":0,"CDTETH":0,"CVCETH":0,"DASHETH":0,"DATAETH":0.013922410890069202,"DENTETH":0.012867905889854285,"ELFETH":0,"ENJETH":0,"EOSETH":0,"ETCETH":0.10276526794308641,"FUNETH":0,"GXSETH":0,"HOTETH":0,"ICXETH":0,"IOSTETH":0,"IOTAETH":0,"IOTXETH":0,"KEYETH":0,"KMDETH":0,"KNCETH":0,"LINKETH":0.12343300808335253,"LOOMETH":0,"LRCETH":0.03618523611549124,"LSKETH":0,"LTCETH":0,"MANAETH":0.0019104154757323306,"MFTETH":0,"MTLETH":0.026026452379063352,"NANOETH":0.002403791391277065,"NASETH":0,"NAVETH":0.03573067663920097,"NCASHETH":0.029805866962813628,"NEBLETH":0,"NEOETH":0,"OMGETH":0,"ONTETH":0,"OSTETH":0,"PIVXETH":0,"POWRETH":0,"QKCETH":0,"QLCETH":0,"QSPETH":0,"QTUMETH":0,"REPETH":0,"RLCETH":0,"SCETH":0,"SNTETH":0,"STEEMETH":0,"THETAETH":0.13449994133529675,"TRXETH":0,"VETETH":0.037599664702943014,"VIBETH":0,"WANETH":0,"WAVESETH":0.005926523120786908,"XEMETH":0,"XLMETH":0,"XMRETH":0,"XRPETH":0,"XVGETH":0,"ZECETH":0,"ZENETH":0.018828847994353262,"ZILETH":0,"ZRXETH":0},"numerosità_campione":757,"expected_return":0.001990862836440626,"standard_deviation":0.026926976028910414,"sharpe_ratio":0.07393562627690226}