{"weights":{"ADAETH":0.07555318584945017,"ADXETH":0.015642869786592455,"AIONETH":0,"BATETH":0,"BLZETH":0,"BNBETH":0.04577133864087414,"BNTETH":0.06536627807225984,"BQXETH":0.026516845455323977,"BRDETH":0,"CDTETH":0.003062017526450426,"CVCETH":0,"DASHETH":0,"DATAETH":0,"DENTETH":0,"ELFETH":0,"ENJETH":0,"EOSETH":0,"ETCETH":0.03385300296304602,"FUNETH":0.0054613914383987786,"GXSETH":0,"HOTETH":0,"ICXETH":0,"IOSTETH":0,"IOTAETH":0,"IOTXETH":0,"KEYETH":0,"KMDETH":0,"KNCETH":0,"LINKETH":0.06943806444032935,"LOOMETH":0,"LRCETH":0.062327021448984464,"LSKETH":0,"LTCETH":0.2290374834485667,"MANAETH":0,"MFTETH":0,"MTLETH":0.016069184816922412,"NANOETH":0.005363876258645795,"NASETH":0,"NAVETH":0.15165125715786673,"NCASHETH":0.022605422705194035,"NEBLETH":0,"NEOETH":0,"OMGETH":0,"ONTETH":0,"OSTETH":0.0040930795935154385,"PIVXETH":0,"POWRETH":0.0007267260360766799,"QKCETH":0,"QLCETH":0,"QSPETH":0,"QTUMETH":0,"REPETH":0,"RLCETH":0,"SCETH":0,"SNTETH":0,"STEEMETH":0,"STMXETH":0.02197180559253863,"THETAETH":0.035140593827915755,"TRXETH":0.04691934373964629,"VETETH":0.0033126807000026645,"VIBETH":0.0108816864679776,"WANETH":0,"WAVESETH":0.04923484403342161,"XEMETH":0,"XLMETH":0,"XMRETH":0,"XRPETH":0,"XVGETH":0,"ZECETH":0,"ZENETH":0,"ZILETH":0,"ZRXETH":0},"numerosità_campione":363,"expected_return":0.00010884432280607644,"standard_deviation":0.02650697171336055,"sharpe_ratio":0.004106252648665055}