{"weights":{"ADAETH":0.13669715560472648,"ADXETH":0.003740996260945752,"AIONETH":0,"BATETH":0,"BLZETH":0,"BNBETH":0.11325780620752475,"BNTETH":0.03986907819867677,"BQXETH":0.07416944808140054,"BRDETH":0,"CDTETH":0,"CVCETH":0,"DASHETH":0,"DATAETH":0,"DENTETH":0.006211983576569283,"ELFETH":0,"ENJETH":0,"EOSETH":0,"ETCETH":0.093829031279684,"FUNETH":0.005688158653240804,"GXSETH":0,"HOTETH":0,"ICXETH":0,"IOSTETH":0,"IOTAETH":0,"IOTXETH":0,"KEYETH":0.006081759243858087,"KMDETH":0,"KNCETH":0,"LINKETH":0.019039245086799193,"LOOMETH":0,"LRCETH":0.03302255987073672,"LSKETH":0,"LTCETH":0.029039295515481726,"MANAETH":0.006221536225094078,"MFTETH":0.0074210141925059505,"MTLETH":0.02683181011654733,"NANOETH":0.011155719552039315,"NASETH":0,"NAVETH":0.034205487457236866,"NCASHETH":0.042230412317867505,"NEBLETH":0,"NEOETH":0,"OMGETH":0,"ONTETH":0,"OSTETH":0,"PIVXETH":0,"POWRETH":0,"QKCETH":0,"QLCETH":0,"QSPETH":0,"QTUMETH":0,"REPETH":0,"RLCETH":0,"SCETH":0,"SNTETH":0,"STEEMETH":0,"STMXETH":0.054389550446654195,"THETAETH":0.13393243701762417,"TRXETH":0,"VETETH":0.03531824394247535,"VIBETH":0,"WANETH":0,"WAVESETH":0.07129640461465991,"XEMETH":0,"XLMETH":0,"XMRETH":0,"XRPETH":0,"XVGETH":0,"ZECETH":0,"ZENETH":0.016350866537651505,"ZILETH":0,"ZRXETH":0},"numerosità_campione":363,"expected_return":0.0033427304349772048,"standard_deviation":0.031712361049081976,"sharpe_ratio":0.10540780706310644}