{"weights":{"ADAETH":0.17047581616156898,"ADXETH":0.008559025511128016,"AIONETH":0,"BATETH":0,"BLZETH":0,"BNBETH":0.09799637050243543,"BNTETH":0.0735486483082035,"BQXETH":0.0686420602192985,"BRDETH":0,"CDTETH":0,"CVCETH":0,"DASHETH":0,"DATAETH":0.015003027820690927,"DENTETH":0.012939220089665117,"ELFETH":0,"ENJETH":0,"EOSETH":0,"ETCETH":0.10033126379784431,"FUNETH":0,"GXSETH":0,"HOTETH":0,"ICXETH":0,"IOSTETH":0,"IOTAETH":0,"IOTXETH":0,"KEYETH":0,"KMDETH":0,"KNCETH":0,"LINKETH":0.12747644867413338,"LOOMETH":0,"LRCETH":0.03456244452265334,"LSKETH":0,"LTCETH":0,"MANAETH":0.002867778742684705,"MFTETH":0,"MTLETH":0.027081806310315842,"NANOETH":0.0009907118711508728,"NASETH":0,"NAVETH":0.02567971568580487,"NCASHETH":0.029404834008309927,"NEBLETH":0,"NEOETH":0,"OMGETH":0,"ONTETH":0,"OSTETH":0,"PIVXETH":0,"POWRETH":0,"QKCETH":0,"QLCETH":0,"QSPETH":0,"QTUMETH":0,"REPETH":0,"RLCETH":0,"SCETH":0,"SNTETH":0,"STEEMETH":0,"THETAETH":0.14315318569143387,"TRXETH":0,"VETETH":0.03840789591327716,"VIBETH":0,"WANETH":0,"WAVESETH":0.0029580665327459746,"XEMETH":0,"XLMETH":0,"XMRETH":0,"XRPETH":0,"XVGETH":0,"ZECETH":0,"ZENETH":0.01992167963665526,"ZILETH":0,"ZRXETH":0},"numerosità_campione":757,"expected_return":0.002094501484606271,"standard_deviation":0.027348538594768147,"sharpe_ratio":0.07658549934390113}