{"weights":{"ADAETH":0.1599765174773363,"ADXETH":0.015315812939211033,"AIONETH":0,"BATETH":0,"BLZETH":0,"BNBETH":0.0936101537560265,"BNTETH":0.08181953020648627,"BQXETH":0.05461066319043972,"BRDETH":0,"CDTETH":0.0017324489138089646,"CVCETH":0,"DASHETH":0,"DATAETH":0.01075747661821816,"DENTETH":0.012049021118130273,"ELFETH":0,"ENJETH":0,"EOSETH":0,"ETCETH":0.10193131327090477,"FUNETH":0.002251490993680539,"GXSETH":0,"HOTETH":0,"ICXETH":0,"IOSTETH":0,"IOTAETH":0,"IOTXETH":0,"KEYETH":0,"KMDETH":0,"KNCETH":0,"LINKETH":0.11075986255030948,"LOOMETH":0,"LRCETH":0.03965302378813835,"LSKETH":0,"LTCETH":0.025946450009191487,"MANAETH":0,"MFTETH":0,"MTLETH":0.022894615901217313,"NANOETH":0.005462238571114559,"NASETH":0,"NAVETH":0.060121508232330666,"NCASHETH":0.030271682898828492,"NEBLETH":0,"NEOETH":0,"OMGETH":0,"ONTETH":0,"OSTETH":0,"PIVXETH":0,"POWRETH":0,"QKCETH":0,"QLCETH":0,"QSPETH":0,"QTUMETH":0,"REPETH":0,"RLCETH":0,"SCETH":0,"SNTETH":0,"STEEMETH":0,"THETAETH":0.10911040849175857,"TRXETH":0,"VETETH":0.03370702513963711,"VIBETH":0,"WANETH":0,"WAVESETH":0.012658093084853682,"XEMETH":0,"XLMETH":0,"XMRETH":0,"XRPETH":0,"XVGETH":0,"ZECETH":0,"ZENETH":0.015360662848377817,"ZILETH":0,"ZRXETH":0},"numerosità_campione":757,"expected_return":0.0016281275678608701,"standard_deviation":0.025640602300248134,"sharpe_ratio":0.06349802351737713}