{"weights":{"ADAETH":0.08619749920495519,"ADXETH":0.013468076892585265,"AIONETH":0,"BATETH":0,"BLZETH":0,"BNBETH":0.0354583583772522,"BNTETH":0.0908033888988648,"BQXETH":0.011760077761752313,"BRDETH":0,"CDTETH":0.020641126522540208,"CVCETH":0,"DASHETH":0,"DATAETH":0,"DENTETH":0,"ELFETH":0.0066584203704934085,"ENJETH":0,"EOSETH":0,"ETCETH":0.02354788395096204,"FUNETH":0.013769302286331386,"GXSETH":0,"HOTETH":0.0007664097550411967,"ICXETH":0,"IOSTETH":0,"IOTAETH":0,"IOTXETH":0,"KEYETH":0,"KMDETH":0,"KNCETH":0,"LINKETH":0.04964164053132981,"LOOMETH":0,"LRCETH":0.04053345913772996,"LSKETH":0,"LTCETH":0.27681909796647697,"MANAETH":0,"MFTETH":0,"MTLETH":0.006252642994618104,"NANOETH":0.006030269710046243,"NASETH":0,"NAVETH":0.12607670442988125,"NCASHETH":0.023088492954859173,"NEBLETH":0,"NEOETH":0.0020270434782049362,"OMGETH":0,"ONTETH":0,"OSTETH":0,"PIVXETH":0,"POWRETH":0.009932544511141153,"QKCETH":0,"QLCETH":0,"QSPETH":0,"QTUMETH":0,"REPETH":0,"RLCETH":0,"SCETH":0,"SNTETH":0,"STEEMETH":0,"THETAETH":0,"TRXETH":0.07212237227937944,"VETETH":0.004455885072288218,"VIBETH":0.010801982828513303,"WANETH":0,"WAVESETH":0.02201367696214276,"XEMETH":0,"XLMETH":0,"XMRETH":0.03982997497496411,"XRPETH":0,"XVGETH":0,"ZECETH":0.007303668147646557,"ZENETH":0,"ZILETH":0,"ZRXETH":0},"numerosità_campione":757,"expected_return":-0.0004964647195348436,"standard_deviation":0.021965056267435976,"sharpe_ratio":-0.022602478841398245}