{"weights":{"ADAETH":0.12846912149431478,"ADXETH":0.0058753092779149614,"AIONETH":0,"BATETH":0,"BLZETH":0,"BNBETH":0.10535156009514665,"BNTETH":0.04409291099803979,"BQXETH":0.06831986049941376,"BRDETH":0,"CDTETH":0,"CVCETH":0,"DASHETH":0,"DATAETH":0,"DENTETH":0.004295510490020912,"ELFETH":0,"ENJETH":0,"EOSETH":0,"ETCETH":0.08784781479743757,"FUNETH":0.005901443187435683,"GXSETH":0,"HOTETH":0,"ICXETH":0,"IOSTETH":0,"IOTAETH":0,"IOTXETH":0,"KEYETH":0.004817055248744966,"KMDETH":0,"KNCETH":0,"LINKETH":0.02628649811808505,"LOOMETH":0,"LRCETH":0.037523369631273035,"LSKETH":0,"LTCETH":0.05637048013683604,"MANAETH":0.0038837337024572437,"MFTETH":0.0049876033062905105,"MTLETH":0.02588436521140304,"NANOETH":0.011230578633083008,"NASETH":0,"NAVETH":0.05054639221056755,"NCASHETH":0.04025688427001321,"NEBLETH":0,"NEOETH":0,"OMGETH":0,"ONTETH":0,"OSTETH":0,"PIVXETH":0,"POWRETH":0,"QKCETH":0,"QLCETH":0,"QSPETH":0,"QTUMETH":0,"REPETH":0,"RLCETH":0,"SCETH":0,"SNTETH":0,"STEEMETH":0,"STMXETH":0.052015066556150694,"THETAETH":0.12148169110778866,"TRXETH":0,"VETETH":0.03207845704432939,"VIBETH":0,"WANETH":0,"WAVESETH":0.06904227996394324,"XEMETH":0,"XLMETH":0,"XMRETH":0,"XRPETH":0,"XVGETH":0,"ZECETH":0,"ZENETH":0.013442014019310302,"ZILETH":0,"ZRXETH":0},"numerosità_campione":363,"expected_return":0.0029254548076002845,"standard_deviation":0.030709846750117443,"sharpe_ratio":0.0952611333884008}