{"weights":{"ADAETH":0.15159979740173402,"ADXETH":0,"AIONETH":0,"BATETH":0,"BLZETH":0,"BNBETH":0.12606388985644276,"BNTETH":0.031491512510544675,"BQXETH":0.08571272410880182,"BRDETH":0,"CDTETH":0,"CVCETH":0,"DASHETH":0,"DATAETH":0,"DENTETH":0.00998502323461254,"ELFETH":0,"ENJETH":0,"EOSETH":0,"ETCETH":0.09847086655426326,"FUNETH":0.004553695475731972,"GXSETH":0,"HOTETH":0,"ICXETH":0,"IOSTETH":0,"IOTAETH":0,"IOTXETH":0,"KEYETH":0.009063843227878876,"KMDETH":0,"KNCETH":0,"LINKETH":0.0005442308519096341,"LOOMETH":0,"LRCETH":0.02401502580561271,"LSKETH":0,"LTCETH":0,"MANAETH":0.010132744878038401,"MFTETH":0.012193936570866072,"MTLETH":0.028188882001654203,"NANOETH":0.01063493618541322,"NASETH":0,"NAVETH":0,"NCASHETH":0.04589649425987506,"NEBLETH":0,"NEOETH":0,"OMGETH":0,"ONTETH":0,"OSTETH":0,"PIVXETH":0,"POWRETH":0,"QKCETH":0,"QLCETH":0,"QSPETH":0,"QTUMETH":0,"REPETH":0,"RLCETH":0.00241728702363563,"SCETH":0,"SNTETH":0,"STEEMETH":0,"STMXETH":0.05758644455491874,"THETAETH":0.15623587822108675,"TRXETH":0,"VETETH":0.03972422284760038,"VIBETH":0,"WANETH":0,"WAVESETH":0.07342413694368807,"XEMETH":0,"XLMETH":0,"XMRETH":0,"XRPETH":0,"XVGETH":0,"ZECETH":0,"ZENETH":0.022064427485691235,"ZILETH":0,"ZRXETH":0},"numerosità_campione":363,"expected_return":0.0040729627828868156,"standard_deviation":0.033656691794225986,"sharpe_ratio":0.1210149472737412}