{"weights":{"ADAETH":0.10985668971663695,"ADXETH":0.010084546846685902,"AIONETH":0,"BATETH":0,"BLZETH":0,"BNBETH":0.08675630667152426,"BNTETH":0.052646475721159484,"BQXETH":0.05522986399930173,"BRDETH":0,"CDTETH":0,"CVCETH":0,"DASHETH":0,"DATAETH":0,"DENTETH":0,"ELFETH":0,"ENJETH":0.0018718888241305047,"EOSETH":0,"ETCETH":0.07234279313226016,"FUNETH":0.006381684680635119,"GXSETH":0,"HOTETH":0,"ICXETH":0,"IOSTETH":0,"IOTAETH":0,"IOTXETH":0,"KEYETH":0.0015227536723234501,"KMDETH":0,"KNCETH":0,"LINKETH":0.04193098680539065,"LOOMETH":0,"LRCETH":0.046424431471638675,"LSKETH":0,"LTCETH":0.1145619965908364,"MANAETH":0,"MFTETH":0,"MTLETH":0.02374921242507448,"NANOETH":0.010791936853405668,"NASETH":0,"NAVETH":0.08495300634447084,"NCASHETH":0.035595256607153604,"NEBLETH":0,"NEOETH":0,"OMGETH":0,"ONTETH":0,"OSTETH":0,"PIVXETH":0,"POWRETH":0,"QKCETH":0,"QLCETH":0,"QSPETH":0,"QTUMETH":0,"REPETH":0,"RLCETH":0,"SCETH":0,"SNTETH":0,"STEEMETH":0,"STMXETH":0.045697848767003446,"THETAETH":0.09344107661797132,"TRXETH":0.011470189944926342,"VETETH":0.024481561794127686,"VIBETH":0,"WANETH":0,"WAVESETH":0.06358748392851304,"XEMETH":0,"XLMETH":0,"XMRETH":0,"XRPETH":0,"XVGETH":0,"ZECETH":0,"ZENETH":0.006622008584830476,"ZILETH":0,"ZRXETH":0},"numerosità_campione":363,"expected_return":0.0019865846460022157,"standard_deviation":0.02877313735840013,"sharpe_ratio":0.06904303209125873}