{"weights":{"ADAETH":0.1574554597663682,"ADXETH":0,"AIONETH":0,"BATETH":0,"BLZETH":0,"BNBETH":0.13145395803537133,"BNTETH":0.010188173895389426,"BQXETH":0.10125285253273894,"BRDETH":0,"CDTETH":0,"CVCETH":0,"DASHETH":0,"DATAETH":0,"DENTETH":0.017263182397254478,"ELFETH":0,"ENJETH":0,"EOSETH":0,"ETCETH":0.08348939613334708,"FUNETH":0,"GXSETH":0,"HOTETH":0,"ICXETH":0,"IOSTETH":0,"IOTAETH":0,"IOTXETH":0,"KEYETH":0.013006003175821665,"KMDETH":0,"KNCETH":0,"LINKETH":0,"LOOMETH":0,"LRCETH":0.0037237318016773535,"LSKETH":0,"LTCETH":0,"MANAETH":0.01333836953263953,"MFTETH":0.016343077513385134,"MTLETH":0.028204197844353525,"NANOETH":0.005495615331480429,"NASETH":0,"NAVETH":0,"NCASHETH":0.04938857594362504,"NEBLETH":0,"NEOETH":0,"OMGETH":0,"ONTETH":0,"OSTETH":0,"PIVXETH":0,"POWRETH":0,"QKCETH":0,"QLCETH":0,"QSPETH":0,"QTUMETH":0,"REPETH":0,"RLCETH":0.0054021429150132635,"SCETH":0,"SNTETH":0,"STEEMETH":0,"STMXETH":0.05476873308079615,"THETAETH":0.17969223854415908,"TRXETH":0,"VETETH":0.03744351482693792,"VIBETH":0,"WANETH":0,"WAVESETH":0.06607289837087926,"XEMETH":0,"XLMETH":0,"XMRETH":0,"XRPETH":0,"XVGETH":0,"ZECETH":0,"ZENETH":0.026017878358761983,"ZILETH":0,"ZRXETH":0},"numerosità_campione":363,"expected_return":0.004490238410263734,"standard_deviation":0.03499630295441059,"sharpe_ratio":0.12830607896248733}