{"weights":{"ADAETH":0.11869262304843728,"ADXETH":0.01755434413636004,"AIONETH":0,"BATETH":0,"BLZETH":0,"BNBETH":0.0641085336136994,"BNTETH":0.0891588439798852,"BQXETH":0.03083778185384981,"BRDETH":0,"CDTETH":0.014520782957504186,"CVCETH":0,"DASHETH":0,"DATAETH":0.0035954602126264034,"DENTETH":0.002579870685875418,"ELFETH":0,"ENJETH":0,"EOSETH":0,"ETCETH":0.06067859269051665,"FUNETH":0.009311903157260807,"GXSETH":0,"HOTETH":0,"ICXETH":0,"IOSTETH":0,"IOTAETH":0,"IOTXETH":0,"KEYETH":0,"KMDETH":0,"KNCETH":0,"LINKETH":0.0763650469156611,"LOOMETH":0,"LRCETH":0.041475461799181976,"LSKETH":0,"LTCETH":0.1764461659238508,"MANAETH":0,"MFTETH":0,"MTLETH":0.015203046453001802,"NANOETH":0.007758100658074306,"NASETH":0,"NAVETH":0.0990133043428621,"NCASHETH":0.027452279672603903,"NEBLETH":0,"NEOETH":0,"OMGETH":0,"ONTETH":0,"OSTETH":0,"PIVXETH":0,"POWRETH":0,"QKCETH":0,"QLCETH":0,"QSPETH":0,"QTUMETH":0,"REPETH":0,"RLCETH":0,"SCETH":0,"SNTETH":0,"STEEMETH":0,"THETAETH":0.04536256995436172,"TRXETH":0.04529679260188755,"VETETH":0.019300675689782897,"VIBETH":0,"WANETH":0,"WAVESETH":0.020434018683848462,"XEMETH":0,"XLMETH":0,"XMRETH":0.011379954933405231,"XRPETH":0,"XVGETH":0,"ZECETH":0,"ZENETH":0.003473846035463103,"ZILETH":0,"ZRXETH":0},"numerosità_campione":757,"expected_return":0.00043628311395595766,"standard_deviation":0.022712205189533874,"sharpe_ratio":0.019209192164088208}