{"weights":{"ADAETH":0.09899507560377695,"ADXETH":0.016622179133992648,"AIONETH":0,"BATETH":0,"BLZETH":0,"BNBETH":0.047497080593139264,"BNTETH":0.09120455268706024,"BQXETH":0.019515287485579142,"BRDETH":0,"CDTETH":0.019476353824381537,"CVCETH":0,"DASHETH":0,"DATAETH":0.00004310671652155617,"DENTETH":0,"ELFETH":0.002898302482453293,"ENJETH":0,"EOSETH":0,"ETCETH":0.03944175061510564,"FUNETH":0.012691649691837075,"GXSETH":0,"HOTETH":0.0012369137603820506,"ICXETH":0,"IOSTETH":0,"IOTAETH":0,"IOTXETH":0,"KEYETH":0,"KMDETH":0,"KNCETH":0,"LINKETH":0.06060509845024186,"LOOMETH":0,"LRCETH":0.041540066678541834,"LSKETH":0,"LTCETH":0.23994698537746925,"MANAETH":0,"MFTETH":0,"MTLETH":0.010734414960911084,"NANOETH":0.0076239240538755375,"NASETH":0,"NAVETH":0.11554602436835833,"NCASHETH":0.02530250696723082,"NEBLETH":0,"NEOETH":0,"OMGETH":0,"ONTETH":0,"OSTETH":0,"PIVXETH":0,"POWRETH":0.002945116093433382,"QKCETH":0,"QLCETH":0,"QSPETH":0,"QTUMETH":0,"REPETH":0,"RLCETH":0,"SCETH":0,"SNTETH":0,"STEEMETH":0,"THETAETH":0.014613529576442196,"TRXETH":0.06321396349855184,"VETETH":0.011846282781454099,"VIBETH":0.0024367504955557506,"WANETH":0,"WAVESETH":0.022325377217458295,"XEMETH":0,"XLMETH":0,"XMRETH":0.03169770688624645,"XRPETH":0,"XVGETH":0,"ZECETH":0,"ZENETH":0,"ZILETH":0,"ZRXETH":0},"numerosità_campione":757,"expected_return":-0.0001337294509550876,"standard_deviation":0.022085372952454926,"sharpe_ratio":-0.006055113999794273}