{"weights":{"ADAETH":0.09403163722274488,"ADXETH":0.015517869813939014,"AIONETH":0,"BATETH":0,"BLZETH":0,"BNBETH":0.04291042644270972,"BNTETH":0.09124957175937896,"BQXETH":0.016282433977175957,"BRDETH":0,"CDTETH":0.020089554289964753,"CVCETH":0,"DASHETH":0,"DATAETH":0,"DENTETH":0,"ELFETH":0.004483841499109702,"ENJETH":0,"EOSETH":0,"ETCETH":0.033656256137936914,"FUNETH":0.013149768034751078,"GXSETH":0,"HOTETH":0.0012294585618182435,"ICXETH":0,"IOSTETH":0,"IOTAETH":0,"IOTXETH":0,"KEYETH":0,"KMDETH":0,"KNCETH":0,"LINKETH":0.05628964396347495,"LOOMETH":0,"LRCETH":0.04110595200710782,"LSKETH":0,"LTCETH":0.25569154855880527,"MANAETH":0,"MFTETH":0,"MTLETH":0.009000936331107824,"NANOETH":0.007144856305107417,"NASETH":0,"NAVETH":0.11982543097568887,"NCASHETH":0.02449968625787516,"NEBLETH":0,"NEOETH":0,"OMGETH":0,"ONTETH":0,"OSTETH":0,"PIVXETH":0,"POWRETH":0.005894776605921725,"QKCETH":0,"QLCETH":0,"QSPETH":0,"QTUMETH":0,"REPETH":0,"RLCETH":0,"SCETH":0,"SNTETH":0,"STEEMETH":0,"THETAETH":0.0061904183215276895,"TRXETH":0.06694835901404539,"VETETH":0.0093130393204074,"VIBETH":0.006096359351057022,"WANETH":0,"WAVESETH":0.02237350132585367,"XEMETH":0,"XLMETH":0,"XMRETH":0.0363350895760361,"XRPETH":0,"XVGETH":0,"ZECETH":0.0006895843464545117,"ZENETH":0,"ZILETH":0,"ZRXETH":0},"numerosità_campione":757,"expected_return":-0.0002891874232035544,"standard_deviation":0.02200702242196241,"sharpe_ratio":-0.013140688352048626}