{"weights":{"ADAETH":0.12242396160222518,"ADXETH":0.017441450011696596,"AIONETH":0,"BATETH":0,"BLZETH":0,"BNBETH":0.06708036209974926,"BNTETH":0.08863474375714084,"BQXETH":0.03286929495510838,"BRDETH":0,"CDTETH":0.013487169402384886,"CVCETH":0,"DASHETH":0,"DATAETH":0.004190523663466699,"DENTETH":0.0034573348597327644,"ELFETH":0,"ENJETH":0,"EOSETH":0,"ETCETH":0.06444213280763021,"FUNETH":0.008609008885430688,"GXSETH":0,"HOTETH":0,"ICXETH":0,"IOSTETH":0,"IOTAETH":0,"IOTXETH":0,"KEYETH":0,"KMDETH":0,"KNCETH":0,"LINKETH":0.07923668124270798,"LOOMETH":0,"LRCETH":0.04128766897779747,"LSKETH":0,"LTCETH":0.1645939865528123,"MANAETH":0,"MFTETH":0,"MTLETH":0.015834234584785813,"NANOETH":0.0076542070486574285,"NASETH":0,"NAVETH":0.0959549409463735,"NCASHETH":0.02773205867720846,"NEBLETH":0,"NEOETH":0,"OMGETH":0,"ONTETH":0,"OSTETH":0,"PIVXETH":0,"POWRETH":0,"QKCETH":0,"QLCETH":0,"QSPETH":0,"QTUMETH":0,"REPETH":0,"RLCETH":0,"SCETH":0,"SNTETH":0,"STEEMETH":0,"THETAETH":0.05096261604030582,"TRXETH":0.041624792353862794,"VETETH":0.020450963455778792,"VIBETH":0,"WANETH":0,"WAVESETH":0.019939261873749017,"XEMETH":0,"XLMETH":0,"XMRETH":0.007357627188530427,"XRPETH":0,"XVGETH":0,"ZECETH":0,"ZENETH":0.004734979012864862,"ZILETH":0,"ZRXETH":0},"numerosità_campione":757,"expected_return":0.0005399217621216021,"standard_deviation":0.022883416976290444,"sharpe_ratio":0.023594455438233554}