{"weights":{"ADAETH":0.08432588817217831,"ADXETH":0.014504171644111004,"AIONETH":0,"BATETH":0,"BLZETH":0,"BNBETH":0.05726114105019813,"BNTETH":0.06242236043832952,"BQXETH":0.03469861982574411,"BRDETH":0,"CDTETH":0,"CVCETH":0,"DASHETH":0,"DATAETH":0,"DENTETH":0,"ELFETH":0,"ENJETH":0.0004681647711435503,"EOSETH":0,"ETCETH":0.0453084698086422,"FUNETH":0.006071373852848161,"GXSETH":0,"HOTETH":0,"ICXETH":0,"IOSTETH":0,"IOTAETH":0,"IOTXETH":0,"KEYETH":0,"KMDETH":0,"KNCETH":0,"LINKETH":0.062467356116636695,"LOOMETH":0,"LRCETH":0.05809512715416315,"LSKETH":0,"LTCETH":0.19820918681464772,"MANAETH":0,"MFTETH":0,"MTLETH":0.01844597340962689,"NANOETH":0.0069473252489926085,"NASETH":0,"NAVETH":0.1336989697642322,"NCASHETH":0.026407504074688438,"NEBLETH":0,"NEOETH":0,"OMGETH":0,"ONTETH":0,"OSTETH":0.003395363793604909,"PIVXETH":0,"POWRETH":0,"QKCETH":0,"QLCETH":0,"QSPETH":0,"QTUMETH":0,"REPETH":0,"RLCETH":0,"SCETH":0,"SNTETH":0,"STEEMETH":0,"STMXETH":0.02948285145247184,"THETAETH":0.05150760702176361,"TRXETH":0.03814413066437881,"VETETH":0.010169446244653048,"VIBETH":0.004466676092802755,"WANETH":0,"WAVESETH":0.05350229258414249,"XEMETH":0,"XLMETH":0,"XMRETH":0,"XRPETH":0,"XVGETH":0,"ZECETH":0,"ZENETH":0,"ZILETH":0,"ZRXETH":0},"numerosità_campione":363,"expected_return":0.0006304388570272265,"standard_deviation":0.026895070717485037,"sharpe_ratio":0.023440684118274702}