{"weights":{"ADAETH":0.09367053688865964,"ADXETH":0.012984120481489416,"AIONETH":0,"BATETH":0,"BLZETH":0,"BNBETH":0.06882572213294524,"BNTETH":0.05904563716425051,"BQXETH":0.042814249781444026,"BRDETH":0,"CDTETH":0,"CVCETH":0,"DASHETH":0,"DATAETH":0,"DENTETH":0,"ELFETH":0,"ENJETH":0.0012352293315002639,"EOSETH":0,"ETCETH":0.056704825295393675,"FUNETH":0.006295211278386714,"GXSETH":0,"HOTETH":0,"ICXETH":0,"IOSTETH":0,"IOTAETH":0,"IOTXETH":0,"KEYETH":0,"KMDETH":0,"KNCETH":0,"LINKETH":0.05495473496878797,"LOOMETH":0,"LRCETH":0.05363378495550445,"LSKETH":0,"LTCETH":0.16615368996438212,"MANAETH":0,"MFTETH":0,"MTLETH":0.020685726692656996,"NANOETH":0.008601975811375815,"NASETH":0,"NAVETH":0.1152800390684545,"NCASHETH":0.030159844296150845,"NEBLETH":0,"NEOETH":0,"OMGETH":0,"ONTETH":0,"OSTETH":0.0021452217984879807,"PIVXETH":0,"POWRETH":0,"QKCETH":0,"QLCETH":0,"QSPETH":0,"QTUMETH":0,"REPETH":0,"RLCETH":0,"SCETH":0,"SNTETH":0,"STEEMETH":0,"STMXETH":0.03641664254126602,"THETAETH":0.06785780615845438,"TRXETH":0.028476884007221422,"VETETH":0.01646436222098158,"VIBETH":0,"WANETH":0,"WAVESETH":0.05759375516220678,"XEMETH":0,"XLMETH":0,"XMRETH":0,"XRPETH":0,"XVGETH":0,"ZECETH":0,"ZENETH":0,"ZILETH":0,"ZRXETH":0},"numerosità_campione":363,"expected_return":0.001152033391248376,"standard_deviation":0.02747330356061849,"sharpe_ratio":0.04193283085546924}