{"weights":{"ADAETH":0.1021678314600939,"ADXETH":0.01734381356761853,"AIONETH":0,"BATETH":0,"BLZETH":0,"BNBETH":0.050383731510107055,"BNTETH":0.09111159142266437,"BQXETH":0.021577903310559796,"BRDETH":0,"CDTETH":0.018961052976439303,"CVCETH":0,"DASHETH":0,"DATAETH":0.0007957794332739535,"DENTETH":0,"ELFETH":0.0017870657744205403,"ENJETH":0,"EOSETH":0,"ETCETH":0.04322711738999721,"FUNETH":0.012307496987228595,"GXSETH":0,"HOTETH":0.0012609692368756127,"ICXETH":0,"IOSTETH":0,"IOTAETH":0,"IOTXETH":0,"KEYETH":0,"KMDETH":0,"KNCETH":0,"LINKETH":0.06339289300492437,"LOOMETH":0,"LRCETH":0.04184520307198066,"LSKETH":0,"LTCETH":0.2294894472238346,"MANAETH":0,"MFTETH":0,"MTLETH":0.0118323730032185,"NANOETH":0.007867351992448042,"NASETH":0,"NAVETH":0.11272277121130748,"NCASHETH":0.025832977096743325,"NEBLETH":0,"NEOETH":0,"OMGETH":0,"ONTETH":0,"OSTETH":0,"PIVXETH":0,"POWRETH":0.0009723222162072773,"QKCETH":0,"QLCETH":0,"QSPETH":0,"QTUMETH":0,"REPETH":0,"RLCETH":0,"SCETH":0,"SNTETH":0,"STEEMETH":0,"THETAETH":0.020092275233419648,"TRXETH":0.06077728177681395,"VETETH":0.013442386352073194,"VIBETH":0,"WANETH":0,"WAVESETH":0.022299419335525796,"XEMETH":0,"XLMETH":0,"XMRETH":0.028508945412224488,"XRPETH":0,"XVGETH":0,"ZECETH":0,"ZENETH":0,"ZILETH":0,"ZRXETH":0},"numerosità_campione":757,"expected_return":-0.000030090802789442885,"standard_deviation":0.022159194807039522,"sharpe_ratio":-0.0013579375537546}