{"weights":{"ADAETH":0.13341225799206788,"ADXETH":0.016982209797862483,"AIONETH":0,"BATETH":0,"BLZETH":0,"BNBETH":0.07537200997753889,"BNTETH":0.08688979530425324,"BQXETH":0.039015510459123964,"BRDETH":0,"CDTETH":0.010270052085006295,"CVCETH":0,"DASHETH":0,"DATAETH":0.006016195525767936,"DENTETH":0.006018248792172781,"ELFETH":0,"ENJETH":0,"EOSETH":0,"ETCETH":0.07547348158662312,"FUNETH":0.006640401953543145,"GXSETH":0,"HOTETH":0,"ICXETH":0,"IOSTETH":0,"IOTAETH":0,"IOTXETH":0,"KEYETH":0,"KMDETH":0,"KNCETH":0,"LINKETH":0.0880317204268409,"LOOMETH":0,"LRCETH":0.04077884669027503,"LSKETH":0,"LTCETH":0.12717255144816667,"MANAETH":0,"MFTETH":0,"MTLETH":0.017785217417849913,"NANOETH":0.0071966389751976405,"NASETH":0,"NAVETH":0.08628783283757838,"NCASHETH":0.028520734551339782,"NEBLETH":0,"NEOETH":0,"OMGETH":0,"ONTETH":0,"OSTETH":0,"PIVXETH":0,"POWRETH":0,"QKCETH":0,"QLCETH":0,"QSPETH":0,"QTUMETH":0,"REPETH":0,"RLCETH":0,"SCETH":0,"SNTETH":0,"STEEMETH":0,"THETAETH":0.06766561322434585,"TRXETH":0.030067492038443416,"VETETH":0.024058061510230273,"VIBETH":0,"WANETH":0,"WAVESETH":0.018176829129942194,"XEMETH":0,"XLMETH":0,"XMRETH":0,"XRPETH":0,"XVGETH":0,"ZECETH":0,"ZENETH":0.008168298275830366,"ZILETH":0,"ZRXETH":0},"numerosità_campione":757,"expected_return":0.000850837706618536,"standard_deviation":0.023496762924613054,"sharpe_ratio":0.036210847823947546}