{"weights":{"ADAETH":0.06856933815236,"ADXETH":0.014565466676182432,"AIONETH":0,"BATETH":0,"BLZETH":0,"BNBETH":0.035685065566134266,"BNTETH":0.06617525637451903,"BQXETH":0.021291698559569656,"BRDETH":0,"CDTETH":0.004675197269760794,"CVCETH":0,"DASHETH":0,"DATAETH":0,"DENTETH":0,"ELFETH":0,"ENJETH":0,"EOSETH":0,"ETCETH":0.024896291298220394,"FUNETH":0.005093705475165435,"GXSETH":0,"HOTETH":0,"ICXETH":0,"IOSTETH":0,"IOTAETH":0,"IOTXETH":0,"KEYETH":0,"KMDETH":0,"KNCETH":0,"LINKETH":0.07487156869609837,"LOOMETH":0,"LRCETH":0.06418757918958053,"LSKETH":0,"LTCETH":0.24665810164297666,"MANAETH":0,"MFTETH":0,"MTLETH":0.013111385065757378,"NANOETH":0.0031582387979949573,"NASETH":0,"NAVETH":0.16220601378621943,"NCASHETH":0.01961658048648487,"NEBLETH":0,"NEOETH":0,"OMGETH":0,"ONTETH":0,"OSTETH":0.004333473108581921,"PIVXETH":0,"POWRETH":0.013899717120134568,"QKCETH":0,"QLCETH":0,"QSPETH":0,"QTUMETH":0,"REPETH":0,"RLCETH":0,"SCETH":0,"SNTETH":0,"STEEMETH":0,"STMXETH":0.01640852962256043,"THETAETH":0.021576634576714087,"TRXETH":0.05142384182025751,"VETETH":0,"VIBETH":0.01430726748114111,"WANETH":0,"WAVESETH":0.04520068632673236,"XEMETH":0,"XLMETH":0,"XMRETH":0.008088362906853785,"XRPETH":0,"XVGETH":0,"ZECETH":0,"ZENETH":0,"ZILETH":0,"ZRXETH":0},"numerosità_campione":363,"expected_return":-0.00030843130457084317,"standard_deviation":0.026324710831403867,"sharpe_ratio":-0.011716417572302537}