{"weights":{"ADAETH":0.1261553001560131,"ADXETH":0.017328555887033154,"AIONETH":0,"BATETH":0,"BLZETH":0,"BNBETH":0.07005219058579909,"BNTETH":0.08811064353439646,"BQXETH":0.03490080805636696,"BRDETH":0,"CDTETH":0.012453555847265589,"CVCETH":0,"DASHETH":0,"DATAETH":0.004785587114306995,"DENTETH":0.004334799033590112,"ELFETH":0,"ENJETH":0,"EOSETH":0,"ETCETH":0.06820567292474376,"FUNETH":0.007906114613600568,"GXSETH":0,"HOTETH":0,"ICXETH":0,"IOSTETH":0,"IOTAETH":0,"IOTXETH":0,"KEYETH":0,"KMDETH":0,"KNCETH":0,"LINKETH":0.08210831556975487,"LOOMETH":0,"LRCETH":0.041099876156412946,"LSKETH":0,"LTCETH":0.15274180718177377,"MANAETH":0,"MFTETH":0,"MTLETH":0.016465422716569825,"NANOETH":0.00755031343924055,"NASETH":0,"NAVETH":0.0928965775498849,"NCASHETH":0.028011837681813014,"NEBLETH":0,"NEOETH":0,"OMGETH":0,"ONTETH":0,"OSTETH":0,"PIVXETH":0,"POWRETH":0,"QKCETH":0,"QLCETH":0,"QSPETH":0,"QTUMETH":0,"REPETH":0,"RLCETH":0,"SCETH":0,"SNTETH":0,"STEEMETH":0,"THETAETH":0.05656266212624993,"TRXETH":0.03795279210583804,"VETETH":0.021601251221774687,"VIBETH":0,"WANETH":0,"WAVESETH":0.019444505063649573,"XEMETH":0,"XLMETH":0,"XMRETH":0.003335299443655623,"XRPETH":0,"XVGETH":0,"ZECETH":0,"ZENETH":0.005996111990266621,"ZILETH":0,"ZRXETH":0},"numerosità_campione":757,"expected_return":0.0006435604102872467,"standard_deviation":0.023071424559264687,"sharpe_ratio":0.027894264120280128}