{"weights":{"ADAETH":0.16771044584906736,"ADXETH":0.011798400355453131,"AIONETH":0,"BATETH":0,"BLZETH":0,"BNBETH":0.09764701573832796,"BNTETH":0.07724256844038543,"BQXETH":0.06313159588046759,"BRDETH":0,"CDTETH":0,"CVCETH":0,"DASHETH":0,"DATAETH":0.013382102424758338,"DENTETH":0.012832248789948868,"ELFETH":0,"ENJETH":0,"EOSETH":0,"ETCETH":0.10398227001570745,"FUNETH":0,"GXSETH":0,"HOTETH":0,"ICXETH":0,"IOSTETH":0,"IOTAETH":0,"IOTXETH":0,"KEYETH":0,"KMDETH":0,"KNCETH":0,"LINKETH":0.12141128778796208,"LOOMETH":0,"LRCETH":0.03699663191191019,"LSKETH":0,"LTCETH":0,"MANAETH":0.001431733842256141,"MFTETH":0,"MTLETH":0.025498775413437105,"NANOETH":0.0031103311513401644,"NASETH":0,"NAVETH":0.04075615711589904,"NCASHETH":0.03000638344006548,"NEBLETH":0,"NEOETH":0,"OMGETH":0,"ONTETH":0,"OSTETH":0,"PIVXETH":0,"POWRETH":0,"QKCETH":0,"QLCETH":0,"QSPETH":0,"QTUMETH":0,"REPETH":0,"RLCETH":0,"SCETH":0,"SNTETH":0,"STEEMETH":0,"THETAETH":0.13017331915722818,"TRXETH":0,"VETETH":0.037195549097775935,"VIBETH":0,"WANETH":0,"WAVESETH":0.007410751414807381,"XEMETH":0,"XLMETH":0,"XMRETH":0,"XRPETH":0,"XVGETH":0,"ZECETH":0,"ZENETH":0.01828243217320226,"ZILETH":0,"ZRXETH":0},"numerosità_campione":757,"expected_return":0.0019390435123578039,"standard_deviation":0.026725872608539064,"sharpe_ratio":0.07255304778105799}