{"weights":{"ADAETH":0.1130845574767428,"ADXETH":0.01768623068112794,"AIONETH":0,"BATETH":0,"BLZETH":0,"BNBETH":0.05956550840352674,"BNTETH":0.08993702985032914,"BQXETH":0.027782076318156726,"BRDETH":0,"CDTETH":0.016047481798083747,"CVCETH":0,"DASHETH":0,"DATAETH":0.002712558388585632,"DENTETH":0.0011658962176627583,"ELFETH":0,"ENJETH":0,"EOSETH":0,"ETCETH":0.05502153602812784,"FUNETH":0.010393571440003364,"GXSETH":0,"HOTETH":0.0005205687764612032,"ICXETH":0,"IOSTETH":0,"IOTAETH":0,"IOTXETH":0,"KEYETH":0,"KMDETH":0,"KNCETH":0,"LINKETH":0.0720330496749775,"LOOMETH":0,"LRCETH":0.041735069213851936,"LSKETH":0,"LTCETH":0.1942105310881867,"MANAETH":0,"MFTETH":0,"MTLETH":0.014229757980745435,"NANOETH":0.007919581470621544,"NASETH":0,"NAVETH":0.10361102141186529,"NCASHETH":0.027001359903933354,"NEBLETH":0,"NEOETH":0,"OMGETH":0,"ONTETH":0,"OSTETH":0,"PIVXETH":0,"POWRETH":0,"QKCETH":0,"QLCETH":0,"QSPETH":0,"QTUMETH":0,"REPETH":0,"RLCETH":0,"SCETH":0,"SNTETH":0,"STEEMETH":0,"THETAETH":0.03692989337275658,"TRXETH":0.05072961049704807,"VETETH":0.01756372970827486,"VIBETH":0,"WANETH":0,"WAVESETH":0.021176499752181437,"XEMETH":0,"XLMETH":0,"XMRETH":0.017392203076991394,"XRPETH":0,"XVGETH":0,"ZECETH":0,"ZENETH":0.001550677469758194,"ZILETH":0,"ZRXETH":0},"numerosità_campione":757,"expected_return":0.000280825141707491,"standard_deviation":0.0224876874897565,"sharpe_ratio":0.012487951099258711}