{"weights":{"ADAETH":0.08079504205727188,"ADXETH":0.01501783877178314,"AIONETH":0,"BATETH":0,"BLZETH":0,"BNBETH":0.05266559931347938,"BNTETH":0.06364258894509556,"BQXETH":0.031408349999487155,"BRDETH":0,"CDTETH":0.0011054533231913842,"CVCETH":0,"DASHETH":0,"DATAETH":0,"DENTETH":0,"ELFETH":0,"ENJETH":0.00014382031197092638,"EOSETH":0,"ETCETH":0.040705251596518575,"FUNETH":0.005847060118391865,"GXSETH":0,"HOTETH":0,"ICXETH":0,"IOSTETH":0,"IOTAETH":0,"IOTXETH":0,"KEYETH":0,"KMDETH":0,"KNCETH":0,"LINKETH":0.0652706372198488,"LOOMETH":0,"LRCETH":0.05982448907210016,"LSKETH":0,"LTCETH":0.21064326815581572,"MANAETH":0,"MFTETH":0,"MTLETH":0.01752319099824878,"NANOETH":0.006329942969528315,"NASETH":0,"NAVETH":0.14094506704933701,"NCASHETH":0.02488445905018697,"NEBLETH":0,"NEOETH":0,"OMGETH":0,"ONTETH":0,"OSTETH":0.0036963059797668653,"PIVXETH":0,"POWRETH":0,"QKCETH":0,"QLCETH":0,"QSPETH":0,"QTUMETH":0,"REPETH":0,"RLCETH":0,"SCETH":0,"SNTETH":0,"STEEMETH":0,"STMXETH":0.026486075378642126,"THETAETH":0.04497018187326082,"TRXETH":0.04172946935395671,"VETETH":0.0074608137129016094,"VIBETH":0.00708936411678565,"WANETH":0,"WAVESETH":0.05181573063243068,"XEMETH":0,"XLMETH":0,"XMRETH":0,"XRPETH":0,"XVGETH":0,"ZECETH":0,"ZENETH":0,"ZILETH":0,"ZRXETH":0},"numerosità_campione":363,"expected_return":0.00042180104333876614,"standard_deviation":0.026716661020937775,"sharpe_ratio":0.015787940080094657}