{"weights":{"ADAETH":0.10781119114244551,"ADXETH":0.010444353585546063,"AIONETH":0,"BATETH":0,"BLZETH":0,"BNBETH":0.08455729547137135,"BNTETH":0.05350447236292642,"BQXETH":0.053721225241795664,"BRDETH":0,"CDTETH":0,"CVCETH":0,"DASHETH":0,"DATAETH":0,"DENTETH":0,"ELFETH":0,"ENJETH":0.0018158498340046891,"EOSETH":0,"ETCETH":0.07041119727571911,"FUNETH":0.00641076691739041,"GXSETH":0,"HOTETH":0,"ICXETH":0,"IOSTETH":0,"IOTAETH":0,"IOTXETH":0,"KEYETH":0.0009279217605858206,"KMDETH":0,"KNCETH":0,"LINKETH":0.043606154262735695,"LOOMETH":0,"LRCETH":0.04731950732411391,"LSKETH":0,"LTCETH":0.1208891344149893,"MANAETH":0,"MFTETH":0,"MTLETH":0.023406716858353244,"NANOETH":0.01056437463864047,"NASETH":0,"NAVETH":0.08873023075598438,"NCASHETH":0.03498219324638161,"NEBLETH":0,"NEOETH":0,"OMGETH":0,"ONTETH":0,"OSTETH":0.00011408773451786315,"PIVXETH":0,"POWRETH":0,"QKCETH":0,"QLCETH":0,"QSPETH":0,"QTUMETH":0,"REPETH":0,"RLCETH":0,"SCETH":0,"SNTETH":0,"STEEMETH":0,"STMXETH":0.0446714484777961,"THETAETH":0.09026477305309388,"TRXETH":0.013658146827633154,"VETETH":0.023534404349358672,"VIBETH":0,"WANETH":0,"WAVESETH":0.06286509311506079,"XEMETH":0,"XLMETH":0,"XMRETH":0,"XRPETH":0,"XVGETH":0,"ZECETH":0,"ZENETH":0.0057894613495560665,"ZILETH":0,"ZRXETH":0},"numerosità_campione":363,"expected_return":0.001882265739157986,"standard_deviation":0.028587271447398283,"sharpe_ratio":0.06584279099953383}