{"weights":{"ADAETH":0.09568941180744145,"ADXETH":0.01588042349371146,"AIONETH":0,"BATETH":0,"BLZETH":0,"BNBETH":0.0444598039888644,"BNTETH":0.09125667722211288,"BQXETH":0.01734351380099946,"BRDETH":0,"CDTETH":0.01990340661865293,"CVCETH":0,"DASHETH":0,"DATAETH":0,"DENTETH":0,"ELFETH":0.00396580239871693,"ENJETH":0,"EOSETH":0,"ETCETH":0.03565506440988936,"FUNETH":0.01299159797067603,"GXSETH":0,"HOTETH":0.0012279540921359608,"ICXETH":0,"IOSTETH":0,"IOTAETH":0,"IOTXETH":0,"KEYETH":0,"KMDETH":0,"KNCETH":0,"LINKETH":0.05772521737394387,"LOOMETH":0,"LRCETH":0.04125024913837863,"LSKETH":0,"LTCETH":0.25056700490077594,"MANAETH":0,"MFTETH":0,"MTLETH":0.009576731586466141,"NANOETH":0.007336430504655365,"NASETH":0,"NAVETH":0.11840906374018818,"NCASHETH":0.024772149912335673,"NEBLETH":0,"NEOETH":0,"OMGETH":0,"ONTETH":0,"OSTETH":0,"PIVXETH":0,"POWRETH":0.004909590053748643,"QKCETH":0,"QLCETH":0,"QSPETH":0,"QTUMETH":0,"REPETH":0,"RLCETH":0,"SCETH":0,"SNTETH":0,"STEEMETH":0,"THETAETH":0.00897223301868351,"TRXETH":0.06573112139271645,"VETETH":0.010157761766193884,"VIBETH":0.004892226970002878,"WANETH":0,"WAVESETH":0.022369762940140075,"XEMETH":0,"XLMETH":0,"XMRETH":0.034956800898569874,"XRPETH":0,"XVGETH":0,"ZECETH":0,"ZENETH":0,"ZILETH":0,"ZRXETH":0},"numerosità_campione":757,"expected_return":-0.00023736809912073227,"standard_deviation":0.022028763202253356,"sharpe_ratio":-0.010775371133702664}