{"weights":{"ADAETH":0.10173566165170916,"ADXETH":0.011523531120688973,"AIONETH":0,"BATETH":0,"BLZETH":0,"BNBETH":0.07790033381954281,"BNTETH":0.05593548811557486,"BQXETH":0.049093064270854206,"BRDETH":0,"CDTETH":0,"CVCETH":0,"DASHETH":0,"DATAETH":0,"DENTETH":0,"ELFETH":0,"ENJETH":0.0016001807745618507,"EOSETH":0,"ETCETH":0.06459446966991393,"FUNETH":0.006373474167879227,"GXSETH":0,"HOTETH":0,"ICXETH":0,"IOSTETH":0,"IOTAETH":0,"IOTXETH":0,"KEYETH":0,"KMDETH":0,"KNCETH":0,"LINKETH":0.048498792853628264,"LOOMETH":0,"LRCETH":0.050017299452767686,"LSKETH":0,"LTCETH":0.14007813447057532,"MANAETH":0,"MFTETH":0,"MTLETH":0.022278715897053998,"NANOETH":0.009777401989014035,"NASETH":0,"NAVETH":0.1000878135473578,"NCASHETH":0.03299991117449866,"NEBLETH":0,"NEOETH":0,"OMGETH":0,"ONTETH":0,"OSTETH":0.0009986894218332065,"PIVXETH":0,"POWRETH":0,"QKCETH":0,"QLCETH":0,"QSPETH":0,"QTUMETH":0,"REPETH":0,"RLCETH":0,"SCETH":0,"SNTETH":0,"STEEMETH":0,"STMXETH":0.041291622399307934,"THETAETH":0.08070010187058874,"TRXETH":0.020063339533102856,"VETETH":0.020572322350820106,"VIBETH":0,"WANETH":0,"WAVESETH":0.06061276300066744,"XEMETH":0,"XLMETH":0,"XMRETH":0,"XRPETH":0,"XVGETH":0,"ZECETH":0,"ZENETH":0.003266888448058962,"ZILETH":0,"ZRXETH":0},"numerosità_campione":363,"expected_return":0.001569309018625296,"standard_deviation":0.028068514189675462,"sharpe_ratio":0.0559099426503502}