{"weights":{"ADAETH":0.0825582905620694,"ADXETH":0.014769536347949874,"AIONETH":0,"BATETH":0,"BLZETH":0,"BNBETH":0.054965411089543476,"BNTETH":0.06303527995551265,"BQXETH":0.03305469058526963,"BRDETH":0,"CDTETH":0.0004390959708671802,"CVCETH":0,"DASHETH":0,"DATAETH":0,"DENTETH":0,"ELFETH":0,"ENJETH":0.00030663230708383025,"EOSETH":0,"ETCETH":0.04301302270836759,"FUNETH":0.0059731999758925024,"GXSETH":0,"HOTETH":0,"ICXETH":0,"IOSTETH":0,"IOTAETH":0,"IOTXETH":0,"KEYETH":0,"KMDETH":0,"KNCETH":0,"LINKETH":0.06387466036150606,"LOOMETH":0,"LRCETH":0.05896217318319387,"LSKETH":0,"LTCETH":0.20443574235254147,"MANAETH":0,"MFTETH":0,"MTLETH":0.017983297750370233,"NANOETH":0.006634774697294926,"NASETH":0,"NAVETH":0.13732592584254424,"NCASHETH":0.025648438294010464,"NEBLETH":0,"NEOETH":0,"OMGETH":0,"ONTETH":0,"OSTETH":0.003560244336766145,"PIVXETH":0,"POWRETH":0,"QKCETH":0,"QLCETH":0,"QSPETH":0,"QTUMETH":0,"REPETH":0,"RLCETH":0,"SCETH":0,"SNTETH":0,"STEEMETH":0,"STMXETH":0.02799255145611429,"THETAETH":0.04823671960619393,"TRXETH":0.03994667599476319,"VETETH":0.008821510495865843,"VIBETH":0.005798848176593643,"WANETH":0,"WAVESETH":0.052663277949685644,"XEMETH":0,"XLMETH":0,"XMRETH":0,"XRPETH":0,"XVGETH":0,"ZECETH":0,"ZENETH":0,"ZILETH":0,"ZRXETH":0},"numerosità_campione":363,"expected_return":0.0005261199501829962,"standard_deviation":0.026802048156592175,"sharpe_ratio":0.019629841238591794}