{"weights":{"ADAETH":0.14930921490918603,"ADXETH":0,"AIONETH":0,"BATETH":0,"BLZETH":0,"BNBETH":0.12450377557261225,"BNTETH":0.03309644314714046,"BQXETH":0.08363224692998378,"BRDETH":0,"CDTETH":0,"CVCETH":0,"DASHETH":0,"DATAETH":0,"DENTETH":0.009274892846242595,"ELFETH":0,"ENJETH":0,"EOSETH":0,"ETCETH":0.09921678423340333,"FUNETH":0.005073562723373388,"GXSETH":0,"HOTETH":0,"ICXETH":0,"IOSTETH":0,"IOTAETH":0,"IOTXETH":0,"KEYETH":0.008425067409926549,"KMDETH":0,"KNCETH":0,"LINKETH":0.004700695243856651,"LOOMETH":0,"LRCETH":0.02573881582824557,"LSKETH":0,"LTCETH":0,"MANAETH":0.009586697466729265,"MFTETH":0.01140821948276983,"MTLETH":0.02812762212579022,"NANOETH":0.010876636640436869,"NASETH":0,"NAVETH":0.005628815115969144,"NCASHETH":0.045271407556895425,"NEBLETH":0,"NEOETH":0,"OMGETH":0,"ONTETH":0,"OSTETH":0,"PIVXETH":0,"POWRETH":0,"QKCETH":0,"QLCETH":0,"QSPETH":0,"QTUMETH":0,"REPETH":0,"RLCETH":0.0018486098705702647,"SCETH":0,"SNTETH":0,"STEEMETH":0,"STMXETH":0.05751680606295205,"THETAETH":0.15279749272450086,"TRXETH":0,"VETETH":0.039290592816316174,"VIBETH":0,"WANETH":0,"WAVESETH":0.07355149062482934,"XEMETH":0,"XLMETH":0,"XMRETH":0,"XRPETH":0,"XVGETH":0,"ZECETH":0,"ZENETH":0.021124110668269788,"ZILETH":0,"ZRXETH":0},"numerosità_campione":363,"expected_return":0.003968643876042585,"standard_deviation":0.03336224774224069,"sharpe_ratio":0.11895612989582222}