{"weights":{"ADAETH":0.13464014707712357,"ADXETH":0.004274574515188055,"AIONETH":0,"BATETH":0,"BLZETH":0,"BNBETH":0.11128124467943022,"BNTETH":0.04092503639851752,"BQXETH":0.07270705118590384,"BRDETH":0,"CDTETH":0,"CVCETH":0,"DASHETH":0,"DATAETH":0,"DENTETH":0.005732865304932191,"ELFETH":0,"ENJETH":0,"EOSETH":0,"ETCETH":0.0923337271591224,"FUNETH":0.005741479786789523,"GXSETH":0,"HOTETH":0,"ICXETH":0,"IOSTETH":0,"IOTAETH":0,"IOTXETH":0,"KEYETH":0.0057655832450798075,"KMDETH":0,"KNCETH":0,"LINKETH":0.020851058344620657,"LOOMETH":0,"LRCETH":0.0341477623108708,"LSKETH":0,"LTCETH":0.035872091670820304,"MANAETH":0.005637085594434869,"MFTETH":0.00681266147095209,"MTLETH":0.026594948890261257,"NANOETH":0.011174434322300239,"NASETH":0,"NAVETH":0.03829071364556954,"NCASHETH":0.041737030305903935,"NEBLETH":0,"NEOETH":0,"OMGETH":0,"ONTETH":0,"OSTETH":0,"PIVXETH":0,"POWRETH":0,"QKCETH":0,"QLCETH":0,"QSPETH":0,"QTUMETH":0,"REPETH":0,"RLCETH":0,"SCETH":0,"SNTETH":0,"STEEMETH":0,"STMXETH":0.05379592947402832,"THETAETH":0.13081975054016529,"TRXETH":0,"VETETH":0.03450829721793886,"VIBETH":0,"WANETH":0,"WAVESETH":0.07073287345198075,"XEMETH":0,"XLMETH":0,"XMRETH":0,"XRPETH":0,"XVGETH":0,"ZECETH":0,"ZENETH":0.015623653408066204,"ZILETH":0,"ZRXETH":0},"numerosità_campione":363,"expected_return":0.003238411528132975,"standard_deviation":0.03145415572852822,"sharpe_ratio":0.10295655544160123}