{"weights":{"ADAETH":0.13258313854952064,"ADXETH":0.004808152769430357,"AIONETH":0,"BATETH":0,"BLZETH":0,"BNBETH":0.10930468315133571,"BNTETH":0.04198099459835828,"BQXETH":0.07124465429040716,"BRDETH":0,"CDTETH":0,"CVCETH":0,"DASHETH":0,"DATAETH":0,"DENTETH":0.005253747033295097,"ELFETH":0,"ENJETH":0,"EOSETH":0,"ETCETH":0.0908384230385608,"FUNETH":0.005794800920338243,"GXSETH":0,"HOTETH":0,"ICXETH":0,"IOSTETH":0,"IOTAETH":0,"IOTXETH":0,"KEYETH":0.005449407246301528,"KMDETH":0,"KNCETH":0,"LINKETH":0.022662871602442125,"LOOMETH":0,"LRCETH":0.03527296475100488,"LSKETH":0,"LTCETH":0.04270488782615888,"MANAETH":0.005052634963775662,"MFTETH":0.0062043087493982305,"MTLETH":0.02635808766397519,"NANOETH":0.011193149092561163,"NASETH":0,"NAVETH":0.04237593983390221,"NCASHETH":0.041243648293940366,"NEBLETH":0,"NEOETH":0,"OMGETH":0,"ONTETH":0,"OSTETH":0,"PIVXETH":0,"POWRETH":0,"QKCETH":0,"QLCETH":0,"QSPETH":0,"QTUMETH":0,"REPETH":0,"RLCETH":0,"SCETH":0,"SNTETH":0,"STEEMETH":0,"STMXETH":0.05320230850140245,"THETAETH":0.12770706406270643,"TRXETH":0,"VETETH":0.033698350493402376,"VIBETH":0,"WANETH":0,"WAVESETH":0.07016934228930158,"XEMETH":0,"XLMETH":0,"XMRETH":0,"XRPETH":0,"XVGETH":0,"ZECETH":0,"ZENETH":0.014896440278480904,"ZILETH":0,"ZRXETH":0},"numerosità_campione":363,"expected_return":0.0031340926212887455,"standard_deviation":0.031200920013811934,"sharpe_ratio":0.1004487245857287}