{"weights":{"ADAETH":0.09568878826849578,"ADXETH":0.012627066257457872,"AIONETH":0,"BATETH":0,"BLZETH":0,"BNBETH":0.07110814409665066,"BNTETH":0.058270219983523906,"BQXETH":0.044387994792327294,"BRDETH":0,"CDTETH":0,"CVCETH":0,"DASHETH":0,"DATAETH":0,"DENTETH":0,"ELFETH":0,"ENJETH":0.0013347324659653298,"EOSETH":0,"ETCETH":0.05872765225970469,"FUNETH":0.006318917581905854,"GXSETH":0,"HOTETH":0,"ICXETH":0,"IOSTETH":0,"IOTAETH":0,"IOTXETH":0,"KEYETH":0,"KMDETH":0,"KNCETH":0,"LINKETH":0.053338435336083005,"LOOMETH":0,"LRCETH":0.052727172147279046,"LSKETH":0,"LTCETH":0.1596117331424024,"MANAETH":0,"MFTETH":0,"MTLETH":0.021086468892579667,"NANOETH":0.008902612707501166,"NASETH":0,"NAVETH":0.1114886763052248,"NCASHETH":0.030876476957554848,"NEBLETH":0,"NEOETH":0,"OMGETH":0,"ONTETH":0,"OSTETH":0.0018563698672517089,"PIVXETH":0,"POWRETH":0,"QKCETH":0,"QLCETH":0,"QSPETH":0,"QTUMETH":0,"REPETH":0,"RLCETH":0,"SCETH":0,"SNTETH":0,"STEEMETH":0,"STMXETH":0.03764226690555446,"THETAETH":0.07107524167370541,"TRXETH":0.026375137104748047,"VETETH":0.017510477550930822,"VIBETH":0,"WANETH":0,"WAVESETH":0.05835737004850575,"XEMETH":0,"XLMETH":0,"XMRETH":0,"XRPETH":0,"XVGETH":0,"ZECETH":0,"ZENETH":0.0006880456546477882,"ZILETH":0,"ZRXETH":0},"numerosità_campione":363,"expected_return":0.0012563522980926058,"standard_deviation":0.027611394287265428,"sharpe_ratio":0.04550122623369456}