{"weights":{"ADAETH":0.14081117265993234,"ADXETH":0.002673839752461143,"AIONETH":0,"BATETH":0,"BLZETH":0,"BNBETH":0.1172109292637138,"BNTETH":0.037757161798995256,"BQXETH":0.07709424187239394,"BRDETH":0,"CDTETH":0,"CVCETH":0,"DASHETH":0,"DATAETH":0,"DENTETH":0.0071702201198434725,"ELFETH":0,"ENJETH":0,"EOSETH":0,"ETCETH":0.09681963952080723,"FUNETH":0.005581516386143364,"GXSETH":0,"HOTETH":0,"ICXETH":0,"IOSTETH":0,"IOTAETH":0,"IOTXETH":0,"KEYETH":0.006714111241414651,"KMDETH":0,"KNCETH":0,"LINKETH":0.01541561857115625,"LOOMETH":0,"LRCETH":0.03077215499046855,"LSKETH":0,"LTCETH":0.01537370320480451,"MANAETH":0.0073904374864125,"MFTETH":0.008637719635613675,"MTLETH":0.027305532569119474,"NANOETH":0.011118290011517467,"NASETH":0,"NAVETH":0.026035035080571495,"NCASHETH":0.04321717634179466,"NEBLETH":0,"NEOETH":0,"OMGETH":0,"ONTETH":0,"OSTETH":0,"PIVXETH":0,"POWRETH":0,"QKCETH":0,"QLCETH":0,"QSPETH":0,"QTUMETH":0,"REPETH":0,"RLCETH":0,"SCETH":0,"SNTETH":0,"STEEMETH":0,"STMXETH":0.05557679239190595,"THETAETH":0.14015780997254193,"TRXETH":0,"VETETH":0.03693813739154834,"VIBETH":0,"WANETH":0,"WAVESETH":0.07242346694001826,"XEMETH":0,"XLMETH":0,"XMRETH":0,"XRPETH":0,"XVGETH":0,"ZECETH":0,"ZENETH":0.017805292796822112,"ZILETH":0,"ZRXETH":0},"numerosità_campione":363,"expected_return":0.0035513682486656654,"standard_deviation":0.0322432006508787,"sharpe_ratio":0.1101431674578151}