{"weights":{"ADAETH":0.11121391937103156,"ADXETH":0.017725847388559254,"AIONETH":0,"BATETH":0,"BLZETH":0,"BNBETH":0.05804127222393236,"BNTETH":0.09019550110625829,"BQXETH":0.0267625290780455,"BRDETH":0,"CDTETH":0.01655362925260468,"CVCETH":0,"DASHETH":0,"DATAETH":0.002419382399820017,"DENTETH":0.0006832272023680149,"ELFETH":0,"ENJETH":0,"EOSETH":0,"ETCETH":0.05313448765082207,"FUNETH":0.010757297988487211,"GXSETH":0,"HOTETH":0.0007544879046897379,"ICXETH":0,"IOSTETH":0,"IOTAETH":0,"IOTXETH":0,"KEYETH":0,"KMDETH":0,"KNCETH":0,"LINKETH":0.0705862028056249,"LOOMETH":0,"LRCETH":0.04181904309420609,"LSKETH":0,"LTCETH":0.20013037301837644,"MANAETH":0,"MFTETH":0,"MTLETH":0.013902253241523053,"NANOETH":0.007974062805139254,"NASETH":0,"NAVETH":0.10514477391700633,"NCASHETH":0.026847427554195037,"NEBLETH":0,"NEOETH":0,"OMGETH":0,"ONTETH":0,"OSTETH":0,"PIVXETH":0,"POWRETH":0,"QKCETH":0,"QLCETH":0,"QSPETH":0,"QTUMETH":0,"REPETH":0,"RLCETH":0,"SCETH":0,"SNTETH":0,"STEEMETH":0,"THETAETH":0.03411521807392198,"TRXETH":0.05253182715143211,"VETETH":0.016983411825710195,"VIBETH":0,"WANETH":0,"WAVESETH":0.021424033567388104,"XEMETH":0,"XLMETH":0,"XMRETH":0.019393821131317455,"XRPETH":0,"XVGETH":0,"ZECETH":0,"ZENETH":0.0009059702475405219,"ZILETH":0,"ZRXETH":0},"numerosità_campione":757,"expected_return":0.00022900581762466855,"standard_deviation":0.02242162599648129,"sharpe_ratio":0.010213613306216387}