{"weights":{"ADAETH":0.07727599714269179,"ADXETH":0.015501564535356081,"AIONETH":0,"BATETH":0,"BLZETH":0,"BNBETH":0.04807305455367189,"BNTETH":0.06483295146546057,"BQXETH":0.028104078472843425,"BRDETH":0,"CDTETH":0.002437205704056351,"CVCETH":0,"DASHETH":0,"DATAETH":0,"DENTETH":0,"ELFETH":0,"ENJETH":0,"EOSETH":0,"ETCETH":0.036099926584618455,"FUNETH":0.005604475795653066,"GXSETH":0,"HOTETH":0,"ICXETH":0,"IOSTETH":0,"IOTAETH":0,"IOTXETH":0,"KEYETH":0,"KMDETH":0,"KNCETH":0,"LINKETH":0.06805138714456106,"LOOMETH":0,"LRCETH":0.06154289273392446,"LSKETH":0,"LTCETH":0.22305608196198412,"MANAETH":0,"MFTETH":0,"MTLETH":0.01660137632990902,"NANOETH":0.005713123511356525,"NASETH":0,"NAVETH":0.1481656712590984,"NCASHETH":0.02336049820269377,"NEBLETH":0,"NEOETH":0,"OMGETH":0,"ONTETH":0,"OSTETH":0.003968683339124964,"PIVXETH":0,"POWRETH":0,"QKCETH":0,"QLCETH":0,"QSPETH":0,"QTUMETH":0,"REPETH":0,"RLCETH":0,"SCETH":0,"SNTETH":0,"STEEMETH":0,"STMXETH":0.023470268996307067,"THETAETH":0.03840990024514706,"TRXETH":0.04526182866984843,"VETETH":0.004690544125075152,"VIBETH":0.009668487524145137,"WANETH":0,"WAVESETH":0.05011000170247322,"XEMETH":0,"XLMETH":0,"XMRETH":0,"XRPETH":0,"XVGETH":0,"ZECETH":0,"ZENETH":0,"ZILETH":0,"ZRXETH":0},"numerosità_campione":363,"expected_return":0.00021316322965030636,"standard_deviation":0.026569069796972742,"sharpe_ratio":0.008022984292607564}