{"weights":{"ADAETH":0.15469393799959832,"ADXETH":0,"AIONETH":0,"BATETH":0,"BLZETH":0,"BNBETH":0.12879861553638328,"BNTETH":0.02124171887252204,"BQXETH":0.09352360469490838,"BRDETH":0,"CDTETH":0,"CVCETH":0,"DASHETH":0,"DATAETH":0,"DENTETH":0.013508146118810392,"ELFETH":0,"ENJETH":0,"EOSETH":0,"ETCETH":0.09125675741365383,"FUNETH":0,"GXSETH":0,"HOTETH":0,"ICXETH":0,"IOSTETH":0,"IOTAETH":0,"IOTXETH":0,"KEYETH":0.011030461636188768,"KMDETH":0,"KNCETH":0,"LINKETH":0,"LOOMETH":0,"LRCETH":0.014665525926502561,"LSKETH":0,"LTCETH":0,"MANAETH":0.011747050531675636,"MFTETH":0.01420792061379351,"MTLETH":0.02827863746453449,"NANOETH":0.00821017995317608,"NASETH":0,"NAVETH":0,"NCASHETH":0.04770391294598646,"NEBLETH":0,"NEOETH":0,"OMGETH":0,"ONTETH":0,"OSTETH":0,"PIVXETH":0,"POWRETH":0,"QKCETH":0,"QLCETH":0,"QSPETH":0,"QTUMETH":0,"REPETH":0,"RLCETH":0.003882122603808186,"SCETH":0,"SNTETH":0,"STEEMETH":0,"STMXETH":0.05643463707572113,"THETAETH":0.1678635933457874,"TRXETH":0,"VETETH":0.038874384787275576,"VIBETH":0,"WANETH":0,"WAVESETH":0.06998971296070457,"XEMETH":0,"XLMETH":0,"XMRETH":0,"XRPETH":0,"XVGETH":0,"ZECETH":0,"ZENETH":0.024089079518969273,"ZILETH":0,"ZRXETH":0},"numerosità_campione":363,"expected_return":0.004281600596575274,"standard_deviation":0.034290021830521544,"sharpe_ratio":0.12486432985482156}