{"weights":{"ADAETH":0.15830167365026374,"ADXETH":0.015471159807444172,"AIONETH":0,"BATETH":0,"BLZETH":0,"BNBETH":0.09244500974645191,"BNTETH":0.0821888673063176,"BQXETH":0.053545063793171074,"BRDETH":0,"CDTETH":0.002339562443777119,"CVCETH":0,"DASHETH":0,"DATAETH":0.01042367050039704,"DENTETH":0.011733141876846724,"ELFETH":0,"ENJETH":0,"EOSETH":0,"ETCETH":0.10026812973415238,"FUNETH":0.002557627633139162,"GXSETH":0,"HOTETH":0,"ICXETH":0,"IOSTETH":0,"IOTAETH":0,"IOTXETH":0,"KEYETH":0,"KMDETH":0,"KNCETH":0,"LINKETH":0.10921015890454597,"LOOMETH":0,"LRCETH":0.039790477366397146,"LSKETH":0,"LTCETH":0.03305745118877885,"MANAETH":0,"MFTETH":0,"MTLETH":0.02254682765044504,"NANOETH":0.0055971531626840985,"NASETH":0,"NAVETH":0.061937612714126095,"NCASHETH":0.03017629480159524,"NEBLETH":0,"NEOETH":0,"OMGETH":0,"ONTETH":0,"OSTETH":0,"PIVXETH":0,"POWRETH":0,"QKCETH":0,"QLCETH":0,"QSPETH":0,"QTUMETH":0,"REPETH":0,"RLCETH":0,"SCETH":0,"SNTETH":0,"STEEMETH":0,"THETAETH":0.10628514885058021,"TRXETH":0.0011271688520343053,"VETETH":0.03304417211092511,"VIBETH":0,"WANETH":0,"WAVESETH":0.013050454838627783,"XEMETH":0,"XLMETH":0,"XMRETH":0,"XRPETH":0,"XVGETH":0,"ZECETH":0,"ZENETH":0.014903173067299312,"ZILETH":0,"ZRXETH":0},"numerosità_campione":757,"expected_return":0.0015763082437780479,"standard_deviation":0.025473278011867367,"sharpe_ratio":0.06188085581461817}