{"weights":{"ADAETH":0.14478708403150933,"ADXETH":0.0015166346530205053,"AIONETH":0,"BATETH":0,"BLZETH":0,"BNBETH":0.12116544417520833,"BNTETH":0.035595722331983735,"BQXETH":0.07998638780803197,"BRDETH":0,"CDTETH":0,"CVCETH":0,"DASHETH":0,"DATAETH":0,"DENTETH":0.008122437455776923,"ELFETH":0,"ENJETH":0,"EOSETH":0,"ETCETH":0.09977697236819826,"FUNETH":0.005495114587478954,"GXSETH":0,"HOTETH":0,"ICXETH":0,"IOSTETH":0,"IOTAETH":0,"IOTXETH":0,"KEYETH":0.007349996221562106,"KMDETH":0,"KNCETH":0,"LINKETH":0.01140780044735826,"LOOMETH":0,"LRCETH":0.028558177448851238,"LSKETH":0,"LTCETH":0.0016712838063153847,"MANAETH":0.008510820204892458,"MFTETH":0.009821535764362052,"MTLETH":0.027770865664934863,"NANOETH":0.01109202484380399,"NASETH":0,"NAVETH":0.0180835575694871,"NCASHETH":0.04422136254776547,"NEBLETH":0,"NEOETH":0,"OMGETH":0,"ONTETH":0,"OSTETH":0,"PIVXETH":0,"POWRETH":0,"QKCETH":0,"QLCETH":0,"QSPETH":0,"QTUMETH":0,"REPETH":0,"RLCETH":0.0009346646911169598,"SCETH":0,"SNTETH":0,"STEEMETH":0,"STMXETH":0.056800448099075425,"THETAETH":0.14635160392443708,"TRXETH":0,"VETETH":0.03841388284089443,"VIBETH":0,"WANETH":0,"WAVESETH":0.07336713639368428,"XEMETH":0,"XLMETH":0,"XMRETH":0,"XRPETH":0,"XVGETH":0,"ZECETH":0,"ZENETH":0.01919904212025089,"ZILETH":0,"ZRXETH":0},"numerosità_campione":363,"expected_return":0.0037600060623541242,"standard_deviation":0.03279239578236696,"sharpe_ratio":0.11466091368584741}