{"weights":{"ADAETH":0.07051683895090378,"ADXETH":0.014848755706551168,"AIONETH":0,"BATETH":0,"BLZETH":0,"BNBETH":0.03826504000242129,"BNTETH":0.06607116791218484,"BQXETH":0.022602884000861384,"BRDETH":0,"CDTETH":0.004314096505523958,"CVCETH":0,"DASHETH":0,"DATAETH":0,"DENTETH":0,"ELFETH":0,"ENJETH":0,"EOSETH":0,"ETCETH":0.027254222963769458,"FUNETH":0.00519119254249365,"GXSETH":0,"HOTETH":0,"ICXETH":0,"IOSTETH":0,"IOTAETH":0,"IOTXETH":0,"KEYETH":0,"KMDETH":0,"KNCETH":0,"LINKETH":0.07361850657755974,"LOOMETH":0,"LRCETH":0.06379919352060837,"LSKETH":0,"LTCETH":0.24244696501757768,"MANAETH":0,"MFTETH":0,"MTLETH":0.013820572982117725,"NANOETH":0.0037771399869391984,"NASETH":0,"NAVETH":0.15960812508772365,"NCASHETH":0.020360083535592974,"NEBLETH":0,"NEOETH":0,"OMGETH":0,"ONTETH":0,"OSTETH":0.004277674392321953,"PIVXETH":0,"POWRETH":0.010618169576687686,"QKCETH":0,"QLCETH":0,"QSPETH":0,"QTUMETH":0,"REPETH":0,"RLCETH":0,"SCETH":0,"SNTETH":0,"STEEMETH":0,"STMXETH":0.017767477464539452,"THETAETH":0.02513203224424864,"TRXETH":0.0503004397252465,"VETETH":0,"VIBETH":0.01352837312278047,"WANETH":0,"WAVESETH":0.04625356011880723,"XEMETH":0,"XLMETH":0,"XMRETH":0.005627488062539219,"XRPETH":0,"XVGETH":0,"ZECETH":0,"ZENETH":0,"ZILETH":0,"ZRXETH":0},"numerosità_campione":363,"expected_return":-0.00020411239772661342,"standard_deviation":0.026360696923755797,"sharpe_ratio":-0.0077430577164547916}