{"weights":{"ADAETH":0.06272683575672866,"ADXETH":0.013715599585076222,"AIONETH":0,"BATETH":0,"BLZETH":0,"BNBETH":0.027945142257273167,"BNTETH":0.06648752176152153,"BQXETH":0.01735814223569447,"BRDETH":0,"CDTETH":0.0057584995624713016,"CVCETH":0,"DASHETH":0,"DATAETH":0,"DENTETH":0,"ELFETH":0,"ENJETH":0,"EOSETH":0,"ETCETH":0.01782249630157321,"FUNETH":0.004801244273180791,"GXSETH":0,"HOTETH":0,"ICXETH":0,"IOSTETH":0,"IOTAETH":0,"IOTXETH":0,"KEYETH":0,"KMDETH":0,"KNCETH":0,"LINKETH":0.07863075505171431,"LOOMETH":0,"LRCETH":0.06535273619649701,"LSKETH":0,"LTCETH":0.2592915115191736,"MANAETH":0,"MFTETH":0,"MTLETH":0.010983821316676336,"NANOETH":0.0013015352311622336,"NASETH":0,"NAVETH":0.1699996798817069,"NCASHETH":0.017386071339160564,"NEBLETH":0,"NEOETH":0,"OMGETH":0,"ONTETH":0,"OSTETH":0.004500869257361827,"PIVXETH":0,"POWRETH":0.02374435975047521,"QKCETH":0,"QLCETH":0,"QSPETH":0,"QTUMETH":0,"REPETH":0,"RLCETH":0,"SCETH":0,"SNTETH":0,"STEEMETH":0,"STMXETH":0.012331686096623372,"THETAETH":0.010910441574110419,"TRXETH":0.05479404810529057,"VETETH":0,"VIBETH":0.01664395055622303,"WANETH":0,"WAVESETH":0.04204206495050777,"XEMETH":0,"XLMETH":0,"XMRETH":0.01547098743979748,"XRPETH":0,"XVGETH":0,"ZECETH":0,"ZENETH":0,"ZILETH":0,"ZRXETH":0},"numerosità_campione":363,"expected_return":-0.0006213880251035329,"standard_deviation":0.02625594062786136,"sharpe_ratio":-0.02366656879335529}