{"weights":{"ADAETH":0.09237331571619278,"ADXETH":0.015165062674288205,"AIONETH":0,"BATETH":0,"BLZETH":0,"BNBETH":0.0413319937049167,"BNTETH":0.09120637433648815,"BQXETH":0.015252832898028408,"BRDETH":0,"CDTETH":0.020247427964465117,"CVCETH":0,"DASHETH":0,"DATAETH":0,"DENTETH":0,"ELFETH":0.004985457716474991,"ENJETH":0,"EOSETH":0,"ETCETH":0.031539237432070696,"FUNETH":0.013319945473233624,"GXSETH":0,"HOTETH":0.0012370501711222643,"ICXETH":0,"IOSTETH":0,"IOTAETH":0,"IOTXETH":0,"KEYETH":0,"KMDETH":0,"KNCETH":0,"LINKETH":0.05486203194411143,"LOOMETH":0,"LRCETH":0.04096178079070876,"LSKETH":0,"LTCETH":0.26060116356915586,"MANAETH":0,"MFTETH":0,"MTLETH":0.008430582605913992,"NANOETH":0.0069010463493822055,"NASETH":0,"NAVETH":0.1212232869640685,"NCASHETH":0.02421895780990348,"NEBLETH":0,"NEOETH":0,"OMGETH":0,"ONTETH":0,"OSTETH":0,"PIVXETH":0,"POWRETH":0.006883096661251714,"QKCETH":0,"QLCETH":0,"QSPETH":0,"QTUMETH":0,"REPETH":0,"RLCETH":0,"SCETH":0,"SNTETH":0,"STEEMETH":0,"THETAETH":0.0034578272972461827,"TRXETH":0.06811568631290509,"VETETH":0.008470841902027633,"VIBETH":0.007277129949223866,"WANETH":0,"WAVESETH":0.022355733510747443,"XEMETH":0,"XLMETH":0,"XMRETH":0.03742877687452561,"XRPETH":0,"XVGETH":0,"ZECETH":0.0021533593715475094,"ZENETH":0,"ZILETH":0,"ZRXETH":0},"numerosità_campione":757,"expected_return":-0.00034100674728637664,"standard_deviation":0.021989577963946436,"sharpe_ratio":-0.01550765311846743}