{"weights":{"ADAETH":0.16955402605740177,"ADXETH":0.009638817125903058,"AIONETH":0,"BATETH":0,"BLZETH":0,"BNBETH":0.0978799189143996,"BNTETH":0.07477995501893082,"BQXETH":0.06680523877302152,"BRDETH":0,"CDTETH":0,"CVCETH":0,"DASHETH":0,"DATAETH":0.014462719355380065,"DENTETH":0.012903562989759702,"ELFETH":0,"ENJETH":0,"EOSETH":0,"ETCETH":0.10154826587046537,"FUNETH":0,"GXSETH":0,"HOTETH":0,"ICXETH":0,"IOSTETH":0,"IOTAETH":0,"IOTXETH":0,"KEYETH":0,"KMDETH":0,"KNCETH":0,"LINKETH":0.12545472837874294,"LOOMETH":0,"LRCETH":0.03537384031907229,"LSKETH":0,"LTCETH":0,"MANAETH":0.002389097109208516,"MFTETH":0,"MTLETH":0.0265541293446896,"NANOETH":0.0016972516312139722,"NASETH":0,"NAVETH":0.030705196162502946,"NCASHETH":0.02960535048556178,"NEBLETH":0,"NEOETH":0,"OMGETH":0,"ONTETH":0,"OSTETH":0,"PIVXETH":0,"POWRETH":0,"QKCETH":0,"QLCETH":0,"QSPETH":0,"QTUMETH":0,"REPETH":0,"RLCETH":0,"SCETH":0,"SNTETH":0,"STEEMETH":0,"THETAETH":0.1388265635133653,"TRXETH":0,"VETETH":0.03800378030811009,"VIBETH":0,"WANETH":0,"WAVESETH":0.004442294826766448,"XEMETH":0,"XLMETH":0,"XMRETH":0,"XRPETH":0,"XVGETH":0,"ZECETH":0,"ZENETH":0.01937526381550426,"ZILETH":0,"ZRXETH":0},"numerosità_campione":757,"expected_return":0.0020426821605234484,"standard_deviation":0.027134580709039968,"sharpe_ratio":0.07527966554658877}