{"weights":{"ADAETH":0.13875416413232944,"ADXETH":0.0032074180067034495,"AIONETH":0,"BATETH":0,"BLZETH":0,"BNBETH":0.11523436773561928,"BNTETH":0.038813119998836014,"BQXETH":0.07563184497689723,"BRDETH":0,"CDTETH":0,"CVCETH":0,"DASHETH":0,"DATAETH":0,"DENTETH":0.006691101848206376,"ELFETH":0,"ENJETH":0,"EOSETH":0,"ETCETH":0.09532433540024561,"FUNETH":0.005634837519692084,"GXSETH":0,"HOTETH":0,"ICXETH":0,"IOSTETH":0,"IOTAETH":0,"IOTXETH":0,"KEYETH":0.006397935242636369,"KMDETH":0,"KNCETH":0,"LINKETH":0.017227431828977728,"LOOMETH":0,"LRCETH":0.031897357430602645,"LSKETH":0,"LTCETH":0.022206499360143146,"MANAETH":0.006805986855753287,"MFTETH":0.00802936691405981,"MTLETH":0.027068671342833403,"NANOETH":0.011137004781778391,"NASETH":0,"NAVETH":0.0301202612689042,"NCASHETH":0.04272379432983109,"NEBLETH":0,"NEOETH":0,"OMGETH":0,"ONTETH":0,"OSTETH":0,"PIVXETH":0,"POWRETH":0,"QKCETH":0,"QLCETH":0,"QSPETH":0,"QTUMETH":0,"REPETH":0,"RLCETH":0,"SCETH":0,"SNTETH":0,"STEEMETH":0,"STMXETH":0.054983171419280066,"THETAETH":0.13704512349508305,"TRXETH":0,"VETETH":0.03612819066701184,"VIBETH":0,"WANETH":0,"WAVESETH":0.07185993577733908,"XEMETH":0,"XLMETH":0,"XMRETH":0,"XRPETH":0,"XVGETH":0,"ZECETH":0,"ZENETH":0.017078079667236807,"ZILETH":0,"ZRXETH":0},"numerosità_campione":363,"expected_return":0.0034470493418214346,"standard_deviation":0.031975415585208146,"sharpe_ratio":0.10780311307090697}