{"weights":{"ADAETH":0.12985662718375418,"ADXETH":0.017198074082207956,"AIONETH":0,"BATETH":0,"BLZETH":0,"BNBETH":0.07293301001055132,"BNTETH":0.0875613564468155,"BQXETH":0.036939859982831516,"BRDETH":0,"CDTETH":0.011402979176610463,"CVCETH":0,"DASHETH":0,"DATAETH":0.005386556243678064,"DENTETH":0.005201835494362218,"ELFETH":0,"ENJETH":0,"EOSETH":0,"ETCETH":0.07193138899411894,"FUNETH":0.0072236554278865715,"GXSETH":0,"HOTETH":0,"ICXETH":0,"IOSTETH":0,"IOTAETH":0,"IOTXETH":0,"KEYETH":0,"KMDETH":0,"KNCETH":0,"LINKETH":0.08500622921574018,"LOOMETH":0,"LRCETH":0.040920042307971874,"LSKETH":0,"LTCETH":0.14061756577093634,"MANAETH":0,"MFTETH":0,"MTLETH":0.01710498738462204,"NANOETH":0.007425136948413861,"NASETH":0,"NAVETH":0.08976643571235728,"NCASHETH":0.02828422594416043,"NEBLETH":0,"NEOETH":0,"OMGETH":0,"ONTETH":0,"OSTETH":0,"PIVXETH":0,"POWRETH":0,"QKCETH":0,"QLCETH":0,"QSPETH":0,"QTUMETH":0,"REPETH":0,"RLCETH":0,"SCETH":0,"SNTETH":0,"STEEMETH":0,"THETAETH":0.06214853670631236,"TRXETH":0.03420182392221615,"VETETH":0.022774331424416722,"VIBETH":0,"WANETH":0,"WAVESETH":0.01890916831441568,"XEMETH":0,"XLMETH":0,"XMRETH":0,"XRPETH":0,"XVGETH":0,"ZECETH":0,"ZENETH":0.007206173305620518,"ZILETH":0,"ZRXETH":0},"numerosità_campione":757,"expected_return":0.0007471990584528913,"standard_deviation":0.023275833501616452,"sharpe_ratio":0.03210192487418335}