{"weights":{"ADAETH":0.15119041203363637,"ADXETH":0.015902888376135117,"AIONETH":0,"BATETH":0,"BLZETH":0,"BNBETH":0.08756700981247677,"BNTETH":0.08353198959144206,"BQXETH":0.049393762840586185,"BRDETH":0,"CDTETH":0.004605416626985453,"CVCETH":0,"DASHETH":0,"DATAETH":0.009164391936217297,"DENTETH":0.010100315281225599,"ELFETH":0,"ENJETH":0,"EOSETH":0,"ETCETH":0.09318394454914403,"FUNETH":0.003724134581826013,"GXSETH":0,"HOTETH":0,"ICXETH":0,"IOSTETH":0,"IOTAETH":0,"IOTXETH":0,"KEYETH":0,"KMDETH":0,"KNCETH":0,"LINKETH":0.10315917648234452,"LOOMETH":0,"LRCETH":0.04007286860179083,"LSKETH":0,"LTCETH":0.05994747983431821,"MANAETH":0,"MFTETH":0,"MTLETH":0.021186367583989292,"NANOETH":0.006054149109116539,"NASETH":0,"NAVETH":0.0688948184636839,"NCASHETH":0.02970327758723654,"NEBLETH":0,"NEOETH":0,"OMGETH":0,"ONTETH":0,"OSTETH":0,"PIVXETH":0,"POWRETH":0,"QKCETH":0,"QLCETH":0,"QSPETH":0,"QTUMETH":0,"REPETH":0,"RLCETH":0,"SCETH":0,"SNTETH":0,"STEEMETH":0,"THETAETH":0.09525099581451327,"TRXETH":0.00939583261957976,"VETETH":0.030476711939298018,"VIBETH":0,"WANETH":0,"WAVESETH":0.014515133207574756,"XEMETH":0,"XLMETH":0,"XMRETH":0,"XRPETH":0,"XVGETH":0,"ZECETH":0,"ZENETH":0.012978923126879614,"ZILETH":0,"ZRXETH":0},"numerosità_campione":757,"expected_return":0.001369030947446759,"standard_deviation":0.024836796700177747,"sharpe_ratio":0.0551210755546814}