{"weights":{"ADAETH":0.07393045543142857,"ADXETH":0.015402946527877097,"AIONETH":0,"BATETH":0,"BLZETH":0,"BNBETH":0.043363576807580156,"BNTETH":0.06566071182851592,"BQXETH":0.025201947139396465,"BRDETH":0,"CDTETH":0.003510449689457823,"CVCETH":0,"DASHETH":0,"DATAETH":0,"DENTETH":0,"ELFETH":0,"ENJETH":0,"EOSETH":0,"ETCETH":0.03173980895311346,"FUNETH":0.005290752951885884,"GXSETH":0,"HOTETH":0,"ICXETH":0,"IOSTETH":0,"IOTAETH":0,"IOTXETH":0,"KEYETH":0,"KMDETH":0,"KNCETH":0,"LINKETH":0.0708350627058372,"LOOMETH":0,"LRCETH":0.06283186218068876,"LSKETH":0,"LTCETH":0.2338751654717114,"MANAETH":0,"MFTETH":0,"MTLETH":0.01529098717208156,"NANOETH":0.004857887712131173,"NASETH":0,"NAVETH":0.15451465817738702,"NCASHETH":0.02186406694566566,"NEBLETH":0,"NEOETH":0,"OMGETH":0,"ONTETH":0,"OSTETH":0.004164457699508544,"PIVXETH":0,"POWRETH":0.004122062814748472,"QKCETH":0,"QLCETH":0,"QSPETH":0,"QTUMETH":0,"REPETH":0,"RLCETH":0,"SCETH":0,"SNTETH":0,"STEEMETH":0,"STMXETH":0.0205379153453426,"THETAETH":0.03189340222837233,"TRXETH":0.04813752270866782,"VETETH":0.0020705323604723203,"VIBETH":0.011792201603359764,"WANETH":0,"WAVESETH":0.048270494281478823,"XEMETH":0,"XLMETH":0,"XMRETH":0.0008410712632910701,"XRPETH":0,"XVGETH":0,"ZECETH":0,"ZENETH":0,"ZILETH":0,"ZRXETH":0},"numerosità_campione":363,"expected_return":0.000004525415961846677,"standard_deviation":0.02645187318972049,"sharpe_ratio":0.00017108111510247625}