{"weights":{"ADAETH":0.11190833940229417,"ADXETH":0.009717778813194997,"AIONETH":0,"BATETH":0,"BLZETH":0,"BNBETH":0.08896920231554632,"BNTETH":0.05177847761837891,"BQXETH":0.05673189263636713,"BRDETH":0,"CDTETH":0,"CVCETH":0,"DASHETH":0,"DATAETH":0,"DENTETH":0,"ELFETH":0,"ENJETH":0.0019266015393587612,"EOSETH":0,"ETCETH":0.07428106062445579,"FUNETH":0.006331178411945919,"GXSETH":0,"HOTETH":0,"ICXETH":0,"IOSTETH":0,"IOTAETH":0,"IOTXETH":0,"KEYETH":0.0021109471674566273,"KMDETH":0,"KNCETH":0,"LINKETH":0.04023767782245317,"LOOMETH":0,"LRCETH":0.04552831462506972,"LSKETH":0,"LTCETH":0.10821307323299341,"MANAETH":0,"MFTETH":0.000014537529242651946,"MTLETH":0.024082662248467168,"NANOETH":0.011014506577160497,"NASETH":0,"NAVETH":0.08117329212341905,"NCASHETH":0.036206149809057196,"NEBLETH":0,"NEOETH":0,"OMGETH":0,"ONTETH":0,"OSTETH":0,"PIVXETH":0,"POWRETH":0,"QKCETH":0,"QLCETH":0,"QSPETH":0,"QTUMETH":0,"REPETH":0,"RLCETH":0,"SCETH":0,"SNTETH":0,"STEEMETH":0,"STMXETH":0.04671143567688229,"THETAETH":0.09662052004251218,"TRXETH":0.009268580771242551,"VETETH":0.02542313887679864,"VIBETH":0,"WANETH":0,"WAVESETH":0.06429272063835308,"XEMETH":0,"XLMETH":0,"XMRETH":0,"XRPETH":0,"XVGETH":0,"ZECETH":0,"ZENETH":0.007457911497350029,"ZILETH":0,"ZRXETH":0},"numerosità_campione":363,"expected_return":0.0020909035528464456,"standard_deviation":0.02896528499324003,"sharpe_ratio":0.07218653478929775}