{"weights":{"ADAETH":0.11495519558245401,"ADXETH":0.017646613973696625,"AIONETH":0,"BATETH":0,"BLZETH":0,"BNBETH":0.06108974458312112,"BNTETH":0.08967855859439998,"BQXETH":0.028801623558267944,"BRDETH":0,"CDTETH":0.01554133434356281,"CVCETH":0,"DASHETH":0,"DATAETH":0.003005734377351246,"DENTETH":0.0016485652329575006,"ELFETH":0,"ENJETH":0,"EOSETH":0,"ETCETH":0.05690858440543361,"FUNETH":0.010029844891519516,"GXSETH":0,"HOTETH":0.000286649648232669,"ICXETH":0,"IOSTETH":0,"IOTAETH":0,"IOTXETH":0,"KEYETH":0,"KMDETH":0,"KNCETH":0,"LINKETH":0.0734798965443301,"LOOMETH":0,"LRCETH":0.04165109533349778,"LSKETH":0,"LTCETH":0.18829068915799696,"MANAETH":0,"MFTETH":0,"MTLETH":0.014557262719967812,"NANOETH":0.007865100136103833,"NASETH":0,"NAVETH":0.10207726890672428,"NCASHETH":0.027155292253671668,"NEBLETH":0,"NEOETH":0,"OMGETH":0,"ONTETH":0,"OSTETH":0,"PIVXETH":0,"POWRETH":0,"QKCETH":0,"QLCETH":0,"QSPETH":0,"QTUMETH":0,"REPETH":0,"RLCETH":0,"SCETH":0,"SNTETH":0,"STEEMETH":0,"THETAETH":0.039744568671591166,"TRXETH":0.048927393842664035,"VETETH":0.01814404759083952,"VIBETH":0,"WANETH":0,"WAVESETH":0.020928965936974766,"XEMETH":0,"XLMETH":0,"XMRETH":0.015390585022665333,"XRPETH":0,"XVGETH":0,"ZECETH":0,"ZENETH":0.0021953846919758645,"ZILETH":0,"ZRXETH":0},"numerosità_campione":757,"expected_return":0.00033264446579031295,"standard_deviation":0.02255816526967736,"sharpe_ratio":0.01474607805260887}