{"weights":{"ADAETH":0.16152788607710516,"ADXETH":0.0151036101477841,"AIONETH":0,"BATETH":0,"BLZETH":0,"BNBETH":0.09471011845665947,"BNTETH":0.08140995481850224,"BQXETH":0.05570956712385238,"BRDETH":0,"CDTETH":0.0010765911946488142,"CVCETH":0,"DASHETH":0,"DATAETH":0.011114049790813192,"DENTETH":0.012254188763405931,"ELFETH":0,"ENJETH":0,"EOSETH":0,"ETCETH":0.10346515646808047,"FUNETH":0.0019279552472667699,"GXSETH":0,"HOTETH":0,"ICXETH":0,"IOSTETH":0,"IOTAETH":0,"IOTXETH":0,"KEYETH":0,"KMDETH":0,"KNCETH":0,"LINKETH":0.1123538833032324,"LOOMETH":0,"LRCETH":0.03943540215226351,"LSKETH":0,"LTCETH":0.018369598071929588,"MANAETH":0,"MFTETH":0,"MTLETH":0.023251605276792,"NANOETH":0.005302543449400363,"NASETH":0,"NAVETH":0.05821330772137685,"NCASHETH":0.03033965168184534,"NEBLETH":0,"NEOETH":0,"OMGETH":0,"ONTETH":0,"OSTETH":0,"PIVXETH":0,"POWRETH":0,"QKCETH":0,"QLCETH":0,"QSPETH":0,"QTUMETH":0,"REPETH":0,"RLCETH":0,"SCETH":0,"SNTETH":0,"STEEMETH":0,"THETAETH":0.1120156750441807,"TRXETH":0,"VETETH":0.03439504527165396,"VIBETH":0,"WANETH":0,"WAVESETH":0.012234323799108392,"XEMETH":0,"XLMETH":0,"XMRETH":0,"XRPETH":0,"XVGETH":0,"ZECETH":0,"ZENETH":0.015789886140098373,"ZILETH":0,"ZRXETH":0},"numerosità_campione":757,"expected_return":0.0016799468919436922,"standard_deviation":0.025811286815136107,"sharpe_ratio":0.06508574733122362}