{"weights":{"ADAETH":0.12026961591734446,"ADXETH":0.007977224891355257,"AIONETH":0,"BATETH":0,"BLZETH":0,"BNBETH":0.09753853072779659,"BNTETH":0.0482139111270546,"BQXETH":0.06245916083497928,"BRDETH":0,"CDTETH":0,"CVCETH":0,"DASHETH":0,"DATAETH":0,"DENTETH":0.0022803660052790296,"ELFETH":0,"ENJETH":0.00099344326771913,"EOSETH":0,"ETCETH":0.08196845561233804,"FUNETH":0.006166685580990466,"GXSETH":0,"HOTETH":0,"ICXETH":0,"IOSTETH":0,"IOTAETH":0,"IOTXETH":0,"KEYETH":0.0035643722447196388,"KMDETH":0,"KNCETH":0,"LINKETH":0.03349551443236133,"LOOMETH":0,"LRCETH":0.041959004292103565,"LSKETH":0,"LTCETH":0.08360083663426776,"MANAETH":0.0011564781005854864,"MFTETH":0.0025145276512194012,"MTLETH":0.024944853297765298,"NANOETH":0.011354075805783554,"NASETH":0,"NAVETH":0.06670911667389844,"NCASHETH":0.03832361967429379,"NEBLETH":0,"NEOETH":0,"OMGETH":0,"ONTETH":0,"OSTETH":0,"PIVXETH":0,"POWRETH":0,"QKCETH":0,"QLCETH":0,"QSPETH":0,"QTUMETH":0,"REPETH":0,"RLCETH":0,"SCETH":0,"SNTETH":0,"STEEMETH":0,"STMXETH":0.04968511227303137,"THETAETH":0.10894307466837551,"TRXETH":0,"VETETH":0.028658444741477627,"VIBETH":0,"WANETH":0,"WAVESETH":0.06674385593718472,"XEMETH":0,"XLMETH":0,"XMRETH":0,"XRPETH":0,"XVGETH":0,"ZECETH":0,"ZENETH":0.010479719608075953,"ZILETH":0,"ZRXETH":0},"numerosità_campione":363,"expected_return":0.0025081791802233654,"standard_deviation":0.029792728761730128,"sharpe_ratio":0.08418762847414014}