{"weights":{"ADAETH":0.09972003719063803,"ADXETH":0.011891376166278604,"AIONETH":0,"BATETH":0,"BLZETH":0,"BNBETH":0.07563627057857876,"BNTETH":0.056713732071557874,"BQXETH":0.047524707778011904,"BRDETH":0,"CDTETH":0,"CVCETH":0,"DASHETH":0,"DATAETH":0,"DENTETH":0,"ELFETH":0,"ENJETH":0.001511698005029677,"EOSETH":0,"ETCETH":0.06263886386651085,"FUNETH":0.006355288639221435,"GXSETH":0,"HOTETH":0,"ICXETH":0,"IOSTETH":0,"IOTAETH":0,"IOTXETH":0,"KEYETH":0,"KMDETH":0,"KNCETH":0,"LINKETH":0.050112007014446514,"LOOMETH":0,"LRCETH":0.050920590350938134,"LSKETH":0,"LTCETH":0.146589334027851,"MANAETH":0,"MFTETH":0,"MTLETH":0.021881300228895888,"NANOETH":0.009485805561843079,"NASETH":0,"NAVETH":0.10388810113331345,"NCASHETH":0.032292099768850724,"NEBLETH":0,"NEOETH":0,"OMGETH":0,"ONTETH":0,"OSTETH":0.0012845829036393732,"PIVXETH":0,"POWRETH":0,"QKCETH":0,"QLCETH":0,"QSPETH":0,"QTUMETH":0,"REPETH":0,"RLCETH":0,"SCETH":0,"SNTETH":0,"STEEMETH":0,"STMXETH":0.040075170568056775,"THETAETH":0.07749181513829428,"TRXETH":0.022167272056984582,"VETETH":0.019551707417523677,"VIBETH":0,"WANETH":0,"WAVESETH":0.05986096534994688,"XEMETH":0,"XLMETH":0,"XMRETH":0,"XRPETH":0,"XVGETH":0,"ZECETH":0,"ZENETH":0.002407274183588572,"ZILETH":0,"ZRXETH":0},"numerosità_campione":363,"expected_return":0.001464990111781066,"standard_deviation":0.027909115171025296,"sharpe_ratio":0.052491456744640556}