{"weights":{"ADABUSD":0,"ALGOBUSD":0,"ATOMBUSD":0,"BATBUSD":0,"BCHBUSD":0,"BNBBUSD":0.05133114088932788,"BNTBUSD":0.1716154753425737,"BTCBUSD":0.1380624616643362,"BTTBUSD":0,"DASHBUSD":0,"ENJBUSD":0.07189670187564313,"EOSBUSD":0,"ETCBUSD":0,"ETHBUSD":0.16091037578920275,"ICXBUSD":0,"LINKBUSD":0,"LTCBUSD":0,"NANOBUSD":0,"NEOBUSD":0,"ONTBUSD":0,"QTUMBUSD":0,"RVNBUSD":0,"TOMOBUSD":0,"TRXBUSD":0,"VETBUSD":0.11709977845065826,"WAVESBUSD":0.2881727844056715,"XLMBUSD":0,"XMRBUSD":0.0009112815825866828,"XRPBUSD":0,"XTZBUSD":0,"ZECBUSD":0},"numerosità_campione":31,"expected_return":0.32769814362857064,"standard_deviation":0.31593310158649246,"sharpe_ratio":1.0372390293482978}