{"weights":{"ADABUSD":0,"ALGOBUSD":0,"ATOMBUSD":0,"BATBUSD":0,"BCHBUSD":0,"BNBBUSD":0.06681856332357348,"BNTBUSD":0.20469316347655347,"BTCBUSD":0,"BTTBUSD":0,"DASHBUSD":0,"ENJBUSD":0.09089322443588417,"EOSBUSD":0,"ETCBUSD":0,"ETHBUSD":0.15409802954523688,"ICXBUSD":0,"LINKBUSD":0,"LTCBUSD":0,"NANOBUSD":0,"NEOBUSD":0,"ONTBUSD":0,"QTUMBUSD":0,"RVNBUSD":9.825268320591784e-18,"TOMOBUSD":0,"TRXBUSD":0,"VETBUSD":0.15422424648253863,"WAVESBUSD":0.3292727727362134,"XLMBUSD":0,"XMRBUSD":0,"XRPBUSD":0,"XTZBUSD":0,"ZECBUSD":0},"numerosità_campione":31,"expected_return":0.360160167053707,"standard_deviation":0.35956257469398817,"sharpe_ratio":1.0016619982216655}