{"weights":{"ADABUSD":0,"ALGOBUSD":0,"ATOMBUSD":0,"BATBUSD":0,"BCHBUSD":0,"BNBBUSD":1.4475655696046763e-17,"BNTBUSD":0.14547073880683037,"BTCBUSD":0.21485155940940384,"BTTBUSD":0,"DASHBUSD":0,"ENJBUSD":0.07315451129687911,"EOSBUSD":0,"ETCBUSD":0,"ETHBUSD":0.051537732828884145,"ICXBUSD":0,"LINKBUSD":0,"LTCBUSD":0,"NANOBUSD":0.03252468219449125,"NEOBUSD":0,"ONTBUSD":0,"QTUMBUSD":0,"RVNBUSD":0,"TOMOBUSD":0,"TRXBUSD":0,"VETBUSD":0.0286107488464658,"WAVESBUSD":0.23151619914306065,"XLMBUSD":0,"XMRBUSD":0.22233382747398506,"XRPBUSD":0,"XTZBUSD":0,"ZECBUSD":0},"numerosità_campione":31,"expected_return":0.274578468932893,"standard_deviation":0.24871169269614843,"sharpe_ratio":1.1040030565364134}