{"weights":{"ADABUSD":0,"ALGOBUSD":0,"ATOMBUSD":0,"BATBUSD":0,"BCHBUSD":0,"BNBBUSD":0.2613424477865606,"BNTBUSD":0.27178730023357767,"BTCBUSD":0,"BTTBUSD":0,"DASHBUSD":0,"ENJBUSD":0.3272448945081315,"EOSBUSD":0,"ETCBUSD":0,"ETHBUSD":0,"ICXBUSD":0,"LINKBUSD":0,"LTCBUSD":0,"NANOBUSD":0,"NEOBUSD":0,"ONTBUSD":0,"QTUMBUSD":0,"RVNBUSD":8.543149057733666e-17,"TOMOBUSD":0,"TRXBUSD":0,"VETBUSD":0.13962535747173022,"WAVESBUSD":0,"XLMBUSD":0,"XMRBUSD":0,"XRPBUSD":0,"XTZBUSD":0,"ZECBUSD":0},"numerosità_campione":31,"expected_return":0.4368885860585748,"standard_deviation":0.5770333451724943,"sharpe_ratio":0.7571288378975298}