{"weights":{"ADABUSD":0,"ALGOBUSD":0,"ATOMBUSD":0,"BATBUSD":0,"BCHBUSD":0,"BNBBUSD":0,"BNTBUSD":0.08811388973122382,"BTCBUSD":0.3552678465838625,"BTTBUSD":0,"DASHBUSD":0,"ENJBUSD":0.052009832160618094,"EOSBUSD":0,"ETCBUSD":0,"ETHBUSD":0,"ICXBUSD":0,"LINKBUSD":0.00975031130286116,"LTCBUSD":0,"NANOBUSD":0.04823035364043621,"NEOBUSD":0,"ONTBUSD":0,"QTUMBUSD":0,"RVNBUSD":0,"TOMOBUSD":0,"TRXBUSD":0,"VETBUSD":0,"WAVESBUSD":0.16358662997370296,"XLMBUSD":0,"XMRBUSD":0.28304113660729535,"XRPBUSD":0,"XTZBUSD":0,"ZECBUSD":0},"numerosità_campione":31,"expected_return":0.23621425943045904,"standard_deviation":0.20700557339752415,"sharpe_ratio":1.141100964353476}