{"weights":{"ADABUSD":0,"ALGOBUSD":0,"ATOMBUSD":0,"BATBUSD":0,"BCHBUSD":0,"BNBBUSD":0,"BNTBUSD":0.1290967182260264,"BTCBUSD":0.24787343842865178,"BTTBUSD":0,"DASHBUSD":0,"ENJBUSD":0.06961432368624773,"EOSBUSD":0,"ETCBUSD":0,"ETHBUSD":0.05019590928958397,"ICXBUSD":0,"LINKBUSD":0,"LTCBUSD":0,"NANOBUSD":0.03457492095308431,"NEOBUSD":0,"ONTBUSD":0,"QTUMBUSD":0,"RVNBUSD":0,"TOMOBUSD":0,"TRXBUSD":0,"VETBUSD":0,"WAVESBUSD":0.20930177273261358,"XLMBUSD":0,"XMRBUSD":0.2593429166837923,"XRPBUSD":0,"XTZBUSD":0,"ZECBUSD":0},"numerosità_campione":31,"expected_return":0.2598230037396491,"standard_deviation":0.23144581995050767,"sharpe_ratio":1.1226083227392467}