{"weights":{"ADABUSD":0,"ALGOBUSD":0,"ATOMBUSD":0,"BATBUSD":0,"BCHBUSD":0,"BNBBUSD":0,"BNTBUSD":0,"BTCBUSD":0.5331984170084797,"BTTBUSD":0,"DASHBUSD":0,"ENJBUSD":0.0026805824337333937,"EOSBUSD":0,"ETCBUSD":0,"ETHBUSD":0,"ICXBUSD":0,"LINKBUSD":0.02355412808038116,"LTCBUSD":0,"NANOBUSD":0.0460667893237075,"NEOBUSD":0,"ONTBUSD":0,"QTUMBUSD":0,"RVNBUSD":0,"TOMOBUSD":0.018045865460971804,"TRXBUSD":0.012525046494899736,"VETBUSD":0,"WAVESBUSD":0.0424947919067622,"XLMBUSD":0,"XMRBUSD":0.32143437929106433,"XRPBUSD":0,"XTZBUSD":0,"ZECBUSD":0},"numerosità_campione":31,"expected_return":0.18309458473478135,"standard_deviation":0.17667409625182942,"sharpe_ratio":1.0363408593515613}