{"weights":{"ADABUSD":0,"ALGOBUSD":0,"ATOMBUSD":0,"BATBUSD":0,"BCHBUSD":0,"BNBBUSD":0.0665999822457071,"BNTBUSD":0.2019323786909265,"BTCBUSD":0,"BTTBUSD":0,"DASHBUSD":0,"ENJBUSD":0.08802038768224199,"EOSBUSD":0,"ETCBUSD":0,"ETHBUSD":0.17470893311733884,"ICXBUSD":0,"LINKBUSD":0,"LTCBUSD":0,"NANOBUSD":0,"NEOBUSD":0,"ONTBUSD":0,"QTUMBUSD":0,"RVNBUSD":5.883395700536904e-18,"TOMOBUSD":0,"TRXBUSD":0,"VETBUSD":0.14478890029931266,"WAVESBUSD":0.3239494179644729,"XLMBUSD":0,"XMRBUSD":0,"XRPBUSD":0,"XTZBUSD":0,"ZECBUSD":0},"numerosità_campione":31,"expected_return":0.35720907401505814,"standard_deviation":0.3554098135616361,"sharpe_ratio":1.0050624951387563}