{"weights":{"ADABUSD":0,"ALGOBUSD":0,"ATOMBUSD":0,"BATBUSD":0,"BCHBUSD":0,"BNBBUSD":0.0342663765593028,"BNTBUSD":0.16779096569441992,"BTCBUSD":0.14952176898929373,"BTTBUSD":0,"DASHBUSD":0,"ENJBUSD":0.07382197296985331,"EOSBUSD":0,"ETCBUSD":0,"ETHBUSD":0.13649726184289146,"ICXBUSD":0,"LINKBUSD":0,"LTCBUSD":0,"NANOBUSD":0.0056592349884295595,"NEOBUSD":0,"ONTBUSD":0,"QTUMBUSD":0,"RVNBUSD":0,"TOMOBUSD":0,"TRXBUSD":0,"VETBUSD":0.0896903580415942,"WAVESBUSD":0.2730549072630491,"XLMBUSD":0,"XMRBUSD":0.06969715365116609,"XRPBUSD":0,"XTZBUSD":0,"ZECBUSD":0},"numerosità_campione":31,"expected_return":0.3129426784353268,"standard_deviation":0.29694830425196667,"sharpe_ratio":1.0538624870199245}