{"weights":{"ADABUSD":0,"ALGOBUSD":0,"ATOMBUSD":0,"BATBUSD":0,"BCHBUSD":0,"BNBBUSD":0,"BNTBUSD":0.11850043728519877,"BTCBUSD":0.2785359161077629,"BTTBUSD":0,"DASHBUSD":0,"ENJBUSD":0.06557786133594601,"EOSBUSD":0,"ETCBUSD":0,"ETHBUSD":0.030994857460824685,"ICXBUSD":0,"LINKBUSD":0,"LTCBUSD":0,"NANOBUSD":0.040812416691118646,"NEOBUSD":0,"ONTBUSD":0,"QTUMBUSD":0,"RVNBUSD":0,"TOMOBUSD":0,"TRXBUSD":0,"VETBUSD":0,"WAVESBUSD":0.19999210593675232,"XLMBUSD":0,"XMRBUSD":0.2655864051823967,"XRPBUSD":0,"XTZBUSD":0,"ZECBUSD":0},"numerosità_campione":31,"expected_return":0.25392081766235164,"standard_deviation":0.2249131290620673,"sharpe_ratio":1.1289728559700014}