{"weights":{"ADABUSD":0,"ALGOBUSD":0,"ATOMBUSD":0,"BATBUSD":0,"BCHBUSD":0,"BNBBUSD":0,"BNTBUSD":0.09799563157317585,"BTCBUSD":0.3343796911514041,"BTTBUSD":0,"DASHBUSD":0,"ENJBUSD":0.057052598019907176,"EOSBUSD":0,"ETCBUSD":0,"ETHBUSD":0,"ICXBUSD":0,"LINKBUSD":0.00664766373835523,"LTCBUSD":0,"NANOBUSD":0.048638405254254155,"NEOBUSD":0,"ONTBUSD":0,"QTUMBUSD":0,"RVNBUSD":0,"TOMOBUSD":0,"TRXBUSD":0,"VETBUSD":0,"WAVESBUSD":0.17770433026480753,"XLMBUSD":0,"XMRBUSD":0.27758167999809596,"XRPBUSD":0,"XTZBUSD":0,"ZECBUSD":0},"numerosità_campione":31,"expected_return":0.24211644550775654,"standard_deviation":0.2126525883744446,"sharpe_ratio":1.1385539548732468}