{"weights":{"ADABUSD":0,"ALGOBUSD":0,"ATOMBUSD":0,"BATBUSD":0,"BCHBUSD":0.006186845423133653,"BNBBUSD":0,"BNTBUSD":0,"BTCBUSD":0.5383640064521756,"BTTBUSD":0,"DASHBUSD":0,"ENJBUSD":0,"EOSBUSD":0.04724439555891557,"ETCBUSD":0,"ETHBUSD":0,"ICXBUSD":0,"LINKBUSD":0.03183155741085991,"LTCBUSD":0,"NANOBUSD":0.0354722549731267,"NEOBUSD":0,"ONTBUSD":0,"QTUMBUSD":0,"RVNBUSD":0,"TOMOBUSD":0.002317353049166545,"TRXBUSD":0.02000333870428035,"VETBUSD":0,"WAVESBUSD":0.008464647351489435,"XLMBUSD":0,"XMRBUSD":0.3101156010768521,"XRPBUSD":0,"XTZBUSD":0,"ZECBUSD":0},"numerosità_campione":31,"expected_return":0.17129021258018629,"standard_deviation":0.17599272168014854,"sharpe_ratio":0.9732800933182416}