{"weights":{"ADABUSD":0,"ALGOBUSD":0,"ATOMBUSD":0,"BATBUSD":0,"BCHBUSD":0,"BNBBUSD":0,"BNTBUSD":0.11320229681478496,"BTCBUSD":0.29386715494731847,"BTTBUSD":0,"DASHBUSD":0,"ENJBUSD":0.06355963016079515,"EOSBUSD":0,"ETCBUSD":0,"ETHBUSD":0.02139433154644504,"ICXBUSD":0,"LINKBUSD":0,"LTCBUSD":0,"NANOBUSD":0.043931164560135814,"NEOBUSD":0,"ONTBUSD":0,"QTUMBUSD":0,"RVNBUSD":0,"TOMOBUSD":0,"TRXBUSD":0,"VETBUSD":0,"WAVESBUSD":0.19533727253882172,"XLMBUSD":0,"XMRBUSD":0.26870814943169885,"XRPBUSD":0,"XTZBUSD":0,"ZECBUSD":0},"numerosità_campione":31,"expected_return":0.2509697246237028,"standard_deviation":0.22174374846126244,"sharpe_ratio":1.131800676976226}