{"weights":{"ADABUSD":0,"ALGOBUSD":0,"ATOMBUSD":0,"BATBUSD":0,"BCHBUSD":0,"BNBBUSD":0.06285055923222,"BNTBUSD":0.1929640321397865,"BTCBUSD":0.033132085779137205,"BTTBUSD":0,"DASHBUSD":0,"ENJBUSD":0.08237436488240674,"EOSBUSD":0,"ETCBUSD":0,"ETHBUSD":0.1841019453137807,"ICXBUSD":0,"LINKBUSD":0,"LTCBUSD":0,"NANOBUSD":0,"NEOBUSD":0,"ONTBUSD":0,"QTUMBUSD":0,"RVNBUSD":2.0466195556812155e-18,"TOMOBUSD":0,"TRXBUSD":0,"VETBUSD":0.13243999250846733,"WAVESBUSD":0.31213702014420164,"XLMBUSD":0,"XMRBUSD":0,"XRPBUSD":0,"XTZBUSD":0,"ZECBUSD":0},"numerosità_campione":31,"expected_return":0.34835579489911195,"standard_deviation":0.34330130540060977,"sharpe_ratio":1.0147231875294034}