{"weights":{"ADABUSD":0,"ALGOBUSD":0,"ATOMBUSD":0,"BATBUSD":0,"BCHBUSD":0,"BNBBUSD":0.053065754634995896,"BNTBUSD":0.17452045085024584,"BTCBUSD":0.12387796870568255,"BTTBUSD":0,"DASHBUSD":0,"ENJBUSD":0.07327872733725282,"EOSBUSD":0,"ETCBUSD":0,"ETHBUSD":0.164139622501467,"ICXBUSD":0,"LINKBUSD":0,"LTCBUSD":0,"NANOBUSD":0,"NEOBUSD":0,"ONTBUSD":0,"QTUMBUSD":0,"RVNBUSD":2.76122037249534e-19,"TOMOBUSD":0,"TRXBUSD":0,"VETBUSD":0.11953309984384405,"WAVESBUSD":0.291584376126512,"XLMBUSD":0,"XMRBUSD":0,"XRPBUSD":0,"XTZBUSD":0,"ZECBUSD":0},"numerosità_campione":31,"expected_return":0.33064923666721935,"standard_deviation":0.3197632198826767,"sharpe_ratio":1.0340439928911673}