{"weights":{"ADABUSD":0,"ALGOBUSD":0,"ATOMBUSD":0,"BATBUSD":0,"BCHBUSD":0,"BNBBUSD":0,"BNTBUSD":0.0033983931588609825,"BTCBUSD":0.5277449025762335,"BTTBUSD":0,"DASHBUSD":0,"ENJBUSD":0.00819974897240425,"EOSBUSD":0,"ETCBUSD":0,"ETHBUSD":0,"ICXBUSD":0,"LINKBUSD":0.027453036188514628,"LTCBUSD":0,"NANOBUSD":0.04471969780761816,"NEOBUSD":0,"ONTBUSD":0,"QTUMBUSD":0,"RVNBUSD":0,"TOMOBUSD":0.013485346813280855,"TRXBUSD":0,"VETBUSD":0,"WAVESBUSD":0.04848708675883013,"XLMBUSD":0,"XMRBUSD":0.32651178772425754,"XRPBUSD":0,"XTZBUSD":0,"ZECBUSD":0},"numerosità_campione":31,"expected_return":0.18604567777343012,"standard_deviation":0.17725674455633939,"sharpe_ratio":1.049583067990382}