{"weights":{"ADABUSD":0,"ALGOBUSD":0,"ATOMBUSD":0,"BATBUSD":0,"BCHBUSD":0,"BNBBUSD":2.5236472220665668e-17,"BNTBUSD":0.1538446886992395,"BTCBUSD":0.2012944295071063,"BTTBUSD":0,"DASHBUSD":0,"ENJBUSD":0.07433938966232889,"EOSBUSD":0,"ETCBUSD":0,"ETHBUSD":0.045652911340743695,"ICXBUSD":0,"LINKBUSD":0,"LTCBUSD":0,"NANOBUSD":0.033236315854796895,"NEOBUSD":0,"ONTBUSD":0,"QTUMBUSD":0,"RVNBUSD":0,"TOMOBUSD":0,"TRXBUSD":0,"VETBUSD":0.04987921677865416,"WAVESBUSD":0.2446929164428697,"XLMBUSD":0,"XMRBUSD":0.1970601317142611,"XRPBUSD":0,"XTZBUSD":0,"ZECBUSD":0},"numerosità_campione":31,"expected_return":0.28343174804883925,"standard_deviation":0.2595713991625022,"sharpe_ratio":1.091922102987161}