{"weights":{"ADABUSD":0,"ALGOBUSD":0,"ATOMBUSD":0,"BATBUSD":0,"BCHBUSD":0,"BNBBUSD":0,"BNTBUSD":0.07329127696829574,"BTCBUSD":0.38660007973255006,"BTTBUSD":0,"DASHBUSD":0,"ENJBUSD":0.04444568337168447,"EOSBUSD":0,"ETCBUSD":0,"ETHBUSD":0,"ICXBUSD":0,"LINKBUSD":0.01440428264962006,"LTCBUSD":0,"NANOBUSD":0.04761827621970928,"NEOBUSD":0,"ONTBUSD":0,"QTUMBUSD":0,"RVNBUSD":0,"TOMOBUSD":0,"TRXBUSD":0,"VETBUSD":0,"WAVESBUSD":0.1424100795370461,"XLMBUSD":0,"XMRBUSD":0.2912303215210943,"XRPBUSD":0,"XTZBUSD":0,"ZECBUSD":0},"numerosità_campione":31,"expected_return":0.22736098031451268,"standard_deviation":0.19925265199348524,"sharpe_ratio":1.141068778958819}