{"weights":{"ADABUSD":0,"ALGOBUSD":0,"ATOMBUSD":0,"BATBUSD":0,"BCHBUSD":0,"BNBBUSD":0.012153570573252488,"BNTBUSD":0.16005619027859322,"BTCBUSD":0.1808836772032904,"BTTBUSD":0,"DASHBUSD":0,"ENJBUSD":0.07433487156740878,"EOSBUSD":0,"ETCBUSD":0,"ETHBUSD":0.07698449538627535,"ICXBUSD":0,"LINKBUSD":0,"LTCBUSD":0,"NANOBUSD":0.02356280529220899,"NEOBUSD":0,"ONTBUSD":0,"QTUMBUSD":0,"RVNBUSD":0,"TOMOBUSD":0,"TRXBUSD":0,"VETBUSD":0.06721241419416427,"WAVESBUSD":0.25674292276049965,"XLMBUSD":0,"XMRBUSD":0.14806905274430704,"XRPBUSD":0,"XTZBUSD":0,"ZECBUSD":0},"numerosità_campione":31,"expected_return":0.29523612020343426,"standard_deviation":0.27441447399668806,"sharpe_ratio":1.075876632538696}