{"weights":{"ADABUSD":0,"ALGOBUSD":0,"ATOMBUSD":0,"BATBUSD":0,"BCHBUSD":0,"BNBBUSD":0,"BNTBUSD":0.023882567758535648,"BTCBUSD":0.4910408568948418,"BTTBUSD":0,"DASHBUSD":0,"ENJBUSD":0.01923185407523912,"EOSBUSD":0,"ETCBUSD":0,"ETHBUSD":0,"ICXBUSD":0,"LINKBUSD":0.029917520472149677,"LTCBUSD":0,"NANOBUSD":0.04557801815061954,"NEOBUSD":0,"ONTBUSD":0,"QTUMBUSD":0,"RVNBUSD":0,"TOMOBUSD":0,"TRXBUSD":0,"VETBUSD":0,"WAVESBUSD":0.07182157808152348,"XLMBUSD":0,"XMRBUSD":0.3185276045670909,"XRPBUSD":0,"XTZBUSD":0,"ZECBUSD":0},"numerosità_campione":31,"expected_return":0.19785004992802513,"standard_deviation":0.18086726971262385,"sharpe_ratio":1.0938963707606404}