{"weights":{"ADABUSD":0,"ALGOBUSD":0,"ATOMBUSD":0,"BATBUSD":0,"BCHBUSD":0,"BNBBUSD":0,"BNTBUSD":0.09305476065219984,"BTCBUSD":0.34482376886763333,"BTTBUSD":0,"DASHBUSD":0,"ENJBUSD":0.054531215090262646,"EOSBUSD":0,"ETCBUSD":0,"ETHBUSD":0,"ICXBUSD":0,"LINKBUSD":0.008198987520608197,"LTCBUSD":0,"NANOBUSD":0.04843437944734519,"NEOBUSD":0,"ONTBUSD":0,"QTUMBUSD":0,"RVNBUSD":0,"TOMOBUSD":0,"TRXBUSD":0,"VETBUSD":0,"WAVESBUSD":0.17064548011925526,"XLMBUSD":0,"XMRBUSD":0.28031140830269563,"XRPBUSD":0,"XTZBUSD":0,"ZECBUSD":0},"numerosità_campione":31,"expected_return":0.23916535246910778,"standard_deviation":0.20978372909642706,"sharpe_ratio":1.1400567312785992}