{"weights":{"ADABUSD":0,"ALGOBUSD":0,"ATOMBUSD":0,"BATBUSD":0,"BCHBUSD":0,"BNBBUSD":0.05958895769981197,"BNTBUSD":0.1868161717099396,"BTCBUSD":0.06338071342131898,"BTTBUSD":0,"DASHBUSD":0,"ENJBUSD":0.07934248570068878,"EOSBUSD":0,"ETCBUSD":0,"ETHBUSD":0.17744783770967615,"ICXBUSD":0,"LINKBUSD":0,"LTCBUSD":0,"NANOBUSD":0,"NEOBUSD":0,"ONTBUSD":0,"QTUMBUSD":0,"RVNBUSD":1.4564537162039885e-18,"TOMOBUSD":0,"TRXBUSD":0,"VETBUSD":0.12813769495359292,"WAVESBUSD":0.30528613880497174,"XLMBUSD":0,"XMRBUSD":0,"XRPBUSD":0,"XTZBUSD":0,"ZECBUSD":0},"numerosità_campione":31,"expected_return":0.34245360882181447,"standard_deviation":0.33535524106345505,"sharpe_ratio":1.0211667118600847}