{"weights":{"ADABUSD":0,"ALGOBUSD":0,"ATOMBUSD":0,"BATBUSD":0,"BCHBUSD":0,"BNBBUSD":0.29666389287980244,"BNTBUSD":0.27811002287007175,"BTCBUSD":0,"BTTBUSD":0,"DASHBUSD":0,"ENJBUSD":0.37874725063786324,"EOSBUSD":0,"ETCBUSD":0,"ETHBUSD":0,"ICXBUSD":0,"LINKBUSD":0,"LTCBUSD":0,"NANOBUSD":0,"NEOBUSD":0,"ONTBUSD":0,"QTUMBUSD":0,"RVNBUSD":1.3384322563582626e-16,"TOMOBUSD":0,"TRXBUSD":0,"VETBUSD":0.04647883361226261,"WAVESBUSD":0,"XLMBUSD":0,"XMRBUSD":0,"XRPBUSD":0,"XTZBUSD":0,"ZECBUSD":0},"numerosità_campione":31,"expected_return":0.4427907721358723,"standard_deviation":0.6101265730130623,"sharpe_ratio":0.7257359238578722}