{"weights":{"ADABUSD":0,"ALGOBUSD":0,"ATOMBUSD":0,"BATBUSD":0,"BCHBUSD":0,"BNBBUSD":0,"BNTBUSD":0,"BTCBUSD":0.5340943095989925,"BTTBUSD":0,"DASHBUSD":0,"ENJBUSD":0,"EOSBUSD":0.0729991579662137,"ETCBUSD":0,"ETHBUSD":0,"ICXBUSD":0,"LINKBUSD":0.030457506032571195,"LTCBUSD":0,"NANOBUSD":0.03493302882729448,"NEOBUSD":0,"ONTBUSD":0,"QTUMBUSD":0,"RVNBUSD":0,"TOMOBUSD":0,"TRXBUSD":0.012479280909252936,"VETBUSD":0,"WAVESBUSD":0.0066799241529186815,"XLMBUSD":0,"XMRBUSD":0.30835679251275655,"XRPBUSD":0,"XTZBUSD":0,"ZECBUSD":0},"numerosità_campione":31,"expected_return":0.16833911954153755,"standard_deviation":0.17598232057950383,"sharpe_ratio":0.9565683586124022}