{"weights":{"ADABUSD":0,"ALGOBUSD":0,"ATOMBUSD":0,"BATBUSD":0,"BCHBUSD":0,"BNBBUSD":2.1649533379126008e-17,"BNTBUSD":0.15105337206843644,"BTCBUSD":0.20581347280787216,"BTTBUSD":0,"DASHBUSD":0,"ENJBUSD":0.07394443020717895,"EOSBUSD":0,"ETCBUSD":0,"ETHBUSD":0.04761451850345719,"ICXBUSD":0,"LINKBUSD":0,"LTCBUSD":0,"NANOBUSD":0.032999104634695006,"NEOBUSD":0,"ONTBUSD":0,"QTUMBUSD":0,"RVNBUSD":0,"TOMOBUSD":0,"TRXBUSD":0,"VETBUSD":0.04278972746792466,"WAVESBUSD":0.2403006773429333,"XLMBUSD":0,"XMRBUSD":0.20548469696750243,"XRPBUSD":0,"XTZBUSD":0,"ZECBUSD":0},"numerosità_campione":31,"expected_return":0.2804806550101905,"standard_deviation":0.25591408181048825,"sharpe_ratio":1.0959953943366605}