{"weights":{"ADABUSD":0,"ALGOBUSD":0,"ATOMBUSD":0,"BATBUSD":0,"BCHBUSD":0,"BNBBUSD":0.06703714440143986,"BNTBUSD":0.20745394826218033,"BTCBUSD":0,"BTTBUSD":0,"DASHBUSD":0,"ENJBUSD":0.09376606118952624,"EOSBUSD":0,"ETCBUSD":0,"ETHBUSD":0.1334871259731357,"ICXBUSD":0,"LINKBUSD":0,"LTCBUSD":0,"NANOBUSD":0,"NEOBUSD":0,"ONTBUSD":0,"QTUMBUSD":0,"RVNBUSD":1.3767140940646515e-17,"TOMOBUSD":0,"TRXBUSD":0,"VETBUSD":0.16365959266576424,"WAVESBUSD":0.33459612750795364,"XLMBUSD":0,"XMRBUSD":0,"XRPBUSD":0,"XTZBUSD":0,"ZECBUSD":0},"numerosità_campione":31,"expected_return":0.36311126009235567,"standard_deviation":0.3637950038280898,"sharpe_ratio":0.9981205246676306}