{"weights":{"ADABUSD":0,"ALGOBUSD":0,"ATOMBUSD":0,"BATBUSD":0,"BCHBUSD":0,"BNBBUSD":0.048084727711377416,"BNTBUSD":0.17117094005945352,"BTCBUSD":0.13856060582908514,"BTTBUSD":0,"DASHBUSD":0,"ENJBUSD":0.07246483048550718,"EOSBUSD":0,"ETCBUSD":0,"ETHBUSD":0.15910546641489032,"ICXBUSD":0,"LINKBUSD":0,"LTCBUSD":0,"NANOBUSD":0,"NEOBUSD":0,"ONTBUSD":0,"QTUMBUSD":0,"RVNBUSD":0,"TOMOBUSD":0,"TRXBUSD":0,"VETBUSD":0.11055725604526025,"WAVESBUSD":0.2849628710587968,"XLMBUSD":0,"XMRBUSD":0.015093302395629522,"XRPBUSD":0,"XTZBUSD":0,"ZECBUSD":0},"numerosità_campione":31,"expected_return":0.32474705058992187,"standard_deviation":0.31212005319425445,"sharpe_ratio":1.0404555787634981}