{"weights":{"ADABUSD":0,"ALGOBUSD":0,"ATOMBUSD":0,"BATBUSD":0,"BCHBUSD":0,"BNBBUSD":0,"BNTBUSD":0.053527793284391736,"BTCBUSD":0.4283763905974667,"BTTBUSD":0,"DASHBUSD":0,"ENJBUSD":0.034360151653106345,"EOSBUSD":0,"ETCBUSD":0,"ETHBUSD":0,"ICXBUSD":0,"LINKBUSD":0.020609577778631896,"LTCBUSD":0,"NANOBUSD":0.046802172992073385,"NEOBUSD":0,"ONTBUSD":0,"QTUMBUSD":0,"RVNBUSD":0,"TOMOBUSD":0,"TRXBUSD":0,"VETBUSD":0,"WAVESBUSD":0.11417467895483711,"XLMBUSD":0,"XMRBUSD":0.30214923473949296,"XRPBUSD":0,"XTZBUSD":0,"ZECBUSD":0},"numerosità_campione":31,"expected_return":0.21555660815991773,"standard_deviation":0.1904156034147185,"sharpe_ratio":1.1320322720110443}