{"weights":{"ADABUSD":0,"ALGOBUSD":0,"ATOMBUSD":0,"BATBUSD":0,"BCHBUSD":0,"BNBBUSD":0.061219758466015975,"BNTBUSD":0.18989010192486303,"BTCBUSD":0.0482563996002281,"BTTBUSD":0,"DASHBUSD":0,"ENJBUSD":0.08085842529154774,"EOSBUSD":0,"ETCBUSD":0,"ETHBUSD":0.18077489151172838,"ICXBUSD":0,"LINKBUSD":0,"LTCBUSD":0,"NANOBUSD":0,"NEOBUSD":0,"ONTBUSD":0,"QTUMBUSD":0,"RVNBUSD":1.7515366359426015e-18,"TOMOBUSD":0,"TRXBUSD":0,"VETBUSD":0.1302888437310301,"WAVESBUSD":0.30871157947458666,"XLMBUSD":0,"XMRBUSD":0,"XRPBUSD":0,"XTZBUSD":0,"ZECBUSD":0},"numerosità_campione":31,"expected_return":0.3454047018604631,"standard_deviation":0.3393164950639011,"sharpe_ratio":1.0179425606627686}