{"weights":{"ADABUSD":0,"ALGOBUSD":0,"ATOMBUSD":0,"BATBUSD":0,"BCHBUSD":0.013960217288133226,"BNBBUSD":0,"BNTBUSD":0,"BTCBUSD":0.5452169328766101,"BTTBUSD":0,"DASHBUSD":0,"ENJBUSD":0,"EOSBUSD":0,"ETCBUSD":0,"ETHBUSD":0,"ICXBUSD":0,"LINKBUSD":0.03268372659363507,"LTCBUSD":0,"NANOBUSD":0.0370375257769421,"NEOBUSD":0,"ONTBUSD":0,"QTUMBUSD":0,"RVNBUSD":0,"TOMOBUSD":0.009299021260922507,"TRXBUSD":0.03213192909839455,"VETBUSD":0,"WAVESBUSD":0.013926604261113923,"XLMBUSD":0,"XMRBUSD":0.3157440428442485,"XRPBUSD":0,"XTZBUSD":0,"ZECBUSD":0},"numerosità_campione":31,"expected_return":0.17719239865748382,"standard_deviation":0.17606994759679986,"sharpe_ratio":1.006375029219946}