{"weights":{"ADABUSD":0,"ALGOBUSD":0,"ATOMBUSD":0,"BATBUSD":0,"BCHBUSD":0,"BNBBUSD":0,"BNTBUSD":0.06835040604731976,"BTCBUSD":0.3970441574487792,"BTTBUSD":0,"DASHBUSD":0,"ENJBUSD":0.041924300442039944,"EOSBUSD":0,"ETCBUSD":0,"ETHBUSD":0,"ICXBUSD":0,"LINKBUSD":0.015955606431873014,"LTCBUSD":0,"NANOBUSD":0.04741425041280031,"NEOBUSD":0,"ONTBUSD":0,"QTUMBUSD":0,"RVNBUSD":0,"TOMOBUSD":0,"TRXBUSD":0,"VETBUSD":0,"WAVESBUSD":0.1353512293914939,"XLMBUSD":0,"XMRBUSD":0.29396004982569396,"XRPBUSD":0,"XTZBUSD":0,"ZECBUSD":0},"numerosità_campione":31,"expected_return":0.22440988727586395,"standard_deviation":0.19687491674055826,"sharpe_ratio":1.1398602269459814}