{"weights":{"ADABUSD":0,"ALGOBUSD":0,"ATOMBUSD":0,"BATBUSD":0,"BCHBUSD":0,"BNBBUSD":0.044838314533427084,"BNTBUSD":0.17072640477633333,"BTCBUSD":0.13905874999383408,"BTTBUSD":0,"DASHBUSD":0,"ENJBUSD":0.07303295909537119,"EOSBUSD":0,"ETCBUSD":0,"ETHBUSD":0.15730055704057797,"ICXBUSD":0,"LINKBUSD":0,"LTCBUSD":0,"NANOBUSD":0,"NEOBUSD":0,"ONTBUSD":0,"QTUMBUSD":0,"RVNBUSD":0,"TOMOBUSD":0,"TRXBUSD":0,"VETBUSD":0.10401473363986247,"WAVESBUSD":0.28175295771192216,"XLMBUSD":0,"XMRBUSD":0.02927532320867183,"XRPBUSD":0,"XTZBUSD":0,"ZECBUSD":0},"numerosità_campione":31,"expected_return":0.32179595755127305,"standard_deviation":0.3083151588548564,"sharpe_ratio":1.043724086569363}