{"weights":{"ADABUSD":0,"ALGOBUSD":0,"ATOMBUSD":0,"BATBUSD":0,"BCHBUSD":0,"BNBBUSD":0,"BNTBUSD":0.1237985777556126,"BTCBUSD":0.26320467726820734,"BTTBUSD":0,"DASHBUSD":0,"ENJBUSD":0.06759609251109688,"EOSBUSD":0,"ETCBUSD":0,"ETHBUSD":0.040595383375204325,"ICXBUSD":0,"LINKBUSD":0,"LTCBUSD":0,"NANOBUSD":0.03769366882210148,"NEOBUSD":0,"ONTBUSD":0,"QTUMBUSD":0,"RVNBUSD":0,"TOMOBUSD":0,"TRXBUSD":0,"VETBUSD":0,"WAVESBUSD":0.20464693933468298,"XLMBUSD":0,"XMRBUSD":0.2624646609330945,"XRPBUSD":0,"XTZBUSD":0,"ZECBUSD":0},"numerosità_campione":31,"expected_return":0.25687191070100035,"standard_deviation":0.22814806921849506,"sharpe_ratio":1.1258999981060402}