{"weights":{"ADABUSD":0.04541162164231286,"ALGOBUSD":0,"ATOMBUSD":0,"BATBUSD":0,"BCHBUSD":0,"BNBBUSD":0.03994213221136664,"BNTBUSD":0.19482472125807054,"BTCBUSD":0,"BTTBUSD":0,"DASHBUSD":0,"ENJBUSD":0.10403289632268532,"EOSBUSD":0,"ETCBUSD":0,"ETHBUSD":0.036204709338577154,"ICXBUSD":0,"LINKBUSD":0,"LTCBUSD":0,"NANOBUSD":0.00809502248640369,"NEOBUSD":0,"ONTBUSD":0,"QTUMBUSD":0,"RVNBUSD":8.909981396927343e-17,"TOMOBUSD":0,"TRXBUSD":0,"VETBUSD":0.2123266568471835,"WAVESBUSD":0.35916223989340024,"XLMBUSD":0,"XMRBUSD":0,"XRPBUSD":0,"XTZBUSD":0,"ZECBUSD":0},"numerosità_campione":31,"expected_return":0.3749156322469508,"standard_deviation":0.38116733661068897,"sharpe_ratio":0.983598530715334}