{"weights":{"ADABUSD":0,"ALGOBUSD":0,"ATOMBUSD":0,"BATBUSD":0,"BCHBUSD":0,"BNBBUSD":0.057958156933607945,"BNTBUSD":0.18374224149501617,"BTCBUSD":0.07850502724240989,"BTTBUSD":0,"DASHBUSD":0,"ENJBUSD":0.07782654610982978,"EOSBUSD":0,"ETCBUSD":0,"ETHBUSD":0.17412078390762384,"ICXBUSD":0,"LINKBUSD":0,"LTCBUSD":0,"NANOBUSD":0,"NEOBUSD":0,"ONTBUSD":0,"QTUMBUSD":0,"RVNBUSD":1.1613707964653746e-18,"TOMOBUSD":0,"TRXBUSD":0,"VETBUSD":0.1259865461761557,"WAVESBUSD":0.30186069813535676,"XLMBUSD":0,"XMRBUSD":0,"XRPBUSD":0,"XTZBUSD":0,"ZECBUSD":0},"numerosità_campione":31,"expected_return":0.33950251578316565,"standard_deviation":0.3314183880664974,"sharpe_ratio":1.024392514138492}