{"weights":{"ADABUSD":0,"ALGOBUSD":0,"ATOMBUSD":0,"BATBUSD":0,"BCHBUSD":0,"BNBBUSD":0.0010971675802272961,"BNTBUSD":0.15618880257067988,"BTCBUSD":0.1965646313102888,"BTTBUSD":0,"DASHBUSD":0,"ENJBUSD":0.07459132086618653,"EOSBUSD":0,"ETCBUSD":0,"ETHBUSD":0.047228112157967184,"ICXBUSD":0,"LINKBUSD":0,"LTCBUSD":0,"NANOBUSD":0.03251459044409873,"NEOBUSD":0,"ONTBUSD":0,"QTUMBUSD":0,"RVNBUSD":0,"TOMOBUSD":0,"TRXBUSD":0,"VETBUSD":0.055973442270449265,"WAVESBUSD":0.2485869305092249,"XLMBUSD":0,"XMRBUSD":0.18725500229087766,"XRPBUSD":0,"XTZBUSD":0,"ZECBUSD":0},"numerosità_campione":31,"expected_return":0.286382841087488,"standard_deviation":0.2632629934432565,"sharpe_ratio":1.0878203477892716}