{"weights":{"ADABUSD":0,"ALGOBUSD":0,"ATOMBUSD":0,"BATBUSD":0,"BCHBUSD":0,"BNBBUSD":0.030580908894961064,"BNTBUSD":0.1665018364584488,"BTCBUSD":0.15474875369162652,"BTTBUSD":0,"DASHBUSD":0,"ENJBUSD":0.07390745606944589,"EOSBUSD":0,"ETCBUSD":0,"ETHBUSD":0.1265784674334554,"ICXBUSD":0,"LINKBUSD":0,"LTCBUSD":0,"NANOBUSD":0.008643163372392808,"NEOBUSD":0,"ONTBUSD":0,"QTUMBUSD":0,"RVNBUSD":0,"TOMOBUSD":0,"TRXBUSD":0,"VETBUSD":0.08594403406702252,"WAVESBUSD":0.27033624317929084,"XLMBUSD":0,"XMRBUSD":0.08275913683335628,"XRPBUSD":0,"XTZBUSD":0,"ZECBUSD":0},"numerosità_campione":31,"expected_return":0.30999158539667804,"standard_deviation":0.2931734748653847,"sharpe_ratio":1.057365730440026}