{"weights":{"ADABUSD":0,"ALGOBUSD":0,"ATOMBUSD":0,"BATBUSD":0,"BCHBUSD":0,"BNBBUSD":0,"BNTBUSD":0.06340953512634376,"BTCBUSD":0.40748823516500843,"BTTBUSD":0,"DASHBUSD":0,"ENJBUSD":0.03940291751239541,"EOSBUSD":0,"ETCBUSD":0,"ETHBUSD":0,"ICXBUSD":0,"LINKBUSD":0.017506930214125978,"LTCBUSD":0,"NANOBUSD":0.04721022460589133,"NEOBUSD":0,"ONTBUSD":0,"QTUMBUSD":0,"RVNBUSD":0,"TOMOBUSD":0,"TRXBUSD":0,"VETBUSD":0,"WAVESBUSD":0.1282923792459416,"XLMBUSD":0,"XMRBUSD":0.2966897781302936,"XRPBUSD":0,"XTZBUSD":0,"ZECBUSD":0},"numerosità_campione":31,"expected_return":0.22145879423721523,"standard_deviation":0.19460691439296054,"sharpe_ratio":1.1379800914474907}