{"weights":{"ADABUSD":0,"ALGOBUSD":0,"ATOMBUSD":0,"BATBUSD":0,"BCHBUSD":0,"BNBBUSD":0,"BNTBUSD":0.10293650249415189,"BTCBUSD":0.3239356134351749,"BTTBUSD":0,"DASHBUSD":0,"ENJBUSD":0.05957398094955172,"EOSBUSD":0,"ETCBUSD":0,"ETHBUSD":0,"ICXBUSD":0,"LINKBUSD":0.005096339956102264,"LTCBUSD":0,"NANOBUSD":0.048842431061163136,"NEOBUSD":0,"ONTBUSD":0,"QTUMBUSD":0,"RVNBUSD":0,"TOMOBUSD":0,"TRXBUSD":0,"VETBUSD":0,"WAVESBUSD":0.1847631804103598,"XLMBUSD":0,"XMRBUSD":0.2748519516934963,"XRPBUSD":0,"XTZBUSD":0,"ZECBUSD":0},"numerosità_campione":31,"expected_return":0.2450675385464053,"standard_deviation":0.21560853059162893,"sharpe_ratio":1.1366319220948307}