{"weights":{"ADABUSD":0.033017095104785135,"ALGOBUSD":0,"ATOMBUSD":0,"BATBUSD":0,"BCHBUSD":0,"BNBBUSD":0.04737686699103551,"BNTBUSD":0.19857198590136527,"BTCBUSD":0,"BTTBUSD":0,"DASHBUSD":0,"ENJBUSD":0.101547571634732,"EOSBUSD":0,"ETCBUSD":0,"ETHBUSD":0.061060727870878934,"ICXBUSD":0,"LINKBUSD":0,"LTCBUSD":0,"NANOBUSD":0.005636581863037408,"NEOBUSD":0,"ONTBUSD":0,"QTUMBUSD":0,"RVNBUSD":1.2220460338228553e-16,"TOMOBUSD":0,"TRXBUSD":0,"VETBUSD":0.19984851697060152,"WAVESBUSD":0.3529406536635641,"XLMBUSD":0,"XMRBUSD":0,"XRPBUSD":0,"XTZBUSD":0,"ZECBUSD":0},"numerosità_campione":31,"expected_return":0.37196453920830197,"standard_deviation":0.37678488712209673,"sharpe_ratio":0.9872066314798005}