{"weights":{"ADABUSD":0,"ALGOBUSD":0,"ATOMBUSD":0,"BATBUSD":0,"BCHBUSD":0,"BNBBUSD":0.06448135999842397,"BNTBUSD":0.19603796235470985,"BTCBUSD":0.018007771958046603,"BTTBUSD":0,"DASHBUSD":0,"ENJBUSD":0.08389030447326568,"EOSBUSD":0,"ETCBUSD":0,"ETHBUSD":0.1874289991158329,"ICXBUSD":0,"LINKBUSD":0,"LTCBUSD":0,"NANOBUSD":0,"NEOBUSD":0,"ONTBUSD":0,"QTUMBUSD":0,"RVNBUSD":2.3417024754198233e-18,"TOMOBUSD":0,"TRXBUSD":0,"VETBUSD":0.13459114128590452,"WAVESBUSD":0.31556246081381645,"XLMBUSD":0,"XMRBUSD":0,"XRPBUSD":0,"XTZBUSD":0,"ZECBUSD":0},"numerosità_campione":31,"expected_return":0.35130688793776066,"standard_deviation":0.3473088612613632,"sharpe_ratio":1.011511444487415}