{"weights":{"ADABUSD":0,"ALGOBUSD":0,"ATOMBUSD":0,"BATBUSD":0,"BCHBUSD":0,"BNBBUSD":0,"BNTBUSD":0.05846866420536771,"BTCBUSD":0.41793231288123756,"BTTBUSD":0,"DASHBUSD":0,"ENJBUSD":0.03688153458275086,"EOSBUSD":0,"ETCBUSD":0,"ETHBUSD":0,"ICXBUSD":0,"LINKBUSD":0.019058253996378945,"LTCBUSD":0,"NANOBUSD":0.04700619879898236,"NEOBUSD":0,"ONTBUSD":0,"QTUMBUSD":0,"RVNBUSD":0,"TOMOBUSD":0,"TRXBUSD":0,"VETBUSD":0,"WAVESBUSD":0.12123352910038933,"XLMBUSD":0,"XMRBUSD":0.29941950643489323,"XRPBUSD":0,"XTZBUSD":0,"ZECBUSD":0},"numerosità_campione":31,"expected_return":0.2185077011985664,"standard_deviation":0.19245252451001763,"sharpe_ratio":1.135384956652998}