{"weights":{"ADABUSD":0,"ALGOBUSD":0,"ATOMBUSD":0,"BATBUSD":0,"BCHBUSD":0,"BNBBUSD":0.06611216076462803,"BNTBUSD":0.19911189256963335,"BTCBUSD":0.002883458136955429,"BTTBUSD":0,"DASHBUSD":0,"ENJBUSD":0.08540624406412468,"EOSBUSD":0,"ETCBUSD":0,"ETHBUSD":0.19075605291788528,"ICXBUSD":0,"LINKBUSD":0,"LTCBUSD":0,"NANOBUSD":0,"NEOBUSD":0,"ONTBUSD":0,"QTUMBUSD":0,"RVNBUSD":2.6367853951584427e-18,"TOMOBUSD":0,"TRXBUSD":0,"VETBUSD":0.13674229006334176,"WAVESBUSD":0.3189879014834315,"XLMBUSD":0,"XMRBUSD":0,"XRPBUSD":0,"XTZBUSD":0,"ZECBUSD":0},"numerosità_campione":31,"expected_return":0.3542579809764095,"standard_deviation":0.35133838430373204,"sharpe_ratio":1.0083099279871266}