{"weights":{"ADABUSD":0.051697182501985864,"ALGOBUSD":0,"ATOMBUSD":0,"BATBUSD":0,"BCHBUSD":0,"BNBBUSD":0.0545812401707329,"BNTBUSD":0.20351912495288588,"BTCBUSD":0,"BTTBUSD":0,"DASHBUSD":0,"ENJBUSD":0.12808103684041683,"EOSBUSD":0,"ETCBUSD":0,"ETHBUSD":0,"ICXBUSD":0,"LINKBUSD":0,"LTCBUSD":0,"NANOBUSD":0,"NEOBUSD":0,"ONTBUSD":0,"QTUMBUSD":0,"RVNBUSD":0,"TOMOBUSD":0,"TRXBUSD":0,"VETBUSD":0.24105878850481655,"WAVESBUSD":0.32106262702916194,"XLMBUSD":0,"XMRBUSD":0,"XRPBUSD":0,"XTZBUSD":0,"ZECBUSD":0},"numerosità_campione":31,"expected_return":0.38672000440154586,"standard_deviation":0.4006168423435713,"sharpe_ratio":0.9653113986403311}