{"weights":{"ADABUSD":0,"ALGOBUSD":0,"ATOMBUSD":0,"BATBUSD":0,"BCHBUSD":0,"BNBBUSD":0.023209973566277603,"BNTBUSD":0.16392357798650656,"BTCBUSD":0.1652027230962921,"BTTBUSD":0,"DASHBUSD":0,"ENJBUSD":0.07407842226863104,"EOSBUSD":0,"ETCBUSD":0,"ETHBUSD":0.10674087861458331,"ICXBUSD":0,"LINKBUSD":0,"LTCBUSD":0,"NANOBUSD":0.014611020140319302,"NEOBUSD":0,"ONTBUSD":0,"QTUMBUSD":0,"RVNBUSD":0,"TOMOBUSD":0,"TRXBUSD":0,"VETBUSD":0.07845138611787919,"WAVESBUSD":0.2648989150117743,"XLMBUSD":0,"XMRBUSD":0.10888310319773668,"XRPBUSD":0,"XTZBUSD":0,"ZECBUSD":0},"numerosità_campione":31,"expected_return":0.3040893993193805,"standard_deviation":0.2856459360222321,"sharpe_ratio":1.064567567646798}