{"weights":{"ADABUSD":0.07235245440709857,"ALGOBUSD":0,"ATOMBUSD":0,"BATBUSD":0,"BCHBUSD":0,"BNBBUSD":0.02673618974579997,"BNTBUSD":0.18831843174845922,"BTCBUSD":0,"BTTBUSD":0,"DASHBUSD":0,"ENJBUSD":0.11277088743600902,"EOSBUSD":0,"ETCBUSD":0,"ETHBUSD":0,"ICXBUSD":0,"LINKBUSD":0,"LTCBUSD":0,"NANOBUSD":0.0016845856450139766,"NEOBUSD":0,"ONTBUSD":0,"QTUMBUSD":0,"RVNBUSD":5.898123723562244e-18,"TOMOBUSD":0,"TRXBUSD":0,"VETBUSD":0.2339282011844946,"WAVESBUSD":0.3642092498331247,"XLMBUSD":0,"XMRBUSD":0,"XRPBUSD":0,"XTZBUSD":0,"ZECBUSD":0},"numerosità_campione":31,"expected_return":0.3808178183242483,"standard_deviation":0.3900566503421122,"sharpe_ratio":0.9763141276792471}