{"weights":{"ADABUSD":0,"ALGOBUSD":0,"ATOMBUSD":0,"BATBUSD":0,"BCHBUSD":0,"BNBBUSD":1.8062594537586352e-17,"BNTBUSD":0.14826205543763338,"BTCBUSD":0.210332516108638,"BTTBUSD":0,"DASHBUSD":0,"ENJBUSD":0.07354947075202903,"EOSBUSD":0,"ETCBUSD":0,"ETHBUSD":0.04957612566617068,"ICXBUSD":0,"LINKBUSD":0,"LTCBUSD":0,"NANOBUSD":0.032761893414593124,"NEOBUSD":0,"ONTBUSD":0,"QTUMBUSD":0,"RVNBUSD":0,"TOMOBUSD":0,"TRXBUSD":0,"VETBUSD":0.03570023815719516,"WAVESBUSD":0.23590843824299695,"XLMBUSD":0,"XMRBUSD":0.2139092622207438,"XRPBUSD":0,"XTZBUSD":0,"ZECBUSD":0},"numerosità_campione":31,"expected_return":0.27752956197154166,"standard_deviation":0.25229364282341066,"sharpe_ratio":1.1000259810977264}