{"weights":{"ADABUSD":0,"ALGOBUSD":0,"ATOMBUSD":0,"BATBUSD":0,"BCHBUSD":0,"BNBBUSD":0.041591901355476676,"BNTBUSD":0.17028186949321314,"BTCBUSD":0.13955689415858302,"BTTBUSD":0,"DASHBUSD":0,"ENJBUSD":0.07360108770523523,"EOSBUSD":0,"ETCBUSD":0,"ETHBUSD":0.15549564766626559,"ICXBUSD":0,"LINKBUSD":0,"LTCBUSD":0,"NANOBUSD":0,"NEOBUSD":0,"ONTBUSD":0,"QTUMBUSD":0,"RVNBUSD":0,"TOMOBUSD":0,"TRXBUSD":0,"VETBUSD":0.09747221123446456,"WAVESBUSD":0.2785430443650475,"XLMBUSD":0,"XMRBUSD":0.0434573440217144,"XRPBUSD":0,"XTZBUSD":0,"ZECBUSD":0},"numerosità_campione":31,"expected_return":0.31884486451262434,"standard_deviation":0.3045187242177304,"sharpe_ratio":1.0470451868984278}