{"weights":{"ADABUSD":0,"ALGOBUSD":0,"ATOMBUSD":0,"BATBUSD":0,"BCHBUSD":0,"BNBBUSD":0.004782635244569028,"BNTBUSD":0.15747793180665098,"BTCBUSD":0.191337646607956,"BTTBUSD":0,"DASHBUSD":0,"ENJBUSD":0.07450583776659395,"EOSBUSD":0,"ETCBUSD":0,"ETHBUSD":0.05714690656740325,"ICXBUSD":0,"LINKBUSD":0,"LTCBUSD":0,"NANOBUSD":0.029530662060135486,"NEOBUSD":0,"ONTBUSD":0,"QTUMBUSD":0,"RVNBUSD":0,"TOMOBUSD":0,"TRXBUSD":0,"VETBUSD":0.05971976624502093,"WAVESBUSD":0.2513055945929832,"XLMBUSD":0,"XMRBUSD":0.17419301910868745,"XRPBUSD":0,"XTZBUSD":0,"ZECBUSD":0},"numerosità_campione":31,"expected_return":0.2893339341261368,"standard_deviation":0.2669706466411405,"sharpe_ratio":1.0837668401614833}