{"weights":{"ADABUSD":0.0082280420297297,"ALGOBUSD":0,"ATOMBUSD":0,"BATBUSD":0,"BCHBUSD":0,"BNBBUSD":0.062246336550373246,"BNTBUSD":0.20606651518795477,"BTCBUSD":0,"BTTBUSD":0,"DASHBUSD":0,"ENJBUSD":0.0965769222588254,"EOSBUSD":0,"ETCBUSD":0,"ETHBUSD":0.11077276493548248,"ICXBUSD":0,"LINKBUSD":0,"LTCBUSD":0,"NANOBUSD":0.0007197006163048457,"NEOBUSD":0,"ONTBUSD":0,"QTUMBUSD":0,"RVNBUSD":1.8841418220830976e-16,"TOMOBUSD":0,"TRXBUSD":0,"VETBUSD":0.17489223721743757,"WAVESBUSD":0.34049748120389184,"XLMBUSD":0,"XMRBUSD":0,"XRPBUSD":0,"XTZBUSD":0,"ZECBUSD":0},"numerosità_campione":31,"expected_return":0.3660623531310045,"standard_deviation":0.3680957359446032,"sharpe_ratio":0.9944759403192197}