{"weights":{"ADABUSD":0,"ALGOBUSD":0,"ATOMBUSD":0,"BATBUSD":0,"BCHBUSD":0,"BNBBUSD":0,"BNTBUSD":0.07823214788927177,"BTCBUSD":0.37615600201632093,"BTTBUSD":0,"DASHBUSD":0,"ENJBUSD":0.04696706630132901,"EOSBUSD":0,"ETCBUSD":0,"ETHBUSD":0,"ICXBUSD":0,"LINKBUSD":0.012852958867367094,"LTCBUSD":0,"NANOBUSD":0.04782230202661826,"NEOBUSD":0,"ONTBUSD":0,"QTUMBUSD":0,"RVNBUSD":0,"TOMOBUSD":0,"TRXBUSD":0,"VETBUSD":0,"WAVESBUSD":0.1494689296825984,"XLMBUSD":0,"XMRBUSD":0.2885005932164947,"XRPBUSD":0,"XTZBUSD":0,"ZECBUSD":0},"numerosità_campione":31,"expected_return":0.23031207335316148,"standard_deviation":0.20173624013561542,"sharpe_ratio":1.1416494785385918}