{"weights":{"ADABUSD":0,"ALGOBUSD":0,"ATOMBUSD":0,"BATBUSD":0,"BCHBUSD":0,"BNBBUSD":0.037951844223644525,"BNTBUSD":0.16908009493039106,"BTCBUSD":0.14429478428696094,"BTTBUSD":0,"DASHBUSD":0,"ENJBUSD":0.07373648987026071,"EOSBUSD":0,"ETCBUSD":0,"ETHBUSD":0.1464160562523275,"ICXBUSD":0,"LINKBUSD":0,"LTCBUSD":0,"NANOBUSD":0.002675306604466312,"NEOBUSD":0,"ONTBUSD":0,"QTUMBUSD":0,"RVNBUSD":0,"TOMOBUSD":0,"TRXBUSD":0,"VETBUSD":0.09343668201616585,"WAVESBUSD":0.27577357134680736,"XLMBUSD":0,"XMRBUSD":0.056635170468975884,"XRPBUSD":0,"XTZBUSD":0,"ZECBUSD":0},"numerosità_campione":31,"expected_return":0.3158937714739755,"standard_deviation":0.30073013692406425,"sharpe_ratio":1.050422730175992}