{"weights":{"ADABUSD":0,"ALGOBUSD":0,"ATOMBUSD":0,"BATBUSD":0,"BCHBUSD":0,"BNBBUSD":0,"BNTBUSD":0.008834801754412314,"BTCBUSD":0.5207884482487155,"BTTBUSD":0,"DASHBUSD":0,"ENJBUSD":0.01137198341604061,"EOSBUSD":0,"ETCBUSD":0,"ETHBUSD":0,"ICXBUSD":0,"LINKBUSD":0.031862939660847064,"LTCBUSD":0,"NANOBUSD":0.04495275155246516,"NEOBUSD":0,"ONTBUSD":0,"QTUMBUSD":0,"RVNBUSD":0,"TOMOBUSD":0.004212998217698398,"TRXBUSD":0,"VETBUSD":0,"WAVESBUSD":0.05217613561422993,"XLMBUSD":0,"XMRBUSD":0.3257999415355912,"XRPBUSD":0,"XTZBUSD":0,"ZECBUSD":0},"numerosità_campione":31,"expected_return":0.18899677081207888,"standard_deviation":0.17795651603549031,"sharpe_ratio":1.0620390588810291}