{"weights":{"ADABUSD":0,"ALGOBUSD":0,"ATOMBUSD":0,"BATBUSD":0,"BCHBUSD":0,"BNBBUSD":0,"BNTBUSD":0.01894169683755962,"BTCBUSD":0.501484934611071,"BTTBUSD":0,"DASHBUSD":0,"ENJBUSD":0.016710471145594576,"EOSBUSD":0,"ETCBUSD":0,"ETHBUSD":0,"ICXBUSD":0,"LINKBUSD":0.03146884425440265,"LTCBUSD":0,"NANOBUSD":0.04537399234371056,"NEOBUSD":0,"ONTBUSD":0,"QTUMBUSD":0,"RVNBUSD":0,"TOMOBUSD":0,"TRXBUSD":0,"VETBUSD":0,"WAVESBUSD":0.0647627279359712,"XLMBUSD":0,"XMRBUSD":0.3212573328716906,"XRPBUSD":0,"XTZBUSD":0,"ZECBUSD":0},"numerosità_campione":31,"expected_return":0.19489895688937636,"standard_deviation":0.17975297075789642,"sharpe_ratio":1.0842600045363344}