{"weights":{"ADABUSD":0,"ALGOBUSD":0,"ATOMBUSD":0,"BATBUSD":0,"BCHBUSD":0,"BNBBUSD":1.2790032988813125e-19,"BNTBUSD":0.13430547228361805,"BTCBUSD":0.23292773261246738,"BTTBUSD":0,"DASHBUSD":0,"ENJBUSD":0.0715746734762794,"EOSBUSD":0,"ETCBUSD":0,"ETHBUSD":0.05938416147973811,"ICXBUSD":0,"LINKBUSD":0,"LTCBUSD":0,"NANOBUSD":0.03157583731408371,"NEOBUSD":0,"ONTBUSD":0,"QTUMBUSD":0,"RVNBUSD":0,"TOMOBUSD":0,"TRXBUSD":0,"VETBUSD":0.0002527916035477959,"WAVESBUSD":0.21394724274331517,"XLMBUSD":0,"XMRBUSD":0.2560320884869505,"XRPBUSD":0,"XTZBUSD":0,"ZECBUSD":0},"numerosità_campione":31,"expected_return":0.2627740967782979,"standard_deviation":0.2348037285207407,"sharpe_ratio":1.1191223343588708}