{"weights":{"ADABUSD":0,"ALGOBUSD":0,"ATOMBUSD":0,"BATBUSD":0,"BCHBUSD":0,"BNBBUSD":3.714839171427788e-18,"BNTBUSD":0.13709678891442112,"BTCBUSD":0.2284086893117015,"BTTBUSD":0,"DASHBUSD":0,"ENJBUSD":0.07196963293142933,"EOSBUSD":0,"ETCBUSD":0,"ETHBUSD":0.05742255431702462,"ICXBUSD":0,"LINKBUSD":0,"LTCBUSD":0,"NANOBUSD":0.031813048534185595,"NEOBUSD":0,"ONTBUSD":0,"QTUMBUSD":0,"RVNBUSD":0,"TOMOBUSD":0,"TRXBUSD":0,"VETBUSD":0.007342280914277293,"WAVESBUSD":0.21833948184325153,"XLMBUSD":0,"XMRBUSD":0.24760752323370913,"XRPBUSD":0,"XTZBUSD":0,"ZECBUSD":0},"numerosità_campione":31,"expected_return":0.2657251898169466,"standard_deviation":0.2382140451666617,"sharpe_ratio":1.1154891796201072}