{"weights":{"ADABUSD":0,"ALGOBUSD":0,"ATOMBUSD":0,"BATBUSD":0,"BCHBUSD":0,"BNBBUSD":0.008468102908910756,"BNTBUSD":0.1587670610426221,"BTCBUSD":0.1861106619056232,"BTTBUSD":0,"DASHBUSD":0,"ENJBUSD":0.07442035466700136,"EOSBUSD":0,"ETCBUSD":0,"ETHBUSD":0.06706570097683928,"ICXBUSD":0,"LINKBUSD":0,"LTCBUSD":0,"NANOBUSD":0.02654673367617224,"NEOBUSD":0,"ONTBUSD":0,"QTUMBUSD":0,"RVNBUSD":0,"TOMOBUSD":0,"TRXBUSD":0,"VETBUSD":0.0634660902195926,"WAVESBUSD":0.2540242586767414,"XLMBUSD":0,"XMRBUSD":0.16113103592649725,"XRPBUSD":0,"XTZBUSD":0,"ZECBUSD":0},"numerosità_campione":31,"expected_return":0.2922850271647855,"standard_deviation":0.270687937378168,"sharpe_ratio":1.0797859335580404}