{"weights":{"ADABUSD":0,"ALGOBUSD":0,"ATOMBUSD":0,"BATBUSD":0,"BCHBUSD":0,"BNBBUSD":0,"BNTBUSD":0,"BTCBUSD":0.54057864467429,"BTTBUSD":0,"DASHBUSD":0,"ENJBUSD":0,"EOSBUSD":0,"ETCBUSD":0,"ETHBUSD":0,"ICXBUSD":0,"LINKBUSD":0.028133487762731224,"LTCBUSD":0,"NANOBUSD":0.04284789540524624,"NEOBUSD":0,"ONTBUSD":0,"QTUMBUSD":0,"RVNBUSD":0,"TOMOBUSD":0.012336605346189449,"TRXBUSD":0.02786912523491947,"VETBUSD":0,"WAVESBUSD":0.026295059668523753,"XLMBUSD":0,"XMRBUSD":0.32193918190809995,"XRPBUSD":0,"XTZBUSD":0,"ZECBUSD":0},"numerosità_campione":31,"expected_return":0.18014349169613258,"standard_deviation":0.1762197180808027,"sharpe_ratio":1.0222663709717814}