{"weights":{"ADABUSD":0,"ALGOBUSD":0,"ATOMBUSD":0,"BATBUSD":0,"BCHBUSD":0,"BNBBUSD":0.019524505901935947,"BNTBUSD":0.16263444875053545,"BTCBUSD":0.17042970779862482,"BTTBUSD":0,"DASHBUSD":0,"ENJBUSD":0.07416390536822362,"EOSBUSD":0,"ETCBUSD":0,"ETHBUSD":0.09682208420514746,"ICXBUSD":0,"LINKBUSD":0,"LTCBUSD":0,"NANOBUSD":0.017594948524282495,"NEOBUSD":0,"ONTBUSD":0,"QTUMBUSD":0,"RVNBUSD":0,"TOMOBUSD":0,"TRXBUSD":0,"VETBUSD":0.07470506214330759,"WAVESBUSD":0.2621802509280161,"XLMBUSD":0,"XMRBUSD":0.12194508637992665,"XRPBUSD":0,"XTZBUSD":0,"ZECBUSD":0},"numerosità_campione":31,"expected_return":0.30113830628073174,"standard_deviation":0.2818938172448343,"sharpe_ratio":1.0682685744014844}