{"weights":{"ADABUSD":0,"ALGOBUSD":0,"ATOMBUSD":0,"BATBUSD":0,"BCHBUSD":0,"BNBBUSD":0,"BNTBUSD":0.043646051442439694,"BTCBUSD":0.44926454602992505,"BTTBUSD":0,"DASHBUSD":0,"ENJBUSD":0.029317385793817267,"EOSBUSD":0,"ETCBUSD":0,"ETHBUSD":0,"ICXBUSD":0,"LINKBUSD":0.023712225343137827,"LTCBUSD":0,"NANOBUSD":0.04639412137825544,"NEOBUSD":0,"ONTBUSD":0,"QTUMBUSD":0,"RVNBUSD":0,"TOMOBUSD":0,"TRXBUSD":0,"VETBUSD":0,"WAVESBUSD":0.10005697866373256,"XLMBUSD":0,"XMRBUSD":0.3076086913486923,"XRPBUSD":0,"XTZBUSD":0,"ZECBUSD":0},"numerosità_campione":31,"expected_return":0.2096544220826202,"standard_deviation":0.18670932491218473,"sharpe_ratio":1.1228920793389794}