{"weights":{"ADABUSD":0,"ALGOBUSD":0,"ATOMBUSD":0,"BATBUSD":0,"BCHBUSD":0,"BNBBUSD":0,"BNTBUSD":0.014000825916583595,"BTCBUSD":0.5119290123273001,"BTTBUSD":0,"DASHBUSD":0,"ENJBUSD":0.014189088215950031,"EOSBUSD":0,"ETCBUSD":0,"ETHBUSD":0,"ICXBUSD":0,"LINKBUSD":0.03302016803665561,"LTCBUSD":0,"NANOBUSD":0.04516996653680159,"NEOBUSD":0,"ONTBUSD":0,"QTUMBUSD":0,"RVNBUSD":0,"TOMOBUSD":0,"TRXBUSD":0,"VETBUSD":0,"WAVESBUSD":0.05770387779041891,"XLMBUSD":0,"XMRBUSD":0.3239870611762903,"XRPBUSD":0,"XTZBUSD":0,"ZECBUSD":0},"numerosità_campione":31,"expected_return":0.1919478638507276,"standard_deviation":0.17878281939845858,"sharpe_ratio":1.0736370781966902}