{"weights":{"ADABUSD":0,"ALGOBUSD":0,"ATOMBUSD":0,"BATBUSD":0,"BCHBUSD":0.01379670433618361,"BNBBUSD":0,"BNTBUSD":0,"BTCBUSD":0.5423498044022916,"BTTBUSD":0,"DASHBUSD":0,"ENJBUSD":0,"EOSBUSD":0.020612653213629664,"ETCBUSD":0,"ETHBUSD":0,"ICXBUSD":0,"LINKBUSD":0.03257466223437287,"LTCBUSD":0,"NANOBUSD":0.03564272689827237,"NEOBUSD":0,"ONTBUSD":0,"QTUMBUSD":0,"RVNBUSD":0,"TOMOBUSD":0.0062395523784672825,"TRXBUSD":0.02698396560064912,"VETBUSD":0,"WAVESBUSD":0.010626457839078899,"XLMBUSD":0,"XMRBUSD":0.31117347309705456,"XRPBUSD":0,"XTZBUSD":0,"ZECBUSD":0},"numerosità_campione":31,"expected_return":0.17424130561883508,"standard_deviation":0.17602134856911356,"sharpe_ratio":0.9898873462523238}