{"weights":{"ADABUSD":0,"ALGOBUSD":0,"ATOMBUSD":0,"BATBUSD":0,"BCHBUSD":0,"BNBBUSD":0.026895441230619408,"BNTBUSD":0.1652127072224777,"BTCBUSD":0.15997573839395923,"BTTBUSD":0,"DASHBUSD":0,"ENJBUSD":0.07399293916903846,"EOSBUSD":0,"ETCBUSD":0,"ETHBUSD":0.11665967302401956,"ICXBUSD":0,"LINKBUSD":0,"LTCBUSD":0,"NANOBUSD":0.011627091756356,"NEOBUSD":0,"ONTBUSD":0,"QTUMBUSD":0,"RVNBUSD":0,"TOMOBUSD":0,"TRXBUSD":0,"VETBUSD":0.08219771009245093,"WAVESBUSD":0.26761757909553263,"XLMBUSD":0,"XMRBUSD":0.09582112001554625,"XRPBUSD":0,"XTZBUSD":0,"ZECBUSD":0},"numerosità_campione":31,"expected_return":0.30704049235802927,"standard_deviation":0.289405922803843,"sharpe_ratio":1.0609336857495444}