{"weights":{"ADABUSD":0,"ALGOBUSD":0,"ATOMBUSD":0,"BATBUSD":0,"BCHBUSD":0,"BNBBUSD":0,"BNTBUSD":0.03870518052146367,"BTCBUSD":0.4597086237461543,"BTTBUSD":0,"DASHBUSD":0,"ENJBUSD":0.02679600286417272,"EOSBUSD":0,"ETCBUSD":0,"ETHBUSD":0,"ICXBUSD":0,"LINKBUSD":0.02526354912539079,"LTCBUSD":0,"NANOBUSD":0.046190095571346464,"NEOBUSD":0,"ONTBUSD":0,"QTUMBUSD":0,"RVNBUSD":0,"TOMOBUSD":0,"TRXBUSD":0,"VETBUSD":0,"WAVESBUSD":0.09299812851818026,"XLMBUSD":0,"XMRBUSD":0.3103384196532919,"XRPBUSD":0,"XTZBUSD":0,"ZECBUSD":0},"numerosità_campione":31,"expected_return":0.2067033290439714,"standard_deviation":0.1850473295160559,"sharpe_ratio":1.1170295166352913}