{"weights":{"ADABUSD":0,"ALGOBUSD":0,"ATOMBUSD":0,"BATBUSD":0,"BCHBUSD":0,"BNBBUSD":7.301778012967444e-18,"BNTBUSD":0.1398881055452242,"BTCBUSD":0.22388964601093558,"BTTBUSD":0,"DASHBUSD":0,"ENJBUSD":0.07236459238657925,"EOSBUSD":0,"ETCBUSD":0,"ETHBUSD":0.05546094715431113,"ICXBUSD":0,"LINKBUSD":0,"LTCBUSD":0,"NANOBUSD":0.03205025975428748,"NEOBUSD":0,"ONTBUSD":0,"QTUMBUSD":0,"RVNBUSD":0,"TOMOBUSD":0,"TRXBUSD":0,"VETBUSD":0.014431770225006791,"WAVESBUSD":0.22273172094318794,"XLMBUSD":0,"XMRBUSD":0.23918295798046776,"XRPBUSD":0,"XTZBUSD":0,"ZECBUSD":0},"numerosità_campione":31,"expected_return":0.2686762828555954,"standard_deviation":0.24167008635030146,"sharpe_ratio":1.111748197359223}