{"weights":{"ADABUSD":0,"ALGOBUSD":0,"ATOMBUSD":0,"BATBUSD":0,"BCHBUSD":0,"BNBBUSD":0.15137669034545448,"BNTBUSD":0.2477520703891127,"BTCBUSD":0,"BTTBUSD":0,"DASHBUSD":0,"ENJBUSD":0.19112238032012308,"EOSBUSD":0,"ETCBUSD":0,"ETHBUSD":0,"ICXBUSD":0,"LINKBUSD":0,"LTCBUSD":0,"NANOBUSD":0,"NEOBUSD":0,"ONTBUSD":0,"QTUMBUSD":0,"RVNBUSD":0,"TOMOBUSD":0,"TRXBUSD":0,"VETBUSD":0.27509179710555687,"WAVESBUSD":0.13465706183975285,"XLMBUSD":0,"XMRBUSD":0,"XRPBUSD":0,"XTZBUSD":0,"ZECBUSD":0},"numerosità_campione":31,"expected_return":0.4103287487107359,"standard_deviation":0.4661362361109709,"sharpe_ratio":0.8802764447882374}