{"weights":{"ADABUSD":0,"ALGOBUSD":0,"ATOMBUSD":0,"BATBUSD":0,"BCHBUSD":0,"BNBBUSD":0,"BNTBUSD":0.03376430960048765,"BTCBUSD":0.47015270146238347,"BTTBUSD":0,"DASHBUSD":0,"ENJBUSD":0.024274619934528178,"EOSBUSD":0,"ETCBUSD":0,"ETHBUSD":0,"ICXBUSD":0,"LINKBUSD":0.02681487290764376,"LTCBUSD":0,"NANOBUSD":0.04598606976443749,"NEOBUSD":0,"ONTBUSD":0,"QTUMBUSD":0,"RVNBUSD":0,"TOMOBUSD":0,"TRXBUSD":0,"VETBUSD":0,"WAVESBUSD":0.08593927837262799,"XLMBUSD":0,"XMRBUSD":0.3130681479578916,"XRPBUSD":0,"XTZBUSD":0,"ZECBUSD":0},"numerosità_campione":31,"expected_return":0.20375223600532263,"standard_deviation":0.1835174680668473,"sharpe_ratio":1.1102607187840272}