{"weights":{"ADABUSD":0,"ALGOBUSD":0,"ATOMBUSD":0,"BATBUSD":0,"BCHBUSD":0,"BNBBUSD":0,"BNTBUSD":0.1079216977131045,"BTCBUSD":0.30924033498116127,"BTTBUSD":0,"DASHBUSD":0,"ENJBUSD":0.06155375500858241,"EOSBUSD":0,"ETCBUSD":0,"ETHBUSD":0.011470194972026827,"ICXBUSD":0,"LINKBUSD":0.00033900384213221335,"LTCBUSD":0,"NANOBUSD":0.04701221455646966,"NEOBUSD":0,"ONTBUSD":0,"QTUMBUSD":0,"RVNBUSD":0,"TOMOBUSD":0,"TRXBUSD":0,"VETBUSD":0,"WAVESBUSD":0.19063327666886776,"XLMBUSD":0,"XMRBUSD":0.2718295222576554,"XRPBUSD":0,"XTZBUSD":0,"ZECBUSD":0},"numerosità_campione":31,"expected_return":0.2480186315850541,"standard_deviation":0.2186427627344045,"sharpe_ratio":1.1343555509602385}