{"weights":{"ADABUSD":0,"ALGOBUSD":0,"ATOMBUSD":0,"BATBUSD":0,"BCHBUSD":0,"BNBBUSD":0,"BNTBUSD":0.08317301881024779,"BTCBUSD":0.3657119243000917,"BTTBUSD":0,"DASHBUSD":0,"ENJBUSD":0.04948844923097355,"EOSBUSD":0,"ETCBUSD":0,"ETHBUSD":0,"ICXBUSD":0,"LINKBUSD":0.011301635085114128,"LTCBUSD":0,"NANOBUSD":0.048026327833527234,"NEOBUSD":0,"ONTBUSD":0,"QTUMBUSD":0,"RVNBUSD":0,"TOMOBUSD":0,"TRXBUSD":0,"VETBUSD":0,"WAVESBUSD":0.15652777982815066,"XLMBUSD":0,"XMRBUSD":0.28577086491189496,"XRPBUSD":0,"XTZBUSD":0,"ZECBUSD":0},"numerosità_campione":31,"expected_return":0.23326316639181024,"standard_deviation":0.20432182119013853,"sharpe_ratio":1.1416458850703928}