{"weights":{"ADABUSD":0,"ALGOBUSD":0,"ATOMBUSD":0,"BATBUSD":0,"BCHBUSD":0,"BNBBUSD":1.0888716854507104e-17,"BNTBUSD":0.14267942217602728,"BTCBUSD":0.21937060271016973,"BTTBUSD":0,"DASHBUSD":0,"ENJBUSD":0.07275955184172918,"EOSBUSD":0,"ETCBUSD":0,"ETHBUSD":0.05349933999159763,"ICXBUSD":0,"LINKBUSD":0,"LTCBUSD":0,"NANOBUSD":0.032287470974389366,"NEOBUSD":0,"ONTBUSD":0,"QTUMBUSD":0,"RVNBUSD":0,"TOMOBUSD":0,"TRXBUSD":0,"VETBUSD":0.021521259535736293,"WAVESBUSD":0.2271239600431243,"XLMBUSD":0,"XMRBUSD":0.23075839272722637,"XRPBUSD":0,"XTZBUSD":0,"ZECBUSD":0},"numerosità_campione":31,"expected_return":0.2716273758942442,"standard_deviation":0.24516991840952912,"sharpe_ratio":1.1079147786822723}