{"weights":{"ADABUSD":0,"ALGOBUSD":0,"ATOMBUSD":0,"BATBUSD":0,"BCHBUSD":0,"BNBBUSD":0.015839038237594145,"BNTBUSD":0.16134531951456432,"BTCBUSD":0.17565669250095772,"BTTBUSD":0,"DASHBUSD":0,"ENJBUSD":0.0742493884678162,"EOSBUSD":0,"ETCBUSD":0,"ETHBUSD":0.08690328979571121,"ICXBUSD":0,"LINKBUSD":0,"LTCBUSD":0,"NANOBUSD":0.0205788769082458,"NEOBUSD":0,"ONTBUSD":0,"QTUMBUSD":0,"RVNBUSD":0,"TOMOBUSD":0,"TRXBUSD":0,"VETBUSD":0.07095873816873585,"WAVESBUSD":0.25946158684425785,"XLMBUSD":0,"XMRBUSD":0.1350070695621171,"XRPBUSD":0,"XTZBUSD":0,"ZECBUSD":0},"numerosità_campione":31,"expected_return":0.29818721324208297,"standard_deviation":0.27814988487951,"sharpe_ratio":1.0720378811993858}