{"weights":{"ADABUSD":0,"ALGOBUSD":0,"ATOMBUSD":0,"BATBUSD":0,"BCHBUSD":0,"BNBBUSD":0.05632735616740393,"BNTBUSD":0.1806683112800927,"BTCBUSD":0.09362934106350077,"BTTBUSD":0,"DASHBUSD":0,"ENJBUSD":0.07631060651897079,"EOSBUSD":0,"ETCBUSD":0,"ETHBUSD":0.17079373010557156,"ICXBUSD":0,"LINKBUSD":0,"LTCBUSD":0,"NANOBUSD":0,"NEOBUSD":0,"ONTBUSD":0,"QTUMBUSD":0,"RVNBUSD":8.662878767267611e-19,"TOMOBUSD":0,"TRXBUSD":0,"VETBUSD":0.12383539739871849,"WAVESBUSD":0.29843525746574184,"XLMBUSD":0,"XMRBUSD":0,"XRPBUSD":0,"XTZBUSD":0,"ZECBUSD":0},"numerosità_campione":31,"expected_return":0.3365514227445169,"standard_deviation":0.3275068160238086,"sharpe_ratio":1.027616544994443}