{"weights":{"ADABUSD":0,"ALGOBUSD":0,"ATOMBUSD":0,"BATBUSD":0,"BCHBUSD":0,"BNBBUSD":0.2790031703331819,"BNTBUSD":0.2749486615518248,"BTCBUSD":0,"BTTBUSD":0,"DASHBUSD":0,"ENJBUSD":0.35299607257299787,"EOSBUSD":0,"ETCBUSD":0,"ETHBUSD":0,"ICXBUSD":0,"LINKBUSD":0,"LTCBUSD":0,"NANOBUSD":0,"NEOBUSD":0,"ONTBUSD":0,"QTUMBUSD":0,"RVNBUSD":1.0963735810658192e-16,"TOMOBUSD":0,"TRXBUSD":0,"VETBUSD":0.09305209554199553,"WAVESBUSD":0,"XLMBUSD":0,"XMRBUSD":0,"XRPBUSD":0,"XTZBUSD":0,"ZECBUSD":0},"numerosità_campione":31,"expected_return":0.4398396790972236,"standard_deviation":0.5931761881788475,"sharpe_ratio":0.7414992170329809}