{"weights":{"ADABUSD":0.05780614817984034,"ALGOBUSD":0,"ATOMBUSD":0,"BATBUSD":0,"BCHBUSD":0,"BNBBUSD":0.03250739743169791,"BNTBUSD":0.19107745661477588,"BTCBUSD":0,"BTTBUSD":0,"DASHBUSD":0,"ENJBUSD":0.10651822101063857,"EOSBUSD":0,"ETCBUSD":0,"ETHBUSD":0.011348690806275846,"ICXBUSD":0,"LINKBUSD":0,"LTCBUSD":0,"NANOBUSD":0.010553463109769925,"NEOBUSD":0,"ONTBUSD":0,"QTUMBUSD":0,"RVNBUSD":5.599502455626195e-17,"TOMOBUSD":0,"TRXBUSD":0,"VETBUSD":0.22480479672376527,"WAVESBUSD":0.3653838261232362,"XLMBUSD":0,"XMRBUSD":0,"XRPBUSD":0,"XTZBUSD":0,"ZECBUSD":0},"numerosità_campione":31,"expected_return":0.3778667252855995,"standard_deviation":0.38557388908397394,"sharpe_ratio":0.9800111884736679}