{"weights":{"ADABUSD":0,"ALGOBUSD":0,"ATOMBUSD":0,"BATBUSD":0,"BCHBUSD":0,"BNBBUSD":0.05469655540119995,"BNTBUSD":0.1775943810651693,"BTCBUSD":0.10875365488459136,"BTTBUSD":0,"DASHBUSD":0,"ENJBUSD":0.07479466692811185,"EOSBUSD":0,"ETCBUSD":0,"ETHBUSD":0.16746667630351933,"ICXBUSD":0,"LINKBUSD":0,"LTCBUSD":0,"NANOBUSD":0,"NEOBUSD":0,"ONTBUSD":0,"QTUMBUSD":0,"RVNBUSD":5.712049569881533e-19,"TOMOBUSD":0,"TRXBUSD":0,"VETBUSD":0.12168424862128131,"WAVESBUSD":0.29500981679612703,"XLMBUSD":0,"XMRBUSD":0,"XRPBUSD":0,"XTZBUSD":0,"ZECBUSD":0},"numerosità_campione":31,"expected_return":0.33360032970586817,"standard_deviation":0.32362144163991985,"sharpe_ratio":1.0308350646217423}