{"weights":{"ADABUSD":0.020622568567257422,"ALGOBUSD":0,"ATOMBUSD":0,"BATBUSD":0,"BCHBUSD":0,"BNBBUSD":0.05481160177070438,"BNTBUSD":0.20231925054466002,"BTCBUSD":0,"BTTBUSD":0,"DASHBUSD":0,"ENJBUSD":0.0990622469467787,"EOSBUSD":0,"ETCBUSD":0,"ETHBUSD":0.0859167464031807,"ICXBUSD":0,"LINKBUSD":0,"LTCBUSD":0,"NANOBUSD":0.0031781412396711278,"NEOBUSD":0,"ONTBUSD":0,"QTUMBUSD":0,"RVNBUSD":1.5530939279529762e-16,"TOMOBUSD":0,"TRXBUSD":0,"VETBUSD":0.18737037709401955,"WAVESBUSD":0.34671906743372793,"XLMBUSD":0,"XMRBUSD":0,"XRPBUSD":0,"XTZBUSD":0,"ZECBUSD":0},"numerosità_campione":31,"expected_return":0.3690134461696532,"standard_deviation":0.37242739149734333,"sharpe_ratio":0.990833259299311}