{"weights":{"ADABUSD":0,"ALGOBUSD":0,"ATOMBUSD":0,"BATBUSD":0,"BCHBUSD":0,"BNBBUSD":0,"BNTBUSD":0.02882343867951162,"BTCBUSD":0.4805967791786127,"BTTBUSD":0,"DASHBUSD":0,"ENJBUSD":0.021753237004883637,"EOSBUSD":0,"ETCBUSD":0,"ETHBUSD":0,"ICXBUSD":0,"LINKBUSD":0.028366196689896726,"LTCBUSD":0,"NANOBUSD":0.04578204395752851,"NEOBUSD":0,"ONTBUSD":0,"QTUMBUSD":0,"RVNBUSD":0,"TOMOBUSD":0,"TRXBUSD":0,"VETBUSD":0,"WAVESBUSD":0.0788804282270757,"XLMBUSD":0,"XMRBUSD":0.3157978762624913,"XRPBUSD":0,"XTZBUSD":0,"ZECBUSD":0},"numerosità_campione":31,"expected_return":0.2008011429666739,"standard_deviation":0.18212307043066073,"sharpe_ratio":1.102557421703059}