{"weights":{"ADABUSD":0,"ALGOBUSD":0,"ATOMBUSD":0,"BATBUSD":0,"BCHBUSD":0,"BNBBUSD":0,"BNTBUSD":0.04858692236341572,"BTCBUSD":0.4388204683136959,"BTTBUSD":0,"DASHBUSD":0,"ENJBUSD":0.0318387687234618,"EOSBUSD":0,"ETCBUSD":0,"ETHBUSD":0,"ICXBUSD":0,"LINKBUSD":0.022160901560884863,"LTCBUSD":0,"NANOBUSD":0.04659814718516441,"NEOBUSD":0,"ONTBUSD":0,"QTUMBUSD":0,"RVNBUSD":0,"TOMOBUSD":0,"TRXBUSD":0,"VETBUSD":0,"WAVESBUSD":0.10711582880928483,"XLMBUSD":0,"XMRBUSD":0.30487896304409257,"XRPBUSD":0,"XTZBUSD":0,"ZECBUSD":0},"numerosità_campione":31,"expected_return":0.21260551512126893,"standard_deviation":0.18849995923099372,"sharpe_ratio":1.127880960763156}