{"weights":{"1INCHBTC":0,"AAVEBTC":0.004068147404953648,"ACMBTC":0.0003498413923661268,"ADABTC":0.008204678715246732,"ADXBTC":0,"AERGOBTC":0.012289532042563719,"AGIBTC":0.0061968991323082525,"AIONBTC":0,"AKROBTC":0,"ALGOBTC":0,"ALICEBTC":0.011067841923371059,"ALPHABTC":0,"AMBBTC":0.0014186441613113932,"ANKRBTC":0.007586782589018335,"ANTBTC":0,"APPCBTC":0.0029374542488500533,"ARBTC":0,"ARDRBTC":0.0006140160265038814,"ARKBTC":0,"ARPABTC":0,"ASTBTC":0,"ATOMBTC":0,"AUCTIONBTC":0.0020628072883786016,"AUDIOBTC":0.001387851293237582,"AUTOBTC":0.003072785724624164,"AVABTC":0.006454155519024822,"AVAXBTC":0.008359783471745938,"AXSBTC":0,"BADGERBTC":0.0074841050496002115,"BALBTC":0,"BANDBTC":0,"BATBTC":0,"BCDBTC":0,"BCHBTC":0,"BEAMBTC":0,"BELBTC":0,"BLZBTC":0.0012020158608055712,"BNBBTC":0,"BNTBTC":0,"BQXBTC":0.00208397478056464,"BRDBTC":0.005169074179048178,"BTCSTBTC":0.00028991489789825147,"BTGBTC":0,"BTSBTC":0,"BZRXBTC":0,"CAKEBTC":0.0036889515503503,"CDTBTC":0,"CELOBTC":0.00905436450483136,"CELRBTC":0,"CFXBTC":0,"CHRBTC":0,"CHZBTC":0,"CKBBTC":0,"CNDBTC":0.003435111815458098,"COMPBTC":0,"COSBTC":0.0009260654008092712,"COTIBTC":0,"CRVBTC":0,"CTKBTC":0,"CTSIBTC":0.005036442417963574,"CTXCBTC":0.002886059020273085,"CVCBTC":0,"DASHBTC":0,"DATABTC":0.0031827130067641975,"DCRBTC":0.03714556288707782,"DEGOBTC":0.004833171659150749,"DGBBTC":0,"DIABTC":0,"DLTBTC":0.001957374598401758,"DNTBTC":0,"DOCKBTC":0.001956884206233305,"DODOBTC":0,"DOGEBTC":0,"DOTBTC":0,"DREPBTC":0,"DUSKBTC":0,"EGLDBTC":0,"ELFBTC":0,"ENJBTC":0,"EOSBTC":0,"EPSBTC":0.0009863651014253602,"ETCBTC":0,"ETHBTC":0,"EVXBTC":0.019037907461083373,"EZBTC":0.006020211601567101,"FETBTC":0,"FILBTC":0.01892514729849155,"FIOBTC":0,"FIROBTC":0,"FISBTC":0,"FLMBTC":0,"FORBTC":0.0002527883145662992,"FORTHBTC":0.008142048862643154,"FRONTBTC":0.004054524016886751,"FTMBTC":0,"FTTBTC":0.025927218202890488,"FUNBTC":0,"FXSBTC":0,"GASBTC":0.0007317478055129779,"GLMBTC":0.0082115417748077,"GOBTC":0,"GRSBTC":0,"GRTBTC":0,"GTOBTC":0,"GVTBTC":0,"GXSBTC":0.0011294278367064829,"HARDBTC":0.0014827897387968184,"HBARBTC":0,"HIVEBTC":0.00417881574771484,"HNTBTC":0,"ICPBTC":0,"ICXBTC":0,"IDEXBTC":0,"INJBTC":0,"IOSTBTC":0,"IOTABTC":0,"IOTXBTC":0,"IRISBTC":0,"JSTBTC":0,"JUVBTC":0.0017421784570535092,"KAVABTC":0,"KMDBTC":0,"KNCBTC":0,"KSMBTC":0,"LINABTC":0,"LINKBTC":0,"LITBTC":0,"LOOMBTC":0.004391138489102777,"LRCBTC":0,"LSKBTC":0,"LTCBTC":0,"LTOBTC":0,"LUNABTC":0.027192744293092666,"MANABTC":0,"MATICBTC":0.004334260248076535,"MDABTC":0.033563411170363135,"MDTBTC":0.005847778695683353,"MIRBTC":0.016915414371863557,"MITHBTC":0,"MKRBTC":0,"MTHBTC":0.00022021411666910858,"MTLBTC":0,"NANOBTC":0,"NASBTC":0,"NAVBTC":0.002351794153334738,"NBSBTC":0.0017532036978424258,"NEARBTC":0.008641033959420069,"NEBLBTC":0.010505812494044905,"NEOBTC":0,"NKNBTC":0,"NMRBTC":0.004619964788939678,"NULSBTC":0,"NXSBTC":0.02490079471938279,"OAXBTC":0.0029973436990336933,"OCEANBTC":0,"OGNBTC":0,"OMBTC":0.001559554142539593,"OMGBTC":0,"ONEBTC":0.003691624753012194,"ONGBTC":0,"ONTBTC":0,"ORNBTC":0.009447665044024492,"OSTBTC":0.0020392309240206447,"OXTBTC":0.00879357815564497,"PAXGBTC":0.06100112086720258,"PERLBTC":0,"PERPBTC":0.000013574901213386904,"PHABTC":0.0034212102709176295,"PHBBTC":0.0021553708695207295,"PIVXBTC":0.016591938302077364,"PNTBTC":0,"POABTC":0.0003470491946802171,"POLYBTC":0,"PONDBTC":0,"POWRBTC":0,"PPTBTC":0,"QKCBTC":0.000991921635996596,"QLCBTC":0.002205789642497114,"QSPBTC":0,"QTUMBTC":0,"RAMPBTC":0.007827584386602422,"RCNBTC":0,"RDNBTC":0.011269961405731766,"REEFBTC":0,"RENBTC":0,"RENBTCBTC":0.36098595662235144,"REPBTC":0,"REQBTC":0.006144857196669956,"RIFBTC":0.01266680983671096,"RLCBTC":0,"ROSEBTC":0.0015578218064360245,"RSRBTC":0,"RUNEBTC":0,"RVNBTC":0,"SANDBTC":0,"SCBTC":0.0003909166761974779,"SCRTBTC":0,"SFPBTC":0,"SKLBTC":0,"SKYBTC":0,"SNGLSBTC":0.0024824150980297457,"SNMBTC":0,"SNTBTC":0.001176525156404428,"SNXBTC":0,"SOLBTC":0.010627683851963188,"SRMBTC":0.004381176749150405,"STEEMBTC":0,"STMXBTC":0,"STORJBTC":0,"STPTBTC":0.002131801721684473,"STRAXBTC":0,"STXBTC":0.0024081822474563445,"SUNBTC":0,"SUPERBTC":0,"SUSHIBTC":0,"SXPBTC":0,"SYSBTC":0,"TCTBTC":0,"TFUELBTC":0,"THETABTC":0,"TKOBTC":0,"TLMBTC":0.004100501106010197,"TOMOBTC":0,"TRBBTC":0,"TROYBTC":0,"TRUBTC":0,"TRXBTC":0,"TVKBTC":0,"TWTBTC":0.001030829201598645,"UMABTC":0.005095473230259008,"UNFIBTC":0,"UNIBTC":0,"UTKBTC":0.000150463467434814,"VETBTC":0,"VIABTC":0.017040036586865558,"VIBBTC":0.00469713818453278,"VIDTBTC":0,"VITEBTC":0.004919221929540579,"WABIBTC":0,"WANBTC":0,"WAVESBTC":0,"WINGBTC":0.0034321903202828817,"WNXMBTC":0,"WPRBTC":0.0012492816179956545,"WRXBTC":0,"WTCBTC":0,"XEMBTC":0,"XLMBTC":0.0006241651233853518,"XMRBTC":0,"XRPBTC":0.003858624202023361,"XTZBTC":0,"XVGBTC":0.0020301256856038014,"XVSBTC":0,"YFIBTC":0,"YFIIBTC":0,"YOYOBTC":0,"ZECBTC":0,"ZENBTC":0,"ZILBTC":0,"ZRXBTC":0},"numerosità_campione":260,"expected_return":0.000039642787360625345,"standard_deviation":0.0006058654119974836,"sharpe_ratio":0.06543167273722832}