{"weights":{"1INCHBTC":0,"AAVEBTC":0,"ACMBTC":0.002896917498685272,"ADABTC":0.024863970049292975,"ADXBTC":0,"AERGOBTC":0.008026616025591786,"AGIBTC":0.013256226385730029,"AIONBTC":0,"AKROBTC":0,"ALGOBTC":0,"ALICEBTC":0.02585977253170958,"ALPHABTC":0,"AMBBTC":0,"ANKRBTC":0.005201984086909772,"ANTBTC":0,"APPCBTC":0,"ARBTC":0,"ARDRBTC":0.0026118741206061905,"ARKBTC":0,"ARPABTC":0,"ASTBTC":0,"ATOMBTC":0,"AUCTIONBTC":0.003784876659269863,"AUDIOBTC":0.004631095553716567,"AUTOBTC":0,"AVABTC":0.0005279268730595062,"AVAXBTC":0.014368204672961309,"AXSBTC":0,"BADGERBTC":0.0030809938212078493,"BALBTC":0,"BANDBTC":0,"BATBTC":0,"BCDBTC":0,"BCHBTC":0,"BEAMBTC":0,"BELBTC":0,"BLZBTC":0.003608391493582313,"BNBBTC":0,"BNTBTC":0,"BQXBTC":0,"BRDBTC":0.005335703684521135,"BTCSTBTC":0.004114988028683246,"BTGBTC":0,"BTSBTC":0.0002204017189165613,"BZRXBTC":0,"CAKEBTC":0,"CDTBTC":0,"CELOBTC":0.01866227015256823,"CELRBTC":0,"CFXBTC":0,"CHRBTC":0,"CHZBTC":0,"CKBBTC":0,"CNDBTC":0.0032827700283915863,"COMPBTC":0,"COSBTC":0.0006406453785831622,"COTIBTC":0,"CRVBTC":0,"CTKBTC":0,"CTSIBTC":0.00794797774215277,"CTXCBTC":0,"CVCBTC":0,"DASHBTC":0,"DATABTC":0.006721671431696489,"DCRBTC":0,"DEGOBTC":0.00824883034385709,"DGBBTC":0,"DIABTC":0,"DLTBTC":0,"DNTBTC":0.002953368129001508,"DOCKBTC":0.006844219039650155,"DODOBTC":0,"DOGEBTC":0,"DOTBTC":0,"DREPBTC":0,"DUSKBTC":0,"EGLDBTC":0,"ELFBTC":0,"ENJBTC":0,"EOSBTC":0,"EPSBTC":0.0030724423289985934,"ETCBTC":0,"ETHBTC":0,"EVXBTC":0.011946913884361032,"EZBTC":0.0017662658483725377,"FETBTC":0,"FILBTC":0.012388757525280318,"FIOBTC":0,"FIROBTC":0,"FISBTC":0,"FLMBTC":0,"FORBTC":0,"FORTHBTC":0.011339622936934962,"FRONTBTC":0,"FTMBTC":0,"FTTBTC":0,"FUNBTC":0,"FXSBTC":0,"GASBTC":0,"GLMBTC":0.004519859682309901,"GOBTC":0,"GRSBTC":0,"GRTBTC":0,"GTOBTC":0,"GVTBTC":0,"GXSBTC":0.0007181841963788151,"HARDBTC":0.0004056025049680044,"HBARBTC":0,"HIVEBTC":0.006070675660141018,"HNTBTC":0,"ICPBTC":0,"ICXBTC":0,"IDEXBTC":0,"INJBTC":0,"IOSTBTC":0,"IOTABTC":0,"IOTXBTC":0,"IRISBTC":0,"JSTBTC":0,"JUVBTC":0.0033582444145452417,"KAVABTC":0,"KMDBTC":0,"KNCBTC":0,"KSMBTC":0.0011639596692584592,"LINABTC":0,"LINKBTC":0,"LITBTC":0,"LOOMBTC":0.0018120231516553916,"LRCBTC":0,"LSKBTC":0,"LTCBTC":0,"LTOBTC":0,"LUNABTC":0.02322118767774414,"MANABTC":0,"MATICBTC":0.010672949396376825,"MDABTC":0.018879355385666163,"MDTBTC":0.007704068791316278,"MIRBTC":0.03024524409803607,"MITHBTC":0,"MKRBTC":0,"MTHBTC":0,"MTLBTC":0,"NANOBTC":0,"NASBTC":0,"NAVBTC":0,"NBSBTC":0.0033663230932951473,"NEARBTC":0.0134493020068677,"NEBLBTC":0.006710492901098763,"NEOBTC":0,"NKNBTC":0,"NMRBTC":0.008685827280972976,"NULSBTC":0,"NXSBTC":0.01735982971969208,"OAXBTC":0,"OCEANBTC":0,"OGNBTC":0,"OMBTC":0.0034236486839174267,"OMGBTC":0,"ONEBTC":0.01264020115584272,"ONGBTC":0,"ONTBTC":0,"ORNBTC":0,"OSTBTC":0.0012847138538045904,"OXTBTC":0.009384984722201785,"PAXGBTC":0.10014039096551854,"PERLBTC":0,"PERPBTC":0.00878543851911112,"PHABTC":0.007122036791907673,"PHBBTC":0.004181146538063031,"PIVXBTC":0.02150341563010228,"PNTBTC":0,"POABTC":0,"POLYBTC":0,"PONDBTC":0,"POWRBTC":0,"PPTBTC":0,"QKCBTC":0.0003690073740247917,"QLCBTC":0,"QSPBTC":0,"QTUMBTC":0,"RAMPBTC":0.005038399097597686,"RCNBTC":0,"RDNBTC":0.002009684876733827,"REEFBTC":0,"RENBTC":0,"RENBTCBTC":0.33406921569946524,"REPBTC":0,"REQBTC":0,"RIFBTC":0.012096378385392714,"RLCBTC":0,"ROSEBTC":0,"RSRBTC":0,"RUNEBTC":0.0022936521650966783,"RVNBTC":0,"SANDBTC":0,"SCBTC":0,"SCRTBTC":0,"SFPBTC":0,"SKLBTC":0,"SKYBTC":0,"SNGLSBTC":0.002077649599757848,"SNMBTC":0,"SNTBTC":0.006434150713973219,"SNXBTC":0,"SOLBTC":0.020343797227876055,"SRMBTC":0.011348009182324207,"STEEMBTC":0,"STMXBTC":0,"STORJBTC":0,"STPTBTC":0.0017454541331324378,"STRAXBTC":0,"STXBTC":0,"SUNBTC":0,"SUPERBTC":0,"SUSHIBTC":0,"SXPBTC":0,"SYSBTC":0,"TCTBTC":0,"TFUELBTC":0.0019435128534431745,"THETABTC":0.0026381694570699085,"TKOBTC":0,"TLMBTC":0.004384369696998159,"TOMOBTC":0,"TRBBTC":0,"TROYBTC":0.0005518829186036738,"TRUBTC":0,"TRXBTC":0,"TVKBTC":0,"TWTBTC":0,"UMABTC":0.001911321225195291,"UNFIBTC":0,"UNIBTC":0,"UTKBTC":0.0025238806961160975,"VETBTC":0,"VIABTC":0.0033563209385313007,"VIBBTC":0.0016604725400213615,"VIDTBTC":0,"VITEBTC":0.007852061362397985,"WABIBTC":0,"WANBTC":0,"WAVESBTC":0,"WINGBTC":0.007077469938086531,"WNXMBTC":0,"WPRBTC":0.00011143325084544441,"WRXBTC":0,"WTCBTC":0,"XEMBTC":0,"XLMBTC":0.0015163201572298854,"XMRBTC":0,"XRPBTC":0.01846743164902342,"XTZBTC":0,"XVGBTC":0.0031651503959787743,"XVSBTC":0,"YFIBTC":0,"YFIIBTC":0,"YOYOBTC":0,"ZECBTC":0,"ZENBTC":0,"ZILBTC":0,"ZRXBTC":0},"numerosità_campione":260,"expected_return":0.00010478042249556083,"standard_deviation":0.000779965535598833,"sharpe_ratio":0.13433981081627372}