{"weights":{"1INCHBTC":0,"AAVEBTC":0,"ADABTC":0,"ADXBTC":0.011545883158473847,"AERGOBTC":0,"AGIBTC":0.0029455474767768404,"AGIXBTC":0.001433720789208238,"AIONBTC":0,"AKROBTC":0,"ALGOBTC":0,"ALICEBTC":0,"ALPHABTC":0,"AMBBTC":0,"ANKRBTC":0.004819366095435108,"ANTBTC":0,"APPCBTC":0.0019801661690258036,"ARBTC":0,"ARDRBTC":0.0015834472462396723,"ARKBTC":0,"ARPABTC":0,"ASTBTC":0.009409401066317678,"ATABTC":0.00023252356552233547,"ATOMBTC":0,"AUCTIONBTC":0.0009701114745039253,"AUDIOBTC":0.000005702368542616629,"AUTOBTC":0,"AVABTC":0,"AVAXBTC":0,"AXSBTC":0.0007997297737131013,"BADGERBTC":0.0010259783141862407,"BALBTC":0,"BANDBTC":0,"BATBTC":0,"BCDBTC":0,"BCHBTC":0,"BEAMBTC":0,"BELBTC":0,"BLZBTC":0,"BNBBTC":0,"BNTBTC":0.04750450881570191,"BQXBTC":0,"BRDBTC":0,"BTCSTBTC":0,"BTGBTC":0,"BTSBTC":0,"BZRXBTC":0,"CAKEBTC":0,"CDTBTC":0,"CELOBTC":0,"CELRBTC":0,"CFXBTC":0,"CHRBTC":0,"CHZBTC":0,"CKBBTC":0.00030533216162990874,"CNDBTC":0,"COMPBTC":0,"COSBTC":0.00024588874076447617,"COTIBTC":0,"CRVBTC":0,"CTKBTC":0,"CTSIBTC":0,"CTXCBTC":0.0045058822514432205,"CVCBTC":0,"DASHBTC":0.008482541039607319,"DATABTC":0.0010800717249050636,"DCRBTC":0.011088868133335874,"DEGOBTC":0,"DGBBTC":0,"DIABTC":0,"DLTBTC":0,"DNTBTC":0.014402547952762126,"DOCKBTC":0,"DODOBTC":0,"DOGEBTC":0,"DOTBTC":0,"DREPBTC":0,"DUSKBTC":0,"EGLDBTC":0,"ELFBTC":0.0042826122821560085,"ENJBTC":0,"EOSBTC":0.0017720728160802825,"EPSBTC":0.004398017971677552,"ETCBTC":0,"ETHBTC":0.0035878338619291916,"EVXBTC":0.004788654118930233,"EZBTC":0.001983470635235479,"FETBTC":0,"FILBTC":0.0006029851007926074,"FIOBTC":0.00040639036942045675,"FIROBTC":0,"FISBTC":0,"FLMBTC":0,"FORBTC":0.0011015309868636467,"FORTHBTC":0,"FRONTBTC":0,"FTMBTC":0,"FTTBTC":0.036695386004749184,"FUNBTC":0.0006405268787264966,"FXSBTC":0,"GASBTC":0.021706638872423474,"GLMBTC":0,"GOBTC":0.0008011476039807801,"GRSBTC":0,"GRTBTC":0.0020118932384943244,"GTOBTC":0,"GVTBTC":0,"GXSBTC":0,"HARDBTC":0.0009081592651316367,"HBARBTC":0.0036726083755658943,"HIVEBTC":0.00003515503617455327,"HNTBTC":0.002892849452067824,"ICPBTC":0,"ICXBTC":0,"IDEXBTC":0.006865113461492942,"INJBTC":0,"IOSTBTC":0.0019720258884469103,"IOTABTC":0,"IOTXBTC":0,"IRISBTC":0,"JSTBTC":0.002056228800228099,"KAVABTC":0,"KMDBTC":0,"KNCBTC":0,"KSMBTC":0,"LINABTC":0,"LINKBTC":0,"LITBTC":0,"LOOMBTC":0,"LPTBTC":0.0009437620532944918,"LRCBTC":0.0038104902668483175,"LSKBTC":0,"LTCBTC":0.03143957014707313,"LTOBTC":0,"LUNABTC":0,"MANABTC":0,"MATICBTC":0,"MDABTC":0.057840439100588587,"MDTBTC":0,"MDXBTC":0,"MIRBTC":0,"MITHBTC":0,"MKRBTC":0,"MTHBTC":0,"MTLBTC":0.0010731768214507604,"NANOBTC":0,"NASBTC":0,"NAVBTC":0,"NBSBTC":0,"NEARBTC":0,"NEBLBTC":0.005423809227819802,"NEOBTC":0.001544877536864056,"NKNBTC":0,"NMRBTC":0.000557736945834847,"NUBTC":0,"NULSBTC":0.007249834810611631,"NXSBTC":0.0013654614430840524,"OAXBTC":0.004043398387058509,"OCEANBTC":0,"OGNBTC":0,"OMBTC":0.006751646556134597,"OMGBTC":0,"ONEBTC":0,"ONGBTC":0,"ONTBTC":0,"ORNBTC":0,"OSTBTC":0,"OXTBTC":0,"PAXGBTC":0.046212115727765575,"PERLBTC":0,"PERPBTC":0.0013000287616724475,"PHABTC":0,"PHBBTC":0,"PIVXBTC":0.006253821616613258,"PNTBTC":0,"POABTC":0.00007151453990750013,"POLSBTC":0.013933077249434862,"POLYBTC":0,"PONDBTC":0,"POWRBTC":0.0025359013370234162,"PPTBTC":0.0077214517098922126,"QKCBTC":0,"QLCBTC":0.0005486862715535506,"QSPBTC":0.002039037393091228,"QTUMBTC":0,"RAMPBTC":0,"RCNBTC":0.004914151969853062,"RDNBTC":0.0030046387126794836,"REEFBTC":0,"RENBTC":0,"RENBTCBTC":0.49016421213748995,"REPBTC":0,"REQBTC":0,"RIFBTC":0.0030773337066316814,"RLCBTC":0,"ROSEBTC":0.009245921194903943,"RSRBTC":0.00009455870767474741,"RUNEBTC":0,"RVNBTC":0,"SANDBTC":0,"SCBTC":0,"SCRTBTC":0,"SFPBTC":0,"SKLBTC":0,"SKYBTC":0.0014779895260930629,"SNGLSBTC":0,"SNMBTC":0,"SNTBTC":0.003093521372663138,"SNXBTC":0.004482272724459977,"SOLBTC":0,"SRMBTC":0,"STEEMBTC":0,"STMXBTC":0.0005769068711357042,"STORJBTC":0.0065861663617933774,"STPTBTC":0,"STRAXBTC":0,"STXBTC":0,"SUNBTC":0,"SUPERBTC":0,"SUSHIBTC":0,"SXPBTC":0,"SYSBTC":0,"TCTBTC":0,"TFUELBTC":0,"THETABTC":0,"TKOBTC":0,"TLMBTC":0,"TOMOBTC":0.004368283296909493,"TRBBTC":0,"TROYBTC":0,"TRUBTC":0,"TRXBTC":0.0030926502518189678,"TVKBTC":0,"TWTBTC":0.004142544759214529,"UMABTC":0,"UNFIBTC":0,"UNIBTC":0,"UTKBTC":0,"VETBTC":0,"VIABTC":0.00029973428173095623,"VIBBTC":0.001214098558543416,"VIDTBTC":0,"VITEBTC":0.000060193253129018246,"WABIBTC":0.005851889543703378,"WANBTC":0,"WAVESBTC":0,"WINGBTC":0,"WNXMBTC":0,"WPRBTC":0.001067113458656151,"WRXBTC":0,"WTCBTC":0.0013610416370462314,"XEMBTC":0.003923448781629008,"XLMBTC":0.005756852490802992,"XMRBTC":0,"XRPBTC":0.00983907667516813,"XTZBTC":0,"XVGBTC":0,"XVSBTC":0.0019149756322572767,"YFIBTC":0,"YFIIBTC":0.00018206685173273484,"YOYOBTC":0,"ZECBTC":0,"ZENBTC":0,"ZILBTC":0,"ZRXBTC":0},"numerosità_campione":900,"expected_return":-0.00004215837414504494,"standard_deviation":0.0005041426148308571,"sharpe_ratio":-0.08362390503169292}