{"weights":{"1INCHBTC":0,"AAVEBTC":0,"ACMBTC":0.0031211584009382524,"ADABTC":0.026420849907506695,"ADXBTC":0,"AERGOBTC":0.007304870386660881,"AGIBTC":0.013831869615391516,"AIONBTC":0,"AKROBTC":0,"ALGOBTC":0,"ALICEBTC":0.027227946725323828,"ALPHABTC":0,"AMBBTC":0,"ANKRBTC":0.004694211057004685,"ANTBTC":0,"APPCBTC":0,"ARBTC":0,"ARDRBTC":0.002542472372961243,"ARKBTC":0,"ARPABTC":0,"ASTBTC":0,"ATOMBTC":0,"AUCTIONBTC":0.003932083161250302,"AUDIOBTC":0.004992654699404672,"AUTOBTC":0,"AVABTC":0,"AVAXBTC":0.014677784799040316,"AXSBTC":0,"BADGERBTC":0.0024823123950304597,"BALBTC":0,"BANDBTC":0,"BATBTC":0,"BCDBTC":0,"BCHBTC":0,"BEAMBTC":0,"BELBTC":0,"BLZBTC":0.003749098972512081,"BNBBTC":0,"BNTBTC":0,"BQXBTC":0,"BRDBTC":0.005090639418308812,"BTCSTBTC":0.004417981669238513,"BTGBTC":0,"BTSBTC":0.00019919131526203608,"BZRXBTC":0,"CAKEBTC":0,"CDTBTC":0,"CELOBTC":0.019529244628575432,"CELRBTC":0,"CFXBTC":0,"CHRBTC":0,"CHZBTC":0,"CKBBTC":0,"CNDBTC":0.0032507240378014247,"COMPBTC":0,"COSBTC":0.0006416424459655374,"COTIBTC":0,"CRVBTC":0,"CTKBTC":0,"CTSIBTC":0.008109056122687324,"CTXCBTC":0,"CVCBTC":0,"DASHBTC":0,"DATABTC":0.006978662587993203,"DCRBTC":0,"DEGOBTC":0.008460517771027925,"DGBBTC":0,"DIABTC":0,"DLTBTC":0,"DNTBTC":0.003222194268221705,"DOCKBTC":0.00717404632271785,"DODOBTC":0,"DOGEBTC":0,"DOTBTC":0,"DREPBTC":0,"DUSKBTC":0,"EGLDBTC":0,"ELFBTC":0,"ENJBTC":0,"EOSBTC":0,"EPSBTC":0.0031722251082987128,"ETCBTC":0,"ETHBTC":0,"EVXBTC":0.010945822203186953,"EZBTC":0.0011863313062394486,"FETBTC":0,"FILBTC":0.011278438506849044,"FIOBTC":0,"FIROBTC":0,"FISBTC":0,"FLMBTC":0,"FORBTC":0,"FORTHBTC":0.011592000279427049,"FRONTBTC":0,"FTMBTC":0,"FTTBTC":0,"FUNBTC":0,"FXSBTC":0,"GASBTC":0,"GLMBTC":0.004034844498278753,"GOBTC":0,"GRSBTC":0,"GRTBTC":0,"GTOBTC":0,"GVTBTC":0,"GXSBTC":0.0006429413951580371,"HARDBTC":0.00022493971398712835,"HBARBTC":0,"HIVEBTC":0.0060882627552974935,"HNTBTC":0,"ICPBTC":0,"ICXBTC":0,"IDEXBTC":0,"INJBTC":0,"IOSTBTC":0,"IOTABTC":0,"IOTXBTC":0,"IRISBTC":0,"JSTBTC":0,"JUVBTC":0.0034919318773770818,"KAVABTC":0,"KMDBTC":0,"KNCBTC":0,"KSMBTC":0.0015469706222702242,"LINABTC":0,"LINKBTC":0,"LITBTC":0,"LOOMBTC":0.0014712873884376002,"LRCBTC":0,"LSKBTC":0,"LTCBTC":0,"LTOBTC":0,"LUNABTC":0.021899227956194225,"MANABTC":0,"MATICBTC":0.011235576580354395,"MDABTC":0.01706488915922291,"MDTBTC":0.007765224376752881,"MIRBTC":0.031531427375118035,"MITHBTC":0,"MKRBTC":0,"MTHBTC":0,"MTLBTC":0,"NANOBTC":0,"NASBTC":0,"NAVBTC":0,"NBSBTC":0.0034338878264754203,"NEARBTC":0.013797461762362753,"NEBLBTC":0.005890574912475886,"NEOBTC":0,"NKNBTC":0,"NMRBTC":0.009115661040433366,"NULSBTC":0,"NXSBTC":0.01607707972386468,"OAXBTC":0,"OCEANBTC":0,"OGNBTC":0,"OMBTC":0.0036116862326081496,"OMGBTC":0,"ONEBTC":0.013455555296876963,"ONGBTC":0,"ONTBTC":0,"ORNBTC":0,"OSTBTC":0.0012043954859922272,"OXTBTC":0.009222836102429102,"PAXGBTC":0.1036251839688512,"PERLBTC":0,"PERPBTC":0.009379946348288749,"PHABTC":0.007441533468712782,"PHBBTC":0.0043185793552076935,"PIVXBTC":0.021855241770355128,"PNTBTC":0,"POABTC":0,"POLYBTC":0,"PONDBTC":0,"POWRBTC":0,"PPTBTC":0,"QKCBTC":0.00032097065404313325,"QLCBTC":0,"QSPBTC":0,"QTUMBTC":0,"RAMPBTC":0.004654654906242976,"RCNBTC":0,"RDNBTC":0.001056031159936859,"REEFBTC":0,"RENBTC":0,"RENBTCBTC":0.32857162296666753,"REPBTC":0,"REQBTC":0,"RIFBTC":0.011914034193311156,"RLCBTC":0,"ROSEBTC":0,"RSRBTC":0,"RUNEBTC":0.0030164707395593645,"RVNBTC":0,"SANDBTC":0,"SCBTC":0,"SCRTBTC":0,"SFPBTC":0,"SKLBTC":0,"SKYBTC":0,"SNGLSBTC":0.0020361018867419804,"SNMBTC":0,"SNTBTC":0.006877898713660858,"SNXBTC":0,"SOLBTC":0.021178566527025,"SRMBTC":0.011942403757410886,"STEEMBTC":0,"STMXBTC":0,"STORJBTC":0,"STPTBTC":0.0016620393994441986,"STRAXBTC":0,"STXBTC":0,"SUNBTC":0,"SUPERBTC":0,"SUSHIBTC":0,"SXPBTC":0,"SYSBTC":0,"TCTBTC":0,"TFUELBTC":0.0020489016835967093,"THETABTC":0.003069823269144865,"TKOBTC":0,"TLMBTC":0.004308008796805804,"TOMOBTC":0,"TRBBTC":0,"TROYBTC":0.0005286801582474755,"TRUBTC":0,"TRXBTC":0,"TVKBTC":0,"TWTBTC":0,"UMABTC":0.0014156819612265667,"UNFIBTC":0,"UNIBTC":0,"UTKBTC":0.0027716566749517915,"VETBTC":0,"VIABTC":0.0017788372539114655,"VIBBTC":0.0013134031503302538,"VIDTBTC":0,"VITEBTC":0.008078340908789599,"WABIBTC":0,"WANBTC":0,"WAVESBTC":0,"WINGBTC":0.007436807808705301,"WNXMBTC":0,"WPRBTC":0,"WRXBTC":0,"WTCBTC":0,"XEMBTC":0,"XLMBTC":0.0013371926042358845,"XMRBTC":0,"XRPBTC":0.01989112879275129,"XTZBTC":0,"XVGBTC":0.0031375645550504056,"XVSBTC":0,"YFIBTC":0,"YFIIBTC":0,"YOYOBTC":0,"ZECBTC":0,"ZENBTC":0,"ZILBTC":0,"ZRXBTC":0},"numerosità_campione":260,"expected_return":0.00011020855875680534,"standard_deviation":0.000799710634896333,"sharpe_ratio":0.13781054539945156}