{"weights":{"1INCHBTC":0.0003087312680191851,"AAVEBTC":0.0026704341100228903,"ACMBTC":0,"ADABTC":0,"ADXBTC":0,"AERGOBTC":0.011983326144637483,"AGIBTC":0.0027306811994383573,"AIONBTC":0,"AKROBTC":0,"ALGOBTC":0,"ALICEBTC":0.004237988546418369,"ALPHABTC":0,"AMBBTC":0.002509220124380688,"ANKRBTC":0.006074427150178055,"ANTBTC":0,"APPCBTC":0.006671147536381425,"ARBTC":0,"ARDRBTC":0,"ARKBTC":0,"ARPABTC":0,"ASTBTC":0,"ATOMBTC":0,"AUCTIONBTC":0.000793110644515176,"AUDIOBTC":0,"AUTOBTC":0.0034781520699339987,"AVABTC":0.007155305446983784,"AVAXBTC":0.005600701619245486,"AXSBTC":0,"BADGERBTC":0.008255675192766175,"BALBTC":0,"BANDBTC":0,"BATBTC":0.0058852915717718685,"BCDBTC":0.0008959899094592462,"BCHBTC":0,"BEAMBTC":0,"BELBTC":0.003175495506114257,"BLZBTC":0,"BNBBTC":0,"BNTBTC":0,"BQXBTC":0.0030171604910407216,"BRDBTC":0.004506708898686604,"BTCSTBTC":0,"BTGBTC":0,"BTSBTC":0,"BZRXBTC":0,"CAKEBTC":0.004652261741188806,"CDTBTC":0,"CELOBTC":0.004416039640045254,"CELRBTC":0,"CFXBTC":0.0016634115075123861,"CHRBTC":0,"CHZBTC":0,"CKBBTC":0,"CNDBTC":0.0034375322767355226,"COMPBTC":0,"COSBTC":0.0009148133692976989,"COTIBTC":0,"CRVBTC":0,"CTKBTC":0.0006288816492184346,"CTSIBTC":0.002986026281687395,"CTXCBTC":0.003335049217547971,"CVCBTC":0,"DASHBTC":0,"DATABTC":0.0012846446837073042,"DCRBTC":0.0504094062036244,"DEGOBTC":0.0033324437457839832,"DGBBTC":0,"DIABTC":0.0017962390939644775,"DLTBTC":0.004253880161927639,"DNTBTC":0,"DOCKBTC":0,"DODOBTC":0,"DOGEBTC":0,"DOTBTC":0,"DREPBTC":0,"DUSKBTC":0,"EGLDBTC":0,"ELFBTC":0,"ENJBTC":0,"EOSBTC":0,"EPSBTC":0,"ETCBTC":0,"ETHBTC":0,"EVXBTC":0.0213711635997631,"EZBTC":0.0069595775279907655,"FETBTC":0,"FILBTC":0.02184578996451131,"FIOBTC":0,"FIROBTC":0,"FISBTC":0,"FLMBTC":0,"FORBTC":0.002581147007314309,"FORTHBTC":0.006362046117954002,"FRONTBTC":0.004624176897107879,"FTMBTC":0,"FTTBTC":0.028091359272388223,"FUNBTC":0,"FXSBTC":0,"GASBTC":0.008428223528965459,"GLMBTC":0.0068573105390307525,"GOBTC":0,"GRSBTC":0.001656977421475353,"GRTBTC":0.0007113614320500808,"GTOBTC":0,"GVTBTC":0,"GXSBTC":0.0007162324504148962,"HARDBTC":0.0008655956982788378,"HBARBTC":0,"HIVEBTC":0.00288859758487441,"HNTBTC":0,"ICPBTC":0.004839580982594972,"ICXBTC":0,"IDEXBTC":0,"INJBTC":0.0023019888273488748,"IOSTBTC":0,"IOTABTC":0,"IOTXBTC":0,"IRISBTC":0.0002337472727638449,"JSTBTC":0,"JUVBTC":0.0008902374021083282,"KAVABTC":0,"KMDBTC":0,"KNCBTC":0,"KSMBTC":0,"LINABTC":0,"LINKBTC":0,"LITBTC":0,"LOOMBTC":0.0034717818807639867,"LRCBTC":0,"LSKBTC":0,"LTCBTC":0.004061915046392335,"LTOBTC":0,"LUNABTC":0.025432803339067965,"MANABTC":0,"MATICBTC":0.000870095980512383,"MDABTC":0.036728306182612656,"MDTBTC":0.0045959311480623325,"MIRBTC":0.009225061114199781,"MITHBTC":0,"MKRBTC":0,"MTHBTC":0.00047850281881650614,"MTLBTC":0,"NANOBTC":0,"NASBTC":0,"NAVBTC":0.013988834007019304,"NBSBTC":0.0009321063787835356,"NEARBTC":0.006398366366892791,"NEBLBTC":0.010973798002589265,"NEOBTC":0,"NKNBTC":0,"NMRBTC":0.0032228197433741375,"NULSBTC":0,"NXSBTC":0.02550798578441657,"OAXBTC":0.004642161785159677,"OCEANBTC":0,"OGNBTC":0,"OMBTC":0.0006619114196222926,"OMGBTC":0,"ONEBTC":0,"ONGBTC":0,"ONTBTC":0,"ORNBTC":0.013505738625247505,"OSTBTC":0.0016018779675344831,"OXTBTC":0.0075944235448811796,"PAXGBTC":0.04592159565063418,"PERLBTC":0,"PERPBTC":0,"PHABTC":0.0014483610364480987,"PHBBTC":0.0014236411780021838,"PIVXBTC":0.014244137163372592,"PNTBTC":0,"POABTC":0.001457586865003073,"POLYBTC":0.0020814511349795083,"PONDBTC":0,"POWRBTC":0,"PPTBTC":0.0006871864319481884,"QKCBTC":0.0010571706379310414,"QLCBTC":0.00403257199441714,"QSPBTC":0,"QTUMBTC":0,"RAMPBTC":0.007950792117734987,"RCNBTC":0,"RDNBTC":0.014558527039633288,"REEFBTC":0,"RENBTC":0,"RENBTCBTC":0.3580764093663468,"REPBTC":0,"REQBTC":0.007318041942283341,"RIFBTC":0.012382288010678469,"RLCBTC":0,"ROSEBTC":0.0041324032096310866,"RSRBTC":0,"RUNEBTC":0,"RVNBTC":0,"SANDBTC":0,"SCBTC":0.00024138593835645812,"SCRTBTC":0.003641120976346348,"SFPBTC":0,"SKLBTC":0,"SKYBTC":0,"SNGLSBTC":0.0021943155049161367,"SNMBTC":0,"SNTBTC":0,"SNXBTC":0,"SOLBTC":0.005521118573952981,"SRMBTC":0.00030772975939387956,"STEEMBTC":0,"STMXBTC":0,"STORJBTC":0,"STPTBTC":0.0014986755021210336,"STRAXBTC":0,"STXBTC":0.004273007399913967,"SUNBTC":0,"SUPERBTC":0,"SUSHIBTC":0,"SXPBTC":0,"SYSBTC":0,"TCTBTC":0,"TFUELBTC":0,"THETABTC":0,"TKOBTC":0.0008888809577154702,"TLMBTC":0.0035526237023769825,"TOMOBTC":0,"TRBBTC":0,"TROYBTC":0,"TRUBTC":0,"TRXBTC":0,"TVKBTC":0,"TWTBTC":0.003675894579299902,"UMABTC":0.004313960047535989,"UNFIBTC":0,"UNIBTC":0.001461499176827382,"UTKBTC":0,"VETBTC":0,"VIABTC":0.01910364086989112,"VIBBTC":0.0059575415468220575,"VIDTBTC":0,"VITEBTC":0.0028424286041367217,"WABIBTC":0,"WANBTC":0,"WAVESBTC":0,"WINGBTC":0.0017171317598328982,"WNXMBTC":0,"WPRBTC":0.000988699187016932,"WRXBTC":0,"WTCBTC":0,"XEMBTC":0,"XLMBTC":0,"XMRBTC":0,"XRPBTC":0,"XTZBTC":0,"XVGBTC":0.0013190360820152349,"XVSBTC":0,"YFIBTC":0,"YFIIBTC":0,"YOYOBTC":0,"ZECBTC":0.0005494343873647885,"ZENBTC":0,"ZILBTC":0,"ZRXBTC":0},"numerosità_campione":260,"expected_return":0.000007073969793157671,"standard_deviation":0.0005726445812001013,"sharpe_ratio":0.012353159403573904}