{"weights":{"1INCHBTC":0,"AAVEBTC":0.002650489588067148,"ACMBTC":0.0016137612539626953,"ADABTC":0.016349506388310123,"ADXBTC":0,"AERGOBTC":0.010818393083626917,"AGIBTC":0.009758175937816312,"AIONBTC":0,"AKROBTC":0,"ALGOBTC":0,"ALICEBTC":0.01832718740288639,"ALPHABTC":0,"AMBBTC":0,"ANKRBTC":0.006831386055664596,"ANTBTC":0,"APPCBTC":0,"ARBTC":0,"ARDRBTC":0.0018930270006051037,"ARKBTC":0,"ARPABTC":0,"ASTBTC":0,"ATOMBTC":0,"AUCTIONBTC":0.002894415036797523,"AUDIOBTC":0.0028771934062188716,"AUTOBTC":0.0001848058998235514,"AVABTC":0.0038564693448596803,"AVAXBTC":0.011472746787783409,"AXSBTC":0,"BADGERBTC":0.005542756809923747,"BALBTC":0,"BANDBTC":0,"BATBTC":0,"BCDBTC":0,"BCHBTC":0,"BEAMBTC":0,"BELBTC":0,"BLZBTC":0.0026795317061097334,"BNBBTC":0,"BNTBTC":0,"BQXBTC":0,"BRDBTC":0.005819440254173584,"BTCSTBTC":0.002333618580455007,"BTGBTC":0,"BTSBTC":0.0002606367290339446,"BZRXBTC":0,"CAKEBTC":0.0004216842345255278,"CDTBTC":0,"CELOBTC":0.013828557286143264,"CELRBTC":0,"CFXBTC":0,"CHRBTC":0,"CHZBTC":0,"CKBBTC":0,"CNDBTC":0.0033370663042453464,"COMPBTC":0,"COSBTC":0.0008548741085831994,"COTIBTC":0,"CRVBTC":0,"CTKBTC":0,"CTSIBTC":0.006508081619363869,"CTXCBTC":0.0007691030429755538,"CVCBTC":0,"DASHBTC":0,"DATABTC":0.005039051541046418,"DCRBTC":0.01876075650576103,"DEGOBTC":0.0068179133623758326,"DGBBTC":0,"DIABTC":0,"DLTBTC":0,"DNTBTC":0.000980434560185491,"DOCKBTC":0.004383426144823283,"DODOBTC":0,"DOGEBTC":0,"DOTBTC":0,"DREPBTC":0,"DUSKBTC":0,"EGLDBTC":0,"ELFBTC":0,"ENJBTC":0,"EOSBTC":0,"EPSBTC":0.002092429093457227,"ETCBTC":0,"ETHBTC":0,"EVXBTC":0.016189849350323162,"EZBTC":0.004175252344013354,"FETBTC":0,"FILBTC":0.01658034301439658,"FIOBTC":0,"FIROBTC":0,"FISBTC":0,"FLMBTC":0,"FORBTC":0,"FORTHBTC":0.009884622726251617,"FRONTBTC":0.0020778147215030577,"FTMBTC":0,"FTTBTC":0.015172641028370305,"FUNBTC":0,"FXSBTC":0,"GASBTC":0,"GLMBTC":0.0066377646082438424,"GOBTC":0,"GRSBTC":0,"GRTBTC":0,"GTOBTC":0,"GVTBTC":0,"GXSBTC":0.0009307476187664534,"HARDBTC":0.0014417505940737749,"HBARBTC":0,"HIVEBTC":0.005303856873436405,"HNTBTC":0,"ICPBTC":0,"ICXBTC":0,"IDEXBTC":0,"INJBTC":0,"IOSTBTC":0,"IOTABTC":0,"IOTXBTC":0,"IRISBTC":0,"JSTBTC":0,"JUVBTC":0.0025230521014550575,"KAVABTC":0,"KMDBTC":0,"KNCBTC":0,"KSMBTC":0,"LINABTC":0,"LINKBTC":0,"LITBTC":0,"LOOMBTC":0.003139351251982207,"LRCBTC":0,"LSKBTC":0,"LTCBTC":0,"LTOBTC":0,"LUNABTC":0.02610108676918761,"MANABTC":0,"MATICBTC":0.007540234254351649,"MDABTC":0.027293555690316107,"MDTBTC":0.00698167896260915,"MIRBTC":0.02370496033932263,"MITHBTC":0,"MKRBTC":0,"MTHBTC":0.0001648638947827566,"MTLBTC":0,"NANOBTC":0,"NASBTC":0,"NAVBTC":0,"NBSBTC":0.0025470668429178533,"NEARBTC":0.011031995491774419,"NEBLBTC":0.00941876976881543,"NEOBTC":0,"NKNBTC":0,"NMRBTC":0.006478760705888395,"NULSBTC":0,"NXSBTC":0.022223425407480298,"OAXBTC":0,"OCEANBTC":0,"OGNBTC":0,"OMBTC":0.002453493154429236,"OMGBTC":0,"ONEBTC":0.0081763076191853,"ONGBTC":0,"ONTBTC":0,"ORNBTC":0.0024404303279664166,"OSTBTC":0.0017697063802891216,"OXTBTC":0.009591479728362978,"PAXGBTC":0.07928436948387568,"PERLBTC":0,"PERPBTC":0.004570660853946892,"PHABTC":0.005286716345032711,"PHBBTC":0.0031464006882834746,"PIVXBTC":0.019151652420271073,"PNTBTC":0,"POABTC":0,"POLYBTC":0,"PONDBTC":0,"POWRBTC":0,"PPTBTC":0,"QKCBTC":0.0006085722868013208,"QLCBTC":0,"QSPBTC":0,"QTUMBTC":0,"RAMPBTC":0.007070828380502122,"RCNBTC":0,"RDNBTC":0.0067551024757454975,"REEFBTC":0,"RENBTC":0,"RENBTCBTC":0.3518882416228736,"REPBTC":0,"REQBTC":0.0031495411141799568,"RIFBTC":0.012594875787192534,"RLCBTC":0,"ROSEBTC":0,"RSRBTC":0,"RUNEBTC":0,"RVNBTC":0,"SANDBTC":0,"SCBTC":0.000015218548603753331,"SCRTBTC":0,"SFPBTC":0,"SKLBTC":0,"SKYBTC":0,"SNGLSBTC":0.0023628114128014326,"SNMBTC":0,"SNTBTC":0.003648254631029275,"SNXBTC":0,"SOLBTC":0.015490719351976975,"SRMBTC":0.007872713127172097,"STEEMBTC":0,"STMXBTC":0,"STORJBTC":0,"STPTBTC":0.0020449082326117313,"STRAXBTC":0,"STXBTC":0,"SUNBTC":0,"SUPERBTC":0,"SUSHIBTC":0,"SXPBTC":0,"SYSBTC":0,"TCTBTC":0,"TFUELBTC":0.0007184988322436035,"THETABTC":0,"TKOBTC":0,"TLMBTC":0.004386100057692967,"TOMOBTC":0,"TRBBTC":0,"TROYBTC":0.000321308519083714,"TRUBTC":0,"TRXBTC":0,"TVKBTC":0,"TWTBTC":0,"UMABTC":0.0039011380174424175,"UNFIBTC":0,"UNIBTC":0,"UTKBTC":0.0013557085312693397,"VETBTC":0,"VIABTC":0.01095387406777679,"VIBBTC":0.003503845618196891,"VIDTBTC":0,"VITEBTC":0.006608363806862371,"WABIBTC":0,"WANBTC":0,"WAVESBTC":0,"WINGBTC":0.005059609759180691,"WNXMBTC":0,"WPRBTC":0.0007813786577444677,"WRXBTC":0,"WTCBTC":0,"XEMBTC":0,"XLMBTC":0.0019541761130696055,"XMRBTC":0,"XRPBTC":0.010772979625525179,"XTZBTC":0,"XVGBTC":0.0028096509909126288,"XVSBTC":0,"YFIBTC":0,"YFIIBTC":0,"YOYOBTC":0,"ZECBTC":0,"ZENBTC":0,"ZILBTC":0,"ZRXBTC":0},"numerosità_campione":260,"expected_return":0.00007221160492809307,"standard_deviation":0.0006768531667494503,"sharpe_ratio":0.10668725282750065}