{"weights":{"1INCHBTC":0,"AAVEBTC":0.003814069660422996,"ACMBTC":0,"ADABTC":0.005403826787609294,"ADXBTC":0,"AERGOBTC":0.01232551590377712,"AGIBTC":0.004933874800353869,"AIONBTC":0,"AKROBTC":0,"ALGOBTC":0,"ALICEBTC":0.008726997464948056,"ALPHABTC":0,"AMBBTC":0.001845410485357518,"ANKRBTC":0.0076676342449913445,"ANTBTC":0,"APPCBTC":0.00420015130060666,"ARBTC":0,"ARDRBTC":0.000015008333937953063,"ARKBTC":0,"ARPABTC":0,"ASTBTC":0,"ATOMBTC":0,"AUCTIONBTC":0.0016438385481072546,"AUDIOBTC":0.0009832761841811132,"AUTOBTC":0.0035165083330457696,"AVABTC":0.006940054681527353,"AVAXBTC":0.007456980148264105,"AXSBTC":0,"BADGERBTC":0.007764695440319909,"BALBTC":0,"BANDBTC":0,"BATBTC":0.0009038810573935982,"BCDBTC":0.00022611724091756047,"BCHBTC":0,"BEAMBTC":0,"BELBTC":0,"BLZBTC":0.0005960169928739356,"BNBBTC":0,"BNTBTC":0,"BQXBTC":0.0028513939055862963,"BRDBTC":0.00479818049754184,"BTCSTBTC":0,"BTGBTC":0,"BTSBTC":0,"BZRXBTC":0,"CAKEBTC":0.00442417305765025,"CDTBTC":0,"CELOBTC":0.007431458490150903,"CELRBTC":0,"CFXBTC":0.00031201171210208417,"CHRBTC":0,"CHZBTC":0,"CKBBTC":0,"CNDBTC":0.0034124857028781114,"COMPBTC":0,"COSBTC":0.0009032389951011221,"COTIBTC":0,"CRVBTC":0,"CTKBTC":0,"CTSIBTC":0.0044956301395349,"CTXCBTC":0.003228546593624912,"CVCBTC":0,"DASHBTC":0,"DATABTC":0.0025764726170925114,"DCRBTC":0.042113969919789274,"DEGOBTC":0.004154900599239154,"DGBBTC":0,"DIABTC":0,"DLTBTC":0.0027902572911289937,"DNTBTC":0,"DOCKBTC":0.0009325656516052782,"DODOBTC":0,"DOGEBTC":0,"DOTBTC":0,"DREPBTC":0,"DUSKBTC":0,"EGLDBTC":0,"ELFBTC":0,"ENJBTC":0,"EOSBTC":0,"EPSBTC":0.0007004442208532848,"ETCBTC":0,"ETHBTC":0,"EVXBTC":0.01996847132893748,"EZBTC":0.006332716449404738,"FETBTC":0,"FILBTC":0.019992634291292062,"FIOBTC":0,"FIROBTC":0,"FISBTC":0,"FLMBTC":0,"FORBTC":0.0009706807770584797,"FORTHBTC":0.007637602089461295,"FRONTBTC":0.004309970587115976,"FTMBTC":0,"FTTBTC":0.027890902901100148,"FUNBTC":0,"FXSBTC":0,"GASBTC":0.004099069064740844,"GLMBTC":0.007873414449120974,"GOBTC":0,"GRSBTC":0,"GRTBTC":0.00010322931886496552,"GTOBTC":0,"GVTBTC":0,"GXSBTC":0.0010823474882585451,"HARDBTC":0.0011773097473533572,"HBARBTC":0,"HIVEBTC":0.0036362318525881305,"HNTBTC":0,"ICPBTC":0,"ICXBTC":0,"IDEXBTC":0,"INJBTC":0,"IOSTBTC":0,"IOTABTC":0,"IOTXBTC":0,"IRISBTC":0,"JSTBTC":0,"JUVBTC":0.0014698836188434226,"KAVABTC":0,"KMDBTC":0,"KNCBTC":0,"KSMBTC":0,"LINABTC":0,"LINKBTC":0,"LITBTC":0,"LOOMBTC":0.0044725317309914974,"LRCBTC":0,"LSKBTC":0,"LTCBTC":0,"LTOBTC":0.00026283791375491394,"LUNABTC":0.027447023758890965,"MANABTC":0,"MATICBTC":0.003295651310299858,"MDABTC":0.03492893658827546,"MDTBTC":0.005475392032883194,"MIRBTC":0.014098844465729406,"MITHBTC":0,"MKRBTC":0,"MTHBTC":0.000305710835296932,"MTLBTC":0,"NANOBTC":0,"NASBTC":0,"NAVBTC":0.006778390392524151,"NBSBTC":0.001486422636560369,"NEARBTC":0.007964816868067357,"NEBLBTC":0.010682714493161967,"NEOBTC":0,"NKNBTC":0,"NMRBTC":0.004050764753842007,"NULSBTC":0,"NXSBTC":0.025266697977907697,"OAXBTC":0.003749366880967454,"OCEANBTC":0,"OGNBTC":0,"OMBTC":0.0012591291511332024,"OMGBTC":0,"ONEBTC":0.002310777102773243,"ONGBTC":0,"ONTBTC":0,"ORNBTC":0.011216398381283306,"OSTBTC":0.0019802905842894497,"OXTBTC":0.008427682096850938,"PAXGBTC":0.05565432485841936,"PERLBTC":0,"PERPBTC":0,"PHABTC":0.002759291029138472,"PHBBTC":0.0018652129990334217,"PIVXBTC":0.015739089682493372,"PNTBTC":0,"POABTC":0.000711743600683849,"POLYBTC":0.0005328844017824691,"PONDBTC":0,"POWRBTC":0,"PPTBTC":0,"QKCBTC":0.001142785896630515,"QLCBTC":0.002840637689227207,"QSPBTC":0,"QTUMBTC":0,"RAMPBTC":0.007978182293832027,"RCNBTC":0,"RDNBTC":0.012344201556778416,"REEFBTC":0,"RENBTC":0,"RENBTCBTC":0.36086085744845164,"REPBTC":0,"REQBTC":0.006901341805444532,"RIFBTC":0.012772262426286565,"RLCBTC":0,"ROSEBTC":0.002599621602910852,"RSRBTC":0,"RUNEBTC":0,"RVNBTC":0,"SANDBTC":0,"SCBTC":0.00041737430538144786,"SCRTBTC":0.001781060838761863,"SFPBTC":0,"SKLBTC":0,"SKYBTC":0,"SNGLSBTC":0.0024408051150116,"SNMBTC":0,"SNTBTC":0.00039047443695362235,"SNXBTC":0,"SOLBTC":0.008893931102180277,"SRMBTC":0.0031371920862936025,"STEEMBTC":0,"STMXBTC":0,"STORJBTC":0,"STPTBTC":0.0020222898836349634,"STRAXBTC":0,"STXBTC":0.0032473840315427344,"SUNBTC":0,"SUPERBTC":0,"SUSHIBTC":0,"SXPBTC":0.0000651562379606063,"SYSBTC":0,"TCTBTC":0,"TFUELBTC":0,"THETABTC":0,"TKOBTC":0.00020098253944029557,"TLMBTC":0.003908623111372849,"TOMOBTC":0,"TRBBTC":0,"TROYBTC":0,"TRUBTC":0,"TRXBTC":0,"TVKBTC":0,"TWTBTC":0.0022039469666254616,"UMABTC":0.005130199478793906,"UNFIBTC":0,"UNIBTC":0,"UTKBTC":0,"VETBTC":0,"VIABTC":0.01837451078923049,"VIBBTC":0.0050075984251450704,"VIDTBTC":0,"VITEBTC":0.004243844047731591,"WABIBTC":0,"WANBTC":0,"WAVESBTC":0,"WINGBTC":0.002873130947831803,"WNXMBTC":0,"WPRBTC":0.001275570422060684,"WRXBTC":0,"WTCBTC":0,"XEMBTC":0,"XLMBTC":0,"XMRBTC":0,"XRPBTC":0.0017767999929184778,"XTZBTC":0,"XVGBTC":0.0018122570278778652,"XVSBTC":0,"YFIBTC":0,"YFIIBTC":0,"YOYOBTC":0,"ZECBTC":0,"ZENBTC":0,"ZILBTC":0,"ZRXBTC":0},"numerosità_campione":260,"expected_return":0.000028786514838136118,"standard_deviation":0.0005905384865903583,"sharpe_ratio":0.0487462129764704}