{"weights":{"1INCHBTC":0,"AAVEBTC":0.0018399291354430484,"ACMBTC":0.0020413784159738937,"ADABTC":0.019114933177316842,"ADXBTC":0,"AERGOBTC":0.010060047815990987,"AGIBTC":0.01092483281558533,"AIONBTC":0,"AKROBTC":0,"ALGOBTC":0,"ALICEBTC":0.02076341616339358,"ALPHABTC":0,"AMBBTC":0,"ANKRBTC":0.006442256853117922,"ANTBTC":0,"APPCBTC":0,"ARBTC":0,"ARDRBTC":0.00221293999339968,"ARKBTC":0,"ARPABTC":0,"ASTBTC":0,"ATOMBTC":0,"AUCTIONBTC":0.003174322353671204,"AUDIOBTC":0.0034240794416952724,"AUTOBTC":0,"AVABTC":0.002820166508752713,"AVAXBTC":0.012531453622909415,"AXSBTC":0,"BADGERBTC":0.004860103629091121,"BALBTC":0,"BANDBTC":0,"BATBTC":0,"BCDBTC":0,"BCHBTC":0,"BEAMBTC":0,"BELBTC":0,"BLZBTC":0.003067282264249517,"BNBBTC":0,"BNTBTC":0,"BQXBTC":0,"BRDBTC":0.005753090802934011,"BTCSTBTC":0.0029297372019205107,"BTGBTC":0,"BTSBTC":0.00037327515016522596,"BZRXBTC":0,"CAKEBTC":0,"CDTBTC":0,"CELOBTC":0.015408772414706519,"CELRBTC":0,"CFXBTC":0,"CHRBTC":0,"CHZBTC":0,"CKBBTC":0,"CNDBTC":0.003298989808776244,"COMPBTC":0,"COSBTC":0.0007788594697426286,"COTIBTC":0,"CRVBTC":0,"CTKBTC":0,"CTSIBTC":0.007029848859999584,"CTXCBTC":0,"CVCBTC":0,"DASHBTC":0,"DATABTC":0.005615875444449583,"DCRBTC":0.011886313607997957,"DEGOBTC":0.007464056601969504,"DGBBTC":0,"DIABTC":0,"DLTBTC":0,"DNTBTC":0.001465094312873997,"DOCKBTC":0.005134177098992257,"DODOBTC":0,"DOGEBTC":0,"DOTBTC":0,"DREPBTC":0,"DUSKBTC":0,"EGLDBTC":0,"ELFBTC":0,"ENJBTC":0,"EOSBTC":0,"EPSBTC":0.0025476392606864737,"ETCBTC":0,"ETHBTC":0,"EVXBTC":0.015036824149242322,"EZBTC":0.0034117714012186742,"FETBTC":0,"FILBTC":0.015411073831348297,"FIOBTC":0,"FIROBTC":0,"FISBTC":0,"FLMBTC":0,"FORBTC":0,"FORTHBTC":0.010425803780523869,"FRONTBTC":0.0013219961305461652,"FTMBTC":0,"FTTBTC":0.010442936690973712,"FUNBTC":0,"FXSBTC":0,"GASBTC":0,"GLMBTC":0.00589594658820008,"GOBTC":0,"GRSBTC":0,"GRTBTC":0,"GTOBTC":0,"GVTBTC":0,"GXSBTC":0.0008494171711306833,"HARDBTC":0.0010559268262521214,"HBARBTC":0,"HIVEBTC":0.005584322384085559,"HNTBTC":0,"ICPBTC":0,"ICXBTC":0,"IDEXBTC":0,"INJBTC":0,"IOSTBTC":0,"IOTABTC":0,"IOTXBTC":0,"IRISBTC":0,"JSTBTC":0,"JUVBTC":0.00281290359382224,"KAVABTC":0,"KMDBTC":0,"KNCBTC":0,"KSMBTC":0,"LINABTC":0,"LINKBTC":0,"LITBTC":0,"LOOMBTC":0.0026747677210563815,"LRCBTC":0,"LSKBTC":0,"LTCBTC":0,"LTOBTC":0,"LUNABTC":0.025650428022948625,"MANABTC":0,"MATICBTC":0.008621316083899244,"MDABTC":0.024670622327644283,"MDTBTC":0.007237820043107346,"MIRBTC":0.025750341673769706,"MITHBTC":0,"MKRBTC":0,"MTHBTC":7.248242216332175e-7,"MTLBTC":0,"NANOBTC":0,"NASBTC":0,"NAVBTC":0,"NBSBTC":0.002833113700518498,"NEARBTC":0.011825337111839368,"NEBLBTC":0.008734385164462137,"NEOBTC":0,"NKNBTC":0,"NMRBTC":0.007172286159304609,"NULSBTC":0,"NXSBTC":0.020828125092861152,"OAXBTC":0,"OCEANBTC":0,"OGNBTC":0,"OMBTC":0.002779876114420244,"OMGBTC":0,"ONEBTC":0.009712738217292356,"ONGBTC":0,"ONTBTC":0,"ORNBTC":0,"OSTBTC":0.0016143994734514767,"OXTBTC":0.00967568997093603,"PAXGBTC":0.08597778004589843,"PERLBTC":0,"PERPBTC":0.0060539054872994335,"PHABTC":0.005907851008942735,"PHBBTC":0.0034963767076203146,"PIVXBTC":0.019893046486291824,"PNTBTC":0,"POABTC":0,"POLYBTC":0,"PONDBTC":0,"POWRBTC":0,"PPTBTC":0,"QKCBTC":0.000525386556189522,"QLCBTC":0,"QSPBTC":0,"QTUMBTC":0,"RAMPBTC":0.006582967480760942,"RCNBTC":0,"RDNBTC":0.005123676586405511,"REEFBTC":0,"RENBTC":0,"RENBTCBTC":0.3473186432916815,"REPBTC":0,"REQBTC":0.0017757691538013364,"RIFBTC":0.012559184426456545,"RLCBTC":0,"ROSEBTC":0,"RSRBTC":0,"RUNEBTC":0,"RVNBTC":0,"SANDBTC":0,"SCBTC":0,"SCRTBTC":0,"SFPBTC":0,"SKLBTC":0,"SKYBTC":0,"SNGLSBTC":0.0022842402209128348,"SNMBTC":0,"SNTBTC":0.004547048619213512,"SNXBTC":0,"SOLBTC":0.01705537437708846,"SRMBTC":0.009021464349082504,"STEEMBTC":0,"STMXBTC":0,"STORJBTC":0,"STPTBTC":0.0020109876381740294,"STRAXBTC":0,"STXBTC":0,"SUNBTC":0,"SUPERBTC":0,"SUSHIBTC":0,"SXPBTC":0,"SYSBTC":0,"TCTBTC":0,"TFUELBTC":0.001401756911307966,"THETABTC":0.00028964439630455084,"TKOBTC":0,"TLMBTC":0.004433599899653092,"TOMOBTC":0,"TRBBTC":0,"TROYBTC":0.00042542594417503747,"TRUBTC":0,"TRXBTC":0,"TVKBTC":0,"TWTBTC":0,"UMABTC":0.003385589348008991,"UNFIBTC":0,"UNIBTC":0,"UTKBTC":0.0017550941994385243,"VETBTC":0,"VIABTC":0.008509554862095637,"VIBBTC":0.002926725840336105,"VIDTBTC":0,"VITEBTC":0.007107284249232164,"WABIBTC":0,"WANBTC":0,"WAVESBTC":0,"WINGBTC":0.005666376836185187,"WNXMBTC":0,"WPRBTC":0.0005801396339391916,"WRXBTC":0,"WTCBTC":0,"XEMBTC":0,"XLMBTC":0.0020918284215696668,"XMRBTC":0,"XRPBTC":0.013316365540023342,"XTZBTC":0,"XVGBTC":0.0029831450070296537,"XVSBTC":0,"YFIBTC":0,"YFIIBTC":0,"YOYOBTC":0,"ZECBTC":0,"ZENBTC":0,"ZILBTC":0,"ZRXBTC":0},"numerosità_campione":260,"expected_return":0.00008306787745058225,"standard_deviation":0.0007080879904167955,"sharpe_ratio":0.11731293084308174}