{"weights":{"1INCHBTC":0,"AAVEBTC":0.006561223988045614,"ACMBTC":0.00158946322041225,"ADABTC":0.0034705092291184483,"ADXBTC":0.00009386662867155744,"AERGOBTC":0.012641503964805866,"AGIBTC":0.016028419267572647,"AIONBTC":0,"AKROBTC":0,"ALGOBTC":0,"ALICEBTC":0,"ALPHABTC":0,"AMBBTC":0,"ANKRBTC":0,"ANTBTC":0,"APPCBTC":0.006324988356796316,"ARBTC":0,"ARDRBTC":0,"ARKBTC":0.0018975112168382318,"ARPABTC":0,"ASTBTC":0.0004341985014235799,"ATOMBTC":0,"AUCTIONBTC":0.0006352098401636455,"AUDIOBTC":0,"AUTOBTC":0,"AVABTC":0,"AVAXBTC":0,"AXSBTC":0.00022753213513363208,"BADGERBTC":0,"BALBTC":0,"BANDBTC":0,"BATBTC":0,"BCDBTC":0.0017666477164896264,"BCHBTC":0,"BEAMBTC":0,"BELBTC":0,"BLZBTC":0,"BNBBTC":0,"BNTBTC":0,"BQXBTC":0,"BRDBTC":0.005937226080431479,"BTCSTBTC":0,"BTGBTC":0,"BTSBTC":0,"BZRXBTC":0,"CAKEBTC":0,"CDTBTC":0.00178009037581151,"CELOBTC":0.010406746687840954,"CELRBTC":0.0011308685409907402,"CFXBTC":0,"CHRBTC":0,"CHZBTC":0,"CKBBTC":0,"CNDBTC":0.003955644949300544,"COMPBTC":0,"COSBTC":0,"COTIBTC":0,"CRVBTC":0,"CTKBTC":0,"CTSIBTC":0.00269297949681614,"CTXCBTC":0,"CVCBTC":0,"DASHBTC":0,"DATABTC":0,"DCRBTC":0.0693565176132243,"DEGOBTC":0.003363284605584021,"DGBBTC":0,"DIABTC":0,"DLTBTC":0.013650373645888576,"DNTBTC":0.0042139408884032505,"DOCKBTC":0.0016185912799711267,"DODOBTC":0,"DOGEBTC":0,"DOTBTC":0,"DREPBTC":0,"DUSKBTC":0,"EGLDBTC":0,"ELFBTC":0,"ENJBTC":0,"EOSBTC":0,"EPSBTC":0,"ETCBTC":0,"ETHBTC":0,"EVXBTC":0.018135534899989314,"EZBTC":0,"FETBTC":0,"FILBTC":0,"FIOBTC":0,"FIROBTC":0,"FISBTC":0,"FLMBTC":0,"FORBTC":0,"FORTHBTC":0.0031230742551564385,"FRONTBTC":0.011272476747472488,"FTMBTC":0,"FTTBTC":0.028325497174674204,"FUNBTC":0.004236245000615031,"FXSBTC":0,"GASBTC":0,"GLMBTC":0,"GOBTC":0.005738686741019465,"GRSBTC":0.001009877730686142,"GRTBTC":0,"GTOBTC":0,"GVTBTC":0,"GXSBTC":0,"HARDBTC":0.00005408388890559265,"HBARBTC":0,"HIVEBTC":0.0022554255824066213,"HNTBTC":0.012060574093687458,"ICPBTC":0,"ICXBTC":0,"IDEXBTC":0,"INJBTC":0.010158614421841888,"IOSTBTC":0,"IOTABTC":0,"IOTXBTC":0,"IRISBTC":0,"JSTBTC":0.005626637222963853,"JUVBTC":0.006016709426786721,"KAVABTC":0,"KMDBTC":0,"KNCBTC":0,"KSMBTC":0,"LINABTC":0,"LINKBTC":0,"LITBTC":0,"LOOMBTC":0.004781025276192773,"LRCBTC":0,"LSKBTC":0,"LTCBTC":0,"LTOBTC":0,"LUNABTC":0.01607668794165933,"MANABTC":0,"MATICBTC":0.012252992047885658,"MDABTC":0.027605161942628423,"MDTBTC":0,"MIRBTC":0.025221890165715164,"MITHBTC":0,"MKRBTC":0,"MTHBTC":0,"MTLBTC":0,"NANOBTC":0,"NASBTC":0.004246479593933339,"NAVBTC":0.015306150192582996,"NBSBTC":0,"NEARBTC":0.003044390245904721,"NEBLBTC":0,"NEOBTC":0,"NKNBTC":0,"NMRBTC":0.0035681565788971015,"NULSBTC":0,"NXSBTC":0.025965116204536294,"OAXBTC":0.014360587779121085,"OCEANBTC":0,"OGNBTC":0,"OMBTC":0,"OMGBTC":0,"ONEBTC":0.0024589110195444653,"ONGBTC":0,"ONTBTC":0,"ORNBTC":0,"OSTBTC":0.001681318558461356,"OXTBTC":0.011876593559355608,"PAXGBTC":0.04001340386599233,"PERLBTC":0.0006899338064625893,"PERPBTC":0.006491397050907128,"PHABTC":0.002021411818476841,"PHBBTC":0.0012653551417083249,"PIVXBTC":0.0105675105021132,"PNTBTC":0,"POABTC":0.000852910055016424,"POLYBTC":0.00042477393539630277,"PONDBTC":0,"POWRBTC":0,"PPTBTC":0.003390353406386011,"QKCBTC":0.0001427246650465812,"QLCBTC":0,"QSPBTC":0,"QTUMBTC":0,"RAMPBTC":0,"RCNBTC":0,"RDNBTC":0.008559189455021264,"REEFBTC":0,"RENBTC":0,"RENBTCBTC":0.3594407640708184,"REPBTC":0,"REQBTC":0.004772023914587666,"RIFBTC":0.009683879144505338,"RLCBTC":0,"ROSEBTC":0,"RSRBTC":0,"RUNEBTC":0.009035202520737938,"RVNBTC":0,"SANDBTC":0,"SCBTC":0.0011790296613271877,"SCRTBTC":0.008726402520378033,"SFPBTC":0,"SKLBTC":0,"SKYBTC":0,"SNGLSBTC":0.001984617768462202,"SNMBTC":0,"SNTBTC":0.0045681052240902015,"SNXBTC":0.0010925579662590726,"SOLBTC":0.010545522432502763,"SRMBTC":0.0030547889098070614,"STEEMBTC":0,"STMXBTC":0,"STORJBTC":0,"STPTBTC":0,"STRAXBTC":0,"STXBTC":0,"SUNBTC":0,"SUPERBTC":0,"SUSHIBTC":0.002856089346472039,"SXPBTC":0,"SYSBTC":0,"TCTBTC":0,"TFUELBTC":0,"THETABTC":0,"TKOBTC":0,"TLMBTC":0,"TOMOBTC":0,"TRBBTC":0,"TROYBTC":0.001501737531902084,"TRUBTC":0,"TRXBTC":0,"TVKBTC":0,"TWTBTC":0,"UMABTC":0.011100394502874287,"UNFIBTC":0,"UNIBTC":0,"UTKBTC":0,"VETBTC":0,"VIABTC":0.020185981271500203,"VIBBTC":0.005314105144348061,"VIDTBTC":0,"VITEBTC":0.004169466264627279,"WABIBTC":0,"WANBTC":0,"WAVESBTC":0,"WINGBTC":0.0022505839230157884,"WNXMBTC":0,"WPRBTC":0,"WRXBTC":0,"WTCBTC":0,"XEMBTC":0,"XLMBTC":0,"XMRBTC":0,"XRPBTC":0.017401401767315375,"XTZBTC":0,"XVGBTC":0.00048214588958450096,"XVSBTC":0,"YFIBTC":0,"YFIIBTC":0,"YOYOBTC":0,"ZECBTC":0,"ZENBTC":0,"ZILBTC":0,"ZRXBTC":0},"numerosità_campione":260,"expected_return":0.00006928382639088593,"standard_deviation":0.0007126800657305652,"sharpe_ratio":0.09721588932035496}