{"weights":{"1INCHBTC":0,"AAVEBTC":0,"ACMBTC":0,"ADABTC":0,"ADXBTC":0.00228010735036529,"AERGOBTC":0.0058798713888062485,"AGIBTC":0.008400127324458264,"AIONBTC":0,"AKROBTC":0,"ALGOBTC":0,"ALICEBTC":0,"ALPHABTC":0,"AMBBTC":0,"ANKRBTC":0,"ANTBTC":0,"APPCBTC":0.009447176653985256,"ARBTC":0.0030386147805433216,"ARDRBTC":0,"ARKBTC":0,"ARPABTC":0,"ASTBTC":0.0020652607751255113,"ATOMBTC":0,"AUCTIONBTC":0,"AUDIOBTC":0,"AUTOBTC":0,"AVABTC":0,"AVAXBTC":0,"AXSBTC":0.0041960137509272025,"BADGERBTC":0.0017169083973917116,"BALBTC":0,"BANDBTC":0,"BATBTC":0,"BCDBTC":0.005295076877618061,"BCHBTC":0,"BEAMBTC":0,"BELBTC":0,"BLZBTC":0,"BNBBTC":0.009673991497984688,"BNTBTC":0,"BQXBTC":0.0015794011119730483,"BRDBTC":0.008925922823352257,"BTCSTBTC":0,"BTGBTC":0,"BTSBTC":0,"BZRXBTC":0,"CAKEBTC":0,"CDTBTC":0.002233749942979948,"CELOBTC":0.005699382461411229,"CELRBTC":0,"CFXBTC":0.0004747361605923382,"CHRBTC":0,"CHZBTC":0,"CKBBTC":0,"CNDBTC":0.0026578516476600334,"COMPBTC":0,"COSBTC":0,"COTIBTC":0,"CRVBTC":0,"CTKBTC":0.0015675531363573362,"CTSIBTC":0,"CTXCBTC":0,"CVCBTC":0,"DASHBTC":0.0005375075228012379,"DATABTC":0,"DCRBTC":0.06639722135302717,"DEGOBTC":0,"DGBBTC":0,"DIABTC":0,"DLTBTC":0.013835871942589648,"DNTBTC":0.00018249387251100132,"DOCKBTC":0,"DODOBTC":0,"DOGEBTC":0,"DOTBTC":0,"DREPBTC":0,"DUSKBTC":0,"EGLDBTC":0,"ELFBTC":0,"ENJBTC":0,"EOSBTC":0.0008375279494777943,"EPSBTC":0,"ETCBTC":0,"ETHBTC":0,"EVXBTC":0.021151837908400754,"EZBTC":0.002123076210885108,"FETBTC":0,"FILBTC":0.013459540585056481,"FIOBTC":0.001030675102490671,"FIROBTC":0,"FISBTC":0,"FLMBTC":0,"FORBTC":0.0014936190125939188,"FORTHBTC":0.0012579041942214076,"FRONTBTC":0.004855673368035935,"FTMBTC":0,"FTTBTC":0.05004141078320677,"FUNBTC":0.003348820059405662,"FXSBTC":0.0022250260368417954,"GASBTC":0,"GLMBTC":0,"GOBTC":0.0018592064479851594,"GRSBTC":0.001676758697962128,"GRTBTC":0,"GTOBTC":0,"GVTBTC":0,"GXSBTC":0,"HARDBTC":0.0027357657290931515,"HBARBTC":0,"HIVEBTC":0,"HNTBTC":0,"ICPBTC":0.0028230782115444587,"ICXBTC":0,"IDEXBTC":0.00338311277447799,"INJBTC":0.0036339124410877843,"IOSTBTC":0,"IOTABTC":0,"IOTXBTC":0,"IRISBTC":0,"JSTBTC":0.007031756473798913,"JUVBTC":0.0012699705266604824,"KAVABTC":0,"KMDBTC":0,"KNCBTC":0,"KSMBTC":0,"LINABTC":0,"LINKBTC":0,"LITBTC":0,"LOOMBTC":0.0028575404233956185,"LRCBTC":0,"LSKBTC":0,"LTCBTC":0.009224570122417038,"LTOBTC":0.0035615752557718724,"LUNABTC":0.008395988418706781,"MANABTC":0,"MATICBTC":0.0011800538287086515,"MDABTC":0.0396861250515526,"MDTBTC":0.00023551285296083234,"MIRBTC":0.018844172824707253,"MITHBTC":0,"MKRBTC":0,"MTHBTC":0,"MTLBTC":0,"NANOBTC":0,"NASBTC":0.011200887481022813,"NAVBTC":0.03270237091953677,"NBSBTC":0,"NEARBTC":0.000960161310901812,"NEBLBTC":0.010319851084128119,"NEOBTC":0,"NKNBTC":0,"NMRBTC":0.0012572069492056742,"NULSBTC":0,"NXSBTC":0.024327937937932233,"OAXBTC":0.008478319826438676,"OCEANBTC":0,"OGNBTC":0,"OMBTC":0,"OMGBTC":0,"ONEBTC":0,"ONGBTC":0,"ONTBTC":0,"ORNBTC":0,"OSTBTC":0.002710687220724613,"OXTBTC":0.009407128971184451,"PAXGBTC":0.024457285214560413,"PERLBTC":0,"PERPBTC":0,"PHABTC":0,"PHBBTC":0,"PIVXBTC":0.009740270405957135,"PNTBTC":0,"POABTC":0.003628058799888501,"POLYBTC":0.003580443939487196,"PONDBTC":0,"POWRBTC":0,"PPTBTC":0.009599013316641388,"QKCBTC":0.00030487814898976667,"QLCBTC":0,"QSPBTC":0.0006230785606817785,"QTUMBTC":0,"RAMPBTC":0,"RCNBTC":0.0010769581725052978,"RDNBTC":0.004818977880369127,"REEFBTC":0,"RENBTC":0,"RENBTCBTC":0.3926014306443043,"REPBTC":0.006979435217978027,"REQBTC":0.009932426009097493,"RIFBTC":0.00940912461883542,"RLCBTC":0,"ROSEBTC":0,"RSRBTC":0,"RUNEBTC":0,"RVNBTC":0,"SANDBTC":0,"SCBTC":0.0007288964386985684,"SCRTBTC":0,"SFPBTC":0,"SKLBTC":0,"SKYBTC":0.002290560287316679,"SNGLSBTC":0.0005647160932506288,"SNMBTC":0,"SNTBTC":0.0010525703333057253,"SNXBTC":0,"SOLBTC":0,"SRMBTC":0,"STEEMBTC":0,"STMXBTC":0,"STORJBTC":0,"STPTBTC":0,"STRAXBTC":0,"STXBTC":0,"SUNBTC":0.00198523544568193,"SUPERBTC":0,"SUSHIBTC":0,"SXPBTC":0,"SYSBTC":0,"TCTBTC":0,"TFUELBTC":0,"THETABTC":0,"TKOBTC":0,"TLMBTC":0,"TOMOBTC":0,"TRBBTC":0,"TROYBTC":0.0005933508038683105,"TRUBTC":0,"TRXBTC":0,"TVKBTC":0,"TWTBTC":0,"UMABTC":0.006614405935136009,"UNFIBTC":0.0039008944351235928,"UNIBTC":0,"UTKBTC":0,"VETBTC":0,"VIABTC":0.017116727149477172,"VIBBTC":0.00549414758367766,"VIDTBTC":0,"VITEBTC":0.003664110936016126,"WABIBTC":0,"WANBTC":0,"WAVESBTC":0,"WINGBTC":0.00039455726075851203,"WNXMBTC":0,"WPRBTC":0.000563927521382348,"WRXBTC":0,"WTCBTC":0,"XEMBTC":0,"XLMBTC":0,"XMRBTC":0,"XRPBTC":0.0014993553783078783,"XTZBTC":0,"XVGBTC":0.002726324600246233,"XVSBTC":0,"YFIBTC":0,"YFIIBTC":0,"YOYOBTC":0.0017283350509316642,"ZECBTC":0,"ZENBTC":0.004656900052541617,"ZILBTC":0,"ZRXBTC":0},"numerosità_campione":260,"expected_return":0.000018072628139571846,"standard_deviation":0.0006508570046160464,"sharpe_ratio":0.027767432802283894}