{"weights":{"1INCHBTC":0,"AAVEBTC":0,"ACMBTC":0.003335039338994473,"ADABTC":0.028019395825983107,"ADXBTC":0,"AERGOBTC":0.006567420813295502,"AGIBTC":0.014382868310096142,"AIONBTC":0,"AKROBTC":0,"ALGOBTC":0,"ALICEBTC":0.02860182214788258,"ALPHABTC":0,"AMBBTC":0,"ANKRBTC":0.004154301122344894,"ANTBTC":0,"APPCBTC":0,"ARBTC":0,"ARDRBTC":0.002437874149730692,"ARKBTC":0,"ARPABTC":0,"ASTBTC":0,"ATOMBTC":0,"AUCTIONBTC":0.0040653699145823015,"AUDIOBTC":0.005333017306393349,"AUTOBTC":0,"AVABTC":0,"AVAXBTC":0.014994541406344266,"AXSBTC":0,"BADGERBTC":0.0018850546406899028,"BALBTC":0,"BANDBTC":0,"BATBTC":0,"BCDBTC":0,"BCHBTC":0,"BEAMBTC":0,"BELBTC":0,"BLZBTC":0.0038900050613928676,"BNBBTC":0,"BNTBTC":0,"BQXBTC":0,"BRDBTC":0.004793933165866879,"BTCSTBTC":0.004694357510748622,"BTGBTC":0,"BTSBTC":0.0001740230408336165,"BZRXBTC":0,"CAKEBTC":0,"CDTBTC":0,"CELOBTC":0.02041857227202639,"CELRBTC":0,"CFXBTC":0,"CHRBTC":0,"CHZBTC":0,"CKBBTC":0,"CNDBTC":0.0032173183540563366,"COMPBTC":0,"COSBTC":0.0006483364032257723,"COTIBTC":0,"CRVBTC":0,"CTKBTC":0,"CTSIBTC":0.008253642022193875,"CTXCBTC":0,"CVCBTC":0,"DASHBTC":0,"DATABTC":0.007214229414097029,"DCRBTC":0,"DEGOBTC":0.00869692278930278,"DGBBTC":0,"DIABTC":0,"DLTBTC":0,"DNTBTC":0.003428551232434685,"DOCKBTC":0.007482266467629871,"DODOBTC":0,"DOGEBTC":0,"DOTBTC":0,"DREPBTC":0,"DUSKBTC":0,"EGLDBTC":0,"ELFBTC":0,"ENJBTC":0,"EOSBTC":0,"EPSBTC":0.003285108946131312,"ETCBTC":0,"ETHBTC":0,"EVXBTC":0.009898821893982326,"EZBTC":0.0006102795629981633,"FETBTC":0,"FILBTC":0.01013371846796693,"FIOBTC":0,"FIROBTC":0,"FISBTC":0,"FLMBTC":0,"FORBTC":0,"FORTHBTC":0.011878249638917726,"FRONTBTC":0,"FTMBTC":0,"FTTBTC":0,"FUNBTC":0,"FXSBTC":0,"GASBTC":0,"GLMBTC":0.0035047558630612635,"GOBTC":0,"GRSBTC":0,"GRTBTC":0,"GTOBTC":0,"GVTBTC":0,"GXSBTC":0.0005703017076369818,"HARDBTC":0.00005710988239579113,"HBARBTC":0,"HIVEBTC":0.006088277699857298,"HNTBTC":0,"ICPBTC":0,"ICXBTC":0,"IDEXBTC":0,"INJBTC":0,"IOSTBTC":0,"IOTABTC":0,"IOTXBTC":0,"IRISBTC":0,"JSTBTC":0,"JUVBTC":0.003616802977680534,"KAVABTC":0,"KMDBTC":0,"KNCBTC":0,"KSMBTC":0.0019122352783765176,"LINABTC":0,"LINKBTC":0,"LITBTC":0,"LOOMBTC":0.0010900817245249558,"LRCBTC":0,"LSKBTC":0,"LTCBTC":0,"LTOBTC":0,"LUNABTC":0.020496390267406423,"MANABTC":0,"MATICBTC":0.011810032980027549,"MDABTC":0.015160704626659246,"MDTBTC":0.007819287328018515,"MIRBTC":0.03283427013323861,"MITHBTC":0,"MKRBTC":0,"MTHBTC":0,"MTLBTC":0,"NANOBTC":0,"NASBTC":0,"NAVBTC":0,"NBSBTC":0.003486580020511447,"NEARBTC":0.014128940427701731,"NEBLBTC":0.005055471140331036,"NEOBTC":0,"NKNBTC":0,"NMRBTC":0.009537139791109216,"NULSBTC":0,"NXSBTC":0.01479932136533311,"OAXBTC":0,"OCEANBTC":0,"OGNBTC":0,"OMBTC":0.0037938753367293475,"OMGBTC":0,"ONEBTC":0.014303011423233473,"ONGBTC":0,"ONTBTC":0,"ORNBTC":0,"OSTBTC":0.0011304576799691381,"OXTBTC":0.009069015931928598,"PAXGBTC":0.10715376991305284,"PERLBTC":0,"PERPBTC":0.009970162650758325,"PHABTC":0.007755140133744462,"PHBBTC":0.00446029696516736,"PIVXBTC":0.02219185076573322,"PNTBTC":0,"POABTC":0,"POLYBTC":0,"PONDBTC":0,"POWRBTC":0,"PPTBTC":0,"QKCBTC":0.0002561704623614102,"QLCBTC":0,"QSPBTC":0,"QTUMBTC":0,"RAMPBTC":0.004262057941063042,"RCNBTC":0,"RDNBTC":0.00007847947257213676,"REEFBTC":0,"RENBTC":0,"RENBTCBTC":0.3231107005016354,"REPBTC":0,"REQBTC":0,"RIFBTC":0.01175195449805758,"RLCBTC":0,"ROSEBTC":0,"RSRBTC":0,"RUNEBTC":0.0037682494153291886,"RVNBTC":0,"SANDBTC":0,"SCBTC":0,"SCRTBTC":0,"SFPBTC":0,"SKLBTC":0,"SKYBTC":0,"SNGLSBTC":0.0019908905735907937,"SNMBTC":0,"SNTBTC":0.00728986194521593,"SNXBTC":0,"SOLBTC":0.02204302598112078,"SRMBTC":0.01253212061641557,"STEEMBTC":0,"STMXBTC":0,"STORJBTC":0,"STPTBTC":0.0016148446122475103,"STRAXBTC":0,"STXBTC":0,"SUNBTC":0,"SUPERBTC":0,"SUSHIBTC":0,"SXPBTC":0,"SYSBTC":0,"TCTBTC":0,"TFUELBTC":0.0021242475047129872,"THETABTC":0.003425435724702111,"TKOBTC":0,"TLMBTC":0.0042384184444839625,"TOMOBTC":0,"TRBBTC":0,"TROYBTC":0.0004885636853782822,"TRUBTC":0,"TRXBTC":0,"TVKBTC":0,"TWTBTC":0,"UMABTC":0.0009052869006009739,"UNFIBTC":0,"UNIBTC":0,"UTKBTC":0.0030093937021271806,"VETBTC":0,"VIABTC":0.00016458580341596296,"VIBBTC":0.0009428224111463557,"VIDTBTC":0,"VITEBTC":0.008333167165429286,"WABIBTC":0,"WANBTC":0,"WAVESBTC":0,"WINGBTC":0.007792869010590157,"WNXMBTC":0,"WPRBTC":0,"WRXBTC":0,"WTCBTC":0,"XEMBTC":0,"XLMBTC":0.0011711193619281055,"XMRBTC":0,"XRPBTC":0.021334029637021842,"XTZBTC":0,"XVGBTC":0.0030813793945239963,"XVSBTC":0,"YFIBTC":0,"YFIIBTC":0,"YOYOBTC":0,"ZECBTC":0,"ZENBTC":0,"ZILBTC":0,"ZRXBTC":0},"numerosità_campione":260,"expected_return":0.00011563669501804992,"standard_deviation":0.0008201611256736181,"sharpe_ratio":0.14099265546519865}