{"weights":{"1INCHBTC":0,"AAVEBTC":0.0039595102755056195,"ACMBTC":0.00013496766172960042,"ADABTC":0.006843597050720806,"ADXBTC":0,"AERGOBTC":0.012313630596663221,"AGIBTC":0.005549224010232337,"AIONBTC":0,"AKROBTC":0,"ALGOBTC":0,"ALICEBTC":0.009893227771590109,"ALPHABTC":0,"AMBBTC":0.001662619145724266,"ANKRBTC":0.007667853485604044,"ANTBTC":0,"APPCBTC":0.0035854395540362146,"ARBTC":0,"ARDRBTC":0.0003416601789423041,"ARKBTC":0,"ARPABTC":0,"ASTBTC":0,"ATOMBTC":0,"AUCTIONBTC":0.0018524524522680742,"AUDIOBTC":0.0011849121845217566,"AUTOBTC":0.0033416012773625184,"AVABTC":0.006739804407328302,"AVAXBTC":0.00786468973966467,"AXSBTC":0,"BADGERBTC":0.0076530158885205575,"BALBTC":0,"BANDBTC":0,"BATBTC":0,"BCDBTC":0.000026557522528325144,"BCHBTC":0,"BEAMBTC":0,"BELBTC":0,"BLZBTC":0.0009191775508013392,"BNBBTC":0,"BNTBTC":0,"BQXBTC":0.002476289520026539,"BRDBTC":0.0049768208598890765,"BTCSTBTC":0.000027226967383076317,"BTGBTC":0,"BTSBTC":0,"BZRXBTC":0,"CAKEBTC":0.0040835266550572555,"CDTBTC":0,"CELOBTC":0.00823845576498812,"CELRBTC":0,"CFXBTC":0,"CHRBTC":0,"CHZBTC":0,"CKBBTC":0,"CNDBTC":0.0034228272062710977,"COMPBTC":0,"COSBTC":0.000917764416989183,"COTIBTC":0,"CRVBTC":0,"CTKBTC":0,"CTSIBTC":0.004771831883575495,"CTXCBTC":0.003076133418465579,"CVCBTC":0,"DASHBTC":0,"DATABTC":0.002878708894695867,"DCRBTC":0.03967991239494954,"DEGOBTC":0.004496429484973476,"DGBBTC":0,"DIABTC":0,"DLTBTC":0.0023831960645057317,"DNTBTC":0,"DOCKBTC":0.0014636345263858562,"DODOBTC":0,"DOGEBTC":0,"DOTBTC":0,"DREPBTC":0,"DUSKBTC":0,"EGLDBTC":0,"ELFBTC":0,"ENJBTC":0,"EOSBTC":0,"EPSBTC":0.0008642056176628488,"ETCBTC":0,"ETHBTC":0,"EVXBTC":0.019501461371991703,"EZBTC":0.006192471173433058,"FETBTC":0,"FILBTC":0.01947813693680364,"FIOBTC":0,"FIROBTC":0,"FISBTC":0,"FLMBTC":0,"FORBTC":0.0006017213951183819,"FORTHBTC":0.007898140277960538,"FRONTBTC":0.004187502220678317,"FTMBTC":0,"FTTBTC":0.027055969086538394,"FUNBTC":0,"FXSBTC":0,"GASBTC":0.0024967541278009446,"GLMBTC":0.008066657427915814,"GOBTC":0,"GRSBTC":0,"GRTBTC":0,"GTOBTC":0,"GVTBTC":0,"GXSBTC":0.0011189573828455147,"HARDBTC":0.0013352727450880405,"HBARBTC":0,"HIVEBTC":0.003906284702254066,"HNTBTC":0,"ICPBTC":0,"ICXBTC":0,"IDEXBTC":0,"INJBTC":0,"IOSTBTC":0,"IOTABTC":0,"IOTXBTC":0,"IRISBTC":0,"JSTBTC":0,"JUVBTC":0.00160754894361557,"KAVABTC":0,"KMDBTC":0,"KNCBTC":0,"KSMBTC":0,"LINABTC":0,"LINKBTC":0,"LITBTC":0,"LOOMBTC":0.004489873711826228,"LRCBTC":0,"LSKBTC":0,"LTCBTC":0,"LTOBTC":0,"LUNABTC":0.02734808701412926,"MANABTC":0,"MATICBTC":0.0038372922716091266,"MDABTC":0.034301545103085224,"MDTBTC":0.005662244180457459,"MIRBTC":0.015526151611024504,"MITHBTC":0,"MKRBTC":0,"MTHBTC":0.0002711511094169423,"MTLBTC":0,"NANOBTC":0,"NASBTC":0,"NAVBTC":0.004594883004359412,"NBSBTC":0.0016128107986302547,"NEARBTC":0.008307711468163354,"NEBLBTC":0.010602614470681244,"NEOBTC":0,"NKNBTC":0,"NMRBTC":0.004326356367219637,"NULSBTC":0,"NXSBTC":0.025110639051362862,"OAXBTC":0.0034217386564073106,"OCEANBTC":0,"OGNBTC":0,"OMBTC":0.001410369283316666,"OMGBTC":0,"ONEBTC":0.0030135058408026216,"ONGBTC":0,"ONTBTC":0,"ORNBTC":0.010367202656365752,"OSTBTC":0.002020257377158079,"OXTBTC":0.008619314653196455,"PAXGBTC":0.0583081525126835,"PERLBTC":0,"PERPBTC":0,"PHABTC":0.0030881787950173033,"PHBBTC":0.0020105637711838914,"PIVXBTC":0.01615050983667297,"PNTBTC":0,"POABTC":0.000532155794915185,"POLYBTC":0.000003794149237974584,"PONDBTC":0,"POWRBTC":0,"PPTBTC":0,"QKCBTC":0.0010761168009808687,"QLCBTC":0.0025475388804501306,"QSPBTC":0,"QTUMBTC":0,"RAMPBTC":0.007904580867205083,"RCNBTC":0,"RDNBTC":0.011837359476909552,"REEFBTC":0,"RENBTC":0,"RENBTCBTC":0.3611430619026149,"REPBTC":0,"REQBTC":0.006540022253085457,"RIFBTC":0.012741377324039193,"RLCBTC":0,"ROSEBTC":0.0021074251973751414,"RSRBTC":0,"RUNEBTC":0,"RVNBTC":0,"SANDBTC":0,"SCBTC":0.00040811767000793265,"SCRTBTC":0.0007852811902538236,"SFPBTC":0,"SKLBTC":0,"SKYBTC":0,"SNGLSBTC":0.002463810522735724,"SNMBTC":0,"SNTBTC":0.0007837985517180216,"SNXBTC":0,"SOLBTC":0.009787361618508832,"SRMBTC":0.0037549147781194584,"STEEMBTC":0,"STMXBTC":0,"STORJBTC":0,"STPTBTC":0.0021009156501069883,"STRAXBTC":0,"STXBTC":0.002871931824630732,"SUNBTC":0,"SUPERBTC":0,"SUSHIBTC":0,"SXPBTC":0,"SYSBTC":0,"TCTBTC":0,"TFUELBTC":0,"THETABTC":0,"TKOBTC":0.00004317335395733564,"TLMBTC":0.004006567369857222,"TOMOBTC":0,"TRBBTC":0,"TROYBTC":0,"TRUBTC":0,"TRXBTC":0,"TVKBTC":0,"TWTBTC":0.0016663582161966545,"UMABTC":0.005124847949698421,"UNFIBTC":0,"UNIBTC":0,"UTKBTC":0,"VETBTC":0,"VIABTC":0.017760323050370834,"VIBBTC":0.004831704148837189,"VIDTBTC":0,"VITEBTC":0.0046074241983173865,"WABIBTC":0,"WANBTC":0,"WAVESBTC":0,"WINGBTC":0.0031564956383788195,"WNXMBTC":0,"WPRBTC":0.0012652856843302113,"WRXBTC":0,"WTCBTC":0,"XEMBTC":0,"XLMBTC":0.0003004496499701384,"XMRBTC":0,"XRPBTC":0.0027950804197748123,"XTZBTC":0,"XVGBTC":0.0019137901010390908,"XVSBTC":0,"YFIBTC":0,"YFIIBTC":0,"YOYOBTC":0,"ZECBTC":0,"ZENBTC":0,"ZILBTC":0,"ZRXBTC":0},"numerosità_campione":260,"expected_return":0.00003421465109938074,"standard_deviation":0.0005976575397123572,"sharpe_ratio":0.05724792013139781}