{"weights":{"1INCHBTC":0,"AAVEBTC":0,"ADABTC":0,"ADXBTC":0.01620291012419776,"AERGOBTC":0,"AGIBTC":0.003656705164293647,"AGIXBTC":0.003202967475994259,"AIONBTC":0,"AKROBTC":0,"ALGOBTC":0.0011872604782295717,"ALICEBTC":0,"ALPHABTC":0,"AMBBTC":0,"ANKRBTC":0.0006955105412871671,"ANTBTC":0,"APPCBTC":0.009465181087329109,"ARBTC":0,"ARDRBTC":0,"ARKBTC":0,"ARPABTC":0,"ASTBTC":0,"ATABTC":0.0003063666036719863,"ATOMBTC":0,"AUCTIONBTC":0.0015719016714716772,"AUDIOBTC":0.0019412113421691665,"AUTOBTC":0,"AVABTC":0,"AVAXBTC":0,"AXSBTC":0,"BADGERBTC":0.002613567367806631,"BALBTC":0,"BANDBTC":0,"BATBTC":0,"BCDBTC":0,"BCHBTC":0,"BEAMBTC":0.007193184902771998,"BELBTC":0,"BLZBTC":0,"BNBBTC":0,"BNTBTC":0,"BQXBTC":0,"BRDBTC":0,"BTCSTBTC":0.00038867635937033396,"BTGBTC":0.00022159791626686062,"BTSBTC":0,"BZRXBTC":0,"CAKEBTC":0,"CDTBTC":0.0006230257042894078,"CELOBTC":0,"CELRBTC":0,"CFXBTC":0,"CHRBTC":0,"CHZBTC":0,"CKBBTC":0,"CNDBTC":0,"COMPBTC":0,"COSBTC":0.00022026687118858852,"COTIBTC":0,"CRVBTC":0,"CTKBTC":0,"CTSIBTC":0,"CTXCBTC":0,"CVCBTC":0,"DASHBTC":0.0006107250489008043,"DATABTC":0.0012607756892110702,"DCRBTC":0.010684595761160891,"DEGOBTC":0,"DGBBTC":0,"DIABTC":0,"DLTBTC":0,"DNTBTC":0,"DOCKBTC":0,"DODOBTC":0,"DOGEBTC":0,"DOTBTC":0,"DREPBTC":0,"DUSKBTC":0.001692727536494644,"EGLDBTC":0,"ELFBTC":0.007129289201083678,"ENJBTC":0,"EOSBTC":0,"EPSBTC":0.0026380929110496583,"ETCBTC":0,"ETHBTC":0,"EVXBTC":0.007251885658323765,"EZBTC":0.0024553267208187817,"FETBTC":0,"FILBTC":0,"FIOBTC":0.00017363732021007588,"FIROBTC":0,"FISBTC":0,"FLMBTC":0,"FORBTC":0.003846036119462626,"FORTHBTC":0,"FRONTBTC":0,"FTMBTC":0,"FTTBTC":0.031135616105423685,"FUNBTC":0.0003969635866785245,"FXSBTC":0,"GASBTC":0.01281589170958998,"GLMBTC":0,"GOBTC":0.0004688489601281534,"GRSBTC":0,"GRTBTC":0,"GTOBTC":0,"GVTBTC":0,"GXSBTC":0,"HARDBTC":0.003430623850040931,"HBARBTC":0,"HIVEBTC":0,"HNTBTC":0.0036729750875063357,"ICPBTC":0,"ICXBTC":0,"IDEXBTC":0.006402849137256419,"INJBTC":0,"IOSTBTC":0.00019101609189697144,"IOTABTC":0,"IOTXBTC":0,"IRISBTC":0,"JSTBTC":0.002047847317019519,"KAVABTC":0,"KMDBTC":0,"KNCBTC":0,"KSMBTC":0.0023093860913428973,"LINABTC":0,"LINKBTC":0,"LITBTC":0,"LOOMBTC":0,"LPTBTC":0.009251441044538424,"LRCBTC":0,"LSKBTC":0,"LTCBTC":0.010646698430739863,"LTOBTC":0.0015026195219964126,"LUNABTC":0,"MANABTC":0,"MATICBTC":0,"MDABTC":0.032919921772676074,"MDTBTC":0,"MDXBTC":0,"MIRBTC":0,"MITHBTC":0.00002326182586499413,"MKRBTC":0,"MTHBTC":0.004106666983948815,"MTLBTC":0,"NANOBTC":0,"NASBTC":0,"NAVBTC":0.001204865479749432,"NBSBTC":0,"NEARBTC":0,"NEBLBTC":0.012996725559459766,"NEOBTC":0.002757850132498584,"NKNBTC":0,"NMRBTC":0,"NUBTC":0.0013691977539773128,"NULSBTC":0,"NXSBTC":0.005531694806755519,"OAXBTC":0.00026579508154891995,"OCEANBTC":0,"OGNBTC":0,"OMBTC":0.001560998430990548,"OMGBTC":0,"ONEBTC":0,"ONGBTC":0,"ONTBTC":0,"ORNBTC":0,"OSTBTC":0,"OXTBTC":0,"PAXGBTC":0.03911864045635151,"PERLBTC":0,"PERPBTC":0,"PHABTC":0,"PHBBTC":0,"PIVXBTC":0.005742782216663453,"PNTBTC":0,"POABTC":0.0007578213510636837,"POLSBTC":0.008950772994765346,"POLYBTC":0,"PONDBTC":0,"POWRBTC":0.00046089439032852644,"PPTBTC":0.01043072286771603,"QKCBTC":0,"QLCBTC":0.004238502614377663,"QSPBTC":0.0015643994776643683,"QTUMBTC":0,"RAMPBTC":0,"RCNBTC":0.006856694877351484,"RDNBTC":0.005235792840347462,"REEFBTC":0,"RENBTC":0,"RENBTCBTC":0.599240281719055,"REPBTC":0,"REQBTC":0.0007955411030773631,"RIFBTC":0.015036371640696811,"RLCBTC":0,"ROSEBTC":0.0120339679216357,"RSRBTC":0,"RUNEBTC":0,"RVNBTC":0,"SANDBTC":0,"SCBTC":0,"SCRTBTC":0,"SFPBTC":0,"SKLBTC":0,"SKYBTC":0.001057365027267059,"SNGLSBTC":0,"SNMBTC":0.0051060715085909664,"SNTBTC":0,"SNXBTC":0.002490614921350439,"SOLBTC":0,"SRMBTC":0,"STEEMBTC":0,"STMXBTC":0,"STORJBTC":0.003007702620598082,"STPTBTC":0,"STRAXBTC":0,"STXBTC":0,"SUNBTC":0,"SUPERBTC":0,"SUSHIBTC":0,"SXPBTC":0,"SYSBTC":0,"TCTBTC":0.00021211698480183352,"TFUELBTC":0,"THETABTC":0,"TKOBTC":0.0009338290996759025,"TLMBTC":0,"TOMOBTC":0.004845349230904833,"TRBBTC":0,"TROYBTC":0,"TRUBTC":0,"TRXBTC":0,"TVKBTC":0,"TWTBTC":0.00020358304592610007,"UMABTC":0,"UNFIBTC":0,"UNIBTC":0,"UTKBTC":0,"VETBTC":0,"VIABTC":0.0004770321376098627,"VIBBTC":0.0007538325712938914,"VIDTBTC":0,"VITEBTC":0.0002875586835368962,"WABIBTC":0.010979647059209474,"WANBTC":0,"WAVESBTC":0,"WINGBTC":0,"WNXMBTC":0,"WPRBTC":0.0031565612304437253,"WRXBTC":0.0004532035726673236,"WTCBTC":0.0004803266843858755,"XEMBTC":0.008356699234082712,"XLMBTC":0.01117333744749195,"XMRBTC":0,"XRPBTC":0,"XTZBTC":0,"XVGBTC":0.0011308910961352714,"XVSBTC":0,"YFIBTC":0,"YFIIBTC":0,"YOYOBTC":0.00018791103425097014,"ZECBTC":0,"ZENBTC":0,"ZILBTC":0,"ZRXBTC":0},"numerosità_campione":922,"expected_return":-0.00002166902724889791,"standard_deviation":0.0005674709995846857,"sharpe_ratio":-0.038185259272732516}