{"weights":{"1INCHBTC":0,"AAVEBTC":0,"ACMBTC":0,"ADABTC":0,"ADXBTC":0.0023927948626180327,"AERGOBTC":0.0077877992690691625,"AGIBTC":0.010691056516556385,"AIONBTC":0,"AKROBTC":0,"ALGOBTC":0,"ALICEBTC":0,"ALPHABTC":0,"AMBBTC":0,"ANKRBTC":0,"ANTBTC":0,"APPCBTC":0.008817367359739876,"ARBTC":0.0018903947677800723,"ARDRBTC":0,"ARKBTC":0,"ARPABTC":0.00036584991341782045,"ASTBTC":0.0022791465953440546,"ATOMBTC":0,"AUCTIONBTC":0.00015902678200544956,"AUDIOBTC":0,"AUTOBTC":0,"AVABTC":0,"AVAXBTC":0,"AXSBTC":0.0045131266711923666,"BADGERBTC":0.0013912751505511726,"BALBTC":0,"BANDBTC":0,"BATBTC":0,"BCDBTC":0.0048960660197152304,"BCHBTC":0,"BEAMBTC":0,"BELBTC":0,"BLZBTC":0,"BNBBTC":0,"BNTBTC":0,"BQXBTC":0.001346132833526847,"BRDBTC":0.009138818305428825,"BTCSTBTC":0,"BTGBTC":0.00040913661664215525,"BTSBTC":0,"BZRXBTC":0,"CAKEBTC":0,"CDTBTC":0.002211430863976089,"CELOBTC":0.006995551671172357,"CELRBTC":0,"CFXBTC":0,"CHRBTC":0,"CHZBTC":0,"CKBBTC":0,"CNDBTC":0.0029614950681923023,"COMPBTC":0,"COSBTC":0,"COTIBTC":0,"CRVBTC":0,"CTKBTC":0,"CTSIBTC":0.0008178803296129957,"CTXCBTC":0,"CVCBTC":0,"DASHBTC":0,"DATABTC":0,"DCRBTC":0.06776063210192111,"DEGOBTC":0.0001894631013397913,"DGBBTC":0,"DIABTC":0,"DLTBTC":0.01361107140313801,"DNTBTC":0.0013790079905274845,"DOCKBTC":0,"DODOBTC":0,"DOGEBTC":0,"DOTBTC":0,"DREPBTC":0,"DUSKBTC":0,"EGLDBTC":0,"ELFBTC":0,"ENJBTC":0,"EOSBTC":0,"EPSBTC":0,"ETCBTC":0,"ETHBTC":0,"EVXBTC":0.02058246443379269,"EZBTC":0.001344545690934855,"FETBTC":0,"FILBTC":0.011169553087274874,"FIOBTC":0.001094044317490398,"FIROBTC":0,"FISBTC":0,"FLMBTC":0,"FORBTC":0.0005907634552075162,"FORTHBTC":0.0018260207881657794,"FRONTBTC":0.0068502000840388955,"FTMBTC":0,"FTTBTC":0.04965927018836723,"FUNBTC":0.0034439283898874793,"FXSBTC":0.0005903403333766076,"GASBTC":0,"GLMBTC":0,"GOBTC":0.0027849995248717513,"GRSBTC":0.001666304636797803,"GRTBTC":0,"GTOBTC":0,"GVTBTC":0,"GXSBTC":0,"HARDBTC":0.0025054855609029443,"HBARBTC":0,"HIVEBTC":0.000010128474071804676,"HNTBTC":0.002996921254436791,"ICPBTC":0,"ICXBTC":0,"IDEXBTC":0.002068248188589138,"INJBTC":0.005852050328753882,"IOSTBTC":0,"IOTABTC":0,"IOTXBTC":0,"IRISBTC":0,"JSTBTC":0.007178382980157916,"JUVBTC":0.00248572394435199,"KAVABTC":0,"KMDBTC":0,"KNCBTC":0,"KSMBTC":0,"LINABTC":0.00018131869277283972,"LINKBTC":0,"LITBTC":0,"LOOMBTC":0.003548711897632616,"LRCBTC":0,"LSKBTC":0,"LTCBTC":0.009508072958075315,"LTOBTC":0.0019300962604909965,"LUNABTC":0.011279223325799054,"MANABTC":0,"MATICBTC":0.00437621773370177,"MDABTC":0.03754324875181927,"MDTBTC":0,"MIRBTC":0.020435693024159464,"MITHBTC":0,"MKRBTC":0,"MTHBTC":0,"MTLBTC":0,"NANOBTC":0,"NASBTC":0.009676054568022561,"NAVBTC":0.02863629929064674,"NBSBTC":0,"NEARBTC":0.0025399370441782044,"NEBLBTC":0.007527682436132591,"NEOBTC":0,"NKNBTC":0,"NMRBTC":0.00183409471158669,"NULSBTC":0,"NXSBTC":0.02483610477796194,"OAXBTC":0.010065695887178419,"OCEANBTC":0,"OGNBTC":0,"OMBTC":0,"OMGBTC":0,"ONEBTC":0,"ONGBTC":0,"ONTBTC":0,"ORNBTC":0,"OSTBTC":0.0025562137027524273,"OXTBTC":0.01015962759211784,"PAXGBTC":0.027999148256503223,"PERLBTC":0,"PERPBTC":0,"PHABTC":0.000559552786595598,"PHBBTC":0.00026882358069152016,"PIVXBTC":0.010088784507955794,"PNTBTC":0,"POABTC":0.003056784678412899,"POLYBTC":0.003272423623394158,"PONDBTC":0,"POWRBTC":0,"PPTBTC":0.008146697602969046,"QKCBTC":0.00034334307529558956,"QLCBTC":0,"QSPBTC":0.00010113738768478733,"QTUMBTC":0,"RAMPBTC":0,"RCNBTC":0.0010414467090990012,"RDNBTC":0.005507892483385944,"REEFBTC":0,"RENBTC":0,"RENBTCBTC":0.3862599216238114,"REPBTC":0.005636486825702322,"REQBTC":0.008506082956679626,"RIFBTC":0.009462700917341457,"RLCBTC":0,"ROSEBTC":0,"RSRBTC":0,"RUNEBTC":0.0030103562788298776,"RVNBTC":0,"SANDBTC":0,"SCBTC":0.0008695579939911877,"SCRTBTC":0.0019886826834494796,"SFPBTC":0,"SKLBTC":0,"SKYBTC":0.0005907405046642532,"SNGLSBTC":0.0009155711287854177,"SNMBTC":0,"SNTBTC":0.002006733560343173,"SNXBTC":0,"SOLBTC":0.0017118758515251072,"SRMBTC":0,"STEEMBTC":0,"STMXBTC":0,"STORJBTC":0,"STPTBTC":0,"STRAXBTC":0,"STXBTC":0,"SUNBTC":0.001992238565794641,"SUPERBTC":0,"SUSHIBTC":0,"SXPBTC":0,"SYSBTC":0,"TCTBTC":0,"TFUELBTC":0,"THETABTC":0,"TKOBTC":0,"TLMBTC":0,"TOMOBTC":0,"TRBBTC":0,"TROYBTC":0.000811380953650422,"TRUBTC":0,"TRXBTC":0,"TVKBTC":0,"TWTBTC":0,"UMABTC":0.008290015504632953,"UNFIBTC":0.0027654843805604294,"UNIBTC":0,"UTKBTC":0,"VETBTC":0,"VIABTC":0.018249227075458493,"VIBBTC":0.005454774965764603,"VIDTBTC":0,"VITEBTC":0.003641851783671717,"WABIBTC":0,"WANBTC":0,"WAVESBTC":0,"WINGBTC":0.0011257981028440036,"WNXMBTC":0,"WPRBTC":0.00007842570639906643,"WRXBTC":0,"WTCBTC":0,"XEMBTC":0,"XLMBTC":0.0002822812696753387,"XMRBTC":0,"XRPBTC":0.0063769116368875564,"XTZBTC":0,"XVGBTC":0.0024598192019913896,"XVSBTC":0,"YFIBTC":0,"YFIIBTC":0,"YOYOBTC":0.0014153077249141625,"ZECBTC":0,"ZENBTC":0.0023735456006780927,"ZILBTC":0,"ZRXBTC":0},"numerosità_campione":260,"expected_return":0.000030875427702400364,"standard_deviation":0.0006549371173393246,"sharpe_ratio":0.04714258344042475}