{"weights":{"1INCHBTC":0,"AAVEBTC":0.004035182332647359,"ACMBTC":0.0005586060047118781,"ADABTC":0.009539653872102587,"ADXBTC":0,"AERGOBTC":0.012149590513635648,"AGIBTC":0.0067960419971058155,"AIONBTC":0,"AKROBTC":0,"ALGOBTC":0,"ALICEBTC":0.012262485050521852,"ALPHABTC":0,"AMBBTC":0.0011655396003361386,"ANKRBTC":0.007516791864290817,"ANTBTC":0,"APPCBTC":0.0021375321290174054,"ARBTC":0,"ARDRBTC":0.0008699999412810867,"ARKBTC":0,"ARPABTC":0,"ASTBTC":0,"ATOMBTC":0,"AUCTIONBTC":0.0022189941488427027,"AUDIOBTC":0.0016014156877758629,"AUTOBTC":0.002751198527144989,"AVABTC":0.006121533606110752,"AVAXBTC":0.008891808982146183,"AXSBTC":0,"BADGERBTC":0.007222190987233873,"BALBTC":0,"BANDBTC":0,"BATBTC":0,"BCDBTC":0,"BCHBTC":0,"BEAMBTC":0,"BELBTC":0,"BLZBTC":0.0014602658705407433,"BNBBTC":0,"BNTBTC":0,"BQXBTC":0.0016833058572628373,"BRDBTC":0.005383830438869851,"BTCSTBTC":0.0005737480671588163,"BTGBTC":0,"BTSBTC":0,"BZRXBTC":0,"CAKEBTC":0.003275670135220753,"CDTBTC":0,"CELOBTC":0.009843650081546734,"CELRBTC":0,"CFXBTC":0,"CHRBTC":0,"CHZBTC":0,"CKBBTC":0,"CNDBTC":0.003430930692255474,"COMPBTC":0,"COSBTC":0.0009464098990529567,"COTIBTC":0,"CRVBTC":0,"CTKBTC":0,"CTSIBTC":0.005276852173956849,"CTXCBTC":0.0027281283630081078,"CVCBTC":0,"DASHBTC":0,"DATABTC":0.0034874367845504333,"DCRBTC":0.03447870165708529,"DEGOBTC":0.005178585758761504,"DGBBTC":0,"DIABTC":0,"DLTBTC":0.0015471985888273118,"DNTBTC":0,"DOCKBTC":0.002414749447259445,"DODOBTC":0,"DOGEBTC":0,"DOTBTC":0,"DREPBTC":0,"DUSKBTC":0,"EGLDBTC":0,"ELFBTC":0,"ENJBTC":0,"EOSBTC":0,"EPSBTC":0.0010920024082554628,"ETCBTC":0,"ETHBTC":0,"EVXBTC":0.018606126731547705,"EZBTC":0.00581922014710779,"FETBTC":0,"FILBTC":0.01846734692008771,"FIOBTC":0,"FIROBTC":0,"FISBTC":0,"FLMBTC":0,"FORBTC":0,"FORTHBTC":0.00843657513631525,"FRONTBTC":0.003828819146582607,"FTMBTC":0,"FTTBTC":0.024543636934210553,"FUNBTC":0,"FXSBTC":0,"GASBTC":0,"GLMBTC":0.008149890292877509,"GOBTC":0,"GRSBTC":0,"GRTBTC":0,"GTOBTC":0,"GVTBTC":0,"GXSBTC":0.0010977707376058235,"HARDBTC":0.0015922521541439155,"HBARBTC":0,"HIVEBTC":0.004364059680568102,"HNTBTC":0,"ICPBTC":0,"ICXBTC":0,"IDEXBTC":0,"INJBTC":0,"IOSTBTC":0,"IOTABTC":0,"IOTXBTC":0,"IRISBTC":0,"JSTBTC":0,"JUVBTC":0.0018566958066477976,"KAVABTC":0,"KMDBTC":0,"KNCBTC":0,"KSMBTC":0,"LINABTC":0,"LINKBTC":0,"LITBTC":0,"LOOMBTC":0.004250777312782483,"LRCBTC":0,"LSKBTC":0,"LTCBTC":0,"LTOBTC":0,"LUNABTC":0.02710670348424188,"MANABTC":0,"MATICBTC":0.004844246597909847,"MDABTC":0.032809290880701475,"MDTBTC":0.00604782145867527,"MIRBTC":0.01808334046434126,"MITHBTC":0,"MKRBTC":0,"MTHBTC":0.00022337204542728945,"MTLBTC":0,"NANOBTC":0,"NASBTC":0,"NAVBTC":0.00009141112618798303,"NBSBTC":0.0018880258888859037,"NEARBTC":0.008985741392880378,"NEBLBTC":0.01046368971422251,"NEOBTC":0,"NKNBTC":0,"NMRBTC":0.004922432212054768,"NULSBTC":0,"NXSBTC":0.024606051273846793,"OAXBTC":0.0024491072348808395,"OCEANBTC":0,"OGNBTC":0,"OMBTC":0.0017116588239024526,"OMGBTC":0,"ONEBTC":0.004391401968594586,"ONGBTC":0,"ONTBTC":0,"ORNBTC":0.00839664726308804,"OSTBTC":0.002035770918189038,"OXTBTC":0.008955227677310069,"PAXGBTC":0.06377263975909256,"PERLBTC":0,"PERPBTC":0.0007370577136597027,"PHABTC":0.0037237734666432537,"PHBBTC":0.00230474161676256,"PIVXBTC":0.017068321656550197,"PNTBTC":0,"POABTC":0.00017734992158238689,"POLYBTC":0,"PONDBTC":0,"POWRBTC":0,"PPTBTC":0,"QKCBTC":0.0009201978578250148,"QLCBTC":0.0018460031538797645,"QSPBTC":0,"QTUMBTC":0,"RAMPBTC":0.00772509086721234,"RCNBTC":0,"RDNBTC":0.010588673635494247,"REEFBTC":0,"RENBTC":0,"RENBTCBTC":0.3604340519240305,"REPBTC":0,"REQBTC":0.005767902933737909,"RIFBTC":0.01267756219193123,"RLCBTC":0,"ROSEBTC":0.0010554420296549894,"RSRBTC":0,"RUNEBTC":0,"RVNBTC":0,"SANDBTC":0,"SCBTC":0.000369252128738143,"SCRTBTC":0,"SFPBTC":0,"SKLBTC":0,"SKYBTC":0,"SNGLSBTC":0.0024800947628770753,"SNMBTC":0,"SNTBTC":0.0015788130930846403,"SNXBTC":0,"SOLBTC":0.011455374107474579,"SRMBTC":0.004948653134874382,"STEEMBTC":0,"STMXBTC":0,"STORJBTC":0,"STPTBTC":0.002140316729574177,"STRAXBTC":0,"STXBTC":0.0018090236409482505,"SUNBTC":0,"SUPERBTC":0,"SUSHIBTC":0,"SXPBTC":0,"SYSBTC":0,"TCTBTC":0,"TFUELBTC":0,"THETABTC":0,"TKOBTC":0,"TLMBTC":0.004166376601694305,"TOMOBTC":0,"TRBBTC":0,"TROYBTC":0,"TRUBTC":0,"TRXBTC":0,"TVKBTC":0,"TWTBTC":0.00034734370924853654,"UMABTC":0.005028968022815334,"UNFIBTC":0,"UNIBTC":0,"UTKBTC":0.0003123902712292397,"VETBTC":0,"VIABTC":0.016242813616963163,"VIBBTC":0.004542802945695024,"VIDTBTC":0,"VITEBTC":0.005199283801204052,"WABIBTC":0,"WANBTC":0,"WAVESBTC":0,"WINGBTC":0.00372103121043376,"WNXMBTC":0,"WPRBTC":0.0012134503669000536,"WRXBTC":0,"WTCBTC":0,"XEMBTC":0,"XLMBTC":0.0008748243354888066,"XMRBTC":0,"XRPBTC":0.004943791691808823,"XTZBTC":0,"XVGBTC":0.002161444206555869,"XVSBTC":0,"YFIBTC":0,"YFIIBTC":0,"YOYOBTC":0,"ZECBTC":0,"ZENBTC":0,"ZILBTC":0,"ZRXBTC":0},"numerosità_campione":260,"expected_return":0.00004507092362186998,"standard_deviation":0.0006151317911970894,"sharpe_ratio":0.0732703532265156}