{"weights":{"1INCHBTC":0,"AAVEBTC":0,"ACMBTC":0,"ADABTC":0,"ADXBTC":0.0024545920556598715,"AERGOBTC":0.0067972285488722434,"AGIBTC":0.009617964098907575,"AIONBTC":0,"AKROBTC":0,"ALGOBTC":0,"ALICEBTC":0,"ALPHABTC":0,"AMBBTC":0,"ANKRBTC":0,"ANTBTC":0,"APPCBTC":0.009179232759689064,"ARBTC":0.0024399537084628473,"ARDRBTC":0,"ARKBTC":0,"ARPABTC":0.0002738405090445999,"ASTBTC":0.002224313901818831,"ATOMBTC":0,"AUCTIONBTC":0,"AUDIOBTC":0,"AUTOBTC":0,"AVABTC":0,"AVAXBTC":0,"AXSBTC":0.004480675840639726,"BADGERBTC":0.0016369370138520972,"BALBTC":0,"BANDBTC":0,"BATBTC":0,"BCDBTC":0.005145012939773399,"BCHBTC":0,"BEAMBTC":0,"BELBTC":0,"BLZBTC":0,"BNBBTC":0.005025309623393249,"BNTBTC":0,"BQXBTC":0.001412636751236951,"BRDBTC":0.009128851498153899,"BTCSTBTC":0,"BTGBTC":0.00030733051452358544,"BTSBTC":0,"BZRXBTC":0,"CAKEBTC":0,"CDTBTC":0.0022249681952273303,"CELOBTC":0.006351513829510394,"CELRBTC":0,"CFXBTC":0,"CHRBTC":0,"CHZBTC":0,"CKBBTC":0,"CNDBTC":0.0027741958116774997,"COMPBTC":0,"COSBTC":0,"COTIBTC":0,"CRVBTC":0,"CTKBTC":0.0003766674817636456,"CTSIBTC":0.000421546357073221,"CTXCBTC":0,"CVCBTC":0,"DASHBTC":0,"DATABTC":0,"DCRBTC":0.06717958016374934,"DEGOBTC":0,"DGBBTC":0,"DIABTC":0,"DLTBTC":0.013642185204447085,"DNTBTC":0.0007235834681442296,"DOCKBTC":0,"DODOBTC":0,"DOGEBTC":0,"DOTBTC":0,"DREPBTC":0,"DUSKBTC":0,"EGLDBTC":0,"ELFBTC":0,"ENJBTC":0,"EOSBTC":0,"EPSBTC":0,"ETCBTC":0,"ETHBTC":0,"EVXBTC":0.020916043554592156,"EZBTC":0.0017143189929889496,"FETBTC":0,"FILBTC":0.01250233605330121,"FIOBTC":0.00122729866645945,"FIROBTC":0,"FISBTC":0,"FLMBTC":0,"FORBTC":0.0010550463931665588,"FORTHBTC":0.0016050911847567215,"FRONTBTC":0.005866768275082727,"FTMBTC":0,"FTTBTC":0.0500863975179338,"FUNBTC":0.0033938003370972084,"FXSBTC":0.00137222271770457,"GASBTC":0,"GLMBTC":0,"GOBTC":0.002372537754554319,"GRSBTC":0.001774924560026202,"GRTBTC":0,"GTOBTC":0,"GVTBTC":0,"GXSBTC":0,"HARDBTC":0.0025444735257135363,"HBARBTC":0,"HIVEBTC":0,"HNTBTC":0.0007761698221782774,"ICPBTC":0.00048368194976811704,"ICXBTC":0,"IDEXBTC":0.0027148335556221688,"INJBTC":0.004731328535333769,"IOSTBTC":0,"IOTABTC":0,"IOTXBTC":0,"IRISBTC":0,"JSTBTC":0.007314615483278846,"JUVBTC":0.0018797492534536329,"KAVABTC":0,"KMDBTC":0,"KNCBTC":0,"KSMBTC":0,"LINABTC":0.00014286158559765713,"LINKBTC":0,"LITBTC":0,"LOOMBTC":0.0032025027764646823,"LRCBTC":0,"LSKBTC":0,"LTCBTC":0.0098864846828173,"LTOBTC":0.003052701426365337,"LUNABTC":0.009965812511552187,"MANABTC":0,"MATICBTC":0.002856237605733904,"MDABTC":0.0386783032330953,"MDTBTC":0.00006592379603476594,"MIRBTC":0.01954366691170079,"MITHBTC":0,"MKRBTC":0,"MTHBTC":0,"MTLBTC":0,"NANOBTC":0,"NASBTC":0.010463398800288348,"NAVBTC":0.03065130704472143,"NBSBTC":0,"NEARBTC":0.0018981512633664112,"NEBLBTC":0.00886985195215547,"NEOBTC":0,"NKNBTC":0,"NMRBTC":0.0015568953150729846,"NULSBTC":0,"NXSBTC":0.024643793794140438,"OAXBTC":0.009385972899036457,"OCEANBTC":0,"OGNBTC":0,"OMBTC":0,"OMGBTC":0,"ONEBTC":0,"ONGBTC":0,"ONTBTC":0,"ORNBTC":0,"OSTBTC":0.0026387345219119093,"OXTBTC":0.00976953203923215,"PAXGBTC":0.026102851861613673,"PERLBTC":0,"PERPBTC":0,"PHABTC":0.0000859757788665836,"PHBBTC":0.00011769100717078279,"PIVXBTC":0.009925853149108075,"PNTBTC":0,"POABTC":0.0033320298082653156,"POLYBTC":0.0035711234476067787,"PONDBTC":0,"POWRBTC":0,"PPTBTC":0.008928546566680287,"QKCBTC":0.000338953409477126,"QLCBTC":0,"QSPBTC":0.00045276693684760894,"QTUMBTC":0,"RAMPBTC":0,"RCNBTC":0.0011494080138730286,"RDNBTC":0.0050956705533017795,"REEFBTC":0,"RENBTC":0,"RENBTCBTC":0.3898853863338608,"REPBTC":0.006445694684116746,"REQBTC":0.009110841473800004,"RIFBTC":0.009487020648643164,"RLCBTC":0,"ROSEBTC":0,"RSRBTC":0,"RUNEBTC":0.0015471839478727164,"RVNBTC":0,"SANDBTC":0,"SCBTC":0.0008272124707791809,"SCRTBTC":0.000703931372421404,"SFPBTC":0,"SKLBTC":0,"SKYBTC":0.0014756608252170231,"SNGLSBTC":0.0007500953318107106,"SNMBTC":0,"SNTBTC":0.0015939649258001616,"SNXBTC":0,"SOLBTC":0,"SRMBTC":0,"STEEMBTC":0,"STMXBTC":0,"STORJBTC":0,"STPTBTC":0,"STRAXBTC":0,"STXBTC":0,"SUNBTC":0.0020803255674094953,"SUPERBTC":0,"SUSHIBTC":0,"SXPBTC":0,"SYSBTC":0,"TCTBTC":0,"TFUELBTC":0,"THETABTC":0,"TKOBTC":0,"TLMBTC":0,"TOMOBTC":0,"TRBBTC":0,"TROYBTC":0.0007082611179909618,"TRUBTC":0,"TRXBTC":0,"TVKBTC":0,"TWTBTC":0,"UMABTC":0.00744333905909925,"UNFIBTC":0.003415998430936992,"UNIBTC":0,"UTKBTC":0,"VETBTC":0,"VIABTC":0.01772013629954896,"VIBBTC":0.005372714667916765,"VIDTBTC":0,"VITEBTC":0.003638008697809206,"WABIBTC":0,"WANBTC":0,"WAVESBTC":0,"WINGBTC":0.0007948999721183837,"WNXMBTC":0,"WPRBTC":0.0003368398556317729,"WRXBTC":0,"WTCBTC":0,"XEMBTC":0,"XLMBTC":0.00005024127853803077,"XMRBTC":0,"XRPBTC":0.004108459022625037,"XTZBTC":0,"XVGBTC":0.0026255109563291506,"XVSBTC":0,"YFIBTC":0,"YFIIBTC":0,"YOYOBTC":0.0016093823714603689,"ZECBTC":0,"ZENBTC":0.0037461295875322364,"ZILBTC":0,"ZRXBTC":0},"numerosità_campione":260,"expected_return":0.0000244740279209861,"standard_deviation":0.0006519188552444086,"sharpe_ratio":0.037541524875531675}