{"weights":{"1INCHBTC":0,"AAVEBTC":0.002253804794427187,"ACMBTC":0.0018248055903241352,"ADABTC":0.01773218586276471,"ADXBTC":0,"AERGOBTC":0.01047103429859167,"AGIBTC":0.010329403655918886,"AIONBTC":0,"AKROBTC":0,"ALGOBTC":0,"ALICEBTC":0.01953285638832759,"ALPHABTC":0,"AMBBTC":0,"ANKRBTC":0.006681384569484193,"ANTBTC":0,"APPCBTC":0,"ARBTC":0,"ARDRBTC":0.002059135138625921,"ARKBTC":0,"ARPABTC":0,"ASTBTC":0,"ATOMBTC":0,"AUCTIONBTC":0.0030322515338518834,"AUDIOBTC":0.0031497427195146797,"AUTOBTC":0,"AVABTC":0.0033636181988477274,"AVAXBTC":0.012004016531409142,"AXSBTC":0,"BADGERBTC":0.005221648185908546,"BALBTC":0,"BANDBTC":0,"BATBTC":0,"BCDBTC":0,"BCHBTC":0,"BEAMBTC":0,"BELBTC":0,"BLZBTC":0.002879468281358424,"BNBBTC":0,"BNTBTC":0,"BQXBTC":0,"BRDBTC":0.00579242148381807,"BTCSTBTC":0.002650545485747534,"BTGBTC":0,"BTSBTC":0.00034618580521267545,"BZRXBTC":0,"CAKEBTC":0,"CDTBTC":0,"CELOBTC":0.014614468203736597,"CELRBTC":0,"CFXBTC":0,"CHRBTC":0,"CHZBTC":0,"CKBBTC":0,"CNDBTC":0.00332101273054117,"COMPBTC":0,"COSBTC":0.0008121729892998529,"COTIBTC":0,"CRVBTC":0,"CTKBTC":0,"CTSIBTC":0.00678026882033804,"CTXCBTC":0.00016671545899286193,"CVCBTC":0,"DASHBTC":0,"DATABTC":0.005333154091815856,"DCRBTC":0.015366342210953928,"DEGOBTC":0.0071497644184246026,"DGBBTC":0,"DIABTC":0,"DLTBTC":0,"DNTBTC":0.001227841738731193,"DOCKBTC":0.00474973889780081,"DODOBTC":0,"DOGEBTC":0,"DOTBTC":0,"DREPBTC":0,"DUSKBTC":0,"EGLDBTC":0,"ELFBTC":0,"ENJBTC":0,"EOSBTC":0,"EPSBTC":0.002323791140180257,"ETCBTC":0,"ETHBTC":0,"EVXBTC":0.01563582269789402,"EZBTC":0.00379961031601175,"FETBTC":0,"FILBTC":0.01606291531110221,"FIOBTC":0,"FIROBTC":0,"FISBTC":0,"FLMBTC":0,"FORBTC":0,"FORTHBTC":0.010154165840027953,"FRONTBTC":0.0017188490216113817,"FTMBTC":0,"FTTBTC":0.012860592655341327,"FUNBTC":0,"FXSBTC":0,"GASBTC":0,"GLMBTC":0.006259443338895448,"GOBTC":0,"GRSBTC":0,"GRTBTC":0,"GTOBTC":0,"GVTBTC":0,"GXSBTC":0.0008976424271340564,"HARDBTC":0.0012373924405468212,"HBARBTC":0,"HIVEBTC":0.005439267382332716,"HNTBTC":0,"ICPBTC":0,"ICXBTC":0,"IDEXBTC":0,"INJBTC":0,"IOSTBTC":0,"IOTABTC":0,"IOTXBTC":0,"IRISBTC":0,"JSTBTC":0,"JUVBTC":0.0026700007937614043,"KAVABTC":0,"KMDBTC":0,"KNCBTC":0,"KSMBTC":0,"LINABTC":0,"LINKBTC":0,"LITBTC":0,"LOOMBTC":0.0028961382501515396,"LRCBTC":0,"LSKBTC":0,"LTCBTC":0,"LTOBTC":0,"LUNABTC":0.02587028761472234,"MANABTC":0,"MATICBTC":0.008081906052000841,"MDABTC":0.02599318457786582,"MDTBTC":0.0071004246057318875,"MIRBTC":0.024721559810951046,"MITHBTC":0,"MKRBTC":0,"MTHBTC":0.00008617038899020731,"MTLBTC":0,"NANOBTC":0,"NASBTC":0,"NAVBTC":0,"NBSBTC":0.0026923465356059554,"NEARBTC":0.011439985368837273,"NEBLBTC":0.009109416799276189,"NEOBTC":0,"NKNBTC":0,"NMRBTC":0.006819447718788937,"NULSBTC":0,"NXSBTC":0.021521333923187363,"OAXBTC":0,"OCEANBTC":0,"OGNBTC":0,"OMBTC":0.0026160856800504,"OMGBTC":0,"ONEBTC":0.008947964399789699,"ONGBTC":0,"ONTBTC":0,"ORNBTC":0.0011965148175939891,"OSTBTC":0.0016999835503683485,"OXTBTC":0.009653802077531644,"PAXGBTC":0.08259906589644347,"PERLBTC":0,"PERPBTC":0.0053113433166603954,"PHABTC":0.005596816169306493,"PHBBTC":0.003320130486177875,"PIVXBTC":0.019514979924410432,"PNTBTC":0,"POABTC":0,"POLYBTC":0,"PONDBTC":0,"POWRBTC":0,"PPTBTC":0,"QKCBTC":0.0005621744841187732,"QLCBTC":0,"QSPBTC":0,"QTUMBTC":0,"RAMPBTC":0.006846052095374686,"RCNBTC":0,"RDNBTC":0.005945014352035295,"REEFBTC":0,"RENBTC":0,"RENBTCBTC":0.3497690994951489,"REPBTC":0,"REQBTC":0.00246617482420073,"RIFBTC":0.012564604920134913,"RLCBTC":0,"ROSEBTC":0,"RSRBTC":0,"RUNEBTC":0,"RVNBTC":0,"SANDBTC":0,"SCBTC":0,"SCRTBTC":0,"SFPBTC":0,"SKLBTC":0,"SKYBTC":0,"SNGLSBTC":0.0023234129251178894,"SNMBTC":0,"SNTBTC":0.0040881063268038325,"SNXBTC":0,"SOLBTC":0.016266471730116715,"SRMBTC":0.008463712921657762,"STEEMBTC":0,"STMXBTC":0,"STORJBTC":0,"STPTBTC":0.0020369235937373756,"STRAXBTC":0,"STXBTC":0,"SUNBTC":0,"SUPERBTC":0,"SUSHIBTC":0,"SXPBTC":0,"SYSBTC":0,"TCTBTC":0,"TFUELBTC":0.001112334405772983,"THETABTC":0,"TKOBTC":0,"TLMBTC":0.004408012395472294,"TOMOBTC":0,"TRBBTC":0,"TROYBTC":0.000377219443174241,"TRUBTC":0,"TRXBTC":0,"TVKBTC":0,"TWTBTC":0,"UMABTC":0.003626010056352724,"UNFIBTC":0,"UNIBTC":0,"UTKBTC":0.0015602025554986919,"VETBTC":0,"VIABTC":0.009760474336542417,"VIBBTC":0.0032281434128638336,"VIDTBTC":0,"VITEBTC":0.0068608618438045724,"WABIBTC":0,"WANBTC":0,"WAVESBTC":0,"WINGBTC":0.0053605069481177285,"WNXMBTC":0,"WPRBTC":0.0006836715311615929,"WRXBTC":0,"WTCBTC":0,"XEMBTC":0,"XLMBTC":0.0020541044551327828,"XMRBTC":0,"XRPBTC":0.012043191637746933,"XTZBTC":0,"XVGBTC":0.0028991498958629344,"XVSBTC":0,"YFIBTC":0,"YFIIBTC":0,"YOYOBTC":0,"ZECBTC":0,"ZENBTC":0,"ZILBTC":0,"ZRXBTC":0},"numerosità_campione":260,"expected_return":0.00007763974118933764,"standard_deviation":0.0006920444916843619,"sharpe_ratio":0.11218894467373168}