{"weights":{"1INCHBTC":0,"AAVEBTC":0.0031270523750759173,"ACMBTC":0,"ADABTC":0.0007018566705115065,"ADXBTC":0,"AERGOBTC":0.012108078815624222,"AGIBTC":0.003420817365565804,"AIONBTC":0,"AKROBTC":0,"ALGOBTC":0,"ALICEBTC":0.005404599408813955,"ALPHABTC":0,"AMBBTC":0.0023104204022597824,"ANKRBTC":0.006773962298670324,"ANTBTC":0,"APPCBTC":0.005995215579885077,"ARBTC":0,"ARDRBTC":0,"ARKBTC":0,"ARPABTC":0,"ASTBTC":0,"ATOMBTC":0,"AUCTIONBTC":0.0010490162509281813,"AUDIOBTC":0.0002455184408235623,"AUTOBTC":0.003581506629872671,"AVABTC":0.007101421702688634,"AVAXBTC":0.006124616634519062,"AXSBTC":0,"BADGERBTC":0.008053306414537506,"BALBTC":0,"BANDBTC":0,"BATBTC":0.005457189757883408,"BCDBTC":0.000809218215337083,"BCHBTC":0,"BEAMBTC":0,"BELBTC":0.0013412652032917093,"BLZBTC":0,"BNBBTC":0,"BNTBTC":0,"BQXBTC":0.0033190469306514743,"BRDBTC":0.004607809377180061,"BTCSTBTC":0,"BTGBTC":0,"BTSBTC":0,"BZRXBTC":0,"CAKEBTC":0.004685158864125934,"CDTBTC":0,"CELOBTC":0.005141108366322833,"CELRBTC":0,"CFXBTC":0.0013421843161734223,"CHRBTC":0,"CHZBTC":0,"CKBBTC":0,"CNDBTC":0.003407957926533433,"COMPBTC":0,"COSBTC":0.0009008958008479006,"COTIBTC":0,"CRVBTC":0,"CTKBTC":0,"CTSIBTC":0.00348464616215796,"CTXCBTC":0.003488959105629347,"CVCBTC":0,"DASHBTC":0,"DATABTC":0.0016719360320880871,"DCRBTC":0.048161783696058794,"DEGOBTC":0.0034665085832907955,"DGBBTC":0,"DIABTC":0.0007737658017833827,"DLTBTC":0.0040150267140851275,"DNTBTC":0,"DOCKBTC":0,"DODOBTC":0,"DOGEBTC":0,"DOTBTC":0,"DREPBTC":0,"DUSKBTC":0,"EGLDBTC":0,"ELFBTC":0,"ENJBTC":0,"EOSBTC":0,"EPSBTC":0.00015368604800985436,"ETCBTC":0,"ETHBTC":0,"EVXBTC":0.021058274608157602,"EZBTC":0.006831127451022011,"FETBTC":0,"FILBTC":0.021341699363609697,"FIOBTC":0,"FIROBTC":0,"FISBTC":0,"FLMBTC":0,"FORBTC":0.002208116395980503,"FORTHBTC":0.006683889699416426,"FRONTBTC":0.004704355681407709,"FTMBTC":0,"FTTBTC":0.028566873032005596,"FUNBTC":0,"FXSBTC":0,"GASBTC":0.007581746554535487,"GLMBTC":0.007159232536285781,"GOBTC":0,"GRSBTC":0.0009123536691112938,"GRTBTC":0.0007760953644090671,"GTOBTC":0,"GVTBTC":0,"GXSBTC":0.0008167251062436362,"HARDBTC":0.0010342202719269193,"HBARBTC":0,"HIVEBTC":0.003077179779660142,"HNTBTC":0,"ICPBTC":0.0035557626353153898,"ICXBTC":0,"IDEXBTC":0,"INJBTC":0.0015809214511225433,"IOSTBTC":0,"IOTABTC":0,"IOTXBTC":0,"IRISBTC":0,"JSTBTC":0,"JUVBTC":0.0010493274756890902,"KAVABTC":0,"KMDBTC":0,"KNCBTC":0,"KSMBTC":0,"LINABTC":0,"LINKBTC":0,"LITBTC":0,"LOOMBTC":0.0038028009038993107,"LRCBTC":0,"LSKBTC":0,"LTCBTC":0.002755416158722274,"LTOBTC":0.0002923565984635829,"LUNABTC":0.026438525618147163,"MANABTC":0,"MATICBTC":0.0015846137615621093,"MDABTC":0.03638203902821382,"MDTBTC":0.00485264707803444,"MIRBTC":0.010406913532703958,"MITHBTC":0,"MKRBTC":0,"MTHBTC":0.00045859524142986255,"MTLBTC":0,"NANOBTC":0,"NASBTC":0,"NAVBTC":0.012342708842522317,"NBSBTC":0.0011089439235612121,"NEARBTC":0.006867614090932199,"NEBLBTC":0.010983037349406442,"NEOBTC":0,"NKNBTC":0,"NMRBTC":0.0033824847659314136,"NULSBTC":0,"NXSBTC":0.025599823866670913,"OAXBTC":0.004529157018305042,"OCEANBTC":0,"OGNBTC":0,"OMBTC":0.0008310998316714141,"OMGBTC":0,"ONEBTC":0.00018323155289409762,"ONGBTC":0,"ONTBTC":0,"ORNBTC":0.013066658714311435,"OSTBTC":0.001736021681287673,"OXTBTC":0.007844538603898213,"PAXGBTC":0.04807314101163565,"PERLBTC":0,"PERPBTC":0,"PHABTC":0.0017987338726245304,"PHBBTC":0.0015045394037858399,"PIVXBTC":0.01459456978083961,"PNTBTC":0,"POABTC":0.0011865440967431928,"POLYBTC":0.0017679787622724747,"PONDBTC":0,"POWRBTC":0,"PPTBTC":0,"QKCBTC":0.0010912846232387773,"QLCBTC":0.003714507380666658,"QSPBTC":0,"QTUMBTC":0,"RAMPBTC":0.00797823095063987,"RCNBTC":0,"RDNBTC":0.013977397235583238,"REEFBTC":0,"RENBTC":0,"RENBTCBTC":0.35912236131808706,"REPBTC":0,"REQBTC":0.0072744297852941455,"RIFBTC":0.01258439369905542,"RLCBTC":0,"ROSEBTC":0.003728757245159627,"RSRBTC":0,"RUNEBTC":0,"RVNBTC":0,"SANDBTC":0,"SCBTC":0.0003288897775120883,"SCRTBTC":0.0034038772110273102,"SFPBTC":0,"SKLBTC":0,"SKYBTC":0,"SNGLSBTC":0.0022845664888247624,"SNMBTC":0,"SNTBTC":0,"SNXBTC":0,"SOLBTC":0.006445654200934558,"SRMBTC":0.0011299292647685777,"STEEMBTC":0,"STMXBTC":0,"STORJBTC":0,"STPTBTC":0.0016054561168040782,"STRAXBTC":0,"STXBTC":0.004152843452731975,"SUNBTC":0,"SUPERBTC":0,"SUSHIBTC":0,"SXPBTC":0,"SYSBTC":0,"TCTBTC":0,"TFUELBTC":0,"THETABTC":0,"TKOBTC":0.0007691427827908311,"TLMBTC":0.0036248988627104275,"TOMOBTC":0,"TRBBTC":0,"TROYBTC":0,"TRUBTC":0,"TRXBTC":0,"TVKBTC":0,"TWTBTC":0.00336234726680071,"UMABTC":0.004654002901409395,"UNFIBTC":0,"UNIBTC":0.0005894857898749333,"UTKBTC":0,"VETBTC":0,"VIABTC":0.019223093999238265,"VIBBTC":0.0057517619303380976,"VIDTBTC":0,"VITEBTC":0.003114906292630098,"WABIBTC":0,"WANBTC":0,"WAVESBTC":0,"WINGBTC":0.0020197281043318805,"WNXMBTC":0,"WPRBTC":0.0010858014704583213,"WRXBTC":0,"WTCBTC":0,"XEMBTC":0,"XLMBTC":0,"XMRBTC":0,"XRPBTC":0,"XTZBTC":0,"XVGBTC":0.0014440797914931386,"XVSBTC":0,"YFIBTC":0,"YFIIBTC":0,"YOYOBTC":0,"ZECBTC":0,"ZENBTC":0,"ZILBTC":0,"ZRXBTC":0},"numerosità_campione":260,"expected_return":0.000012502106054402285,"standard_deviation":0.0005755456534560482,"sharpe_ratio":0.02172217960352821}