{"weights":{"1INCHBTC":0,"AAVEBTC":0.003909956251787892,"ACMBTC":0.000772745825284793,"ADABTC":0.010882312500170497,"ADXBTC":0,"AERGOBTC":0.011923923804585035,"AGIBTC":0.007385314928471753,"AIONBTC":0,"AKROBTC":0,"ALGOBTC":0,"ALICEBTC":0.013490557534322958,"ALPHABTC":0,"AMBBTC":0.0008862849872296496,"ANKRBTC":0.007363835137528594,"ANTBTC":0,"APPCBTC":0.0012433797057287278,"ARBTC":0,"ARDRBTC":0.0010950337430976182,"ARKBTC":0,"ARPABTC":0,"ASTBTC":0,"ATOMBTC":0,"AUCTIONBTC":0.002357741824273303,"AUDIOBTC":0.0018727006889356001,"AUTOBTC":0.002332360564401855,"AVABTC":0.005718816318969756,"AVAXBTC":0.009414413127704356,"AXSBTC":0,"BADGERBTC":0.006892734081308093,"BALBTC":0,"BANDBTC":0,"BATBTC":0,"BCDBTC":0,"BCHBTC":0,"BEAMBTC":0,"BELBTC":0,"BLZBTC":0.001717114397745817,"BNBBTC":0,"BNTBTC":0,"BQXBTC":0.0011666681402748948,"BRDBTC":0.005540675908355403,"BTCSTBTC":0.00089725479135866,"BTGBTC":0,"BTSBTC":0,"BZRXBTC":0,"CAKEBTC":0.002755829104370818,"CDTBTC":0,"CELOBTC":0.01064244178950926,"CELRBTC":0,"CFXBTC":0,"CHRBTC":0,"CHZBTC":0,"CKBBTC":0,"CNDBTC":0.0034098895968195132,"COMPBTC":0,"COSBTC":0.0009455987213425201,"COTIBTC":0,"CRVBTC":0,"CTKBTC":0,"CTSIBTC":0.005501265484090977,"CTXCBTC":0.0024683602535921665,"CVCBTC":0,"DASHBTC":0,"DATABTC":0.0038211244223072777,"DCRBTC":0.03158272334515459,"DEGOBTC":0.0054959066244253466,"DGBBTC":0,"DIABTC":0,"DLTBTC":0.0010733444403921563,"DNTBTC":0.0000435920578272129,"DOCKBTC":0.0028194051816421697,"DODOBTC":0,"DOGEBTC":0,"DOTBTC":0,"DREPBTC":0,"DUSKBTC":0,"EGLDBTC":0,"ELFBTC":0,"ENJBTC":0,"EOSBTC":0,"EPSBTC":0.0012513666850744762,"ETCBTC":0,"ETHBTC":0,"EVXBTC":0.01816147899060208,"EZBTC":0.005516747290395454,"FETBTC":0,"FILBTC":0.018098851216242516,"FIOBTC":0,"FIROBTC":0,"FISBTC":0,"FLMBTC":0,"FORBTC":0,"FORTHBTC":0.00874293450846781,"FRONTBTC":0.003518218785419626,"FTMBTC":0,"FTTBTC":0.02293238118463752,"FUNBTC":0,"FXSBTC":0,"GASBTC":0,"GLMBTC":0.00790218330904175,"GOBTC":0,"GRSBTC":0,"GRTBTC":0,"GTOBTC":0,"GVTBTC":0,"GXSBTC":0.0010695898478703457,"HARDBTC":0.00165756027270069,"HBARBTC":0,"HIVEBTC":0.004569182464937801,"HNTBTC":0,"ICPBTC":0,"ICXBTC":0,"IDEXBTC":0,"INJBTC":0,"IOSTBTC":0,"IOTABTC":0,"IOTXBTC":0,"IRISBTC":0,"JSTBTC":0,"JUVBTC":0.0019710686698617046,"KAVABTC":0,"KMDBTC":0,"KNCBTC":0,"KSMBTC":0,"LINABTC":0,"LINKBTC":0,"LITBTC":0,"LOOMBTC":0.004060176519479751,"LRCBTC":0,"LSKBTC":0,"LTCBTC":0,"LTOBTC":0,"LUNABTC":0.026967653627580267,"MANABTC":0,"MATICBTC":0.005371878785133233,"MDABTC":0.03185844796081057,"MDTBTC":0.006276526668172472,"MIRBTC":0.01919374914995263,"MITHBTC":0,"MKRBTC":0,"MTHBTC":0.0002470103131095655,"MTLBTC":0,"NANOBTC":0,"NASBTC":0,"NAVBTC":0,"NBSBTC":0.00201241609173124,"NEARBTC":0.009397926789219052,"NEBLBTC":0.010306678260420586,"NEOBTC":0,"NKNBTC":0,"NMRBTC":0.005224406835061253,"NULSBTC":0,"NXSBTC":0.02424576110421078,"OAXBTC":0.0018386802318096414,"OCEANBTC":0,"OGNBTC":0,"OMBTC":0.0018447742583071881,"OMGBTC":0,"ONEBTC":0.005131998972345479,"ONGBTC":0,"ONTBTC":0,"ORNBTC":0.0072803677580378446,"OSTBTC":0.001989724488572239,"OXTBTC":0.009124065069461888,"PAXGBTC":0.0667741798300859,"PERLBTC":0,"PERPBTC":0.0014957904202924565,"PHABTC":0.004022962573530932,"PHBBTC":0.0024685930116967935,"PIVXBTC":0.0175263908566797,"PNTBTC":0,"POABTC":0,"POLYBTC":0,"PONDBTC":0,"POWRBTC":0,"PPTBTC":0,"QKCBTC":0.0008611374168736208,"QLCBTC":0.001392173071511597,"QSPBTC":0,"QTUMBTC":0,"RAMPBTC":0.0076521867211414825,"RCNBTC":0,"RDNBTC":0.00987211950226224,"REEFBTC":0,"RENBTC":0,"RENBTCBTC":0.35921580795029423,"REPBTC":0,"REQBTC":0.00534210560370701,"RIFBTC":0.012686031760643212,"RLCBTC":0,"ROSEBTC":0.0005021665150786181,"RSRBTC":0,"RUNEBTC":0,"RVNBTC":0,"SANDBTC":0,"SCBTC":0.0003174020657952145,"SCRTBTC":0,"SFPBTC":0,"SKLBTC":0,"SKYBTC":0,"SNGLSBTC":0.00246773288320725,"SNMBTC":0,"SNTBTC":0.00198178051603809,"SNXBTC":0,"SOLBTC":0.012289044808775273,"SRMBTC":0.005520275846755895,"STEEMBTC":0,"STMXBTC":0,"STORJBTC":0,"STPTBTC":0.0021157992744629756,"STRAXBTC":0,"STXBTC":0.0009585497899525987,"SUNBTC":0,"SUPERBTC":0,"SUSHIBTC":0,"SXPBTC":0,"SYSBTC":0,"TCTBTC":0,"TFUELBTC":0,"THETABTC":0,"TKOBTC":0,"TLMBTC":0.00423692203447862,"TOMOBTC":0,"TRBBTC":0,"TROYBTC":0.00005065941818088875,"TRUBTC":0,"TRXBTC":0,"TVKBTC":0,"TWTBTC":0,"UMABTC":0.00489237148135983,"UNFIBTC":0,"UNIBTC":0,"UTKBTC":0.0005173402449618231,"VETBTC":0,"VIABTC":0.01527584625879494,"VIBBTC":0.004320817273342847,"VIDTBTC":0,"VITEBTC":0.005484753076047331,"WABIBTC":0,"WANBTC":0,"WAVESBTC":0,"WINGBTC":0.003966990493826003,"WNXMBTC":0,"WPRBTC":0.0011411572804905813,"WRXBTC":0,"WTCBTC":0,"XEMBTC":0,"XLMBTC":0.0011327598729929218,"XMRBTC":0,"XRPBTC":0.006025189397356762,"XTZBTC":0,"XVGBTC":0.0023058513577057416,"XVSBTC":0,"YFIBTC":0,"YFIIBTC":0,"YOYOBTC":0,"ZECBTC":0,"ZENBTC":0,"ZILBTC":0,"ZRXBTC":0},"numerosità_campione":260,"expected_return":0.00005049905988311455,"standard_deviation":0.0006254563779855557,"sharpe_ratio":0.08073953941561818}