{"weights":{"1INCHBTC":0,"AAVEBTC":0,"ADABTC":0,"ADXBTC":0.012384984763131521,"AERGOBTC":0,"AGIBTC":0.00335989023397621,"AGIXBTC":0.0017285242190998224,"AIONBTC":0,"AKROBTC":0,"ALGOBTC":0,"ALICEBTC":0,"ALPHABTC":0,"AMBBTC":0,"ANKRBTC":0.004343030127843315,"ANTBTC":0,"APPCBTC":0.0023076915611613216,"ARBTC":0,"ARDRBTC":0,"ARKBTC":0,"ARPABTC":0,"ASTBTC":0.0086044208973576,"ATABTC":0,"ATOMBTC":0,"AUCTIONBTC":0.0011828962658282378,"AUDIOBTC":0,"AUTOBTC":0,"AVABTC":0,"AVAXBTC":0,"AXSBTC":0,"BADGERBTC":0.0008113906735152552,"BALBTC":0,"BANDBTC":0,"BATBTC":0,"BCDBTC":0,"BCHBTC":0,"BEAMBTC":0,"BELBTC":0,"BLZBTC":0,"BNBBTC":0,"BNTBTC":0.04578850113303769,"BQXBTC":0,"BRDBTC":0,"BTCSTBTC":0,"BTGBTC":0.0003428376562898187,"BTSBTC":0,"BZRXBTC":0,"CAKEBTC":0,"CDTBTC":0,"CELOBTC":0,"CELRBTC":0,"CFXBTC":0,"CHRBTC":0,"CHZBTC":0,"CKBBTC":0.0006343507099634092,"CNDBTC":0,"COMPBTC":0,"COSBTC":0.00029325085989346215,"COTIBTC":0,"CRVBTC":0,"CTKBTC":0,"CTSIBTC":0,"CTXCBTC":0.005413158644569807,"CVCBTC":0,"DASHBTC":0.0038285591018636543,"DATABTC":0.0027212148505337272,"DCRBTC":0.01001056615252787,"DEGOBTC":0,"DGBBTC":0,"DIABTC":0,"DLTBTC":0,"DNTBTC":0.011712809760574292,"DOCKBTC":0,"DODOBTC":0,"DOGEBTC":0,"DOTBTC":0,"DREPBTC":0,"DUSKBTC":0,"EGLDBTC":0,"ELFBTC":0.0039052429710767127,"ENJBTC":0,"EOSBTC":0,"EPSBTC":0.004279037390268439,"ETCBTC":0,"ETHBTC":0,"EVXBTC":0.005590600345014137,"EZBTC":0.00013557496546589713,"FETBTC":0,"FILBTC":0,"FIOBTC":0.001057328702921944,"FIROBTC":0,"FISBTC":0,"FLMBTC":0,"FORBTC":0.002157090400377472,"FORTHBTC":0,"FRONTBTC":0,"FTMBTC":0,"FTTBTC":0.03718493154535011,"FUNBTC":0.0009485025535308428,"FXSBTC":0,"GASBTC":0.01816478228982896,"GLMBTC":0,"GOBTC":0.0012331782278737137,"GRSBTC":0,"GRTBTC":0,"GTOBTC":0,"GVTBTC":0,"GXSBTC":0,"HARDBTC":0.0027379147028585835,"HBARBTC":0.003282239723485997,"HIVEBTC":0,"HNTBTC":0.004514255041309603,"ICPBTC":0,"ICXBTC":0,"IDEXBTC":0.006697110179146598,"INJBTC":0,"IOSTBTC":0.0017593158922033615,"IOTABTC":0,"IOTXBTC":0,"IRISBTC":0,"JSTBTC":0.0025710641703760835,"KAVABTC":0,"KMDBTC":0,"KNCBTC":0,"KSMBTC":0.0033768729768783442,"LINABTC":0,"LINKBTC":0,"LITBTC":0,"LOOMBTC":0,"LPTBTC":0.003816887568689643,"LRCBTC":0.0034188638941327477,"LSKBTC":0,"LTCBTC":0.028631175197041947,"LTOBTC":0.001191685320535302,"LUNABTC":0,"MANABTC":0,"MATICBTC":0,"MDABTC":0.055826137402267925,"MDTBTC":0,"MDXBTC":0,"MIRBTC":0,"MITHBTC":0.000060037711799075974,"MKRBTC":0,"MTHBTC":0,"MTLBTC":0.000755208936834452,"NANOBTC":0,"NASBTC":0,"NAVBTC":0.00005060393527550206,"NBSBTC":0,"NEARBTC":0.0016319851332886161,"NEBLBTC":0.008379147192628701,"NEOBTC":0,"NKNBTC":0,"NMRBTC":0,"NUBTC":0,"NULSBTC":0.00463854736146856,"NXSBTC":0.001916922680601539,"OAXBTC":0.0028644843011189237,"OCEANBTC":0,"OGNBTC":0,"OMBTC":0.006445874201096496,"OMGBTC":0,"ONEBTC":0,"ONGBTC":0,"ONTBTC":0,"ORNBTC":0,"OSTBTC":0,"OXTBTC":0,"PAXGBTC":0.04597351639821724,"PERLBTC":0,"PERPBTC":0,"PHABTC":0,"PHBBTC":0,"PIVXBTC":0.004281167187615236,"PNTBTC":0,"POABTC":0.0004475344953220156,"POLSBTC":0.011835593344251287,"POLYBTC":0,"PONDBTC":0,"POWRBTC":0.0008606515893255201,"PPTBTC":0.006093145724896375,"QKCBTC":0,"QLCBTC":0.0003669346342634481,"QSPBTC":0.001704675936308401,"QTUMBTC":0,"RAMPBTC":0,"RCNBTC":0.004868014260048798,"RDNBTC":0.0032606330761552485,"REEFBTC":0,"RENBTC":0,"RENBTCBTC":0.5168540061179423,"REPBTC":0,"REQBTC":0,"RIFBTC":0.004499982776925856,"RLCBTC":0,"ROSEBTC":0.009715319148233786,"RSRBTC":0,"RUNEBTC":0,"RVNBTC":0,"SANDBTC":0,"SCBTC":0,"SCRTBTC":0,"SFPBTC":0,"SKLBTC":0,"SKYBTC":0.0011233105608386383,"SNGLSBTC":0,"SNMBTC":0,"SNTBTC":0.001778524831227255,"SNXBTC":0,"SOLBTC":0,"SRMBTC":0,"STEEMBTC":0,"STMXBTC":0.0007499787088171427,"STORJBTC":0.006464217633105429,"STPTBTC":0,"STRAXBTC":0,"STXBTC":0,"SUNBTC":0,"SUPERBTC":0,"SUSHIBTC":0,"SXPBTC":0,"SYSBTC":0,"TCTBTC":0,"TFUELBTC":0.0013849823501093173,"THETABTC":0,"TKOBTC":0,"TLMBTC":0,"TOMOBTC":0.005067145154088304,"TRBBTC":0,"TROYBTC":0,"TRUBTC":0,"TRXBTC":0.003973829459143366,"TVKBTC":0,"TWTBTC":0.002744381848318361,"UMABTC":0,"UNFIBTC":0,"UNIBTC":0,"UTKBTC":0,"VETBTC":0,"VIABTC":0.00010658429113730847,"VIBBTC":0.001309339676824587,"VIDTBTC":0,"VITEBTC":0.00020591006060005916,"WABIBTC":0.007361870688246572,"WANBTC":0,"WAVESBTC":0,"WINGBTC":0,"WNXMBTC":0,"WPRBTC":0.0015261456187168386,"WRXBTC":0,"WTCBTC":0.0033425288323569056,"XEMBTC":0.0030715792154300857,"XLMBTC":0.003885229480705245,"XMRBTC":0,"XRPBTC":0.009516825924994999,"XTZBTC":0,"XVGBTC":0,"XVSBTC":0.0006999993322028154,"YFIBTC":0,"YFIIBTC":0,"YOYOBTC":0.00023576111771781824,"ZECBTC":0,"ZENBTC":0,"ZILBTC":0,"ZRXBTC":0},"numerosità_campione":900,"expected_return":-0.000028611115231035672,"standard_deviation":0.0005086018961472831,"sharpe_ratio":-0.05625444074779922}