{"weights":{"1INCHBTC":0,"AAVEBTC":0.005847625322035531,"ACMBTC":0.001278162268445638,"ADABTC":0.002374417599708922,"ADXBTC":0.0007508561401575218,"AERGOBTC":0.012057870417613593,"AGIBTC":0.01527687754284495,"AIONBTC":0,"AKROBTC":0,"ALGOBTC":0,"ALICEBTC":0,"ALPHABTC":0,"AMBBTC":0,"ANKRBTC":0,"ANTBTC":0,"APPCBTC":0.00678442097712175,"ARBTC":0,"ARDRBTC":0,"ARKBTC":0.0012091924974625802,"ARPABTC":0,"ASTBTC":0.0009599403861015724,"ATOMBTC":0,"AUCTIONBTC":0.000526979367146842,"AUDIOBTC":0,"AUTOBTC":0,"AVABTC":0,"AVAXBTC":0,"AXSBTC":0.0014018866132920011,"BADGERBTC":0,"BALBTC":0,"BANDBTC":0,"BATBTC":0,"BCDBTC":0.0023462100532342513,"BCHBTC":0,"BEAMBTC":0,"BELBTC":0,"BLZBTC":0,"BNBBTC":0,"BNTBTC":0,"BQXBTC":0,"BRDBTC":0.006613052001331498,"BTCSTBTC":0,"BTGBTC":0,"BTSBTC":0,"BZRXBTC":0,"CAKEBTC":0,"CDTBTC":0.0018436777086623757,"CELOBTC":0.009862272329489509,"CELRBTC":0.0007294568334396471,"CFXBTC":0,"CHRBTC":0,"CHZBTC":0,"CKBBTC":0,"CNDBTC":0.0037710374764469055,"COMPBTC":0,"COSBTC":0,"COTIBTC":0,"CRVBTC":0,"CTKBTC":0,"CTSIBTC":0.002432704884276384,"CTXCBTC":0,"CVCBTC":0,"DASHBTC":0,"DATABTC":0,"DCRBTC":0.0692888016455808,"DEGOBTC":0.0029555358650270227,"DGBBTC":0,"DIABTC":0,"DLTBTC":0.01381416338160232,"DNTBTC":0.0038479599200207334,"DOCKBTC":0.0012003313223406529,"DODOBTC":0,"DOGEBTC":0,"DOTBTC":0,"DREPBTC":0,"DUSKBTC":0,"EGLDBTC":0,"ELFBTC":0,"ENJBTC":0,"EOSBTC":0,"EPSBTC":0,"ETCBTC":0,"ETHBTC":0,"EVXBTC":0.018610979956841165,"EZBTC":0,"FETBTC":0,"FILBTC":0,"FIOBTC":0,"FIROBTC":0,"FISBTC":0,"FLMBTC":0,"FORBTC":0,"FORTHBTC":0.0029530114696613447,"FRONTBTC":0.010779130334681801,"FTMBTC":0,"FTTBTC":0.033208268221518504,"FUNBTC":0.004029775312864242,"FXSBTC":0,"GASBTC":0,"GLMBTC":0,"GOBTC":0.005272574861081593,"GRSBTC":0.0011319538421117863,"GRTBTC":0,"GTOBTC":0,"GVTBTC":0,"GXSBTC":0,"HARDBTC":0.0006215250612573018,"HBARBTC":0,"HIVEBTC":0.0019532877189059553,"HNTBTC":0.010923406028546473,"ICPBTC":0,"ICXBTC":0,"IDEXBTC":0,"INJBTC":0.009537589296294195,"IOSTBTC":0,"IOTABTC":0,"IOTXBTC":0,"IRISBTC":0,"JSTBTC":0.0061602965061962976,"JUVBTC":0.005418597848278248,"KAVABTC":0,"KMDBTC":0,"KNCBTC":0,"KSMBTC":0,"LINABTC":0,"LINKBTC":0,"LITBTC":0,"LOOMBTC":0.0046543268741435,"LRCBTC":0,"LSKBTC":0,"LTCBTC":0.0025735630143595978,"LTOBTC":0,"LUNABTC":0.01605959994940184,"MANABTC":0,"MATICBTC":0.011103515856459195,"MDABTC":0.029201710927280206,"MDTBTC":0,"MIRBTC":0.0241901561035129,"MITHBTC":0,"MKRBTC":0,"MTHBTC":0,"MTLBTC":0,"NANOBTC":0,"NASBTC":0.005346104741758408,"NAVBTC":0.017908100819558615,"NBSBTC":0,"NEARBTC":0.0031604044090909273,"NEBLBTC":0.0005510634586550447,"NEOBTC":0,"NKNBTC":0,"NMRBTC":0.003282376749571879,"NULSBTC":0,"NXSBTC":0.025951044838536694,"OAXBTC":0.013642957451774051,"OCEANBTC":0,"OGNBTC":0,"OMBTC":0,"OMGBTC":0,"ONEBTC":0.0018146947483672839,"ONGBTC":0,"ONTBTC":0,"ORNBTC":0,"OSTBTC":0.001909701164049712,"OXTBTC":0.011663704373965661,"PAXGBTC":0.03806743526981987,"PERLBTC":0.0005057751795921558,"PERPBTC":0.005157112990235882,"PHABTC":0.001881105370551109,"PHBBTC":0.0011264922260968884,"PIVXBTC":0.010527984976665282,"PNTBTC":0,"POABTC":0.0011981011230048078,"POLYBTC":0.0010338356541548517,"PONDBTC":0,"POWRBTC":0,"PPTBTC":0.0042371843348211384,"QKCBTC":0.00022291134015818055,"QLCBTC":0,"QSPBTC":0,"QTUMBTC":0,"RAMPBTC":0,"RCNBTC":0,"RDNBTC":0.008053611053568494,"REEFBTC":0,"RENBTC":0,"RENBTCBTC":0.3641936260907819,"REPBTC":0,"REQBTC":0.00550472392898314,"RIFBTC":0.009588109132832662,"RLCBTC":0,"ROSEBTC":0,"RSRBTC":0,"RUNEBTC":0.008378687051419004,"RVNBTC":0,"SANDBTC":0,"SCBTC":0.0011320130014391774,"SCRTBTC":0.0077785899243645,"SFPBTC":0,"SKLBTC":0,"SKYBTC":0,"SNGLSBTC":0.001792500728797033,"SNMBTC":0,"SNTBTC":0.004291127250529672,"SNXBTC":0.0007551716599972206,"SOLBTC":0.009317972747083913,"SRMBTC":0.0026274115791859094,"STEEMBTC":0,"STMXBTC":0,"STORJBTC":0,"STPTBTC":0,"STRAXBTC":0,"STXBTC":0,"SUNBTC":0.00018969907698308594,"SUPERBTC":0,"SUSHIBTC":0.0007555794033231047,"SXPBTC":0,"SYSBTC":0,"TCTBTC":0,"TFUELBTC":0,"THETABTC":0,"TKOBTC":0,"TLMBTC":0,"TOMOBTC":0,"TRBBTC":0,"TROYBTC":0.0013959604531273819,"TRUBTC":0,"TRXBTC":0,"TVKBTC":0,"TWTBTC":0,"UMABTC":0.010880310608142417,"UNFIBTC":0,"UNIBTC":0,"UTKBTC":0,"VETBTC":0,"VIABTC":0.01997217298207854,"VIBBTC":0.005511844424438136,"VIDTBTC":0,"VITEBTC":0.004129486573721287,"WABIBTC":0,"WANBTC":0,"WAVESBTC":0,"WINGBTC":0.0021427782643432787,"WNXMBTC":0,"WPRBTC":0,"WRXBTC":0,"WTCBTC":0,"XEMBTC":0,"XLMBTC":0.00027611819335279504,"XMRBTC":0,"XRPBTC":0.015750864367279863,"XTZBTC":0,"XVGBTC":0.0008368485470199308,"XVSBTC":0,"YFIBTC":0,"YFIIBTC":0,"YOYOBTC":0,"ZECBTC":0,"ZENBTC":0,"ZILBTC":0,"ZRXBTC":0},"numerosità_campione":260,"expected_return":0.00006288242660947167,"standard_deviation":0.0006989345458699275,"sharpe_ratio":0.08996897775485568}