{"weights":{"1INCHBTC":0,"AAVEBTC":0.003398813158188736,"ACMBTC":0.001194803915612516,"ADABTC":0.013622379470855695,"ADXBTC":0,"AERGOBTC":0.011418807423956392,"AGIBTC":0.008578845334405017,"AIONBTC":0,"AKROBTC":0,"ALGOBTC":0,"ALICEBTC":0.015941253652906495,"ALPHABTC":0,"AMBBTC":0.00030946515758633735,"ANKRBTC":0.007110058529721724,"ANTBTC":0,"APPCBTC":0,"ARBTC":0,"ARDRBTC":0.0015287145626696505,"ARKBTC":0,"ARPABTC":0,"ASTBTC":0,"ATOMBTC":0,"AUCTIONBTC":0.0026172592763325443,"AUDIOBTC":0.002373833462333337,"AUTOBTC":0.0013959780855450933,"AVABTC":0.004811364548321433,"AVAXBTC":0.010401202948266764,"AXSBTC":0,"BADGERBTC":0.006213267601724203,"BALBTC":0,"BANDBTC":0,"BATBTC":0,"BCDBTC":0,"BCHBTC":0,"BEAMBTC":0,"BELBTC":0,"BLZBTC":0.0022452930249822235,"BNBBTC":0,"BNTBTC":0,"BQXBTC":0.00007689853370254384,"BRDBTC":0.005793365572518113,"BTCSTBTC":0.0015834944921686812,"BTGBTC":0,"BTSBTC":0.00003399969734780426,"BZRXBTC":0,"CAKEBTC":0.0015771069625082695,"CDTBTC":0,"CELOBTC":0.012235193035140157,"CELRBTC":0,"CFXBTC":0,"CHRBTC":0,"CHZBTC":0,"CKBBTC":0,"CNDBTC":0.003368728042610931,"COMPBTC":0,"COSBTC":0.0009078655420200312,"COTIBTC":0,"CRVBTC":0,"CTKBTC":0,"CTSIBTC":0.0059830812522313915,"CTXCBTC":0.0018140169148411394,"CVCBTC":0,"DASHBTC":0,"DATABTC":0.004465684720814376,"DCRBTC":0.025502831802634688,"DEGOBTC":0.006148966471370421,"DGBBTC":0,"DIABTC":0,"DLTBTC":0.0001067297176610723,"DNTBTC":0.0005158728228747499,"DOCKBTC":0.003617500218770187,"DODOBTC":0,"DOGEBTC":0,"DOTBTC":0,"DREPBTC":0,"DUSKBTC":0,"EGLDBTC":0,"ELFBTC":0,"ENJBTC":0,"EOSBTC":0,"EPSBTC":0.0016195882099756117,"ETCBTC":0,"ETHBTC":0,"EVXBTC":0.0171976887805439,"EZBTC":0.00487144637417081,"FETBTC":0,"FILBTC":0.017371281550403107,"FIOBTC":0,"FIROBTC":0,"FISBTC":0,"FLMBTC":0,"FORBTC":0,"FORTHBTC":0.009332456860271976,"FRONTBTC":0.0027936700043673874,"FTMBTC":0,"FTTBTC":0.019386104173678108,"FUNBTC":0,"FXSBTC":0,"GASBTC":0,"GLMBTC":0.007344296793770876,"GOBTC":0,"GRSBTC":0,"GRTBTC":0,"GTOBTC":0,"GVTBTC":0,"GXSBTC":0.0009963684551588733,"HARDBTC":0.0017171987013981157,"HBARBTC":0,"HIVEBTC":0.0049647792720305395,"HNTBTC":0,"ICPBTC":0,"ICXBTC":0,"IDEXBTC":0,"INJBTC":0,"IOSTBTC":0,"IOTABTC":0,"IOTXBTC":0,"IRISBTC":0,"JSTBTC":0,"JUVBTC":0.002231017713759926,"KAVABTC":0,"KMDBTC":0,"KNCBTC":0,"KSMBTC":0,"LINABTC":0,"LINKBTC":0,"LITBTC":0,"LOOMBTC":0.003660729103997138,"LRCBTC":0,"LSKBTC":0,"LTCBTC":0,"LTOBTC":0,"LUNABTC":0.026584627772037024,"MANABTC":0,"MATICBTC":0.006450655110172258,"MDABTC":0.02977121088142585,"MDTBTC":0.00670171430398173,"MIRBTC":0.021461215636522184,"MITHBTC":0,"MKRBTC":0,"MTHBTC":0.00027828977990525277,"MTLBTC":0,"NANOBTC":0,"NASBTC":0,"NAVBTC":0,"NBSBTC":0.0022573816410459933,"NEARBTC":0.01019899419820753,"NEBLBTC":0.009912134455255349,"NEOBTC":0,"NKNBTC":0,"NMRBTC":0.005830634818028913,"NULSBTC":0,"NXSBTC":0.02344435861294004,"OAXBTC":0.0005530680191663345,"OCEANBTC":0,"OGNBTC":0,"OMBTC":0.002133804986593009,"OMGBTC":0,"ONEBTC":0.006661511189911421,"ONGBTC":0,"ONTBTC":0,"ORNBTC":0.004900902800917425,"OSTBTC":0.001879633224869017,"OXTBTC":0.009436209219365981,"PAXGBTC":0.07286628473420045,"PERLBTC":0,"PERPBTC":0.0030475154436673843,"PHABTC":0.004635758675205297,"PHBBTC":0.0028092390085603684,"PIVXBTC":0.018388331034224454,"PNTBTC":0,"POABTC":0,"POLYBTC":0,"PONDBTC":0,"POWRBTC":0,"PPTBTC":0,"QKCBTC":0.000732400574322396,"QLCBTC":0.0004910669101620677,"QSPBTC":0,"QTUMBTC":0,"RAMPBTC":0.007439423691885189,"RCNBTC":0,"RDNBTC":0.008354272486026928,"REEFBTC":0,"RENBTC":0,"RENBTCBTC":0.35606183407250785,"REPBTC":0,"REQBTC":0.0043953742690869615,"RIFBTC":0.012673987306500926,"RLCBTC":0,"ROSEBTC":0,"RSRBTC":0,"RUNEBTC":0,"RVNBTC":0,"SANDBTC":0,"SCBTC":0.00018302158737183954,"SCRTBTC":0,"SFPBTC":0,"SKLBTC":0,"SKYBTC":0,"SNGLSBTC":0.002424753710289664,"SNMBTC":0,"SNTBTC":0.0027835833563336497,"SNXBTC":0,"SOLBTC":0.013931421394273835,"SRMBTC":0.006691691175107177,"STEEMBTC":0,"STMXBTC":0,"STORJBTC":0,"STPTBTC":0.0020718797408693346,"STRAXBTC":0,"STXBTC":0,"SUNBTC":0,"SUPERBTC":0,"SUSHIBTC":0,"SXPBTC":0,"SYSBTC":0,"TCTBTC":0,"TFUELBTC":0,"THETABTC":0,"TKOBTC":0,"TLMBTC":0.004332963087020465,"TOMOBTC":0,"TRBBTC":0,"TROYBTC":0.00019774032261358414,"TRUBTC":0,"TRXBTC":0,"TVKBTC":0,"TWTBTC":0,"UMABTC":0.00448291038604111,"UNFIBTC":0,"UNIBTC":0,"UTKBTC":0.0009294374354331097,"VETBTC":0,"VIABTC":0.013171099263376243,"VIBBTC":0.003924541538531437,"VIDTBTC":0,"VITEBTC":0.006090816344060422,"WABIBTC":0,"WANBTC":0,"WAVESBTC":0,"WINGBTC":0.0044932601890680605,"WNXMBTC":0,"WPRBTC":0.000970059732560255,"WRXBTC":0,"WTCBTC":0,"XEMBTC":0,"XLMBTC":0.001650007599680601,"XMRBTC":0,"XRPBTC":0.008330571916103136,"XTZBTC":0,"XVGBTC":0.0026091044184215206,"XVSBTC":0,"YFIBTC":0,"YFIIBTC":0,"YOYOBTC":0,"ZECBTC":0,"ZENBTC":0,"ZILBTC":0,"ZRXBTC":0},"numerosità_campione":260,"expected_return":0.00006135533240560384,"standard_deviation":0.000649202447947935,"sharpe_ratio":0.09450878165900638}