{"weights":{"1INCHBTC":0,"AAVEBTC":0.0013921685887423932,"ACMBTC":0.002252082819119594,"ADABTC":0.020565209195412798,"ADXBTC":0,"AERGOBTC":0.009575389697003774,"AGIBTC":0.011516602460921016,"AIONBTC":0,"AKROBTC":0,"ALGOBTC":0,"ALICEBTC":0.022011776857225586,"ALPHABTC":0,"AMBBTC":0,"ANKRBTC":0.0061661953435825315,"ANTBTC":0,"APPCBTC":0,"ARBTC":0,"ARDRBTC":0.002351551150525901,"ARKBTC":0,"ARPABTC":0,"ASTBTC":0,"ATOMBTC":0,"AUCTIONBTC":0.0033166381346532957,"AUDIOBTC":0.0037236956943258424,"AUTOBTC":0,"AVABTC":0.002278400745639586,"AVAXBTC":0.012973401648437905,"AXSBTC":0,"BADGERBTC":0.004440208440870805,"BALBTC":0,"BANDBTC":0,"BATBTC":0,"BCDBTC":0,"BCHBTC":0,"BEAMBTC":0,"BELBTC":0,"BLZBTC":0.0032127770501289856,"BNBBTC":0,"BNTBTC":0,"BQXBTC":0,"BRDBTC":0.005674383045545648,"BTCSTBTC":0.0032254854932583033,"BTGBTC":0,"BTSBTC":0.0003523551974320828,"BZRXBTC":0,"CAKEBTC":0,"CDTBTC":0,"CELOBTC":0.016219528901791368,"CELRBTC":0,"CFXBTC":0,"CHRBTC":0,"CHZBTC":0,"CKBBTC":0,"CNDBTC":0.003292165632790184,"COMPBTC":0,"COSBTC":0.0007351324048810056,"COTIBTC":0,"CRVBTC":0,"CTKBTC":0,"CTSIBTC":0.007259584856633562,"CTXCBTC":0,"CVCBTC":0,"DASHBTC":0,"DATABTC":0.005897766054197768,"DCRBTC":0.008400156077094236,"DEGOBTC":0.007679203917867554,"DGBBTC":0,"DIABTC":0,"DLTBTC":0,"DNTBTC":0.0018189235001461266,"DOCKBTC":0.005547217903576356,"DODOBTC":0,"DOGEBTC":0,"DOTBTC":0,"DREPBTC":0,"DUSKBTC":0,"EGLDBTC":0,"ELFBTC":0,"ENJBTC":0,"EOSBTC":0,"EPSBTC":0.002681431086124982,"ETCBTC":0,"ETHBTC":0,"EVXBTC":0.014326988566138704,"EZBTC":0.0030089324796392794,"FETBTC":0,"FILBTC":0.014696292701290557,"FIOBTC":0,"FIROBTC":0,"FISBTC":0,"FLMBTC":0,"FORBTC":0,"FORTHBTC":0.010660186959540246,"FRONTBTC":0.0008173940994990731,"FTMBTC":0,"FTTBTC":0.008020881017934927,"FUNBTC":0,"FXSBTC":0,"GASBTC":0,"GLMBTC":0.005560538816486471,"GOBTC":0,"GRSBTC":0,"GRTBTC":0,"GTOBTC":0,"GVTBTC":0,"GXSBTC":0.0008141410172667778,"HARDBTC":0.0009060312156893184,"HBARBTC":0,"HIVEBTC":0.005714996081147103,"HNTBTC":0,"ICPBTC":0,"ICXBTC":0,"IDEXBTC":0,"INJBTC":0,"IOSTBTC":0,"IOTABTC":0,"IOTXBTC":0,"IRISBTC":0,"JSTBTC":0,"JUVBTC":0.0029483515483761545,"KAVABTC":0,"KMDBTC":0,"KNCBTC":0,"KSMBTC":0,"LINABTC":0,"LINKBTC":0,"LITBTC":0,"LOOMBTC":0.0024711857425391255,"LRCBTC":0,"LSKBTC":0,"LTCBTC":0,"LTOBTC":0,"LUNABTC":0.025200842778550465,"MANABTC":0,"MATICBTC":0.009141428760684807,"MDABTC":0.023234528191943993,"MDTBTC":0.007364321811090075,"MIRBTC":0.0268522062583122,"MITHBTC":0,"MKRBTC":0,"MTHBTC":0,"MTLBTC":0,"NANOBTC":0,"NASBTC":0,"NAVBTC":0,"NBSBTC":0.002987666149364415,"NEARBTC":0.012233496003531102,"NEBLBTC":0.008276926780613158,"NEOBTC":0,"NKNBTC":0,"NMRBTC":0.007539950295154736,"NULSBTC":0,"NXSBTC":0.020053310068346143,"OAXBTC":0,"OCEANBTC":0,"OGNBTC":0,"OMBTC":0.0029349629211846123,"OMGBTC":0,"ONEBTC":0.010462153209915379,"ONGBTC":0,"ONTBTC":0,"ORNBTC":0,"OSTBTC":0.0015275264241577243,"OXTBTC":0.009634933416198714,"PAXGBTC":0.08950199687911628,"PERLBTC":0,"PERPBTC":0.006738696280946992,"PHABTC":0.0062109675862352465,"PHBBTC":0.0036677974924096677,"PIVXBTC":0.020310655024785566,"PNTBTC":0,"POABTC":0,"POLYBTC":0,"PONDBTC":0,"POWRBTC":0,"PPTBTC":0,"QKCBTC":0.00048790352886905286,"QLCBTC":0,"QSPBTC":0,"QTUMBTC":0,"RAMPBTC":0.006229768026584146,"RCNBTC":0,"RDNBTC":0.004323273009592866,"REEFBTC":0,"RENBTC":0,"RENBTCBTC":0.3442689589837203,"REPBTC":0,"REQBTC":0.0011146103700885204,"RIFBTC":0.012464652169212163,"RLCBTC":0,"ROSEBTC":0,"RSRBTC":0,"RUNEBTC":0.00032298679585709576,"RVNBTC":0,"SANDBTC":0,"SCBTC":0,"SCRTBTC":0,"SFPBTC":0,"SKLBTC":0,"SKYBTC":0,"SNGLSBTC":0.002232703331952769,"SNMBTC":0,"SNTBTC":0.0050339448211421745,"SNXBTC":0,"SOLBTC":0.017888692442091608,"SRMBTC":0.009616646510784924,"STEEMBTC":0,"STMXBTC":0,"STORJBTC":0,"STPTBTC":0.0019444938216066007,"STRAXBTC":0,"STXBTC":0,"SUNBTC":0,"SUPERBTC":0,"SUSHIBTC":0,"SXPBTC":0,"SYSBTC":0,"TCTBTC":0,"TFUELBTC":0.001559046230887999,"THETABTC":0.0010207834990951944,"TKOBTC":0,"TLMBTC":0.004418395481226445,"TOMOBTC":0,"TRBBTC":0,"TROYBTC":0.0004684291155010082,"TRUBTC":0,"TRXBTC":0,"TVKBTC":0,"TWTBTC":0,"UMABTC":0.003050770898813668,"UNFIBTC":0,"UNIBTC":0,"UTKBTC":0.001937557353430738,"VETBTC":0,"VIABTC":0.0072583305052729315,"VIBBTC":0.002612589916785789,"VIDTBTC":0,"VITEBTC":0.007296980039985632,"WABIBTC":0,"WANBTC":0,"WAVESBTC":0,"WINGBTC":0.006006251169603983,"WNXMBTC":0,"WPRBTC":0.0004664115461474613,"WRXBTC":0,"WTCBTC":0,"XEMBTC":0,"XLMBTC":0.0019753247028843784,"XMRBTC":0,"XRPBTC":0.014579385914005372,"XTZBTC":0,"XVGBTC":0.003041391338838802,"XVSBTC":0,"YFIBTC":0,"YFIIBTC":0,"YOYOBTC":0,"ZECBTC":0,"ZENBTC":0,"ZILBTC":0,"ZRXBTC":0},"numerosità_campione":260,"expected_return":0.0000884960137118269,"standard_deviation":0.0007249517158724411,"sharpe_ratio":0.12207159701019069}