{"weights":{"1INCHBTC":0,"AAVEBTC":0.0017261320622106004,"ACMBTC":0.00048379443388248935,"ADABTC":0,"ADXBTC":0.002076975314293161,"AERGOBTC":0.009717046055771695,"AGIBTC":0.012749859257692973,"AIONBTC":0,"AKROBTC":0,"ALGOBTC":0,"ALICEBTC":0,"ALPHABTC":0,"AMBBTC":0,"ANKRBTC":0,"ANTBTC":0,"APPCBTC":0.007969678994309315,"ARBTC":0.000592406339327868,"ARDRBTC":0,"ARKBTC":0,"ARPABTC":0.00032358689925657876,"ASTBTC":0.002074304600722616,"ATOMBTC":0,"AUCTIONBTC":0.00033310843022041857,"AUDIOBTC":0,"AUTOBTC":0,"AVABTC":0,"AVAXBTC":0,"AXSBTC":0.0038053045197444556,"BADGERBTC":0.0007385430074153112,"BALBTC":0,"BANDBTC":0,"BATBTC":0,"BCDBTC":0.003989402759641285,"BCHBTC":0,"BEAMBTC":0,"BELBTC":0,"BLZBTC":0,"BNBBTC":0,"BNTBTC":0,"BQXBTC":0.0011626645217978739,"BRDBTC":0.008263858158940499,"BTCSTBTC":0,"BTGBTC":0.00024857371002400225,"BTSBTC":0,"BZRXBTC":0,"CAKEBTC":0,"CDTBTC":0.002058007081632155,"CELOBTC":0.008272078779865695,"CELRBTC":0,"CFXBTC":0,"CHRBTC":0,"CHZBTC":0,"CKBBTC":0,"CNDBTC":0.0032955814955224743,"COMPBTC":0,"COSBTC":0,"COTIBTC":0,"CRVBTC":0,"CTKBTC":0,"CTSIBTC":0.0015294308211032705,"CTXCBTC":0,"CVCBTC":0,"DASHBTC":0,"DATABTC":0,"DCRBTC":0.06853143629493062,"DEGOBTC":0.0014581169122199677,"DGBBTC":0,"DIABTC":0,"DLTBTC":0.01371917986695246,"DNTBTC":0.0025513116285480982,"DOCKBTC":0.00009338055641825556,"DODOBTC":0,"DOGEBTC":0,"DOTBTC":0,"DREPBTC":0,"DUSKBTC":0,"EGLDBTC":0,"ELFBTC":0,"ENJBTC":0,"EOSBTC":0,"EPSBTC":0,"ETCBTC":0,"ETHBTC":0,"EVXBTC":0.01961724237194951,"EZBTC":0.00039659613692127443,"FETBTC":0,"FILBTC":0.007057978115002578,"FIOBTC":0.0003813939397415418,"FIROBTC":0,"FISBTC":0,"FLMBTC":0,"FORBTC":0,"FORTHBTC":0.0023030922205155412,"FRONTBTC":0.008815926542353109,"FTMBTC":0,"FTTBTC":0.04433730685570515,"FUNBTC":0.0036384196412628206,"FXSBTC":0,"GASBTC":0,"GLMBTC":0,"GOBTC":0.003786981504407897,"GRSBTC":0.0013407161871792743,"GRTBTC":0,"GTOBTC":0,"GVTBTC":0,"GXSBTC":0,"HARDBTC":0.001906327123349536,"HBARBTC":0,"HIVEBTC":0.0009751292838523086,"HNTBTC":0.006949665542461885,"ICPBTC":0,"ICXBTC":0,"IDEXBTC":0.000465926926661058,"INJBTC":0.007696304679298844,"IOSTBTC":0,"IOTABTC":0,"IOTXBTC":0,"IRISBTC":0,"JSTBTC":0.0069203724613022145,"JUVBTC":0.003706794200380864,"KAVABTC":0,"KMDBTC":0,"KNCBTC":0,"KSMBTC":0,"LINABTC":0,"LINKBTC":0,"LITBTC":0,"LOOMBTC":0.004081113127094975,"LRCBTC":0,"LSKBTC":0,"LTCBTC":0.00706006857850665,"LTOBTC":0,"LUNABTC":0.013796458760721822,"MANABTC":0,"MATICBTC":0.007396818708998207,"MDABTC":0.0342149895128445,"MDTBTC":0,"MIRBTC":0.021936207253207725,"MITHBTC":0,"MKRBTC":0,"MTHBTC":0,"MTLBTC":0,"NANOBTC":0,"NASBTC":0.00793992527783043,"NAVBTC":0.02444136321680145,"NBSBTC":0,"NEARBTC":0.003075696922090947,"NEBLBTC":0.0050100285771990955,"NEOBTC":0,"NKNBTC":0,"NMRBTC":0.0023859334062257672,"NULSBTC":0,"NXSBTC":0.025360227791811744,"OAXBTC":0.011640266996673103,"OCEANBTC":0,"OGNBTC":0,"OMBTC":0,"OMGBTC":0,"ONEBTC":0,"ONGBTC":0,"ONTBTC":0,"ORNBTC":0,"OSTBTC":0.002322221904346315,"OXTBTC":0.010820021115489142,"PAXGBTC":0.03183644267108935,"PERLBTC":0,"PERPBTC":0.001024032709580065,"PHABTC":0.0012845111034270192,"PHBBTC":0.0006085277676338294,"PIVXBTC":0.010421365388208923,"PNTBTC":0,"POABTC":0.00233408810396832,"POLYBTC":0.002392021875385488,"PONDBTC":0,"POWRBTC":0,"PPTBTC":0.006606784546286225,"QKCBTC":0.0003346373415405005,"QLCBTC":0,"QSPBTC":0,"QTUMBTC":0,"RAMPBTC":0,"RCNBTC":0.0006478572578161379,"RDNBTC":0.006573813346459175,"REEFBTC":0,"RENBTC":0,"RENBTCBTC":0.3775804243774153,"REPBTC":0.0037126099291238624,"REQBTC":0.007338931310589392,"RIFBTC":0.009396635589262792,"RLCBTC":0,"ROSEBTC":0,"RSRBTC":0,"RUNEBTC":0.005451619317719535,"RVNBTC":0,"SANDBTC":0,"SCBTC":0.0009278869011123216,"SCRTBTC":0.004367388879678353,"SFPBTC":0,"SKLBTC":0,"SKYBTC":0,"SNGLSBTC":0.001241871370664286,"SNMBTC":0,"SNTBTC":0.002995629455799244,"SNXBTC":0,"SOLBTC":0.005166975174852317,"SRMBTC":0.000329744980008057,"STEEMBTC":0,"STMXBTC":0,"STORJBTC":0,"STPTBTC":0,"STRAXBTC":0,"STXBTC":0,"SUNBTC":0.0016582257271399053,"SUPERBTC":0,"SUSHIBTC":0,"SXPBTC":0,"SYSBTC":0,"TCTBTC":0,"TFUELBTC":0,"THETABTC":0,"TKOBTC":0,"TLMBTC":0,"TOMOBTC":0,"TRBBTC":0,"TROYBTC":0.0010696226706732653,"TRUBTC":0,"TRXBTC":0,"TVKBTC":0,"TWTBTC":0,"UMABTC":0.009645950009157116,"UNFIBTC":0.0011250427879115035,"UNIBTC":0,"UTKBTC":0,"VETBTC":0,"VIABTC":0.01931728902383247,"VIBBTC":0.00558710081850056,"VIDTBTC":0,"VITEBTC":0.0037303178237020037,"WABIBTC":0,"WANBTC":0,"WAVESBTC":0,"WINGBTC":0.0016376702272802393,"WNXMBTC":0,"WPRBTC":0,"WRXBTC":0,"WTCBTC":0,"XEMBTC":0,"XLMBTC":0.0007268828549396321,"XMRBTC":0,"XRPBTC":0.010535653190165396,"XTZBTC":0,"XVGBTC":0.0019167823943773174,"XVSBTC":0,"YFIBTC":0,"YFIIBTC":0,"YOYOBTC":0.0009343856900687768,"ZECBTC":0,"ZENBTC":0,"ZILBTC":0,"ZRXBTC":0},"numerosità_campione":260,"expected_return":0.00004367822726522885,"standard_deviation":0.0006671179383542595,"sharpe_ratio":0.06547302171634067}