{"weights":{"1INCHBTC":0,"AAVEBTC":0.004809499809076282,"ACMBTC":0.0010322513767479296,"ADABTC":0.0008805125835926895,"ADXBTC":0.0012639395202290685,"AERGOBTC":0.011349219861724831,"AGIBTC":0.014485723932913683,"AIONBTC":0,"AKROBTC":0,"ALGOBTC":0,"ALICEBTC":0,"ALPHABTC":0,"AMBBTC":0,"ANKRBTC":0,"ANTBTC":0,"APPCBTC":0.007131804328201945,"ARBTC":0,"ARDRBTC":0,"ARKBTC":0.0005706120141116198,"ARPABTC":0.0001915743504272095,"ASTBTC":0.0014193361440545298,"ATOMBTC":0,"AUCTIONBTC":0.00046055665770979167,"AUDIOBTC":0,"AUTOBTC":0,"AVABTC":0,"AVAXBTC":0,"AXSBTC":0.0023241276118710803,"BADGERBTC":0,"BALBTC":0,"BANDBTC":0,"BATBTC":0,"BCDBTC":0.002925875505696063,"BCHBTC":0,"BEAMBTC":0,"BELBTC":0,"BLZBTC":0,"BNBBTC":0,"BNTBTC":0,"BQXBTC":0.00039506377612734086,"BRDBTC":0.007190509913823199,"BTCSTBTC":0,"BTGBTC":0,"BTSBTC":0,"BZRXBTC":0,"CAKEBTC":0,"CDTBTC":0.0019242875485777334,"CELOBTC":0.009349595762683911,"CELRBTC":0.00035387214024410737,"CFXBTC":0,"CHRBTC":0,"CHZBTC":0,"CKBBTC":0,"CNDBTC":0.0036033116626722167,"COMPBTC":0,"COSBTC":0,"COTIBTC":0,"CRVBTC":0,"CTKBTC":0,"CTSIBTC":0.0021656893650546763,"CTXCBTC":0,"CVCBTC":0,"DASHBTC":0,"DATABTC":0,"DCRBTC":0.0690522409914215,"DEGOBTC":0.002500605658762453,"DGBBTC":0,"DIABTC":0,"DLTBTC":0.013838379926240093,"DNTBTC":0.0034174109271194763,"DOCKBTC":0.000839306389539819,"DODOBTC":0,"DOGEBTC":0,"DOTBTC":0,"DREPBTC":0,"DUSKBTC":0,"EGLDBTC":0,"ELFBTC":0,"ENJBTC":0,"EOSBTC":0,"EPSBTC":0,"ETCBTC":0,"ETHBTC":0,"EVXBTC":0.018918865091635526,"EZBTC":0,"FETBTC":0,"FILBTC":0.002449211102163115,"FIOBTC":0,"FIROBTC":0,"FISBTC":0,"FLMBTC":0,"FORBTC":0,"FORTHBTC":0.0027594529944901308,"FRONTBTC":0.010298732387994544,"FTMBTC":0,"FTTBTC":0.0370838214316347,"FUNBTC":0.0038959566941377155,"FXSBTC":0,"GASBTC":0,"GLMBTC":0,"GOBTC":0.004797088118669397,"GRSBTC":0.0011795193497910173,"GRTBTC":0,"GTOBTC":0,"GVTBTC":0,"GXSBTC":0,"HARDBTC":0.0010809155602527478,"HBARBTC":0,"HIVEBTC":0.0016581046923234226,"HNTBTC":0.00976241207237898,"ICPBTC":0,"ICXBTC":0,"IDEXBTC":0,"INJBTC":0.008983498344442392,"IOSTBTC":0,"IOTABTC":0,"IOTXBTC":0,"IRISBTC":0,"JSTBTC":0.006504193458304969,"JUVBTC":0.004847660133726821,"KAVABTC":0,"KMDBTC":0,"KNCBTC":0,"KSMBTC":0,"LINABTC":0,"LINKBTC":0,"LITBTC":0,"LOOMBTC":0.004473637788308769,"LRCBTC":0,"LSKBTC":0,"LTCBTC":0.004290858111942325,"LTOBTC":0,"LUNABTC":0.01557969424245119,"MANABTC":0,"MATICBTC":0.009973292221216557,"MDABTC":0.03074444377224491,"MDTBTC":0,"MIRBTC":0.023380539678431827,"MITHBTC":0,"MKRBTC":0,"MTHBTC":0,"MTLBTC":0,"NANOBTC":0,"NASBTC":0.006223596162525926,"NAVBTC":0.020095921023830815,"NBSBTC":0,"NEARBTC":0.0031513509759648313,"NEBLBTC":0.0020897325282183774,"NEOBTC":0,"NKNBTC":0,"NMRBTC":0.0029684751409100696,"NULSBTC":0,"NXSBTC":0.025785051265250252,"OAXBTC":0.01301029670247479,"OCEANBTC":0,"OGNBTC":0,"OMBTC":0,"OMGBTC":0,"ONEBTC":0.0010749324357351717,"ONGBTC":0,"ONTBTC":0,"ORNBTC":0,"OSTBTC":0.002073127499528486,"OXTBTC":0.011420731537241125,"PAXGBTC":0.035941549973127075,"PERLBTC":0.0002860709306351557,"PERPBTC":0.0038677869014621374,"PHABTC":0.001740454305225295,"PHBBTC":0.0009630132644665674,"PIVXBTC":0.010562996940895153,"PNTBTC":0,"POABTC":0.0015594717893460184,"POLYBTC":0.0014637559056743903,"PONDBTC":0,"POWRBTC":0,"PPTBTC":0.004965946455574282,"QKCBTC":0.0002588013502537155,"QLCBTC":0,"QSPBTC":0,"QTUMBTC":0,"RAMPBTC":0,"RCNBTC":0.00007292226088297304,"RDNBTC":0.00751790922134256,"REEFBTC":0,"RENBTC":0,"RENBTCBTC":0.36859694356668515,"REPBTC":0.0013096143097246465,"REQBTC":0.00611923350168821,"RIFBTC":0.009492686745528355,"RLCBTC":0,"ROSEBTC":0,"RSRBTC":0,"RUNEBTC":0.007525109688128608,"RVNBTC":0,"SANDBTC":0,"SCBTC":0.0010505507279608803,"SCRTBTC":0.006690054823170559,"SFPBTC":0,"SKLBTC":0,"SKYBTC":0,"SNGLSBTC":0.0016111695892531272,"SNMBTC":0,"SNTBTC":0.003951482116563118,"SNXBTC":0.00016622506387128878,"SOLBTC":0.008019635140798244,"SRMBTC":0.0019727567774031965,"STEEMBTC":0,"STMXBTC":0,"STORJBTC":0,"STPTBTC":0,"STRAXBTC":0,"STXBTC":0,"SUNBTC":0.0007009655354428485,"SUPERBTC":0,"SUSHIBTC":0,"SXPBTC":0,"SYSBTC":0,"TCTBTC":0,"TFUELBTC":0,"THETABTC":0,"TKOBTC":0,"TLMBTC":0,"TOMOBTC":0,"TRBBTC":0,"TROYBTC":0.0013042978524978608,"TRUBTC":0,"TRXBTC":0,"TVKBTC":0,"TWTBTC":0,"UMABTC":0.010547511181915431,"UNFIBTC":0,"UNIBTC":0,"UTKBTC":0,"VETBTC":0,"VIABTC":0.019888110323643293,"VIBBTC":0.005570598541053755,"VIDTBTC":0,"VITEBTC":0.0039293007647716125,"WABIBTC":0,"WANBTC":0,"WAVESBTC":0,"WINGBTC":0.002018632995318734,"WNXMBTC":0,"WPRBTC":0,"WRXBTC":0,"WTCBTC":0,"XEMBTC":0,"XLMBTC":0.0006576602345093794,"XMRBTC":0,"XRPBTC":0.014105365740919695,"XTZBTC":0,"XVGBTC":0.0012100431701079924,"XVSBTC":0,"YFIBTC":0,"YFIIBTC":0,"YOYOBTC":0.00033095203331475593,"ZECBTC":0,"ZENBTC":0,"ZILBTC":0,"ZRXBTC":0},"numerosità_campione":260,"expected_return":0.00005648102682805738,"standard_deviation":0.0006866975269794966,"sharpe_ratio":0.0822502260587634}