{"weights":{"1INCHBTC":0.002128319624998225,"AAVEBTC":0.002110292867724605,"ACMBTC":0,"ADABTC":0,"ADXBTC":0,"AERGOBTC":0.011827373038029144,"AGIBTC":0.0019274689792099994,"AIONBTC":0,"AKROBTC":0,"ALGOBTC":0,"ALICEBTC":0.003048215441421741,"ALPHABTC":0,"AMBBTC":0.0027549716013308798,"ANKRBTC":0.005211502492703016,"ANTBTC":0,"APPCBTC":0.007417910015342833,"ARBTC":0,"ARDRBTC":0,"ARKBTC":0,"ARPABTC":0,"ASTBTC":0.00013424434998674827,"ATOMBTC":0,"AUCTIONBTC":0.000519867024769897,"AUDIOBTC":0,"AUTOBTC":0.0033673944458500107,"AVABTC":0.00717657505170094,"AVAXBTC":0.004956210173310354,"AXSBTC":0,"BADGERBTC":0.008475807385216722,"BALBTC":0,"BANDBTC":0,"BATBTC":0.005851169713474782,"BCDBTC":0.0009646435623991627,"BCHBTC":0,"BEAMBTC":0,"BELBTC":0.004867111986239986,"BLZBTC":0,"BNBBTC":0,"BNTBTC":0,"BQXBTC":0.0025202000827283535,"BRDBTC":0.004305351201974394,"BTCSTBTC":0,"BTGBTC":0,"BTSBTC":0,"BZRXBTC":0,"CAKEBTC":0.00470424060252115,"CDTBTC":0,"CELOBTC":0.003696603005725126,"CELRBTC":0,"CFXBTC":0.0019761739671986015,"CHRBTC":0,"CHZBTC":0,"CKBBTC":0,"CNDBTC":0.0035021501339799212,"COMPBTC":0,"COSBTC":0.000887045515542288,"COTIBTC":0,"CRVBTC":0,"CTKBTC":0.001196702117765907,"CTSIBTC":0.0023987752637933324,"CTXCBTC":0.0030099747506501843,"CVCBTC":0,"DASHBTC":0,"DATABTC":0.0009201673504815368,"DCRBTC":0.05270293199837519,"DEGOBTC":0.003146203585576159,"DGBBTC":0,"DIABTC":0.00277908553510419,"DLTBTC":0.004417532709144471,"DNTBTC":0,"DOCKBTC":0,"DODOBTC":0,"DOGEBTC":0,"DOTBTC":0,"DREPBTC":0,"DUSKBTC":0,"EGLDBTC":0,"ELFBTC":0,"ENJBTC":0,"EOSBTC":0,"EPSBTC":0,"ETCBTC":0,"ETHBTC":0,"EVXBTC":0.021671079857928127,"EZBTC":0.007082641234308354,"FETBTC":0,"FILBTC":0.022291232755217518,"FIOBTC":0,"FIROBTC":0,"FISBTC":0,"FLMBTC":0,"FORBTC":0.0029803526929529736,"FORTHBTC":0.006009139617949777,"FRONTBTC":0.004477106558140134,"FTMBTC":0,"FTTBTC":0.0273020200137332,"FUNBTC":0,"FXSBTC":0,"GASBTC":0.00906162780641461,"GLMBTC":0.0065304312305083595,"GOBTC":0,"GRSBTC":0.0024878296013976582,"GRTBTC":0.00033998937926058806,"GTOBTC":0,"GVTBTC":0,"GXSBTC":0.0006366724383145236,"HARDBTC":0.0006865676262068465,"HBARBTC":0,"HIVEBTC":0.002592242168977288,"HNTBTC":0,"ICPBTC":0.006067989157565347,"ICXBTC":0,"IDEXBTC":0,"INJBTC":0.003075187504970519,"IOSTBTC":0,"IOTABTC":0,"IOTXBTC":0,"IRISBTC":0.0006332697872234761,"JSTBTC":0,"JUVBTC":0.0007322835614391071,"KAVABTC":0,"KMDBTC":0,"KNCBTC":0,"KSMBTC":0,"LINABTC":0,"LINKBTC":0,"LITBTC":0,"LOOMBTC":0.003172600359462542,"LRCBTC":0,"LSKBTC":0,"LTCBTC":0.004577583306263142,"LTOBTC":0,"LUNABTC":0.02417695599280014,"MANABTC":0,"MATICBTC":0.000026348973129016932,"MDABTC":0.03696962174279142,"MDTBTC":0.004316121756910098,"MIRBTC":0.008030707499995024,"MITHBTC":0,"MKRBTC":0,"MTHBTC":0.000503916510146094,"MTLBTC":0,"NANOBTC":0,"NASBTC":0,"NAVBTC":0.015598211926258609,"NBSBTC":0.0007314753546370621,"NEARBTC":0.005840745490124044,"NEBLBTC":0.01081717262986543,"NEOBTC":0,"NKNBTC":0,"NMRBTC":0.003101446921445334,"NULSBTC":0,"NXSBTC":0.025443414118239846,"OAXBTC":0.004712040601302097,"OCEANBTC":0,"OGNBTC":0,"OMBTC":0.00047354934983678934,"OMGBTC":0,"ONEBTC":0,"ONGBTC":0,"ONTBTC":0,"ORNBTC":0.013906380177476559,"OSTBTC":0.001457381620381365,"OXTBTC":0.0072872921155608845,"PAXGBTC":0.044010807560072154,"PERLBTC":0,"PERPBTC":0,"PHABTC":0.0010208292167403084,"PHBBTC":0.0013672666382579459,"PIVXBTC":0.013944122211846764,"PNTBTC":0,"POABTC":0.0017811229696129075,"POLYBTC":0.0024572397297258986,"PONDBTC":0,"POWRBTC":0,"PPTBTC":0.0015628707974338543,"QKCBTC":0.001009987092808686,"QLCBTC":0.0043761618323200436,"QSPBTC":0,"QTUMBTC":0,"RAMPBTC":0.007939635834676051,"RCNBTC":0,"RDNBTC":0.015224609120293138,"REEFBTC":0,"RENBTC":0,"RENBTCBTC":0.3569381883003447,"REPBTC":0,"REQBTC":0.00739531111919215,"RIFBTC":0.012125504644981508,"RLCBTC":0,"ROSEBTC":0.004482807894564163,"RSRBTC":0,"RUNEBTC":0,"RVNBTC":0,"SANDBTC":0,"SCBTC":0.00013146634344066654,"SCRTBTC":0.0038456040926023146,"SFPBTC":0,"SKLBTC":0,"SKYBTC":0,"SNGLSBTC":0.0020762769400209636,"SNMBTC":0,"SNTBTC":0,"SNXBTC":0,"SOLBTC":0.004461515746120632,"SRMBTC":0,"STEEMBTC":0,"STMXBTC":0,"STORJBTC":0,"STPTBTC":0.0013817015146980675,"STRAXBTC":0,"STXBTC":0.004355656358689357,"SUNBTC":0,"SUPERBTC":0,"SUSHIBTC":0,"SXPBTC":0,"SYSBTC":0,"TCTBTC":0,"TFUELBTC":0,"THETABTC":0,"TKOBTC":0.0010054283611864933,"TLMBTC":0.003375787215468353,"TOMOBTC":0,"TRBBTC":0,"TROYBTC":0,"TRUBTC":0,"TRXBTC":0,"TVKBTC":0,"TWTBTC":0.0038832809842419313,"UMABTC":0.00393639238128155,"UNFIBTC":0,"UNIBTC":0.0020060296444387527,"UTKBTC":0,"VETBTC":0,"VIABTC":0.018752118131773986,"VIBBTC":0.00615536678238118,"VIDTBTC":0,"VITEBTC":0.002649567712689269,"WABIBTC":0,"WANBTC":0,"WAVESBTC":0,"WINGBTC":0.0013594880202781397,"WNXMBTC":0,"WPRBTC":0.0008324983940693033,"WRXBTC":0,"WTCBTC":0,"XEMBTC":0,"XLMBTC":0,"XMRBTC":0,"XRPBTC":0,"XTZBTC":0,"XVGBTC":0.0012000927131407284,"XVSBTC":0,"YFIBTC":0,"YFIIBTC":0,"YOYOBTC":0,"ZECBTC":0.002252418687203731,"ZENBTC":0,"ZILBTC":0,"ZRXBTC":0},"numerosità_campione":260,"expected_return":0.0000016458335319130587,"standard_deviation":0.0005708683785227178,"sharpe_ratio":0.0028830350284458125}