{"weights":{"1INCHBTC":0,"AAVEBTC":0,"ACMBTC":0.00014996054417588576,"ADABTC":0,"ADXBTC":0.0023465198307424636,"AERGOBTC":0.008835656543333384,"AGIBTC":0.011805152374823099,"AIONBTC":0,"AKROBTC":0,"ALGOBTC":0,"ALICEBTC":0,"ALPHABTC":0,"AMBBTC":0,"ANKRBTC":0,"ANTBTC":0,"APPCBTC":0.00838127824395436,"ARBTC":0.00124795004072743,"ARDRBTC":0,"ARKBTC":0,"ARPABTC":0.0003243050230516286,"ASTBTC":0.0022724917783650423,"ATOMBTC":0,"AUCTIONBTC":0.0002806108906716175,"AUDIOBTC":0,"AUTOBTC":0,"AVABTC":0,"AVAXBTC":0,"AXSBTC":0.00430406793137527,"BADGERBTC":0.0011044963588412895,"BALBTC":0,"BANDBTC":0,"BATBTC":0,"BCDBTC":0.00448355848667404,"BCHBTC":0,"BEAMBTC":0,"BELBTC":0,"BLZBTC":0,"BNBBTC":0,"BNTBTC":0,"BQXBTC":0.0013413499733179208,"BRDBTC":0.008758442239415767,"BTCSTBTC":0,"BTGBTC":0.00037488869315980585,"BTSBTC":0,"BZRXBTC":0,"CAKEBTC":0,"CDTBTC":0.002132902687016023,"CELOBTC":0.00767676316405762,"CELRBTC":0,"CFXBTC":0,"CHRBTC":0,"CHZBTC":0,"CKBBTC":0,"CNDBTC":0.003146260486951729,"COMPBTC":0,"COSBTC":0,"COTIBTC":0,"CRVBTC":0,"CTKBTC":0,"CTSIBTC":0.0011736985706312711,"CTXCBTC":0,"CVCBTC":0,"DASHBTC":0,"DATABTC":0,"DCRBTC":0.06816509288668719,"DEGOBTC":0.0008566336374783857,"DGBBTC":0,"DIABTC":0,"DLTBTC":0.013619495610093232,"DNTBTC":0.0020494763329523373,"DOCKBTC":0,"DODOBTC":0,"DOGEBTC":0,"DOTBTC":0,"DREPBTC":0,"DUSKBTC":0,"EGLDBTC":0,"ELFBTC":0,"ENJBTC":0,"EOSBTC":0,"EPSBTC":0,"ETCBTC":0,"ETHBTC":0,"EVXBTC":0.020071256868697644,"EZBTC":0.0009074809528104927,"FETBTC":0,"FILBTC":0.009101140405117265,"FIOBTC":0.0007932603692600934,"FIROBTC":0,"FISBTC":0,"FLMBTC":0,"FORBTC":0.000011048338733215305,"FORTHBTC":0.0020513318872334716,"FRONTBTC":0.007891227147768517,"FTMBTC":0,"FTTBTC":0.04756933899283887,"FUNBTC":0.003522794330260915,"FXSBTC":0,"GASBTC":0,"GLMBTC":0,"GOBTC":0.003276914189980324,"GRSBTC":0.001435558568489272,"GRTBTC":0,"GTOBTC":0,"GVTBTC":0,"GXSBTC":0,"HARDBTC":0.002220661142884614,"HBARBTC":0,"HIVEBTC":0.0005274305746868982,"HNTBTC":0.005233614816841817,"ICPBTC":0,"ICXBTC":0,"IDEXBTC":0.0012919909106247443,"INJBTC":0.006881698087452839,"IOSTBTC":0,"IOTABTC":0,"IOTXBTC":0,"IRISBTC":0,"JSTBTC":0.007043452129081632,"JUVBTC":0.0031355107461857458,"KAVABTC":0,"KMDBTC":0,"KNCBTC":0,"KSMBTC":0,"LINABTC":0,"LINKBTC":0,"LITBTC":0,"LOOMBTC":0.0038460015685706167,"LRCBTC":0,"LSKBTC":0,"LTCBTC":0.008362713394067885,"LTOBTC":0.0006206952121166593,"LUNABTC":0.01266457406708368,"MANABTC":0,"MATICBTC":0.005964616030524791,"MDABTC":0.035923132127010766,"MDTBTC":0,"MIRBTC":0.021262457761417053,"MITHBTC":0,"MKRBTC":0,"MTHBTC":0,"MTLBTC":0,"NANOBTC":0,"NASBTC":0.008786237586149007,"NAVBTC":0.02658828013018434,"NBSBTC":0,"NEARBTC":0.0029863403210894633,"NEBLBTC":0.006243598961839378,"NEOBTC":0,"NKNBTC":0,"NMRBTC":0.0021155820889439776,"NULSBTC":0,"NXSBTC":0.02511536777037248,"OAXBTC":0.01085252411708941,"OCEANBTC":0,"OGNBTC":0,"OMBTC":0,"OMGBTC":0,"ONEBTC":0,"ONGBTC":0,"ONTBTC":0,"ORNBTC":0,"OSTBTC":0.0024683395022024237,"OXTBTC":0.010520132176350873,"PAXGBTC":0.029866275607484585,"PERLBTC":0,"PERPBTC":0,"PHABTC":0.0009877007278804807,"PHBBTC":0.00042899455924509823,"PIVXBTC":0.010247871933071325,"PNTBTC":0,"POABTC":0.002712690490798459,"POLYBTC":0.002847535731258174,"PONDBTC":0,"POWRBTC":0,"PPTBTC":0.0073841355796619434,"QKCBTC":0.0003633163408843396,"QLCBTC":0,"QSPBTC":0,"QTUMBTC":0,"RAMPBTC":0,"RCNBTC":0.0008842195641727847,"RDNBTC":0.006088994644469024,"REEFBTC":0,"RENBTC":0,"RENBTCBTC":0.3819391818850669,"REPBTC":0.004651401509012919,"REQBTC":0.007932239236968477,"RIFBTC":0.009401753323892075,"RLCBTC":0,"ROSEBTC":0,"RSRBTC":0,"RUNEBTC":0.004293256039473523,"RVNBTC":0,"SANDBTC":0,"SCBTC":0.0008886014146111732,"SCRTBTC":0.0032208064128191605,"SFPBTC":0,"SKLBTC":0,"SKYBTC":0,"SNGLSBTC":0.001072095942324805,"SNMBTC":0,"SNTBTC":0.002456180444079316,"SNXBTC":0,"SOLBTC":0.003585530317141613,"SRMBTC":0,"STEEMBTC":0,"STMXBTC":0,"STORJBTC":0,"STPTBTC":0,"STRAXBTC":0,"STXBTC":0,"SUNBTC":0.0019411983423492578,"SUPERBTC":0,"SUSHIBTC":0,"SXPBTC":0,"SYSBTC":0,"TCTBTC":0,"TFUELBTC":0,"THETABTC":0,"TKOBTC":0,"TLMBTC":0,"TOMOBTC":0,"TRBBTC":0,"TROYBTC":0.0009306123536995407,"TRUBTC":0,"TRXBTC":0,"TVKBTC":0,"TWTBTC":0,"UMABTC":0.009087532719932213,"UNFIBTC":0.0019856401406163804,"UNIBTC":0,"UTKBTC":0,"VETBTC":0,"VIABTC":0.018832654343166833,"VIBBTC":0.005543547547455847,"VIDTBTC":0,"VITEBTC":0.003673299717994754,"WABIBTC":0,"WANBTC":0,"WAVESBTC":0,"WINGBTC":0.0014093129507270403,"WNXMBTC":0,"WPRBTC":0,"WRXBTC":0,"WTCBTC":0,"XEMBTC":0,"XLMBTC":0.0005207991088724991,"XMRBTC":0,"XRPBTC":0.008565020582502405,"XTZBTC":0,"XVGBTC":0.0022264999872197737,"XVSBTC":0,"YFIBTC":0,"YFIIBTC":0,"YOYOBTC":0.0011797079596727424,"ZECBTC":0,"ZENBTC":0.0007340369390167277,"ZILBTC":0,"ZRXBTC":0},"numerosità_campione":260,"expected_return":0.000037276827483814644,"standard_deviation":0.0006600204230968147,"sharpe_ratio":0.056478293972952884}