{"weights":{"1INCHBTC":0,"AAVEBTC":0.003383846594615241,"ACMBTC":0,"ADABTC":0.0023595000979652254,"ADXBTC":0,"AERGOBTC":0.01227969654520615,"AGIBTC":0.003937630086219931,"AIONBTC":0,"AKROBTC":0,"ALGOBTC":0,"ALICEBTC":0.006540102297411166,"ALPHABTC":0,"AMBBTC":0.0021599447513183257,"ANKRBTC":0.007251788305983085,"ANTBTC":0,"APPCBTC":0.005394629257366642,"ARBTC":0,"ARDRBTC":0,"ARKBTC":0,"ARPABTC":0,"ASTBTC":0,"ATOMBTC":0,"AUCTIONBTC":0.0012501576971809996,"AUDIOBTC":0.0005178987097410443,"AUTOBTC":0.003654808644529376,"AVABTC":0.007106570683695284,"AVAXBTC":0.006574856736348675,"AXSBTC":0,"BADGERBTC":0.007849675641018296,"BALBTC":0,"BANDBTC":0,"BATBTC":0.004572444361221451,"BCDBTC":0.0006432934630065055,"BCHBTC":0,"BEAMBTC":0,"BELBTC":0,"BLZBTC":0.000019833825481465882,"BNBBTC":0,"BNTBTC":0,"BQXBTC":0.0033387583581567693,"BRDBTC":0.00459892001575256,"BTCSTBTC":0,"BTGBTC":0,"BTSBTC":0,"BZRXBTC":0,"CAKEBTC":0.0047197047750084445,"CDTBTC":0,"CELOBTC":0.005867972028335501,"CELRBTC":0,"CFXBTC":0.0009936844844463128,"CHRBTC":0,"CHZBTC":0,"CKBBTC":0,"CNDBTC":0.003405807819097454,"COMPBTC":0,"COSBTC":0.0008936376053992362,"COTIBTC":0,"CRVBTC":0,"CTKBTC":0,"CTSIBTC":0.0038882420342193137,"CTXCBTC":0.0034520874074062393,"CVCBTC":0,"DASHBTC":0,"DATABTC":0.0020148975525212686,"DCRBTC":0.04613957001264409,"DEGOBTC":0.003604350665360214,"DGBBTC":0,"DIABTC":0,"DLTBTC":0.0036550674196851075,"DNTBTC":0,"DOCKBTC":0,"DODOBTC":0,"DOGEBTC":0,"DOTBTC":0,"DREPBTC":0,"DUSKBTC":0,"EGLDBTC":0,"ELFBTC":0,"ENJBTC":0,"EOSBTC":0,"EPSBTC":0.0003223264133768074,"ETCBTC":0,"ETHBTC":0,"EVXBTC":0.02070284534791749,"EZBTC":0.00672665496962364,"FETBTC":0,"FILBTC":0.020841159599123422,"FIOBTC":0,"FIROBTC":0,"FISBTC":0,"FLMBTC":0,"FORBTC":0.0018111624876656512,"FORTHBTC":0.007024132660200718,"FRONTBTC":0.004641070606981884,"FTMBTC":0,"FTTBTC":0.028881981291488903,"FUNBTC":0,"FXSBTC":0,"GASBTC":0.00661656930944169,"GLMBTC":0.0074286825528292084,"GOBTC":0,"GRSBTC":0.00022268579639107928,"GRTBTC":0.0005943267173594261,"GTOBTC":0,"GVTBTC":0,"GXSBTC":0.0009240621374148163,"HARDBTC":0.0011007435029327705,"HBARBTC":0,"HIVEBTC":0.0032290757947087186,"HNTBTC":0,"ICPBTC":0.0023172684542155883,"ICXBTC":0,"IDEXBTC":0,"INJBTC":0.0009345211523425689,"IOSTBTC":0,"IOTABTC":0,"IOTXBTC":0,"IRISBTC":0,"JSTBTC":0,"JUVBTC":0.001184762815331736,"KAVABTC":0,"KMDBTC":0,"KNCBTC":0,"KSMBTC":0,"LINABTC":0,"LINKBTC":0,"LITBTC":0,"LOOMBTC":0.004086791138684521,"LRCBTC":0,"LSKBTC":0,"LTCBTC":0.0007986463449043058,"LTOBTC":0.0003058814383741624,"LUNABTC":0.026989184528049173,"MANABTC":0,"MATICBTC":0.002176995074798096,"MDABTC":0.035978348322068865,"MDTBTC":0.005069159417150666,"MIRBTC":0.011604539069947913,"MITHBTC":0,"MKRBTC":0,"MTHBTC":0.0004201175907287004,"MTLBTC":0,"NANOBTC":0,"NASBTC":0,"NAVBTC":0.010643186086754906,"NBSBTC":0.001255957824946601,"NEARBTC":0.0072330525328596525,"NEBLBTC":0.010942002678405987,"NEOBTC":0,"NKNBTC":0,"NMRBTC":0.0035874980595581975,"NULSBTC":0,"NXSBTC":0.025616070327314534,"OAXBTC":0.0043224151136391055,"OCEANBTC":0,"OGNBTC":0,"OMBTC":0.0009786291006839399,"OMGBTC":0,"ONEBTC":0.0009339384162386256,"ONGBTC":0,"ONTBTC":0,"ORNBTC":0.012567665961427789,"OSTBTC":0.0018625170363973731,"OXTBTC":0.008089207387562167,"PAXGBTC":0.05042622116102467,"PERLBTC":0,"PERPBTC":0,"PHABTC":0.0020907651187121517,"PHBBTC":0.001598516942899217,"PIVXBTC":0.015009218324507752,"PNTBTC":0,"POABTC":0.0009787322537020578,"POLYBTC":0.0014094154443120258,"PONDBTC":0,"POWRBTC":0,"PPTBTC":0,"QKCBTC":0.0011171299748406387,"QLCBTC":0.0033891143907013857,"QSPBTC":0,"QTUMBTC":0,"RAMPBTC":0.00804178904002176,"RCNBTC":0,"RDNBTC":0.013414117554369678,"REEFBTC":0,"RENBTC":0,"RENBTCBTC":0.36003439925382463,"REPBTC":0,"REQBTC":0.007227503750422319,"RIFBTC":0.01267199150063112,"RLCBTC":0,"ROSEBTC":0.0033775059946918647,"RSRBTC":0,"RUNEBTC":0,"RVNBTC":0,"SANDBTC":0,"SCBTC":0.0003783880034580871,"SCRTBTC":0.0030937122389445,"SFPBTC":0,"SKLBTC":0,"SKYBTC":0,"SNGLSBTC":0.002334234977905098,"SNMBTC":0,"SNTBTC":0,"SNXBTC":0,"SOLBTC":0.0073366156961373425,"SRMBTC":0.001830671476822154,"STEEMBTC":0,"STMXBTC":0,"STORJBTC":0,"STPTBTC":0.0017542176130574219,"STRAXBTC":0,"STXBTC":0.003934148559077444,"SUNBTC":0,"SUPERBTC":0,"SUSHIBTC":0,"SXPBTC":0.00012962573439259992,"SYSBTC":0,"TCTBTC":0,"TFUELBTC":0,"THETABTC":0,"TKOBTC":0.0006131994947453567,"TLMBTC":0.0037072480750448616,"TOMOBTC":0,"TRBBTC":0,"TROYBTC":0,"TRUBTC":0,"TRXBTC":0,"TVKBTC":0,"TWTBTC":0.0029714281477713055,"UMABTC":0.00491212890855452,"UNFIBTC":0,"UNIBTC":0,"UTKBTC":0,"VETBTC":0,"VIABTC":0.019083033490729262,"VIBBTC":0.005569210424657826,"VIDTBTC":0,"VITEBTC":0.003514472578857917,"WABIBTC":0,"WANBTC":0,"WAVESBTC":0,"WINGBTC":0.002274432585563053,"WNXMBTC":0,"WPRBTC":0.0011735965627454898,"WRXBTC":0,"WTCBTC":0,"XEMBTC":0,"XLMBTC":0,"XMRBTC":0,"XRPBTC":0,"XTZBTC":0,"XVGBTC":0.0015680017906918643,"XVSBTC":0,"YFIBTC":0,"YFIIBTC":0,"YOYOBTC":0,"ZECBTC":0,"ZENBTC":0,"ZILBTC":0,"ZRXBTC":0},"numerosità_campione":260,"expected_return":0.0000179302423156469,"standard_deviation":0.0005794942121812568,"sharpe_ratio":0.03094119309346717}