{"weights":{"1INCHBTC":0,"AAVEBTC":0.0037071910281284348,"ACMBTC":0.0009857292226351526,"ADABTC":0.01223373033333524,"ADXBTC":0,"AERGOBTC":0.011686180684589568,"AGIBTC":0.007974287731343092,"AIONBTC":0,"AKROBTC":0,"ALGOBTC":0,"ALICEBTC":0.014727165375668722,"ALPHABTC":0,"AMBBTC":0.000605146876993795,"ANKRBTC":0.007226883823577785,"ANTBTC":0,"APPCBTC":0.00033392800153587575,"ARBTC":0,"ARDRBTC":0.001323607575744002,"ARKBTC":0,"ARPABTC":0,"ASTBTC":0,"ATOMBTC":0,"AUCTIONBTC":0.002496856034189498,"AUDIOBTC":0.0021173004395120894,"AUTOBTC":0.001891842825963668,"AVABTC":0.0052711745145271015,"AVAXBTC":0.009908302500941667,"AXSBTC":0,"BADGERBTC":0.0065664880029958055,"BALBTC":0,"BANDBTC":0,"BATBTC":0,"BCDBTC":0,"BCHBTC":0,"BEAMBTC":0,"BELBTC":0,"BLZBTC":0.0019895526040206372,"BNBBTC":0,"BNTBTC":0,"BQXBTC":0.0006194198503478318,"BRDBTC":0.005706508872583973,"BTCSTBTC":0.0012194691845700094,"BTGBTC":0,"BTSBTC":0,"BZRXBTC":0,"CAKEBTC":0.0021874739202797865,"CDTBTC":0,"CELOBTC":0.011437820879472645,"CELRBTC":0,"CFXBTC":0,"CHRBTC":0,"CHZBTC":0,"CKBBTC":0,"CNDBTC":0.0033865461158668134,"COMPBTC":0,"COSBTC":0.0009296422484117303,"COTIBTC":0,"CRVBTC":0,"CTKBTC":0,"CTSIBTC":0.005728629782937958,"CTXCBTC":0.002189977790159115,"CVCBTC":0,"DASHBTC":0,"DATABTC":0.004154040517343023,"DCRBTC":0.028657236889268387,"DEGOBTC":0.005816713811877628,"DGBBTC":0,"DIABTC":0,"DLTBTC":0.0005906918306961284,"DNTBTC":0.0002850524097860364,"DOCKBTC":0.0032455586582577256,"DODOBTC":0,"DOGEBTC":0,"DOTBTC":0,"DREPBTC":0,"DUSKBTC":0,"EGLDBTC":0,"ELFBTC":0,"ENJBTC":0,"EOSBTC":0,"EPSBTC":0.0014214595234131617,"ETCBTC":0,"ETHBTC":0,"EVXBTC":0.017683777620032093,"EZBTC":0.005191422774591529,"FETBTC":0,"FILBTC":0.01774217072317475,"FIOBTC":0,"FIROBTC":0,"FISBTC":0,"FLMBTC":0,"FORBTC":0,"FORTHBTC":0.009037924861541584,"FRONTBTC":0.0031557511085448724,"FTMBTC":0,"FTTBTC":0.02122957980623329,"FUNBTC":0,"FXSBTC":0,"GASBTC":0,"GLMBTC":0.007648942260604552,"GOBTC":0,"GRSBTC":0,"GRTBTC":0,"GTOBTC":0,"GVTBTC":0,"GXSBTC":0.0010373269173610368,"HARDBTC":0.001720680530804606,"HBARBTC":0,"HIVEBTC":0.004775817995083904,"HNTBTC":0,"ICPBTC":0,"ICXBTC":0,"IDEXBTC":0,"INJBTC":0,"IOSTBTC":0,"IOTABTC":0,"IOTXBTC":0,"IRISBTC":0,"JSTBTC":0,"JUVBTC":0.00209209126155767,"KAVABTC":0,"KMDBTC":0,"KNCBTC":0,"KSMBTC":0,"LINABTC":0,"LINKBTC":0,"LITBTC":0,"LOOMBTC":0.003872027741818108,"LRCBTC":0,"LSKBTC":0,"LTCBTC":0,"LTOBTC":0,"LUNABTC":0.026825750260841143,"MANABTC":0,"MATICBTC":0.005890745849374688,"MDABTC":0.030874233786014,"MDTBTC":0.006515615544513692,"MIRBTC":0.020302277618212225,"MITHBTC":0,"MKRBTC":0,"MTHBTC":0.00027440007647254087,"MTLBTC":0,"NANOBTC":0,"NASBTC":0,"NAVBTC":0,"NBSBTC":0.002128158523210786,"NEARBTC":0.00980516339947353,"NEBLBTC":0.01010642886038038,"NEOBTC":0,"NKNBTC":0,"NMRBTC":0.00552221027147713,"NULSBTC":0,"NXSBTC":0.023861472053989273,"OAXBTC":0.0012199267655344135,"OCEANBTC":0,"OGNBTC":0,"OMBTC":0.001985744280142752,"OMGBTC":0,"ONEBTC":0.005886424952145508,"ONGBTC":0,"ONTBTC":0,"ORNBTC":0.006112800806374946,"OSTBTC":0.001943668831670191,"OXTBTC":0.009289899361935063,"PAXGBTC":0.06981311708883337,"PERLBTC":0,"PERPBTC":0.0022653634814605644,"PHABTC":0.0043141783187555845,"PHBBTC":0.0026368349678381497,"PIVXBTC":0.017981332309018126,"PNTBTC":0,"POABTC":0,"POLYBTC":0,"PONDBTC":0,"POWRBTC":0,"PPTBTC":0,"QKCBTC":0.0008044187850120799,"QLCBTC":0.0009412729247280812,"QSPBTC":0,"QTUMBTC":0,"RAMPBTC":0.007564232208169408,"RCNBTC":0,"RDNBTC":0.00914403005303482,"REEFBTC":0,"RENBTC":0,"RENBTCBTC":0.35782259435166636,"REPBTC":0,"REQBTC":0.00491422470934139,"RIFBTC":0.01268248825591485,"RLCBTC":0,"ROSEBTC":0,"RSRBTC":0,"RUNEBTC":0,"RVNBTC":0,"SANDBTC":0,"SCBTC":0.00024804402408420083,"SCRTBTC":0,"SFPBTC":0,"SKLBTC":0,"SKYBTC":0,"SNGLSBTC":0.0024489817631381736,"SNMBTC":0,"SNTBTC":0.0023664982332191453,"SNXBTC":0,"SOLBTC":0.013119104450090744,"SRMBTC":0.006104621359506904,"STEEMBTC":0,"STMXBTC":0,"STORJBTC":0,"STPTBTC":0.0020848722657098953,"STRAXBTC":0,"STXBTC":0.00007553036257749674,"SUNBTC":0,"SUPERBTC":0,"SUSHIBTC":0,"SXPBTC":0,"SYSBTC":0,"TCTBTC":0,"TFUELBTC":0,"THETABTC":0,"TKOBTC":0,"TLMBTC":0.004302418455994557,"TOMOBTC":0,"TRBBTC":0,"TROYBTC":0.00012596942867144657,"TRUBTC":0,"TRXBTC":0,"TVKBTC":0,"TWTBTC":0,"UMABTC":0.004728268390792756,"UNFIBTC":0,"UNIBTC":0,"UTKBTC":0.0007298814059445712,"VETBTC":0,"VIABTC":0.014243621924696071,"VIBBTC":0.004115147005636205,"VIDTBTC":0,"VITEBTC":0.005787211979174188,"WABIBTC":0,"WANBTC":0,"WAVESBTC":0,"WINGBTC":0.004222416464563791,"WNXMBTC":0,"WPRBTC":0.0010528482101374325,"WRXBTC":0,"WTCBTC":0,"XEMBTC":0,"XLMBTC":0.0014024070146450962,"XMRBTC":0,"XRPBTC":0.007141745022289539,"XTZBTC":0,"XVGBTC":0.002462280081270557,"XVSBTC":0,"YFIBTC":0,"YFIIBTC":0,"YOYOBTC":0,"ZECBTC":0,"ZENBTC":0,"ZILBTC":0,"ZRXBTC":0},"numerosità_campione":260,"expected_return":0.0000559271961443592,"standard_deviation":0.0006368260286674632,"sharpe_ratio":0.08782178118784648}