{"weights":{"1INCHBTC":0,"AAVEBTC":0.0009298683018362545,"ACMBTC":0.0024629271041327477,"ADABTC":0.021971362867404212,"ADXBTC":0,"AERGOBTC":0.009112927908337771,"AGIBTC":0.012096815847856827,"AIONBTC":0,"AKROBTC":0,"ALGOBTC":0,"ALICEBTC":0.023266014908937566,"ALPHABTC":0,"AMBBTC":0,"ANKRBTC":0.005870045604681153,"ANTBTC":0,"APPCBTC":0,"ARBTC":0,"ARDRBTC":0.002461550603646781,"ARKBTC":0,"ARPABTC":0,"ASTBTC":0,"ATOMBTC":0,"AUCTIONBTC":0.003470477086555529,"AUDIOBTC":0.004023088062705871,"AUTOBTC":0,"AVABTC":0.0017350912083963503,"AVAXBTC":0.013448568938691039,"AXSBTC":0,"BADGERBTC":0.004019008916579072,"BALBTC":0,"BANDBTC":0,"BATBTC":0,"BCDBTC":0,"BCHBTC":0,"BEAMBTC":0,"BELBTC":0,"BLZBTC":0.003347342368096095,"BNBBTC":0,"BNTBTC":0,"BQXBTC":0,"BRDBTC":0.005577479253262177,"BTCSTBTC":0.003527693995168893,"BTGBTC":0,"BTSBTC":0.0003135363763251799,"BZRXBTC":0,"CAKEBTC":0,"CDTBTC":0,"CELOBTC":0.01702382005606986,"CELRBTC":0,"CFXBTC":0,"CHRBTC":0,"CHZBTC":0,"CKBBTC":0,"CNDBTC":0.0032966536009500806,"COMPBTC":0,"COSBTC":0.0006920738404762088,"COTIBTC":0,"CRVBTC":0,"CTKBTC":0,"CTSIBTC":0.007490077296425806,"CTXCBTC":0,"CVCBTC":0,"DASHBTC":0,"DATABTC":0.006176238729576348,"DCRBTC":0.0050202044815463535,"DEGOBTC":0.007866765999444858,"DGBBTC":0,"DIABTC":0,"DLTBTC":0,"DNTBTC":0.0021961866040767805,"DOCKBTC":0.005985203607336963,"DODOBTC":0,"DOGEBTC":0,"DOTBTC":0,"DREPBTC":0,"DUSKBTC":0,"EGLDBTC":0,"ELFBTC":0,"ENJBTC":0,"EOSBTC":0,"EPSBTC":0.002822791377331898,"ETCBTC":0,"ETHBTC":0,"EVXBTC":0.013605412925150667,"EZBTC":0.002619778898627549,"FETBTC":0,"FILBTC":0.013980379954360005,"FIOBTC":0,"FIROBTC":0,"FISBTC":0,"FLMBTC":0,"FORBTC":0,"FORTHBTC":0.01089271382677064,"FRONTBTC":0.00032922925480409655,"FTMBTC":0,"FTTBTC":0.0054183504406791795,"FUNBTC":0,"FXSBTC":0,"GASBTC":0,"GLMBTC":0.005229374874962527,"GOBTC":0,"GRSBTC":0,"GRTBTC":0,"GTOBTC":0,"GVTBTC":0,"GXSBTC":0.000784153380869339,"HARDBTC":0.0007593037951728289,"HBARBTC":0,"HIVEBTC":0.0058510973371763446,"HNTBTC":0,"ICPBTC":0,"ICXBTC":0,"IDEXBTC":0,"INJBTC":0,"IOSTBTC":0,"IOTABTC":0,"IOTXBTC":0,"IRISBTC":0,"JSTBTC":0,"JUVBTC":0.003088234983804221,"KAVABTC":0,"KMDBTC":0,"KNCBTC":0,"KSMBTC":0.0003557377476461206,"LINABTC":0,"LINKBTC":0,"LITBTC":0,"LOOMBTC":0.0022555797324668595,"LRCBTC":0,"LSKBTC":0,"LTCBTC":0,"LTOBTC":0,"LUNABTC":0.024640555209267716,"MANABTC":0,"MATICBTC":0.009643388150080813,"MDABTC":0.02184133038215645,"MDTBTC":0.007480237707548507,"MIRBTC":0.02794918770907505,"MITHBTC":0,"MKRBTC":0,"MTHBTC":0,"MTLBTC":0,"NANOBTC":0,"NASBTC":0,"NAVBTC":0,"NBSBTC":0.003127001799589391,"NEARBTC":0.01264486853541284,"NEBLBTC":0.007814625175785576,"NEOBTC":0,"NKNBTC":0,"NMRBTC":0.007908463180353277,"NULSBTC":0,"NXSBTC":0.019227084256739545,"OAXBTC":0,"OCEANBTC":0,"OGNBTC":0,"OMBTC":0.0030925205663362852,"OMGBTC":0,"ONEBTC":0.011178068233048937,"ONGBTC":0,"ONTBTC":0,"ORNBTC":0,"OSTBTC":0.0014417307293570227,"OXTBTC":0.009568794349656072,"PAXGBTC":0.09304876340977808,"PERLBTC":0,"PERPBTC":0.0074208800950023215,"PHABTC":0.006513886594398057,"PHBBTC":0.0038443351692732585,"PIVXBTC":0.02071591586178846,"PNTBTC":0,"POABTC":0,"POLYBTC":0,"PONDBTC":0,"POWRBTC":0,"PPTBTC":0,"QKCBTC":0.0004442200474107492,"QLCBTC":0,"QSPBTC":0,"QTUMBTC":0,"RAMPBTC":0.005852928407121686,"RCNBTC":0,"RDNBTC":0.0035668909641922023,"REEFBTC":0,"RENBTC":0,"RENBTCBTC":0.34119654094972957,"REPBTC":0,"REQBTC":0.0004863636085570104,"RIFBTC":0.012371297328403578,"RLCBTC":0,"ROSEBTC":0,"RSRBTC":0,"RUNEBTC":0.0009372332044854627,"RVNBTC":0,"SANDBTC":0,"SCBTC":0,"SCRTBTC":0,"SFPBTC":0,"SKLBTC":0,"SKYBTC":0,"SNGLSBTC":0.002180176981994075,"SNMBTC":0,"SNTBTC":0.005494932723300065,"SNXBTC":0,"SOLBTC":0.018699709973206295,"SRMBTC":0.010182081714864441,"STEEMBTC":0,"STMXBTC":0,"STORJBTC":0,"STPTBTC":0.0018695888430719457,"STRAXBTC":0,"STXBTC":0,"SUNBTC":0,"SUPERBTC":0,"SUSHIBTC":0,"SXPBTC":0,"SYSBTC":0,"TCTBTC":0,"TFUELBTC":0.0016874047054416309,"THETABTC":0.0015960091081488688,"TKOBTC":0,"TLMBTC":0.004410494334808152,"TOMOBTC":0,"TRBBTC":0,"TROYBTC":0.0005036912064788812,"TRUBTC":0,"TRXBTC":0,"TVKBTC":0,"TWTBTC":0,"UMABTC":0.0026735988435619756,"UNFIBTC":0,"UNIBTC":0,"UTKBTC":0.0021153306495359037,"VETBTC":0,"VIABTC":0.006018733680905372,"VIBBTC":0.002284734437505322,"VIDTBTC":0,"VITEBTC":0.007479956610066772,"WABIBTC":0,"WANBTC":0,"WAVESBTC":0,"WINGBTC":0.006355311556712597,"WNXMBTC":0,"WPRBTC":0.00035465328267445537,"WRXBTC":0,"WTCBTC":0,"XEMBTC":0,"XLMBTC":0.0018245326043297805,"XMRBTC":0,"XRPBTC":0.015844919317448646,"XTZBTC":0,"XVGBTC":0.003093865703057928,"XVSBTC":0,"YFIBTC":0,"YFIIBTC":0,"YOYOBTC":0,"ZECBTC":0,"ZENBTC":0,"ZILBTC":0,"ZRXBTC":0},"numerosità_campione":260,"expected_return":0.00009392414997307152,"standard_deviation":0.0007425867462069812,"sharpe_ratio":0.12648239475431203}