{"weights":{"1INCHBTC":0,"AAVEBTC":0.003419215819555956,"ACMBTC":0.0007763765289284757,"ADABTC":0,"ADXBTC":0.0017118985627557885,"AERGOBTC":0.010575464476980854,"AGIBTC":0.013635924271830979,"AIONBTC":0,"AKROBTC":0,"ALGOBTC":0,"ALICEBTC":0,"ALPHABTC":0,"AMBBTC":0,"ANKRBTC":0,"ANTBTC":0,"APPCBTC":0.00752080573282673,"ARBTC":0,"ARDRBTC":0,"ARKBTC":0,"ARPABTC":0.0002972377681744739,"ASTBTC":0.001827859448490384,"ATOMBTC":0,"AUCTIONBTC":0.000392123146073199,"AUDIOBTC":0,"AUTOBTC":0,"AVABTC":0,"AVAXBTC":0,"AXSBTC":0.003122708353538086,"BADGERBTC":0.0002794867810763974,"BALBTC":0,"BANDBTC":0,"BATBTC":0,"BCDBTC":0.0034782391782269234,"BCHBTC":0,"BEAMBTC":0,"BELBTC":0,"BLZBTC":0,"BNBBTC":0,"BNTBTC":0,"BQXBTC":0.0008920528980327399,"BRDBTC":0.007756692945840255,"BTCSTBTC":0,"BTGBTC":0.00008690582340909604,"BTSBTC":0,"BZRXBTC":0,"CAKEBTC":0,"CDTBTC":0.0019993787395129977,"CELOBTC":0.00882204546918566,"CELRBTC":0,"CFXBTC":0,"CHRBTC":0,"CHZBTC":0,"CKBBTC":0,"CNDBTC":0.0034403095361719566,"COMPBTC":0,"COSBTC":0,"COTIBTC":0,"CRVBTC":0,"CTKBTC":0,"CTSIBTC":0.0018774723774039343,"CTXCBTC":0,"CVCBTC":0,"DASHBTC":0,"DATABTC":0,"DCRBTC":0.068833406589481,"DEGOBTC":0.002008480426103243,"DGBBTC":0,"DIABTC":0,"DLTBTC":0.013833937829900066,"DNTBTC":0.0029854795051053695,"DOCKBTC":0.00048728011495170417,"DODOBTC":0,"DOGEBTC":0,"DOTBTC":0,"DREPBTC":0,"DUSKBTC":0,"EGLDBTC":0,"ELFBTC":0,"ENJBTC":0,"EOSBTC":0,"EPSBTC":0,"ETCBTC":0,"ETHBTC":0,"EVXBTC":0.01923119733011704,"EZBTC":0,"FETBTC":0,"FILBTC":0.004866409506569365,"FIOBTC":0,"FIROBTC":0,"FISBTC":0,"FLMBTC":0,"FORBTC":0,"FORTHBTC":0.0025716189653107865,"FRONTBTC":0.009698061855453362,"FTMBTC":0,"FTTBTC":0.040764293920523796,"FUNBTC":0.00377546448207666,"FXSBTC":0,"GASBTC":0,"GLMBTC":0,"GOBTC":0.004298650283977445,"GRSBTC":0.0012598568891630964,"GRTBTC":0,"GTOBTC":0,"GVTBTC":0,"GXSBTC":0,"HARDBTC":0.0015817649768778154,"HBARBTC":0,"HIVEBTC":0.0013290317494959948,"HNTBTC":0.008467981493185868,"ICPBTC":0,"ICXBTC":0,"IDEXBTC":0,"INJBTC":0.00840292264546056,"IOSTBTC":0,"IOTABTC":0,"IOTXBTC":0,"IRISBTC":0,"JSTBTC":0.006786849517084668,"JUVBTC":0.004268751361788727,"KAVABTC":0,"KMDBTC":0,"KNCBTC":0,"KSMBTC":0,"LINABTC":0,"LINKBTC":0,"LITBTC":0,"LOOMBTC":0.004288870526441581,"LRCBTC":0,"LSKBTC":0,"LTCBTC":0.005723465815864071,"LTOBTC":0,"LUNABTC":0.014863870853180505,"MANABTC":0,"MATICBTC":0.008754089530961578,"MDABTC":0.03240495440317222,"MDTBTC":0,"MIRBTC":0.022617204518748147,"MITHBTC":0,"MKRBTC":0,"MTHBTC":0,"MTLBTC":0,"NANOBTC":0,"NASBTC":0.007069267788238099,"NAVBTC":0.022262551556615127,"NBSBTC":0,"NEARBTC":0.003086798577036066,"NEBLBTC":0.0036434128593704853,"NEOBTC":0,"NKNBTC":0,"NMRBTC":0.002656838849286137,"NULSBTC":0,"NXSBTC":0.025597666575425844,"OAXBTC":0.01238354144049467,"OCEANBTC":0,"OGNBTC":0,"OMBTC":0,"OMGBTC":0,"ONEBTC":0.00027376538555470105,"ONGBTC":0,"ONTBTC":0,"ORNBTC":0,"OSTBTC":0.00219569190947061,"OXTBTC":0.011140114784667764,"PAXGBTC":0.033886105032788855,"PERLBTC":0.00003520097364387657,"PERPBTC":0.0024851413108735766,"PHABTC":0.0015492968948758283,"PHBBTC":0.0007947836327802496,"PIVXBTC":0.010572668527880195,"PNTBTC":0,"POABTC":0.0019576303013678137,"POLYBTC":0.0019126664478784578,"PONDBTC":0,"POWRBTC":0,"PPTBTC":0.005798720027874092,"QKCBTC":0.00028932734714488524,"QLCBTC":0,"QSPBTC":0,"QTUMBTC":0,"RAMPBTC":0,"RCNBTC":0.00038273445444103767,"RDNBTC":0.0070282993172269955,"REEFBTC":0,"RENBTC":0,"RENBTCBTC":0.37319933635303726,"REPBTC":0.00262019377893244,"REQBTC":0.006724097296933993,"RIFBTC":0.009446008306479734,"RLCBTC":0,"ROSEBTC":0,"RSRBTC":0,"RUNEBTC":0.0065471562906896,"RVNBTC":0,"SANDBTC":0,"SCBTC":0.0009807209057449656,"SCRTBTC":0.00549590941879614,"SFPBTC":0,"SKLBTC":0,"SKYBTC":0,"SNGLSBTC":0.001425360825124281,"SNMBTC":0,"SNTBTC":0.0035516983590465146,"SNXBTC":0,"SOLBTC":0.0066195113821430306,"SRMBTC":0.001211487194177715,"STEEMBTC":0,"STMXBTC":0,"STORJBTC":0,"STPTBTC":0,"STRAXBTC":0,"STXBTC":0,"SUNBTC":0.0012243781414288599,"SUPERBTC":0,"SUSHIBTC":0,"SXPBTC":0,"SYSBTC":0,"TCTBTC":0,"TFUELBTC":0,"THETABTC":0,"TKOBTC":0,"TLMBTC":0,"TOMOBTC":0,"TRBBTC":0,"TROYBTC":0.0012009206570022775,"TRUBTC":0,"TRXBTC":0,"TVKBTC":0,"TWTBTC":0,"UMABTC":0.010138719039902584,"UNFIBTC":0.00019630719064850203,"UNIBTC":0,"UTKBTC":0,"VETBTC":0,"VIABTC":0.019702679447216296,"VIBBTC":0.005585646350274585,"VIDTBTC":0,"VITEBTC":0.0037805392123722243,"WABIBTC":0,"WANBTC":0,"WAVESBTC":0,"WINGBTC":0.0018432233050310113,"WNXMBTC":0,"WPRBTC":0,"WRXBTC":0,"WTCBTC":0,"XEMBTC":0,"XLMBTC":0.000855085833773074,"XMRBTC":0,"XRPBTC":0.01238880957792841,"XTZBTC":0,"XVGBTC":0.001578731504621283,"XVSBTC":0,"YFIBTC":0,"YFIIBTC":0,"YOYOBTC":0.0006651626847503454,"ZECBTC":0,"ZENBTC":0,"ZILBTC":0,"ZRXBTC":0},"numerosità_campione":260,"expected_return":0.00005007962704664312,"standard_deviation":0.0006760419959209464,"sharpe_ratio":0.07407768651771632}