{"weights":{"1INCHBTC":0,"AAVEBTC":0.007155870675139844,"ACMBTC":0.0019528135546306195,"ADABTC":0.004390503279714991,"ADXBTC":0,"AERGOBTC":0.013120770851381122,"AGIBTC":0.016821922107725536,"AIONBTC":0,"AKROBTC":0,"ALGOBTC":0,"ALICEBTC":0,"ALPHABTC":0,"AMBBTC":0,"ANKRBTC":0,"ANTBTC":0,"APPCBTC":0.005696789477988166,"ARBTC":0,"ARDRBTC":0,"ARKBTC":0.002585521571481543,"ARPABTC":0,"ASTBTC":0,"ATOMBTC":0,"AUCTIONBTC":0.0007566787315629598,"AUDIOBTC":0,"AUTOBTC":0,"AVABTC":0,"AVAXBTC":0,"AXSBTC":0,"BADGERBTC":0,"BALBTC":0,"BANDBTC":0,"BATBTC":0,"BCDBTC":0.0011243645867151176,"BCHBTC":0,"BEAMBTC":0,"BELBTC":0,"BLZBTC":0,"BNBBTC":0,"BNTBTC":0,"BQXBTC":0,"BRDBTC":0.0052331628472877595,"BTCSTBTC":0,"BTGBTC":0,"BTSBTC":0,"BZRXBTC":0,"CAKEBTC":0,"CDTBTC":0.0017045601732659592,"CELOBTC":0.010955864062831557,"CELRBTC":0.0015482998229521309,"CFXBTC":0,"CHRBTC":0,"CHZBTC":0,"CKBBTC":0,"CNDBTC":0.004116630264307103,"COMPBTC":0,"COSBTC":0,"COTIBTC":0,"CRVBTC":0,"CTKBTC":0,"CTSIBTC":0.0028849245936398886,"CTXCBTC":0,"CVCBTC":0,"DASHBTC":0,"DATABTC":0,"DCRBTC":0.06914298825907414,"DEGOBTC":0.003767389373015322,"DGBBTC":0,"DIABTC":0,"DLTBTC":0.013425324801942445,"DNTBTC":0.004549342232785926,"DOCKBTC":0.0019861292065529853,"DODOBTC":0,"DOGEBTC":0,"DOTBTC":0,"DREPBTC":0,"DUSKBTC":0,"EGLDBTC":0,"ELFBTC":0,"ENJBTC":0,"EOSBTC":0,"EPSBTC":0,"ETCBTC":0,"ETHBTC":0,"EVXBTC":0.017422378990747174,"EZBTC":0,"FETBTC":0,"FILBTC":0,"FIOBTC":0,"FIROBTC":0,"FISBTC":0,"FLMBTC":0,"FORBTC":0,"FORTHBTC":0.0032725522484556057,"FRONTBTC":0.011664732375596194,"FTMBTC":0,"FTTBTC":0.022472573060612636,"FUNBTC":0.004440536317559559,"FXSBTC":0,"GASBTC":0,"GLMBTC":0,"GOBTC":0.006193706393323905,"GRSBTC":0.0006979620333353826,"GRTBTC":0,"GTOBTC":0,"GVTBTC":0,"GXSBTC":0,"HARDBTC":0,"HBARBTC":0,"HIVEBTC":0.0026039074146042016,"HNTBTC":0.013209811749562265,"ICPBTC":0,"ICXBTC":0,"IDEXBTC":0,"INJBTC":0.01066446872840426,"IOSTBTC":0,"IOTABTC":0,"IOTXBTC":0,"IRISBTC":0,"JSTBTC":0.004909392798246981,"JUVBTC":0.0066652785435708925,"KAVABTC":0,"KMDBTC":0,"KNCBTC":0,"KSMBTC":0,"LINABTC":0,"LINKBTC":0,"LITBTC":0,"LOOMBTC":0.004866685292158073,"LRCBTC":0,"LSKBTC":0,"LTCBTC":0,"LTOBTC":0,"LUNABTC":0.015723381865378906,"MANABTC":0,"MATICBTC":0.013450110043688006,"MDABTC":0.025786347424312094,"MDTBTC":0,"MIRBTC":0.026197794320682276,"MITHBTC":0,"MKRBTC":0,"MTHBTC":0,"MTLBTC":0,"NANOBTC":0,"NASBTC":0.0031051478961131476,"NAVBTC":0.012338800945480174,"NBSBTC":0,"NEARBTC":0.002776145075167096,"NEBLBTC":0,"NEOBTC":0,"NKNBTC":0,"NMRBTC":0.0038876905064326207,"NULSBTC":0,"NXSBTC":0.025970068635151056,"OAXBTC":0.015073144144828347,"OCEANBTC":0,"OGNBTC":0,"OMBTC":0,"OMGBTC":0,"ONEBTC":0.0031087375452541356,"ONGBTC":0,"ONTBTC":0,"ORNBTC":0,"OSTBTC":0.0014107251412780197,"OXTBTC":0.012033991780743169,"PAXGBTC":0.04204556356820394,"PERLBTC":0.0008239343165007807,"PERPBTC":0.007894639688190534,"PHABTC":0.0021720419955562325,"PHBBTC":0.0014074203663940255,"PIVXBTC":0.010611904428874138,"PNTBTC":0,"POABTC":0.0003757455684649378,"POLYBTC":0,"PONDBTC":0,"POWRBTC":0,"PPTBTC":0.0024688797665704493,"QKCBTC":0.00006145770056002178,"QLCBTC":0,"QSPBTC":0,"QTUMBTC":0,"RAMPBTC":0,"RCNBTC":0,"RDNBTC":0.008976527628023215,"REEFBTC":0,"RENBTC":0,"RENBTCBTC":0.35394197467973204,"REPBTC":0,"REQBTC":0.003953941605943529,"RIFBTC":0.009798955895297043,"RLCBTC":0,"ROSEBTC":0,"RSRBTC":0,"RUNEBTC":0.009669440694245779,"RVNBTC":0,"SANDBTC":0,"SCBTC":0.0012291022794628107,"SCRTBTC":0.009629403669456405,"SFPBTC":0,"SKLBTC":0,"SKYBTC":0,"SNGLSBTC":0.0021755678501973724,"SNMBTC":0,"SNTBTC":0.0047856846661974185,"SNXBTC":0.0013251956023390228,"SOLBTC":0.011782742094047824,"SRMBTC":0.003421775033516977,"STEEMBTC":0,"STMXBTC":0,"STORJBTC":0,"STPTBTC":0,"STRAXBTC":0,"STXBTC":0,"SUNBTC":0,"SUPERBTC":0,"SUSHIBTC":0.004768756512106639,"SXPBTC":0,"SYSBTC":0,"TCTBTC":0,"TFUELBTC":0,"THETABTC":0,"TKOBTC":0,"TLMBTC":0,"TOMOBTC":0,"TRBBTC":0,"TROYBTC":0.0016250624554080323,"TRUBTC":0,"TRXBTC":0,"TVKBTC":0,"TWTBTC":0,"UMABTC":0.01136019042577192,"UNFIBTC":0,"UNIBTC":0,"UTKBTC":0,"VETBTC":0,"VIABTC":0.020364365219546352,"VIBBTC":0.0050534277669893445,"VIDTBTC":0,"VITEBTC":0.00408040623179636,"WABIBTC":0,"WANBTC":0,"WAVESBTC":0,"WINGBTC":0.002371726146074084,"WNXMBTC":0,"WPRBTC":0,"WRXBTC":0,"WTCBTC":0,"XEMBTC":0,"XLMBTC":0,"XMRBTC":0,"XRPBTC":0.01877361703686616,"XTZBTC":0,"XVGBTC":0.00018462736298532645,"XVSBTC":0,"YFIBTC":0,"YFIIBTC":0,"YOYOBTC":0,"ZECBTC":0,"ZENBTC":0,"ZILBTC":0,"ZRXBTC":0},"numerosità_campione":260,"expected_return":0.00007568522617230013,"standard_deviation":0.0007279856275966229,"sharpe_ratio":0.1039652752790847}