{"weights":{"1INCHBTC":0,"AAVEBTC":0,"ADABTC":0,"ADXBTC":0.012955767883053911,"AERGOBTC":0,"AGIBTC":0.003995171989329118,"AGIXBTC":0.0018155694585809158,"AIONBTC":0,"AKROBTC":0,"ALGOBTC":0,"ALICEBTC":0,"ALPHABTC":0,"AMBBTC":0,"ANKRBTC":0.002991961016011605,"ANTBTC":0,"APPCBTC":0.0024115748874442805,"ARBTC":0,"ARDRBTC":0,"ARKBTC":0,"ARPABTC":0,"ASTBTC":0.007647963406157313,"ATABTC":0,"ATOMBTC":0,"AUCTIONBTC":0.0015062611384584305,"AUDIOBTC":0,"AUTOBTC":0,"AVABTC":0,"AVAXBTC":0,"AXSBTC":0,"BADGERBTC":0.00024329853508333693,"BALBTC":0,"BANDBTC":0,"BATBTC":0,"BCDBTC":0.0004459318571124397,"BCHBTC":0,"BEAMBTC":0,"BELBTC":0,"BLZBTC":0,"BNBBTC":0,"BNTBTC":0.041946542691142466,"BQXBTC":0,"BRDBTC":0,"BTCSTBTC":0,"BTGBTC":0.0009395607388546068,"BTSBTC":0,"BZRXBTC":0,"CAKEBTC":0,"CDTBTC":0,"CELOBTC":0,"CELRBTC":0,"CFXBTC":0,"CHRBTC":0,"CHZBTC":0,"CKBBTC":0.0007202423076313764,"CNDBTC":0,"COMPBTC":0,"COSBTC":0.00043757253799348,"COTIBTC":0,"CRVBTC":0,"CTKBTC":0,"CTSIBTC":0,"CTXCBTC":0.005692005518642026,"CVCBTC":0,"DASHBTC":0,"DATABTC":0.004127778227237208,"DCRBTC":0.008878464098847245,"DEGOBTC":0,"DGBBTC":0,"DIABTC":0,"DLTBTC":0,"DNTBTC":0.008776754844488047,"DOCKBTC":0,"DODOBTC":0,"DOGEBTC":0,"DOTBTC":0,"DREPBTC":0,"DUSKBTC":0.0000021502905628904754,"EGLDBTC":0,"ELFBTC":0.00337791104765064,"ENJBTC":0,"EOSBTC":0,"EPSBTC":0.003860890501733323,"ETCBTC":0,"ETHBTC":0,"EVXBTC":0.006193427865515536,"EZBTC":0,"FETBTC":0,"FILBTC":0,"FIOBTC":0.0016410357446120945,"FIROBTC":0,"FISBTC":0,"FLMBTC":0,"FORBTC":0.0031319432790939896,"FORTHBTC":0,"FRONTBTC":0,"FTMBTC":0,"FTTBTC":0.03493836887753061,"FUNBTC":0.0011660720840013113,"FXSBTC":0,"GASBTC":0.014462865919516213,"GLMBTC":0,"GOBTC":0.001854711048824544,"GRSBTC":0,"GRTBTC":0,"GTOBTC":0,"GVTBTC":0,"GXSBTC":0,"HARDBTC":0.004323251759670366,"HBARBTC":0.002363546443035998,"HIVEBTC":0,"HNTBTC":0.005846485417159038,"ICPBTC":0,"ICXBTC":0,"IDEXBTC":0.006416993957544261,"INJBTC":0,"IOSTBTC":0.0014897965867834131,"IOTABTC":0,"IOTXBTC":0,"IRISBTC":0,"JSTBTC":0.0028056935159444093,"KAVABTC":0,"KMDBTC":0,"KNCBTC":0,"KSMBTC":0.007123979937330533,"LINABTC":0,"LINKBTC":0,"LITBTC":0,"LOOMBTC":0,"LPTBTC":0.006905612180328103,"LRCBTC":0.0030639942746429906,"LSKBTC":0,"LTCBTC":0.022830739108389717,"LTOBTC":0.004195444651272118,"LUNABTC":0,"MANABTC":0,"MATICBTC":0,"MDABTC":0.054870932104173306,"MDTBTC":0,"MDXBTC":0,"MIRBTC":0,"MITHBTC":0.0006264503164246475,"MKRBTC":0,"MTHBTC":0,"MTLBTC":0.00009965298449384353,"NANOBTC":0,"NASBTC":0,"NAVBTC":0.0018251165033528966,"NBSBTC":0,"NEARBTC":0.003507532288123615,"NEBLBTC":0.01122775677629465,"NEOBTC":0,"NKNBTC":0,"NMRBTC":0,"NUBTC":0,"NULSBTC":0.0012724242951590709,"NXSBTC":0.0024297552088457645,"OAXBTC":0.0014776301684089168,"OCEANBTC":0,"OGNBTC":0,"OMBTC":0.005695472765277657,"OMGBTC":0,"ONEBTC":0,"ONGBTC":0,"ONTBTC":0,"ORNBTC":0,"OSTBTC":0,"OXTBTC":0,"PAXGBTC":0.046843341435592975,"PERLBTC":0,"PERPBTC":0,"PHABTC":0,"PHBBTC":0,"PIVXBTC":0.00195259337447186,"PNTBTC":0,"POABTC":0.000594337769332904,"POLSBTC":0.00974613741651328,"POLYBTC":0,"PONDBTC":0,"POWRBTC":0,"PPTBTC":0.004242461458036769,"QKCBTC":0,"QLCBTC":0.00036133797979119196,"QSPBTC":0.0013798566229391693,"QTUMBTC":0,"RAMPBTC":0,"RCNBTC":0.004757571360114291,"RDNBTC":0.003701476541476833,"REEFBTC":0.000004794684738526379,"RENBTC":0,"RENBTCBTC":0.5390755615025217,"REPBTC":0,"REQBTC":0,"RIFBTC":0.005542611879817703,"RLCBTC":0,"ROSEBTC":0.009631525962129217,"RSRBTC":0,"RUNEBTC":0,"RVNBTC":0,"SANDBTC":0,"SCBTC":0,"SCRTBTC":0,"SFPBTC":0,"SKLBTC":0,"SKYBTC":0.00024882868578351405,"SNGLSBTC":0,"SNMBTC":0,"SNTBTC":0.00022402505262520176,"SNXBTC":0,"SOLBTC":0,"SRMBTC":0,"STEEMBTC":0,"STMXBTC":0.0005914469883841902,"STORJBTC":0.0057310453311295514,"STPTBTC":0.0008554120760263825,"STRAXBTC":0,"STXBTC":0,"SUNBTC":0,"SUPERBTC":0,"SUSHIBTC":0,"SXPBTC":0,"SYSBTC":0,"TCTBTC":0.0007094876196387027,"TFUELBTC":0.0028904012087533244,"THETABTC":0,"TKOBTC":0,"TLMBTC":0,"TOMOBTC":0.0044805061274389105,"TRBBTC":0,"TROYBTC":0,"TRUBTC":0,"TRXBTC":0.004322539895366467,"TVKBTC":0,"TWTBTC":0.0005062439442250394,"UMABTC":0,"UNFIBTC":0,"UNIBTC":0,"UTKBTC":0,"VETBTC":0,"VIABTC":0,"VIBBTC":0.0010716709069169383,"VIDTBTC":0,"VITEBTC":0.00021974047864853423,"WABIBTC":0.008353766384607315,"WANBTC":0,"WAVESBTC":0,"WINGBTC":0,"WNXMBTC":0,"WPRBTC":0.0019278746046448613,"WRXBTC":0,"WTCBTC":0.0052168038918163654,"XEMBTC":0.000562565356315624,"XLMBTC":0.00011816238565632386,"XMRBTC":0,"XRPBTC":0.006758000987971135,"XTZBTC":0,"XVGBTC":0,"XVSBTC":0,"YFIBTC":0,"YFIIBTC":0,"YOYOBTC":0.0008178110488113893,"ZECBTC":0,"ZENBTC":0,"ZILBTC":0,"ZRXBTC":0},"numerosità_campione":900,"expected_return":-0.000015063856317026419,"standard_deviation":0.0005213379418265511,"sharpe_ratio":-0.028894609635065}