{"weights":{"1INCHBTC":0.0039016932870103724,"AAVEBTC":0.001779919377710967,"ACMBTC":0,"ADABTC":0,"ADXBTC":0,"AERGOBTC":0.011546501905429309,"AGIBTC":0.0010302703435577138,"AIONBTC":0,"AKROBTC":0,"ALGOBTC":0,"ALICEBTC":0.001742032232982019,"ALPHABTC":0,"AMBBTC":0.002980855322612019,"ANKRBTC":0.00424097448267654,"ANTBTC":0,"APPCBTC":0.008207884545015748,"ARBTC":0.0004237320308087553,"ARDRBTC":0,"ARKBTC":0,"ARPABTC":0,"ASTBTC":0.0004241665796900316,"ATOMBTC":0,"AUCTIONBTC":0.0002104819548803833,"AUDIOBTC":0,"AUTOBTC":0.0033084278630859,"AVABTC":0.007137456384651461,"AVAXBTC":0.004276260527142509,"AXSBTC":0,"BADGERBTC":0.008571523008830276,"BALBTC":0,"BANDBTC":0,"BATBTC":0.005569710176457512,"BCDBTC":0.001074449882196119,"BCHBTC":0,"BEAMBTC":0,"BELBTC":0.006426227799404516,"BLZBTC":0,"BNBBTC":0,"BNTBTC":0,"BQXBTC":0.0020258123278556334,"BRDBTC":0.004042193147600506,"BTCSTBTC":0,"BTGBTC":0,"BTSBTC":0,"BZRXBTC":0,"CAKEBTC":0.0048532683638699,"CDTBTC":0,"CELOBTC":0.0029437342347317253,"CELRBTC":0,"CFXBTC":0.0022848805291978357,"CHRBTC":0,"CHZBTC":0,"CKBBTC":0,"CNDBTC":0.003533753439210281,"COMPBTC":0,"COSBTC":0.0008205397820560393,"COTIBTC":0,"CRVBTC":0,"CTKBTC":0.0017922089573835054,"CTSIBTC":0.0017907711960357508,"CTXCBTC":0.002675351123386724,"CVCBTC":0,"DASHBTC":0,"DATABTC":0.0004923493301489699,"DCRBTC":0.055077428905019356,"DEGOBTC":0.0028733111666425417,"DGBBTC":0,"DIABTC":0.0035915257797098287,"DLTBTC":0.004654669344675097,"DNTBTC":0,"DOCKBTC":0,"DODOBTC":0,"DOGEBTC":0,"DOTBTC":0,"DREPBTC":0,"DUSKBTC":0,"EGLDBTC":0,"ELFBTC":0,"ENJBTC":0,"EOSBTC":0,"EPSBTC":0,"ETCBTC":0,"ETHBTC":0,"EVXBTC":0.02209857710119817,"EZBTC":0.007262019233433947,"FETBTC":0,"FILBTC":0.022659797204502497,"FIOBTC":0,"FIROBTC":0,"FISBTC":0,"FLMBTC":0,"FORBTC":0.0033665758526431684,"FORTHBTC":0.005640863750475511,"FRONTBTC":0.004292148834716378,"FTMBTC":0,"FTTBTC":0.02634272080944883,"FUNBTC":0,"FXSBTC":0,"GASBTC":0.009855984080553838,"GLMBTC":0.006191408950368716,"GOBTC":0,"GRSBTC":0.003339958590019652,"GRTBTC":0.00010983911669736452,"GTOBTC":0,"GVTBTC":0,"GXSBTC":0.0005668440390500541,"HARDBTC":0.0004609954148538418,"HBARBTC":0,"HIVEBTC":0.0022005000068350254,"HNTBTC":0,"ICPBTC":0.0072863836792377975,"ICXBTC":0,"IDEXBTC":0.0005120115633626598,"INJBTC":0.0038591377183068354,"IOSTBTC":0,"IOTABTC":0,"IOTXBTC":0,"IRISBTC":0.0009073211132123036,"JSTBTC":0,"JUVBTC":0.000532988042000283,"KAVABTC":0,"KMDBTC":0,"KNCBTC":0,"KSMBTC":0,"LINABTC":0,"LINKBTC":0,"LITBTC":0,"LOOMBTC":0.002873350467937665,"LRCBTC":0,"LSKBTC":0,"LTCBTC":0.004942217773736149,"LTOBTC":0,"LUNABTC":0.02291286136694604,"MANABTC":0,"MATICBTC":0,"MDABTC":0.03718489525284085,"MDTBTC":0.004046594064420194,"MIRBTC":0.006807052684173423,"MITHBTC":0,"MKRBTC":0,"MTHBTC":0.0005918724997336454,"MTLBTC":0,"NANOBTC":0,"NASBTC":0,"NAVBTC":0.017110285207176987,"NBSBTC":0.0005068577413300351,"NEARBTC":0.005292980141483282,"NEBLBTC":0.010626882824753912,"NEOBTC":0,"NKNBTC":0,"NMRBTC":0.0029827920498852046,"NULSBTC":0,"NXSBTC":0.025399729229789454,"OAXBTC":0.004899454758891228,"OCEANBTC":0,"OGNBTC":0,"OMBTC":0.00028312580641845633,"OMGBTC":0,"ONEBTC":0,"ONGBTC":0,"ONTBTC":0,"ORNBTC":0.014352825912864967,"OSTBTC":0.0013682657720319295,"OXTBTC":0.006998067160950741,"PAXGBTC":0.04219600045877936,"PERLBTC":0,"PERPBTC":0,"PHABTC":0.0005509216049176146,"PHBBTC":0.0012879120266289868,"PIVXBTC":0.013620895269807426,"PNTBTC":0,"POABTC":0.0021837540952854566,"POLYBTC":0.0027756103535817346,"PONDBTC":0,"POWRBTC":0,"PPTBTC":0.0024608409125078607,"QKCBTC":0.0009257025089913977,"QLCBTC":0.004602585547404469,"QSPBTC":0,"QTUMBTC":0,"RAMPBTC":0.007861342756538098,"RCNBTC":0,"RDNBTC":0.015802572886952696,"REEFBTC":0,"RENBTC":0,"RENBTCBTC":0.3553592766238111,"REPBTC":0,"REQBTC":0.007583301339231703,"RIFBTC":0.011859478078746745,"RLCBTC":0,"ROSEBTC":0.004858733164574081,"RSRBTC":0,"RUNEBTC":0,"RVNBTC":0,"SANDBTC":0,"SCBTC":0.000007181798674020134,"SCRTBTC":0.003994420871372841,"SFPBTC":0,"SKLBTC":0,"SKYBTC":0,"SNGLSBTC":0.0019750085943640652,"SNMBTC":0,"SNTBTC":0,"SNXBTC":0,"SOLBTC":0.0033055810098055294,"SRMBTC":0,"STEEMBTC":0,"STMXBTC":0,"STORJBTC":0,"STPTBTC":0.0012692297655149034,"STRAXBTC":0,"STXBTC":0.004596122496992847,"SUNBTC":0,"SUPERBTC":0,"SUSHIBTC":0,"SXPBTC":0,"SYSBTC":0,"TCTBTC":0,"TFUELBTC":0,"THETABTC":0,"TKOBTC":0.001040297731000958,"TLMBTC":0.0032447135207073286,"TOMOBTC":0,"TRBBTC":0,"TROYBTC":0,"TRUBTC":0,"TRXBTC":0,"TVKBTC":0,"TWTBTC":0.0040677688887041956,"UMABTC":0.003509746385477279,"UNFIBTC":0,"UNIBTC":0.002585220535357338,"UTKBTC":0,"VETBTC":0,"VIABTC":0.018498096487568734,"VIBBTC":0.006282445368576997,"VIDTBTC":0,"VITEBTC":0.0022705745730030123,"WABIBTC":0,"WANBTC":0,"WAVESBTC":0,"WINGBTC":0.000992523278546327,"WNXMBTC":0,"WPRBTC":0.0006493763439989409,"WRXBTC":0,"WTCBTC":0,"XEMBTC":0,"XLMBTC":0,"XMRBTC":0,"XRPBTC":0,"XTZBTC":0,"XVGBTC":0.0010654706561997618,"XVSBTC":0,"YFIBTC":0,"YFIIBTC":0,"YOYOBTC":0,"ZECBTC":0.0037467429184289205,"ZENBTC":0,"ZILBTC":0,"ZRXBTC":0},"numerosità_campione":260,"expected_return":-0.0000037823027293315556,"standard_deviation":0.0005702668888747078,"sharpe_ratio":-0.006632513307576161}