{"weights":{"1INCHBTC":0,"AAVEBTC":0.0030427639869445473,"ACMBTC":0.0014038413128837,"ADABTC":0.014982288713912564,"ADXBTC":0,"AERGOBTC":0.011103237202560474,"AGIBTC":0.009181975940832296,"AIONBTC":0,"AKROBTC":0,"ALGOBTC":0,"ALICEBTC":0.017127475708979455,"ALPHABTC":0,"AMBBTC":0,"ANKRBTC":0.006969569773655691,"ANTBTC":0,"APPCBTC":0,"ARBTC":0,"ARDRBTC":0.0017141111356188381,"ARKBTC":0,"ARPABTC":0,"ASTBTC":0,"ATOMBTC":0,"AUCTIONBTC":0.002746247857978085,"AUDIOBTC":0.002626377811802031,"AUTOBTC":0.0008146272438668277,"AVABTC":0.004337778135262368,"AVAXBTC":0.010939137515015948,"AXSBTC":0,"BADGERBTC":0.005863835884028612,"BALBTC":0,"BANDBTC":0,"BATBTC":0,"BCDBTC":0,"BCHBTC":0,"BEAMBTC":0,"BELBTC":0,"BLZBTC":0.002473839443147689,"BNBBTC":0,"BNTBTC":0,"BQXBTC":0,"BRDBTC":0.005831884614410236,"BTCSTBTC":0.0019718656977767996,"BTGBTC":0,"BTSBTC":0.00014884039507424802,"BZRXBTC":0,"CAKEBTC":0.001010381653142609,"CDTBTC":0,"CELOBTC":0.013042956733134447,"CELRBTC":0,"CFXBTC":0,"CHRBTC":0,"CHZBTC":0,"CKBBTC":0,"CNDBTC":0.0033519410864227637,"COMPBTC":0,"COSBTC":0.0008789176352444518,"COTIBTC":0,"CRVBTC":0,"CTKBTC":0,"CTSIBTC":0.006236531406807207,"CTXCBTC":0.001334326376641006,"CVCBTC":0,"DASHBTC":0,"DATABTC":0.004750926768138894,"DCRBTC":0.02220411169496949,"DEGOBTC":0.00647969023902437,"DGBBTC":0,"DIABTC":0,"DLTBTC":0,"DNTBTC":0.0007274561748324361,"DOCKBTC":0.003996500248143648,"DODOBTC":0,"DOGEBTC":0,"DOTBTC":0,"DREPBTC":0,"DUSKBTC":0,"EGLDBTC":0,"ELFBTC":0,"ENJBTC":0,"EOSBTC":0,"EPSBTC":0.001843303224266688,"ETCBTC":0,"ETHBTC":0,"EVXBTC":0.01675045648047722,"EZBTC":0.004538116381523237,"FETBTC":0,"FILBTC":0.017018353511889357,"FIOBTC":0,"FIROBTC":0,"FISBTC":0,"FLMBTC":0,"FORBTC":0,"FORTHBTC":0.00961102260927238,"FRONTBTC":0.0024354436888469983,"FTMBTC":0,"FTTBTC":0.01740812998820019,"FUNBTC":0,"FXSBTC":0,"GASBTC":0,"GLMBTC":0.007003476092472263,"GOBTC":0,"GRSBTC":0,"GRTBTC":0,"GTOBTC":0,"GVTBTC":0,"GXSBTC":0.0009606392347240947,"HARDBTC":0.0016281067524611718,"HBARBTC":0,"HIVEBTC":0.005154450335489969,"HNTBTC":0,"ICPBTC":0,"ICXBTC":0,"IDEXBTC":0,"INJBTC":0,"IOSTBTC":0,"IOTABTC":0,"IOTXBTC":0,"IRISBTC":0,"JSTBTC":0,"JUVBTC":0.002371151640753462,"KAVABTC":0,"KMDBTC":0,"KNCBTC":0,"KSMBTC":0,"LINABTC":0,"LINKBTC":0,"LITBTC":0,"LOOMBTC":0.0034065288309288906,"LRCBTC":0,"LSKBTC":0,"LTCBTC":0,"LTOBTC":0,"LUNABTC":0.026340870205921747,"MANABTC":0,"MATICBTC":0.007009175133196934,"MDABTC":0.0285532182948479,"MDTBTC":0.006862189579794913,"MIRBTC":0.022614195172532738,"MITHBTC":0,"MKRBTC":0,"MTHBTC":0.0002362355179612799,"MTLBTC":0,"NANOBTC":0,"NASBTC":0,"NAVBTC":0,"NBSBTC":0.002397227972718203,"NEARBTC":0.01061396469783146,"NEBLBTC":0.009702779785937789,"NEOBTC":0,"NKNBTC":0,"NMRBTC":0.006153309220992339,"NULSBTC":0,"NXSBTC":0.022900891346374925,"OAXBTC":0,"OCEANBTC":0,"OGNBTC":0,"OMBTC":0.002288562092587444,"OMGBTC":0,"ONEBTC":0.007412062964819389,"ONGBTC":0,"ONTBTC":0,"ORNBTC":0.0037049638115305384,"OSTBTC":0.001832068408390794,"OXTBTC":0.009536737075434058,"PAXGBTC":0.07602113946555089,"PERLBTC":0,"PERPBTC":0.003815911162892418,"PHABTC":0.00496345426402536,"PHBBTC":0.0029786081604691733,"PIVXBTC":0.018784803800876534,"PNTBTC":0,"POABTC":0,"POLYBTC":0,"PONDBTC":0,"POWRBTC":0,"PPTBTC":0,"QKCBTC":0.0006605283640662825,"QLCBTC":0.000003544762722853317,"QSPBTC":0,"QTUMBTC":0,"RAMPBTC":0.007270553885958155,"RCNBTC":0,"RDNBTC":0.007563204262016347,"REEFBTC":0,"RENBTC":0,"RENBTCBTC":0.3539195886342155,"REPBTC":0,"REQBTC":0.0038327837006663333,"RIFBTC":0.012628136845384401,"RLCBTC":0,"ROSEBTC":0,"RSRBTC":0,"RUNEBTC":0,"RVNBTC":0,"SANDBTC":0,"SCBTC":0.00011218187164479084,"SCRTBTC":0,"SFPBTC":0,"SKLBTC":0,"SKYBTC":0,"SNGLSBTC":0.002400916341959052,"SNMBTC":0,"SNTBTC":0.0032105986190529927,"SNXBTC":0,"SOLBTC":0.014720838455985204,"SRMBTC":0.00727306632595061,"STEEMBTC":0,"STMXBTC":0,"STORJBTC":0,"STPTBTC":0.0020528011155207726,"STRAXBTC":0,"STXBTC":0,"SUNBTC":0,"SUPERBTC":0,"SUSHIBTC":0,"SXPBTC":0,"SYSBTC":0,"TCTBTC":0,"TFUELBTC":0.0003241531259866006,"THETABTC":0,"TKOBTC":0,"TLMBTC":0.0043702507858923495,"TOMOBTC":0,"TRBBTC":0,"TROYBTC":0.00026038684771051695,"TRUBTC":0,"TRXBTC":0,"TVKBTC":0,"TWTBTC":0,"UMABTC":0.0042031414130423595,"UNFIBTC":0,"UNIBTC":0,"UTKBTC":0.0011323227958577448,"VETBTC":0,"VIABTC":0.01210893185912433,"VIBBTC":0.0037471494460831942,"VIDTBTC":0,"VITEBTC":0.006360385691895201,"WABIBTC":0,"WANBTC":0,"WAVESBTC":0,"WINGBTC":0.00476846885167075,"WNXMBTC":0,"WPRBTC":0.0008813785123185127,"WRXBTC":0,"WTCBTC":0,"XEMBTC":0,"XLMBTC":0.0018278798168935469,"XMRBTC":0,"XRPBTC":0.009500022661707293,"XTZBTC":0,"XVGBTC":0.002721799710429891,"XVSBTC":0,"YFIBTC":0,"YFIIBTC":0,"YOYOBTC":0,"ZECBTC":0,"ZENBTC":0,"ZILBTC":0,"ZRXBTC":0},"numerosità_campione":260,"expected_return":0.00006678346866684845,"standard_deviation":0.0006625578614116356,"sharpe_ratio":0.10079643236676812}