{"weights":{"1INCHBTC":0,"AAVEBTC":0.0004589278266210929,"ACMBTC":0.0026750462707174827,"ADABTC":0.023378128644441297,"ADXBTC":0,"AERGOBTC":0.008638693801195967,"AGIBTC":0.012682674037211985,"AIONBTC":0,"AKROBTC":0,"ALGOBTC":0,"ALICEBTC":0.024526247462133256,"ALPHABTC":0,"AMBBTC":0,"ANKRBTC":0.005571581547808593,"ANTBTC":0,"APPCBTC":0,"ARBTC":0,"ARDRBTC":0.0025671325300223946,"ARKBTC":0,"ARPABTC":0,"ASTBTC":0,"ATOMBTC":0,"AUCTIONBTC":0.003625196777384264,"AUDIOBTC":0.004325112886271332,"AUTOBTC":0,"AVABTC":0.0011758848482793583,"AVAXBTC":0.013916328878049245,"AXSBTC":0,"BADGERBTC":0.0035848297479424093,"BALBTC":0,"BANDBTC":0,"BATBTC":0,"BCDBTC":0,"BCHBTC":0,"BEAMBTC":0,"BELBTC":0,"BLZBTC":0.003473786764366338,"BNBBTC":0,"BNTBTC":0,"BQXBTC":0,"BRDBTC":0.005477886246826777,"BTCSTBTC":0.0038244911408405816,"BTGBTC":0,"BTSBTC":0.00026936725909332444,"BZRXBTC":0,"CAKEBTC":0,"CDTBTC":0,"CELOBTC":0.01782704155360929,"CELRBTC":0,"CFXBTC":0,"CHRBTC":0,"CHZBTC":0,"CKBBTC":0,"CNDBTC":0.0032990100267634393,"COMPBTC":0,"COSBTC":0.0006523913003340913,"COTIBTC":0,"CRVBTC":0,"CTKBTC":0,"CTSIBTC":0.00772160514250648,"CTXCBTC":0,"CVCBTC":0,"DASHBTC":0,"DATABTC":0.006449500132599022,"DCRBTC":0.0016212458868230006,"DEGOBTC":0.00805291338892379,"DGBBTC":0,"DIABTC":0,"DLTBTC":0,"DNTBTC":0.0025679894331013843,"DOCKBTC":0.006420136892864677,"DODOBTC":0,"DOGEBTC":0,"DOTBTC":0,"DREPBTC":0,"DUSKBTC":0,"EGLDBTC":0,"ELFBTC":0,"ENJBTC":0,"EOSBTC":0,"EPSBTC":0.002957939004202656,"ETCBTC":0,"ETHBTC":0,"EVXBTC":0.012859281307437069,"EZBTC":0.0022273667713879953,"FETBTC":0,"FILBTC":0.013255346446061831,"FIOBTC":0,"FIROBTC":0,"FISBTC":0,"FLMBTC":0,"FORBTC":0,"FORTHBTC":0.011123162807729986,"FRONTBTC":0,"FTMBTC":0,"FTTBTC":0.0027667481614000334,"FUNBTC":0,"FXSBTC":0,"GASBTC":0,"GLMBTC":0.004887629145892099,"GOBTC":0,"GRSBTC":0,"GRTBTC":0,"GTOBTC":0,"GVTBTC":0,"GXSBTC":0.0007577612978797078,"HARDBTC":0.0005994486869487041,"HBARBTC":0,"HIVEBTC":0.005982878373387998,"HNTBTC":0,"ICPBTC":0,"ICXBTC":0,"IDEXBTC":0,"INJBTC":0,"IOSTBTC":0,"IOTABTC":0,"IOTXBTC":0,"IRISBTC":0,"JSTBTC":0,"JUVBTC":0.0032271140829357348,"KAVABTC":0,"KMDBTC":0,"KNCBTC":0,"KSMBTC":0.0007435374909590766,"LINABTC":0,"LINKBTC":0,"LITBTC":0,"LOOMBTC":0.0020451086680677326,"LRCBTC":0,"LSKBTC":0,"LTCBTC":0,"LTOBTC":0,"LUNABTC":0.024056024542912065,"MANABTC":0,"MATICBTC":0.010146721102285646,"MDABTC":0.020452548718444298,"MDTBTC":0.0075945211968675465,"MIRBTC":0.02905668661776857,"MITHBTC":0,"MKRBTC":0,"MTHBTC":0,"MTLBTC":0,"NANOBTC":0,"NASBTC":0,"NAVBTC":0,"NBSBTC":0.003264222324093863,"NEARBTC":0.01305572414634934,"NEBLBTC":0.007329817212560941,"NEOBTC":0,"NKNBTC":0,"NMRBTC":0.008281428446637998,"NULSBTC":0,"NXSBTC":0.018390362879296927,"OAXBTC":0,"OCEANBTC":0,"OGNBTC":0,"OMBTC":0.0032481440921337318,"OMGBTC":0,"ONEBTC":0.011893215830851477,"ONGBTC":0,"ONTBTC":0,"ORNBTC":0,"OSTBTC":0.0013590800447716937,"OXTBTC":0.009496731371582643,"PAXGBTC":0.09660339962641751,"PERLBTC":0,"PERPBTC":0.008103973779763124,"PHABTC":0.006816098599804287,"PHBBTC":0.004018841494063087,"PIVXBTC":0.021114851521301076,"PNTBTC":0,"POABTC":0,"POLYBTC":0,"PONDBTC":0,"POWRBTC":0,"PPTBTC":0,"QKCBTC":0.0004030303451600387,"QLCBTC":0,"QSPBTC":0,"QTUMBTC":0,"RAMPBTC":0.005463635583479049,"RCNBTC":0,"RDNBTC":0.002813109379062434,"REEFBTC":0,"RENBTC":0,"RENBTCBTC":0.33806485605251757,"REPBTC":0,"REQBTC":0,"RIFBTC":0.012259376847844498,"RLCBTC":0,"ROSEBTC":0,"RSRBTC":0,"RUNEBTC":0.0015582690880567227,"RVNBTC":0,"SANDBTC":0,"SCBTC":0,"SCRTBTC":0,"SFPBTC":0,"SKLBTC":0,"SKYBTC":0,"SNGLSBTC":0.002127106687407291,"SNMBTC":0,"SNTBTC":0.005963772204879042,"SNXBTC":0,"SOLBTC":0.01951325243136287,"SRMBTC":0.010751343572540326,"STEEMBTC":0,"STMXBTC":0,"STORJBTC":0,"STPTBTC":0.0017985341797000832,"STRAXBTC":0,"STXBTC":0,"SUNBTC":0,"SUPERBTC":0,"SUSHIBTC":0,"SXPBTC":0,"SYSBTC":0,"TCTBTC":0,"TFUELBTC":0.0018216832473815397,"THETABTC":0.0021512261422823647,"TKOBTC":0,"TLMBTC":0.004405305782646293,"TOMOBTC":0,"TRBBTC":0,"TROYBTC":0.0005365901635106822,"TRUBTC":0,"TRXBTC":0,"TVKBTC":0,"TWTBTC":0,"UMABTC":0.002302285508919885,"UNFIBTC":0,"UNIBTC":0,"UTKBTC":0.0022942223744466944,"VETBTC":0,"VIABTC":0.004770831651358632,"VIBBTC":0.0019570484727353477,"VIDTBTC":0,"VITEBTC":0.0076606045237752225,"WABIBTC":0,"WANBTC":0,"WAVESBTC":0,"WINGBTC":0.006709536533773448,"WNXMBTC":0,"WPRBTC":0.00024474536272572916,"WRXBTC":0,"WTCBTC":0,"XEMBTC":0,"XLMBTC":0.0016745093568753696,"XMRBTC":0,"XRPBTC":0.017111298607306015,"XTZBTC":0,"XVGBTC":0.0031449596813251596,"XVSBTC":0,"YFIBTC":0,"YFIIBTC":0,"YOYOBTC":0,"ZECBTC":0,"ZENBTC":0,"ZILBTC":0,"ZRXBTC":0},"numerosità_campione":260,"expected_return":0.00009935228623431618,"standard_deviation":0.0007609352583729415,"sharpe_ratio":0.13056601746481655}