{"weights":{"1INCHBTC":0,"AAVEBTC":0.003613897434971517,"ACMBTC":0,"ADABTC":0.003916709870022521,"ADXBTC":0,"AERGOBTC":0.012331734169667626,"AGIBTC":0.004431278661282485,"AIONBTC":0,"AKROBTC":0,"ALGOBTC":0,"ALICEBTC":0.00760676930437711,"ALPHABTC":0,"AMBBTC":0.0019958510701840937,"ANKRBTC":0.00747310055200185,"ANTBTC":0,"APPCBTC":0.004764241703224823,"ARBTC":0,"ARDRBTC":0,"ARKBTC":0,"ARPABTC":0,"ASTBTC":0,"ATOMBTC":0,"AUCTIONBTC":0.0014436450390368422,"AUDIOBTC":0.0007662499002468549,"AUTOBTC":0.00362299936031298,"AVABTC":0.00702355656685881,"AVAXBTC":0.007042672790053704,"AXSBTC":0,"BADGERBTC":0.007779692107867021,"BALBTC":0,"BANDBTC":0,"BATBTC":0.00286549723996595,"BCDBTC":0.00043200457064443204,"BCHBTC":0,"BEAMBTC":0,"BELBTC":0,"BLZBTC":0.0003243395837247767,"BNBBTC":0,"BNTBTC":0,"BQXBTC":0.0031593594559614266,"BRDBTC":0.004679431154243194,"BTCSTBTC":0,"BTGBTC":0,"BTSBTC":0,"BZRXBTC":0,"CAKEBTC":0.004622175923927214,"CDTBTC":0,"CELOBTC":0.006642251797720223,"CELRBTC":0,"CFXBTC":0.0006313474968274544,"CHRBTC":0,"CHZBTC":0,"CKBBTC":0,"CNDBTC":0.003411055709095029,"COMPBTC":0,"COSBTC":0.0008917360894820578,"COTIBTC":0,"CRVBTC":0,"CTKBTC":0,"CTSIBTC":0.004192941572684517,"CTXCBTC":0.003335029854738711,"CVCBTC":0,"DASHBTC":0,"DATABTC":0.0023082964383400522,"DCRBTC":0.04417834857364037,"DEGOBTC":0.003870233197975039,"DGBBTC":0,"DIABTC":0,"DLTBTC":0.0032117061822251134,"DNTBTC":0,"DOCKBTC":0.0004510379434880831,"DODOBTC":0,"DOGEBTC":0,"DOTBTC":0,"DREPBTC":0,"DUSKBTC":0,"EGLDBTC":0,"ELFBTC":0,"ENJBTC":0,"EOSBTC":0,"EPSBTC":0.0005114394183364432,"ETCBTC":0,"ETHBTC":0,"EVXBTC":0.020326532177666858,"EZBTC":0.006538351489015403,"FETBTC":0,"FILBTC":0.020432292770959943,"FIOBTC":0,"FIROBTC":0,"FISBTC":0,"FLMBTC":0,"FORBTC":0.0013876690948159314,"FORTHBTC":0.007334778405189502,"FRONTBTC":0.004458117880840865,"FTMBTC":0,"FTTBTC":0.02846169505922837,"FUNBTC":0,"FXSBTC":0,"GASBTC":0.005445437512933804,"GLMBTC":0.007662636078989785,"GOBTC":0,"GRSBTC":0,"GRTBTC":0.0003593355722976964,"GTOBTC":0,"GVTBTC":0,"GXSBTC":0.0010200254145064085,"HARDBTC":0.0011618134983030434,"HBARBTC":0,"HIVEBTC":0.003427874437385239,"HNTBTC":0,"ICPBTC":0.0010606734479822557,"ICXBTC":0,"IDEXBTC":0,"INJBTC":0.00018743124434146186,"IOSTBTC":0,"IOTABTC":0,"IOTXBTC":0,"IRISBTC":0,"JSTBTC":0,"JUVBTC":0.0013194200168535647,"KAVABTC":0,"KMDBTC":0,"KNCBTC":0,"KSMBTC":0,"LINABTC":0,"LINKBTC":0,"LITBTC":0,"LOOMBTC":0.004296892897211113,"LRCBTC":0,"LSKBTC":0,"LTCBTC":0,"LTOBTC":0.0002827828364397111,"LUNABTC":0.027283513036210454,"MANABTC":0,"MATICBTC":0.002732812862828468,"MDABTC":0.035471576237259876,"MDTBTC":0.005281271964982223,"MIRBTC":0.012846340411498096,"MITHBTC":0,"MKRBTC":0,"MTHBTC":0.0003628200575924514,"MTLBTC":0,"NANOBTC":0,"NASBTC":0,"NAVBTC":0.00875213128486129,"NBSBTC":0.0013729242690946049,"NEARBTC":0.007593379973257671,"NEBLBTC":0.010831270630469625,"NEOBTC":0,"NKNBTC":0,"NMRBTC":0.0038113526570221676,"NULSBTC":0,"NXSBTC":0.025477570924395336,"OAXBTC":0.0040557522088409004,"OCEANBTC":0,"OGNBTC":0,"OMBTC":0.0011249577187997266,"OMGBTC":0,"ONEBTC":0.0016232785474631778,"ONGBTC":0,"ONTBTC":0,"ORNBTC":0.011920093465503965,"OSTBTC":0.0019274557478285287,"OXTBTC":0.008257792458485853,"PAXGBTC":0.053031668757578435,"PERLBTC":0,"PERPBTC":0,"PHABTC":0.002431798550675828,"PHBBTC":0.001729910680025707,"PIVXBTC":0.0153830689068829,"PNTBTC":0,"POABTC":0.0008439417690182257,"POLYBTC":0.000970282330877855,"PONDBTC":0,"POWRBTC":0,"PPTBTC":0,"QKCBTC":0.0011344827940230934,"QLCBTC":0.003090739148273982,"QSPBTC":0,"QTUMBTC":0,"RAMPBTC":0.00802725377765121,"RCNBTC":0,"RDNBTC":0.012861979592946446,"REEFBTC":0,"RENBTC":0,"RENBTCBTC":0.3606059399868933,"REPBTC":0,"REQBTC":0.007113421670060955,"RIFBTC":0.012727697614150896,"RLCBTC":0,"ROSEBTC":0.0029965935015594048,"RSRBTC":0,"RUNEBTC":0,"RVNBTC":0,"SANDBTC":0,"SCBTC":0.0004068716891265153,"SCRTBTC":0.002506810545412985,"SFPBTC":0,"SKLBTC":0,"SKYBTC":0,"SNGLSBTC":0.0023902465221669494,"SNMBTC":0,"SNTBTC":0.0000047809287650024415,"SNXBTC":0,"SOLBTC":0.008131705134526289,"SRMBTC":0.0024730487606281198,"STEEMBTC":0,"STMXBTC":0,"STORJBTC":0,"STPTBTC":0.0019042234930843572,"STRAXBTC":0,"STXBTC":0.0036144293068570733,"SUNBTC":0,"SUPERBTC":0,"SUSHIBTC":0,"SXPBTC":0.00016823548455837444,"SYSBTC":0,"TCTBTC":0,"TFUELBTC":0,"THETABTC":0,"TKOBTC":0.00041623424271851025,"TLMBTC":0.003823462022667154,"TOMOBTC":0,"TRBBTC":0,"TROYBTC":0,"TRUBTC":0,"TRXBTC":0,"TVKBTC":0,"TWTBTC":0.002604175341917054,"UMABTC":0.005065044949516363,"UNFIBTC":0,"UNIBTC":0,"UTKBTC":0,"VETBTC":0,"VIABTC":0.01876699791503539,"VIBBTC":0.005326253025941708,"VIDTBTC":0,"VITEBTC":0.0038873141076135593,"WABIBTC":0,"WANBTC":0,"WAVESBTC":0,"WINGBTC":0.00256843202338886,"WNXMBTC":0,"WPRBTC":0.0012388000849462989,"WRXBTC":0,"WTCBTC":0,"XEMBTC":0,"XLMBTC":0,"XMRBTC":0,"XRPBTC":0.0006492620143406014,"XTZBTC":0,"XVGBTC":0.0016842083016870332,"XVSBTC":0,"YFIBTC":0,"YFIIBTC":0,"YOYOBTC":0,"ZECBTC":0,"ZENBTC":0,"ZILBTC":0,"ZRXBTC":0},"numerosità_campione":260,"expected_return":0.00002335837857689153,"standard_deviation":0.0005844951314398062,"sharpe_ratio":0.03996334155829847}