{"weights":{"ADABNB":0,"ALGOBNB":0,"ANKRBNB":0,"ARPABNB":0.010833971654165884,"ATOMBNB":0,"BANDBNB":0,"BATBNB":0,"BCHBNB":0.0019324712547220046,"BLZBNB":0.021257997288060746,"BTTBNB":0.01716482767309103,"CELRBNB":0,"CHZBNB":0,"COCOSBNB":0,"COSBNB":0.04727835121559789,"DASHBNB":0,"ENJBNB":0,"EOSBNB":0.019163739801579444,"ETCBNB":0,"FETBNB":0,"FTMBNB":0,"FTTBNB":0.4096633284298148,"HBARBNB":0,"HOTBNB":0,"ICXBNB":0.010765269862630652,"IOSTBNB":0.030307277648704608,"IOTABNB":0,"KAVABNB":0.021807046167046415,"LTCBNB":0,"MATICBNB":0.040364937448060974,"MFTBNB":0,"MITHBNB":0,"NEOBNB":0.039279602633979796,"OGNBNB":0.0002533121901178138,"ONEBNB":0.011664350162904336,"ONTBNB":0,"PERLBNB":0.053379321382724415,"RVNBNB":0,"SCBNB":0,"STXBNB":0.027610069836118408,"THETABNB":0,"TROYBNB":0,"TRXBNB":0,"VETBNB":0,"WABIBNB":0.006042401796255701,"WANBNB":0.047811248176052076,"WAVESBNB":0.047657921276448176,"WINBNB":0,"WTCBNB":0,"XLMBNB":0,"XMRBNB":0.13157644140359726,"XRPBNB":0,"XTZBNB":0,"ZECBNB":0,"ZENBNB":0,"ZILBNB":0.004186112698327665},"numerosità_campione":517,"expected_return":-0.00023945705044269646,"standard_deviation":0.036921433128107445,"sharpe_ratio":-0.006485583850763454}