{"weights":{"AAVEETH":0.008221586267481304,"ADAETH":0,"ADXETH":0,"AIONETH":0,"BATETH":0,"BETHETH":0,"BLZETH":0.004435457991988443,"BNBETH":0.004786901754598766,"BNTETH":0.0005069974609376304,"BQXETH":0,"BRDETH":0,"CDTETH":0.0042968395533027285,"COVERETH":0,"CVCETH":0.0037782132566095963,"CVPETH":0.010975600217401673,"DASHETH":0,"DATAETH":0.0018985601746875048,"DENTETH":0.0012959242624925801,"DEXEETH":0.00047124212272399365,"DFETH":0,"ELFETH":0.000007087067247211451,"ENJETH":0.0042454941556568605,"EOSETH":0.01258522134146367,"ETCETH":0.0034761919663810984,"EZETH":0.0037291293222309367,"FIROETH":0.006803240802057751,"FRONTETH":0,"FUNETH":0.0008181212968589998,"GHSTETH":0.007534049378080266,"GLMETH":0.008236430196146564,"GRTETH":0.011563907334517013,"GXSETH":0.004240514612774746,"HEGICETH":0,"HOTETH":0.0011094964807147768,"ICXETH":0.01241524515519713,"IOSTETH":0.005299333315336836,"IOTAETH":0.001185299645791215,"IOTXETH":0.008371661129706632,"KEYETH":0,"KMDETH":0.0003062580474284355,"KNCETH":0.013470834232418112,"LINKETH":0.006330857184938264,"LOOMETH":0,"LRCETH":0,"LSKETH":0,"LTCETH":0.0012579260148863412,"MANAETH":0.0035917330524235414,"MFTETH":0,"MTLETH":0.0015485966663929252,"NANOETH":0.007020979179925955,"NASETH":0,"NAVETH":0.0017715854757099205,"NCASHETH":0,"NEBLETH":0,"NEOETH":0.00589067643239977,"OMGETH":0.003279486256885987,"ONTETH":0.004081764952987383,"OSTETH":0.011561661269005931,"PIVXETH":0.008009750491524734,"POWRETH":0.0004910957621161863,"PROSETH":0,"PUNDIXETH":0.010713393443312144,"QKCETH":0,"QLCETH":0.0023926511053554704,"QSPETH":0.006784076701060671,"QTUMETH":0,"RENBTCETH":0.0009486120976357343,"REPETH":0.0007289309493940488,"RLCETH":0.0016582590990908371,"SCETH":0.004514935639523135,"SCRTETH":0.002284005588959442,"SLPETH":0,"SNTETH":0.003109149383865844,"STEEMETH":0.012722045847912006,"STMXETH":0.00005258973593388733,"STRAXETH":0.007265061496138845,"THETAETH":0,"TRXETH":0.00805975555880213,"UFTETH":0,"VETETH":0.007666604722154078,"VIBETH":0.003407438825744861,"WANETH":0,"WAVESETH":0.007496509247992483,"XEMETH":0.02788976398252139,"XLMETH":0.013983741103350338,"XMRETH":0,"XRPETH":0.6645145888653862,"XVGETH":0,"ZECETH":0,"ZENETH":0.012075133911485323,"ZILETH":0,"ZRXETH":0.0008318014129519645},"numerosità_campione":92,"expected_return":0.00020094901338488518,"standard_deviation":0.0008497648519600255,"sharpe_ratio":0.2364760238334007}