{"weights":{"AAVEETH":0,"ADAETH":0,"ADXETH":0,"AIONETH":0,"BATETH":0.01985143514157657,"BETHETH":0,"BLZETH":0,"BNBETH":0,"BNTETH":0,"BQXETH":0,"BRDETH":0,"CDTETH":0.06571128306922669,"COVERETH":0,"CVCETH":0,"CVPETH":0,"DASHETH":0.009400340913582234,"DATAETH":0,"DENTETH":0,"DEXEETH":0.05921715034950581,"DFETH":0.002305053768216807,"ELFETH":0.0651585723207726,"ENJETH":0,"EOSETH":0.011895239241242207,"ETCETH":0,"EZETH":0.010214539838747337,"FIROETH":0,"FRONTETH":0,"FUNETH":0.014875923174796732,"GHSTETH":0.005171554876559346,"GLMETH":0,"GRTETH":0,"GXSETH":0.01903480099831556,"HEGICETH":0,"HOTETH":0.02047222579998106,"ICXETH":0,"IOSTETH":0,"IOTAETH":0,"IOTXETH":0,"KEYETH":0.09395645784394624,"KMDETH":0.005424728297046899,"KNCETH":0.06012964216315256,"LINKETH":0.0028003377003120267,"LOOMETH":0,"LRCETH":0,"LSKETH":0,"LTCETH":0,"MANAETH":0,"MFTETH":0.0052620357047155385,"MTLETH":0,"NANOETH":0.0032757041564360915,"NASETH":0,"NAVETH":0,"NCASHETH":0.05220918143812774,"NEBLETH":0,"NEOETH":0.013311765434424565,"OMGETH":0,"ONTETH":0.032669184965343864,"OSTETH":0,"PIVXETH":0.03712308099196617,"POWRETH":0,"PROSETH":0,"PUNDIXETH":0,"QKCETH":0,"QLCETH":0,"QSPETH":0.031237890129375886,"QTUMETH":0.01079396100877994,"RENBTCETH":0.024733964368716818,"REPETH":0.012075735630784698,"RLCETH":0.019819340315297748,"SCETH":0,"SCRTETH":0,"SLPETH":0,"SNTETH":0.01773620866068172,"STEEMETH":0,"STMXETH":0.06304882983272156,"STRAXETH":0.04513689040275575,"THETAETH":0,"TRXETH":0,"UFTETH":0.08667514185848128,"VETETH":0.0005847227677162398,"VIBETH":0,"WANETH":0.04637719882239564,"WAVESETH":0,"XEMETH":0,"XLMETH":0,"XMRETH":0,"XRPETH":0,"XVGETH":0,"ZECETH":0.013827893463713669,"ZENETH":0.01848198455058445,"ZILETH":0,"ZRXETH":0},"numerosità_campione":92,"expected_return":0.0008942446453292577,"standard_deviation":0.002442670404247468,"sharpe_ratio":0.36609304463438425}