{"weights":{"AAVEETH":0.010456657086061258,"ADAETH":0.0009209365818618484,"ADXETH":0.002441948886234748,"AIONETH":0,"BATETH":0,"BETHETH":0.0013608799519313848,"BLZETH":0.009952566776364526,"BNBETH":0,"BNTETH":0.00337661081254741,"BQXETH":0,"BRDETH":0,"CDTETH":0.013796171500624232,"COVERETH":0,"CVCETH":0.004250883930784389,"CVPETH":0.005080848263465918,"DASHETH":0.003434994390467898,"DATAETH":0.000689425374103574,"DENTETH":0.0003986103812980823,"DEXEETH":0.01249342571081135,"DFETH":0.005688954443877877,"ELFETH":0.008370317878655394,"ENJETH":0.012684996870714596,"EOSETH":0.019531822447091094,"ETCETH":0.0010751035956035296,"EZETH":0.007238793433939539,"FIROETH":0.011937454648253912,"FRONTETH":0,"FUNETH":0.010377325322060345,"GHSTETH":0.011719981122932495,"GLMETH":0.01757426669957181,"GRTETH":0.012234411100667558,"GXSETH":0.009705486615060297,"HEGICETH":0,"HOTETH":0.007191388410311328,"ICXETH":0.011761901137041366,"IOSTETH":0.009392288640097392,"IOTAETH":0.0030691480213918126,"IOTXETH":0.01683496480047602,"KEYETH":0.015806611361888198,"KMDETH":0.003385547285101489,"KNCETH":0.024739790680845176,"LINKETH":0.007399200575421245,"LOOMETH":0,"LRCETH":0,"LSKETH":0.0008356916879068035,"LTCETH":0.004650213707419581,"MANAETH":0.0030637924696999613,"MFTETH":0.0011004799353580357,"MTLETH":0,"NANOETH":0.00886725613800853,"NASETH":0,"NAVETH":0.0019040341063473105,"NCASHETH":0.004519763041207277,"NEBLETH":0.0013967683151006364,"NEOETH":0.010667699319267544,"OMGETH":0,"ONTETH":0.019936511372358228,"OSTETH":0.014794501797576992,"PIVXETH":0.02082767109336328,"POWRETH":0,"PROSETH":0.00005418817249107846,"PUNDIXETH":0.02458343672126454,"QKCETH":5.559370909186831e-19,"QLCETH":0.007823805216338721,"QSPETH":0.017273733406294275,"QTUMETH":0.006751266407952724,"RENBTCETH":0.004231214335910925,"REPETH":0.0029809666084041272,"RLCETH":0.007916331028809814,"SCETH":0,"SCRTETH":0,"SLPETH":0,"SNTETH":0.011308382181075416,"STEEMETH":0.012280987188880058,"STMXETH":0.013928604714469304,"STRAXETH":0.018005999856078397,"THETAETH":0,"TRXETH":0.014629246352143493,"UFTETH":0.013869712495006148,"VETETH":0.009479286502698876,"VIBETH":0.008865606638716743,"WANETH":0.009683842054966384,"WAVESETH":0.0064740075694127465,"XEMETH":0.018061348852199892,"XLMETH":0,"XMRETH":0,"XRPETH":0.37473822626525444,"XVGETH":0,"ZECETH":0.0009658012152876374,"ZENETH":0.02715590849517064,"ZILETH":0,"ZRXETH":0},"numerosità_campione":92,"expected_return":0.00044305224993688823,"standard_deviation":0.0010801575091498546,"sharpe_ratio":0.41017374427697634}