{"weights":{"AAVEETH":0.010454347774812918,"ADAETH":0.0017809259370496207,"ADXETH":0.003118884094768142,"AIONETH":0,"BATETH":0,"BETHETH":0.002399330302786366,"BLZETH":0.010823097605523009,"BNBETH":0,"BNTETH":0.0036794446924755643,"BQXETH":0,"BRDETH":0,"CDTETH":0.01582653391688995,"COVERETH":0,"CVCETH":0.0045151757427643905,"CVPETH":0.003399192482558687,"DASHETH":0.003900319961377385,"DATAETH":0.00021833109138807202,"DENTETH":0.0003031814260868532,"DEXEETH":0.014372655989599314,"DFETH":0.007792468416263082,"ELFETH":0.010042846645840965,"ENJETH":0.01453644206918518,"EOSETH":0.021117012093053868,"ETCETH":0.0004963305595739056,"EZETH":0.007937698836861679,"FIROETH":0.01297285787676079,"FRONTETH":0,"FUNETH":0.012340961700527819,"GHSTETH":0.012671785195401478,"GLMETH":0.01961767303350496,"GRTETH":0.012117759863148801,"GXSETH":0.010896772041048778,"HEGICETH":0,"HOTETH":0.008521379804342763,"ICXETH":0.01150538202060565,"IOSTETH":0.010200948143489975,"IOTAETH":0.0031108864198039097,"IOTXETH":0.01751716074030952,"KEYETH":0.020980883774011395,"KMDETH":0.004178549241185277,"KNCETH":0.027462130523835098,"LINKETH":0.007778174998107832,"LOOMETH":0,"LRCETH":0,"LSKETH":0.0013951089134092056,"LTCETH":0.0051477194504440825,"MANAETH":0.0022408133299032726,"MFTETH":0.0012976206695824292,"MTLETH":0,"NANOETH":0.00892999718577048,"NASETH":0,"NAVETH":0.0017893409151702763,"NCASHETH":0.005711894041902342,"NEBLETH":0.0018254204019394924,"NEOETH":0.011443739783469305,"OMGETH":0,"ONTETH":0.022937162877868532,"OSTETH":0.015594145309745896,"PIVXETH":0.023458174016484833,"POWRETH":0,"PROSETH":0.00016094153463522,"PUNDIXETH":0.027507016878798026,"QKCETH":0.000464491926151117,"QLCETH":0.008617191756365834,"QSPETH":0.019595539067953686,"QTUMETH":0.008368349409983645,"RENBTCETH":0.0049221858907697235,"REPETH":0.003351750125337154,"RLCETH":0.009281677815634907,"SCETH":0,"SCRTETH":0,"SLPETH":0,"SNTETH":0.013176375842954422,"STEEMETH":0.011994376249169427,"STMXETH":0.016790700611810972,"STRAXETH":0.020268046767922418,"THETAETH":0,"TRXETH":0.016331346580959118,"UFTETH":0.01792271537428631,"VETETH":0.009926780332223396,"VIBETH":0.009855398771378577,"WANETH":0.011917253719651091,"WAVESETH":0.006164579763036908,"XEMETH":0.015620417661351228,"XLMETH":0,"XMRETH":0,"XRPETH":0.3056488859798167,"XVGETH":0,"ZECETH":0.0012172627769615693,"ZENETH":0.03053805325221517,"ZILETH":0,"ZRXETH":0},"numerosità_campione":92,"expected_return":0.0004980757127896159,"standard_deviation":0.001176462441825727,"sharpe_ratio":0.42336728745599633}