{"weights":{"AAVEETH":0.010467495118234053,"ADAETH":0.0007369359835438855,"ADXETH":0.0023124523029634807,"AIONETH":0,"BATETH":0,"BETHETH":0.0011479056552441747,"BLZETH":0.009767004640823595,"BNBETH":0,"BNTETH":0.0033060743635315564,"BQXETH":0,"BRDETH":0,"CDTETH":0.013390488360646411,"COVERETH":0,"CVCETH":0.004198577574203994,"CVPETH":0.005412636167520216,"DASHETH":0.00333655421727544,"DATAETH":0.000783048954240724,"DENTETH":0.00041977602110018677,"DEXEETH":0.012115675369792408,"DFETH":0.005257189665489454,"ELFETH":0.008034516228505137,"ENJETH":0.012310698896620342,"EOSETH":0.019215019993348847,"ETCETH":0.0011907178703646306,"EZETH":0.00709338762598802,"FIROETH":0.011729278203224789,"FRONTETH":0,"FUNETH":0.009982856063302443,"GHSTETH":0.01153393040773569,"GLMETH":0.0171679770364869,"GRTETH":0.01225103387479744,"GXSETH":0.009468443161435518,"HEGICETH":0,"HOTETH":0.006923073266282179,"ICXETH":0.011809636071509533,"IOSTETH":0.009231787941300312,"IOTAETH":0.0030595173063394715,"IOTXETH":0.016694895903173686,"KEYETH":0.014769829144247425,"KMDETH":0.003227504426456856,"KNCETH":0.024193038233703806,"LINKETH":0.007324689471893736,"LOOMETH":0,"LRCETH":0,"LSKETH":0.000726390269737171,"LTCETH":0.004538964807728722,"MANAETH":0.00323532697118103,"MFTETH":0.0010611681948094207,"MTLETH":0,"NANOETH":0.00885181140510281,"NASETH":0,"NAVETH":0.001932815524756145,"NCASHETH":0.004280778657389805,"NEBLETH":0.001308750720650195,"NEOETH":0.010505304753141926,"OMGETH":0,"ONTETH":0.019331658656212586,"OSTETH":0.01463334103188493,"PIVXETH":0.020300480408473705,"POWRETH":0,"PROSETH":0.00003209163163430756,"PUNDIXETH":0.02400321929087554,"QKCETH":2.533432436617916e-19,"QLCETH":0.007663656884635953,"QSPETH":0.01680562761452318,"QTUMETH":0.006424255763522782,"RENBTCETH":0.004093986149523643,"REPETH":0.0029102514141144706,"RLCETH":0.00764487260739155,"SCETH":0,"SCRTETH":0,"SLPETH":0,"SNTETH":0.010935049287103761,"STEEMETH":0.012337661491382426,"STMXETH":0.013349978272628885,"STRAXETH":0.01755154301437845,"THETAETH":0,"TRXETH":0.01428447944453602,"UFTETH":0.013054496842412772,"VETETH":0.009387838548771992,"VIBETH":0.008668692698937955,"WANETH":0.00923617702897839,"WAVESETH":0.006539350732567271,"XEMETH":0.018554250480463597,"XLMETH":0,"XMRETH":0,"XRPETH":0.3885520305339288,"XVGETH":0,"ZECETH":0.0009199105274497223,"ZENETH":0.026480142817843416,"ZILETH":0,"ZRXETH":0},"numerosità_campione":92,"expected_return":0.0004320475573663426,"standard_deviation":0.0010623035091722182,"sharpe_ratio":0.40670820875194913}