{"weights":{"AAVEETH":0.00990871279375918,"ADAETH":0,"ADXETH":0.00031626841963590467,"AIONETH":0,"BATETH":0,"BETHETH":0,"BLZETH":0.006409998497649424,"BNBETH":0.0033644084899438664,"BNTETH":0.0015760762446331133,"BQXETH":0,"BRDETH":0,"CDTETH":0.007393416104575248,"COVERETH":0,"CVCETH":0.003785072876226976,"CVPETH":0.01000311801723997,"DASHETH":0,"DATAETH":0.0015528044971242414,"DENTETH":0.0011376338135541105,"DEXEETH":0.004979286246540125,"DFETH":0,"ELFETH":0.0028180120980834306,"ENJETH":0.006961130406116446,"EOSETH":0.015005205753023556,"ETCETH":0.002761620014854884,"EZETH":0.005047669944352543,"FIROETH":0.00862541998786609,"FRONTETH":0,"FUNETH":0.004141237913813214,"GHSTETH":0.008884490598045691,"GLMETH":0.010996435314736852,"GRTETH":0.011797856637380894,"GXSETH":0.005841681382613008,"HEGICETH":0,"HOTETH":0.002958215522163179,"ICXETH":0.012337347112734313,"IOSTETH":0.0067047155574335915,"IOTAETH":0.0020318403125369326,"IOTXETH":0.011089727600238334,"KEYETH":0,"KMDETH":0.001132993169511778,"KNCETH":0.0167876709340691,"LINKETH":0.006696129738785396,"LOOMETH":0,"LRCETH":0,"LSKETH":0,"LTCETH":0.0018761267310272805,"MANAETH":0.003696015218576646,"MFTETH":0.0002855542718274031,"MTLETH":0,"NANOETH":0.007569782452127889,"NASETH":0,"NAVETH":0.0017125217790921602,"NCASHETH":0.00041770766251897844,"NEBLETH":0.0000552555804783713,"NEOETH":0.007993966075833962,"OMGETH":0.003133347031133489,"ONTETH":0.010186647847653848,"OSTETH":0.012159231818717678,"PIVXETH":0.011955594835522054,"POWRETH":0.000037431428601156046,"PROSETH":0,"PUNDIXETH":0.015241260092778356,"QKCETH":0,"QLCETH":0.004257702355366221,"QSPETH":0.009768452678024528,"QTUMETH":0.001316067595135475,"RENBTCETH":0.0017129444944906037,"REPETH":0.0016694722922290656,"RLCETH":0.0033540592162330544,"SCETH":0.0030372233613565895,"SCRTETH":0.0015383280794934186,"SLPETH":0,"SNTETH":0.005234931969048198,"STEEMETH":0.013046709587171735,"STMXETH":0.004528416483052905,"STRAXETH":0.010717795537531627,"THETAETH":0,"TRXETH":0.009772841306854416,"UFTETH":0.000360809357419677,"VETETH":0.007959242609299647,"VIBETH":0.005230695786056121,"WANETH":0.0026824456994611963,"WAVESETH":0.007679978226114481,"XEMETH":0.025421556568580445,"XLMETH":0.010197659556247187,"XMRETH":0,"XRPETH":0.5845604774597428,"XVGETH":0,"ZECETH":0.000003856868169242977,"ZENETH":0.01658169408779048,"ZILETH":0,"ZRXETH":0},"numerosità_campione":92,"expected_return":0.0002669771688081586,"standard_deviation":0.0008705124741326644,"sharpe_ratio":0.30668965321164576}