{"weights":{"AAVEETH":0.008325657231398647,"ADAETH":0,"ADXETH":0.0024801145797613017,"AIONETH":0,"BATETH":0.00716454290689161,"BETHETH":0.002488568070689694,"BLZETH":0.008178052022580484,"BNBETH":0,"BNTETH":0.004416060303600354,"BQXETH":0,"BRDETH":0,"CDTETH":0.029119213752916047,"COVERETH":0,"CVCETH":0.005161958560474099,"CVPETH":0,"DASHETH":0.007337006875870591,"DATAETH":0,"DENTETH":0,"DEXEETH":0.026593533966761965,"DFETH":0.01584286292075047,"ELFETH":0.020620996069103944,"ENJETH":0.021112727824449458,"EOSETH":0.027944183440710677,"ETCETH":0,"EZETH":0.010700030976194552,"FIROETH":0.014890442847293617,"FRONTETH":0,"FUNETH":0.02060718508982662,"GHSTETH":0.0181822298105794,"GLMETH":0.027599225484608823,"GRTETH":0.010542708493438423,"GXSETH":0.016868403376341337,"HEGICETH":0,"HOTETH":0.01556796138039471,"ICXETH":0.006281010890077335,"IOSTETH":0.01226479488468106,"IOTAETH":0.004507702050701656,"IOTXETH":0.01745511700261363,"KEYETH":0.04931811851103453,"KMDETH":0.007324948147667311,"KNCETH":0.041478565121620334,"LINKETH":0.009426909398483176,"LOOMETH":0,"LRCETH":0.0008403521141294675,"LSKETH":0.001972957442188313,"LTCETH":0.0013958951916053744,"MANAETH":0,"MFTETH":0.0027604620515096086,"MTLETH":0,"NANOETH":0.010690800689343579,"NASETH":0,"NAVETH":0,"NCASHETH":0.014619134057637614,"NEBLETH":0.0024458231381657004,"NEOETH":0.016032591403514467,"OMGETH":0,"ONTETH":0.03582001864511932,"OSTETH":0.01763210607346955,"PIVXETH":0.035408663290504634,"POWRETH":0,"PROSETH":0.0005648410598623639,"PUNDIXETH":0.03779615977122071,"QKCETH":0.010434045925168046,"QLCETH":0.007411316467182462,"QSPETH":0.02913318195667967,"QTUMETH":0.01639539982931091,"RENBTCETH":0.009933312569673322,"REPETH":0.006120923381301047,"RLCETH":0.016062382789390407,"SCETH":0,"SCRTETH":0,"SLPETH":0,"SNTETH":0.02194345064866268,"STEEMETH":0.007008927921192635,"STMXETH":0.03159377829183944,"STRAXETH":0.03270923146567301,"THETAETH":0,"TRXETH":0.022811668374319877,"UFTETH":0.04113336482043274,"VETETH":0.011577555954493264,"VIBETH":0.012670136639559956,"WANETH":0.02514304399132679,"WAVESETH":0.0009341509692338169,"XEMETH":0,"XLMETH":0,"XMRETH":0,"XRPETH":0,"XVGETH":0,"ZECETH":0.003566471126131879,"ZENETH":0.04563701995864165,"ZILETH":0,"ZRXETH":0},"numerosità_campione":92,"expected_return":0.0007621883344827106,"standard_deviation":0.0017455628058383958,"sharpe_ratio":0.4366433175210964}