{"weights":{"AAVEETH":0.010428501544819904,"ADAETH":0.00023355374995405053,"ADXETH":0.0019088204296260646,"AIONETH":0,"BATETH":0,"BETHETH":0.0002991611745682565,"BLZETH":0.00911353371198353,"BNBETH":0.00017083957554462793,"BNTETH":0.003010699905017974,"BQXETH":0,"BRDETH":0,"CDTETH":0.012212358004569351,"COVERETH":0,"CVCETH":0.004071251876912896,"CVPETH":0.00634521580720389,"DASHETH":0.002866523726569992,"DATAETH":0.0009961376969294328,"DENTETH":0.0005361623449592853,"DEXEETH":0.010880320637303735,"DFETH":0.00398174305327613,"ELFETH":0.007001721562068805,"ENJETH":0.011242910462475188,"EOSETH":0.01834049580439132,"ETCETH":0.0015120981834870152,"EZETH":0.006664365516647804,"FIROETH":0.011120497725341998,"FRONTETH":0,"FUNETH":0.008832198936476594,"GHSTETH":0.011002655940665622,"GLMETH":0.015982837500200207,"GRTETH":0.012196920727646613,"GXSETH":0.008753334433290124,"HEGICETH":0,"HOTETH":0.006165103968070034,"ICXETH":0.011945669031231577,"IOSTETH":0.008730177306855477,"IOTAETH":0.002922058170170966,"IOTXETH":0.016094129676599272,"KEYETH":0.011650027818151647,"KMDETH":0.002782738935852229,"KNCETH":0.02268802655811448,"LINKETH":0.007167483835954254,"LOOMETH":0,"LRCETH":0,"LSKETH":0.000388910481890501,"LTCETH":0.00406467997270493,"MANAETH":0.003560291775961336,"MFTETH":0.0009324424192088733,"MTLETH":0,"NANOETH":0.008699054434160147,"NASETH":0,"NAVETH":0.0019103141733678808,"NCASHETH":0.003534189270096119,"NEBLETH":0.0010631940016479385,"NEOETH":0.01003275846722242,"OMGETH":0.0005706781109712554,"ONTETH":0.017550709013166223,"OSTETH":0.01410553302958523,"PIVXETH":0.018691559633038795,"POWRETH":0,"PROSETH":0,"PUNDIXETH":0.02226712089356674,"QKCETH":0,"QLCETH":0.007077350489430695,"QSPETH":0.015392608168502207,"QTUMETH":0.005443248733299496,"RENBTCETH":0.00364182819110949,"REPETH":0.0026809328451447515,"RLCETH":0.006872498675946107,"SCETH":0.0003772758473582533,"SCRTETH":0,"SLPETH":0,"SNTETH":0.009817306351215775,"STEEMETH":0.012507349505697849,"STMXETH":0.011605383917360398,"STRAXETH":0.016219289880714673,"THETAETH":0,"TRXETH":0.013322010132593046,"UFTETH":0.010575509233692774,"VETETH":0.009086372416630408,"VIBETH":0.00799971094699569,"WANETH":0.007921666057352499,"WAVESETH":0.006766475796085372,"XEMETH":0.019983401485000024,"XLMETH":0.001428337770851262,"XMRETH":0,"XRPETH":0.4287587850446747,"XVGETH":0,"ZECETH":0.0007837671322864449,"ZENETH":0.02451718036853949,"ZILETH":0,"ZRXETH":0},"numerosità_campione":92,"expected_return":0.000399033479654706,"standard_deviation":0.0010119633099548201,"sharpe_ratio":0.3943161532926734}