{"weights":{"AAVEETH":0.010582157067834243,"ADAETH":0.002146822805671817,"ADXETH":0.003599962829819522,"AIONETH":0,"BATETH":0.0002413168412980699,"BETHETH":0.0030087325030556996,"BLZETH":0.011233290006227303,"BNBETH":0,"BNTETH":0.0037526333345285993,"BQXETH":0,"BRDETH":0,"CDTETH":0.01709811750497962,"COVERETH":0,"CVCETH":0.004681332082375532,"CVPETH":0.002294495722464063,"DASHETH":0.004114942789648241,"DATAETH":0,"DENTETH":0.0002637001861650311,"DEXEETH":0.015476340530355147,"DFETH":0.008921423527761685,"ELFETH":0.011021815914593704,"ENJETH":0.015607085022184376,"EOSETH":0.022060810305869066,"ETCETH":0.000152882419376295,"EZETH":0.008296067531597633,"FIROETH":0.01357561026498972,"FRONTETH":0,"FUNETH":0.013465224036167813,"GHSTETH":0.013325885506052355,"GLMETH":0.020863974395955685,"GRTETH":0.011979810412589373,"GXSETH":0.01163455046034705,"HEGICETH":0,"HOTETH":0.00927158005464058,"ICXETH":0.011310158428225914,"IOSTETH":0.010701864637751466,"IOTAETH":0.0031084932557581347,"IOTXETH":0.017884177931295906,"KEYETH":0.024064190553911284,"KMDETH":0.004658627875498202,"KNCETH":0.02904250378251262,"LINKETH":0.008033975642302281,"LOOMETH":0,"LRCETH":0,"LSKETH":0.0017475253806887758,"LTCETH":0.0053085637475133,"MANAETH":0.0018459030230637704,"MFTETH":0.0014251077034933457,"MTLETH":0,"NANOETH":0.008941470322323179,"NASETH":0,"NAVETH":0.0017528356027519852,"NCASHETH":0.006401648631389343,"NEBLETH":0.0020479366837818846,"NEOETH":0.011803845760966884,"OMGETH":0,"ONTETH":0.02466784522480857,"OSTETH":0.01603671646952316,"PIVXETH":0.02498752465015905,"POWRETH":0,"PROSETH":0.00021367952868343623,"PUNDIXETH":0.02928817324960685,"QKCETH":0.0017284850513220014,"QLCETH":0.009061146363812117,"QSPETH":0.020918623435381964,"QTUMETH":0.009297774564154721,"RENBTCETH":0.005343170568194054,"REPETH":0.0036040027673042074,"RLCETH":0.01010137590745595,"SCETH":0,"SCRTETH":0,"SLPETH":0,"SNTETH":0.014284552702075841,"STEEMETH":0.011797308882452385,"STMXETH":0.018412623093301404,"STRAXETH":0.02160279211386329,"THETAETH":0,"TRXETH":0.017313193859699094,"UFTETH":0.020332149858322004,"VETETH":0.010173523989438667,"VIBETH":0.01044577742239784,"WANETH":0.013256695673603658,"WAVESETH":0.006020379053903166,"XEMETH":0.014190312904980094,"XLMETH":0,"XMRETH":0,"XRPETH":0.2641543825144625,"XVGETH":0,"ZECETH":0.0014254497912831031,"ZENETH":0.03259294734003439,"ZILETH":0,"ZRXETH":0},"numerosità_campione":92,"expected_return":0.0005310897905012531,"standard_deviation":0.001239031305499583,"sharpe_ratio":0.4286330685463313}