{"weights":{"AAVEETH":0,"ADAETH":0,"ADXETH":0,"AIONETH":0,"BATETH":0.01754423433396293,"BETHETH":0,"BLZETH":0,"BNBETH":0,"BNTETH":0.003084893237426844,"BQXETH":0,"BRDETH":0,"CDTETH":0.0587622517749247,"COVERETH":0,"CVCETH":0,"CVPETH":0,"DASHETH":0.010562660524452566,"DATAETH":0,"DENTETH":0,"DEXEETH":0.05157196145338686,"DFETH":0.006839510978286633,"ELFETH":0.05421954970179761,"ENJETH":0,"EOSETH":0.017316739818558278,"ETCETH":0,"EZETH":0.010975138746881295,"FIROETH":0,"FRONTETH":0,"FUNETH":0.018088954242701336,"GHSTETH":0.010579005087629463,"GLMETH":0.00015573660464861052,"GRTETH":0,"GXSETH":0.018836850636215544,"HEGICETH":0,"HOTETH":0.020150188860171715,"ICXETH":0,"IOSTETH":0,"IOTAETH":0.0008523576464200203,"IOTXETH":0,"KEYETH":0.08439991717256078,"KMDETH":0.00602422722994763,"KNCETH":0.05895755052416755,"LINKETH":0.005421114750979466,"LOOMETH":0,"LRCETH":0,"LSKETH":0,"LTCETH":0,"MANAETH":0,"MFTETH":0.0054214310740279634,"MTLETH":0,"NANOETH":0.008342870706164806,"NASETH":0,"NAVETH":0,"NCASHETH":0.045520113137795436,"NEBLETH":0,"NEOETH":0.017171923806714295,"OMGETH":0,"ONTETH":0.03487196605732818,"OSTETH":0.005089174038870734,"PIVXETH":0.03855241321592192,"POWRETH":0,"PROSETH":0,"PUNDIXETH":0.0029023361214656693,"QKCETH":0.004679378645373597,"QLCETH":0,"QSPETH":0.032017331343895436,"QTUMETH":0.014394001021454885,"RENBTCETH":0.021396581616874893,"REPETH":0.010808938620726129,"RLCETH":0.020751279578743412,"SCETH":0,"SCRTETH":0,"SLPETH":0,"SNTETH":0.02024525560350539,"STEEMETH":0,"STMXETH":0.05553285784503244,"STRAXETH":0.04356352342418273,"THETAETH":0,"TRXETH":0,"UFTETH":0.07697847022557082,"VETETH":0.004401150465299427,"VIBETH":0,"WANETH":0.043067514962484094,"WAVESETH":0,"XEMETH":0,"XLMETH":0,"XMRETH":0,"XRPETH":0,"XVGETH":0,"ZECETH":0.011771861513722207,"ZENETH":0.028176783649725687,"ZILETH":0,"ZRXETH":0},"numerosità_campione":92,"expected_return":0.0008722352601881664,"standard_deviation":0.002273491135367767,"sharpe_ratio":0.3836545683504814}