{"weights":{"AAVEETH":0.010082462643529497,"ADAETH":0,"ADXETH":0.000587556971514574,"AIONETH":0,"BATETH":0,"BETHETH":0,"BLZETH":0.006907244797972074,"BNBETH":0.002872486270497302,"BNTETH":0.0018468028442213836,"BQXETH":0,"BRDETH":0,"CDTETH":0.008345673771615186,"COVERETH":0,"CVCETH":0.003813552888305286,"CVPETH":0.009431818062896013,"DASHETH":0.00027866797776121614,"DATAETH":0.0014570836156649436,"DENTETH":0.0010251639624145744,"DEXEETH":0.006162835020703632,"DFETH":0,"ELFETH":0.003548594072294231,"ENJETH":0.007678978634547882,"EOSETH":0.015594536760491873,"ETCETH":0.0025385463272513493,"EZETH":0.005353352535719766,"FIROETH":0.009154870183244394,"FRONTETH":0,"FUNETH":0.005019547310207579,"GHSTETH":0.009276996447044251,"GLMETH":0.011865545517757425,"GRTETH":0.011827454060734351,"GXSETH":0.00633864705864693,"HEGICETH":0,"HOTETH":0.003523244510196209,"ICXETH":0.012282244493498412,"IOSTETH":0.007077569255941911,"IOTAETH":0.0022330824085022008,"IOTXETH":0.01194428852459534,"KEYETH":0.0010211746440245177,"KMDETH":0.001392582536419552,"KNCETH":0.01779576238954464,"LINKETH":0.006791479643217269,"LOOMETH":0,"LRCETH":0,"LSKETH":0,"LTCETH":0.0022459000945146395,"MANAETH":0.003768988829878048,"MFTETH":0.00040284721440634133,"MTLETH":0,"NANOETH":0.007762608743739194,"NASETH":0,"NAVETH":0.0016593115560598207,"NCASHETH":0.0010356770971331648,"NEBLETH":0.00019374513015217714,"NEOETH":0.008430540391271108,"OMGETH":0.0027606510687188356,"ONTETH":0.011734458034188235,"OSTETH":0.012397236707054959,"PIVXETH":0.013191335066355904,"POWRETH":0,"PROSETH":0,"PUNDIXETH":0.016502330658231652,"QKCETH":0,"QLCETH":0.004800045953539191,"QSPETH":0.010675573489170642,"QTUMETH":0.002018285529437661,"RENBTCETH":0.002046182070184221,"REPETH":0.0018596910139173888,"RLCETH":0.00395934178780566,"SCETH":0.002604399553816256,"SCRTETH":0.0012658588265180844,"SLPETH":0,"SNTETH":0.006018538322903283,"STEEMETH":0.013018913316286119,"STMXETH":0.005804577700644866,"STRAXETH":0.01165081478286009,"THETAETH":0,"TRXETH":0.01032576432933869,"UFTETH":0.0021438694010856227,"VETETH":0.00810647827420093,"VIBETH":0.00564903631756041,"WANETH":0.003582270569905811,"WAVESETH":0.007624560996949503,"XEMETH":0.02445297269486898,"XLMETH":0.008726041690412079,"XMRETH":0,"XRPETH":0.5583851784468286,"XVGETH":0,"ZECETH":0.00019566761618610811,"ZENETH":0.01793046058289982,"ZILETH":0,"ZRXETH":0},"numerosità_campione":92,"expected_return":0.00028898655394924994,"standard_deviation":0.000886129693419438,"sharpe_ratio":0.32612218741265214}