{"weights":{"AAVEETH":0.010490486497511123,"ADAETH":0.0019105857543845698,"ADXETH":0.0032750489596932585,"AIONETH":0,"BATETH":0,"BETHETH":0.002588380953699263,"BLZETH":0.010956794333613282,"BNBETH":0,"BNTETH":0.00370484474824087,"BQXETH":0,"BRDETH":0,"CDTETH":0.016233979757723782,"COVERETH":0,"CVCETH":0.004569981233618717,"CVPETH":0.0030468355975532763,"DASHETH":0.0039744252565342125,"DATAETH":0.00012201247502753587,"DENTETH":0.0002914320300514265,"DEXEETH":0.014741784927673869,"DFETH":0.00817415150647159,"ELFETH":0.010372781292782686,"ENJETH":0.014892590116090083,"EOSETH":0.02143488063115955,"ETCETH":0.0003800809479871938,"EZETH":0.008057639425883901,"FIROETH":0.013176073233373987,"FRONTETH":0,"FUNETH":0.012727544358351828,"GHSTETH":0.012877349322545523,"GLMETH":0.020034790370160836,"GRTETH":0.01207076987888045,"GXSETH":0.011139310053198244,"HEGICETH":0,"HOTETH":0.008779205643507992,"ICXETH":0.011441489407875366,"IOSTETH":0.010367022948090011,"IOTAETH":0.0031147083597002773,"IOTXETH":0.017640796602399783,"KEYETH":0.022008938422098556,"KMDETH":0.004339116255772551,"KNCETH":0.027998540292576278,"LINKETH":0.007858498252578566,"LOOMETH":0,"LRCETH":0,"LSKETH":0.0015161001214627177,"LTCETH":0.005205781940588915,"MANAETH":0.0021006927670503394,"MFTETH":0.001337459424442253,"MTLETH":0,"NANOETH":0.008932328287292401,"NASETH":0,"NAVETH":0.0017870119213078527,"NCASHETH":0.005948351321978245,"NEBLETH":0.0019030831007053836,"NEOETH":0.011573598529883995,"OMGETH":0,"ONTETH":0.02352063547634602,"OSTETH":0.01574972806986378,"PIVXETH":0.02398042941471993,"POWRETH":0,"PROSETH":0.0001796612535466046,"PUNDIXETH":0.028107601138521378,"QKCETH":0.0008850772387668142,"QLCETH":0.008770680220299318,"QSPETH":0.02004669140292381,"QTUMETH":0.008679088489245465,"RENBTCETH":0.005063788080099917,"REPETH":0.003438046302824989,"RLCETH":0.009560429539268181,"SCETH":0,"SCRTETH":0,"SLPETH":0,"SNTETH":0.01355091228559958,"STEEMETH":0.011934768729910443,"STMXETH":0.017341224483528348,"STRAXETH":0.020713234004766237,"THETAETH":0,"TRXETH":0.016656433638985016,"UFTETH":0.01871703686938158,"VETETH":0.01000940359181852,"VIBETH":0.010057041488591855,"WANETH":0.012360469731126547,"WAVESETH":0.006114890441052239,"XEMETH":0.015148864346213336,"XLMETH":0,"XMRETH":0,"XRPETH":0.291816683439569,"XVGETH":0,"ZECETH":0.0012830812451419065,"ZENETH":0.031216821816366577,"ZILETH":0,"ZRXETH":0},"numerosità_campione":92,"expected_return":0.0005090804053601619,"standard_deviation":0.0011969632069850564,"sharpe_ratio":0.4253099864635334}