{"weights":{"AAVEETH":0,"ADAETH":0,"ADXETH":0,"AIONETH":0,"BATETH":0.013858578745871857,"BETHETH":0,"BLZETH":0,"BNBETH":0,"BNTETH":0.004711573678685015,"BQXETH":0,"BRDETH":0,"CDTETH":0.048279566225058766,"COVERETH":0,"CVCETH":0,"CVPETH":0,"DASHETH":0.011047245770759679,"DATAETH":0,"DENTETH":0,"DEXEETH":0.04313974343364563,"DFETH":0.011616654186553256,"ELFETH":0.041078483834887644,"ENJETH":0.0057348609839639785,"EOSETH":0.02288767574886999,"ETCETH":0,"EZETH":0.01108315311040713,"FIROETH":0,"FRONTETH":0,"FUNETH":0.02046614812226305,"GHSTETH":0.014488591019901347,"GLMETH":0.012678488041861212,"GRTETH":0.002345518693830161,"GXSETH":0.018303403866438202,"HEGICETH":0,"HOTETH":0.019178748018397862,"ICXETH":0,"IOSTETH":0,"IOTAETH":0.004590013326172046,"IOTXETH":0,"KEYETH":0.07205719212097356,"KMDETH":0.006057961066915618,"KNCETH":0.05372455824412978,"LINKETH":0.007347406460012945,"LOOMETH":0,"LRCETH":0,"LSKETH":0,"LTCETH":0,"MANAETH":0,"MFTETH":0.004317851525747462,"MTLETH":0,"NANOETH":0.010716042576055514,"NASETH":0,"NAVETH":0,"NCASHETH":0.03516741125557763,"NEBLETH":0,"NEOETH":0.019512700443892902,"OMGETH":0,"ONTETH":0.03606592201085344,"OSTETH":0.011468017894646562,"PIVXETH":0.038690679237127795,"POWRETH":0,"PROSETH":0.0004026455715920097,"PUNDIXETH":0.01818966947809006,"QKCETH":0.00887652853184975,"QLCETH":0,"QSPETH":0.03304362128121044,"QTUMETH":0.016916560943709826,"RENBTCETH":0.017321814425203978,"REPETH":0.008868766646863957,"RLCETH":0.02033345060662395,"SCETH":0,"SCRTETH":0,"SLPETH":0,"SNTETH":0.021878294753346687,"STEEMETH":0,"STMXETH":0.04718371450690344,"STRAXETH":0.04032309913717388,"THETAETH":0,"TRXETH":0.008668063566375651,"UFTETH":0.06476337089180961,"VETETH":0.007630725718654327,"VIBETH":0.001670897607343217,"WANETH":0.0377444332537682,"WAVESETH":0,"XEMETH":0,"XLMETH":0,"XMRETH":0,"XRPETH":0,"XVGETH":0,"ZECETH":0.008789102141901244,"ZENETH":0.03678105129407988,"ZILETH":0,"ZRXETH":0},"numerosità_campione":92,"expected_return":0.0008392211824765296,"standard_deviation":0.0020628843899774115,"sharpe_ratio":0.40681929949827145}