{"weights":{"AAVEETH":0.002211494834412073,"ADAETH":0,"ADXETH":0,"AIONETH":0,"BATETH":0.009811253602988197,"BETHETH":0,"BLZETH":0,"BNBETH":0,"BNTETH":0.0051432928468638,"BQXETH":0,"BRDETH":0,"CDTETH":0.0355844309077889,"COVERETH":0,"CVCETH":0.003311764497622142,"CVPETH":0,"DASHETH":0.009944435290599279,"DATAETH":0,"DENTETH":0,"DEXEETH":0.033655175460329506,"DFETH":0.014962870978460274,"ELFETH":0.027635830798742673,"ENJETH":0.017067616540095608,"EOSETH":0.027383906843346333,"ETCETH":0,"EZETH":0.010667781401783493,"FIROETH":0.009515988202851756,"FRONTETH":0,"FUNETH":0.02141372481587568,"GHSTETH":0.017751600993633636,"GLMETH":0.02360110842095793,"GRTETH":0.009078535219735081,"GXSETH":0.01704914004179869,"HEGICETH":0,"HOTETH":0.017645996865154303,"ICXETH":0,"IOSTETH":0.008324213787176689,"IOTAETH":0.006038046554784158,"IOTXETH":0.00934379385013954,"KEYETH":0.058510866940253994,"KMDETH":0.006704601721662502,"KNCETH":0.045662842795055614,"LINKETH":0.00924649984565676,"LOOMETH":0,"LRCETH":0,"LSKETH":0,"LTCETH":0,"MANAETH":0,"MFTETH":0.003654914137107918,"MTLETH":0,"NANOETH":0.012377454581505486,"NASETH":0,"NAVETH":0,"NCASHETH":0.022462882014470872,"NEBLETH":0.000515409781650993,"NEOETH":0.018908729519385895,"OMGETH":0,"ONTETH":0.03610589268501794,"OSTETH":0.01593552526080229,"PIVXETH":0.03743140522985369,"POWRETH":0,"PROSETH":0.0007145049991568009,"PUNDIXETH":0.03158383604750245,"QKCETH":0.011064865423933519,"QLCETH":0,"QSPETH":0.03097710188991362,"QTUMETH":0.017491440653238165,"RENBTCETH":0.012633403111663843,"REPETH":0.007489156655603917,"RLCETH":0.01790366915018056,"SCETH":0,"SCRTETH":0,"SLPETH":0,"SNTETH":0.023118883777471858,"STEEMETH":0,"STMXETH":0.03685453928333085,"STRAXETH":0.036104461429456,"THETAETH":0,"TRXETH":0.019609782063612184,"UFTETH":0.049903881779434,"VETETH":0.010429704194638139,"VIBETH":0.009588714847098308,"WANETH":0.03027483635551688,"WAVESETH":0,"XEMETH":0,"XLMETH":0,"XMRETH":0,"XRPETH":0,"XVGETH":0,"ZECETH":0.004914348642823629,"ZENETH":0.04468384242786156,"ZILETH":0,"ZRXETH":0},"numerosità_campione":92,"expected_return":0.0007952024121943472,"standard_deviation":0.0018544560841166934,"sharpe_ratio":0.42880627856610287}