{"weights":{"AAVEETH":0,"ADAETH":0,"ADXETH":0,"AIONETH":0,"BATETH":0.023795422450968762,"BETHETH":0,"BLZETH":0,"BNBETH":0,"BNTETH":0,"BQXETH":0,"BRDETH":0,"CDTETH":0.07591321452261332,"COVERETH":0,"CVCETH":0,"CVPETH":0,"DASHETH":0.0023462097721906015,"DATAETH":0,"DENTETH":0,"DEXEETH":0.06992703928538668,"DFETH":0,"ELFETH":0.08217680422639025,"ENJETH":0,"EOSETH":0,"ETCETH":0,"EZETH":0.006879997170622429,"FIROETH":0,"FRONTETH":0,"FUNETH":0.007517820406560582,"GHSTETH":0,"GLMETH":0,"GRTETH":0,"GXSETH":0.019069999334537964,"HEGICETH":0,"HOTETH":0.019161028098915758,"ICXETH":0,"IOSTETH":0,"IOTAETH":0,"IOTXETH":0,"KEYETH":0.1113176321822334,"KMDETH":0.003569658610015191,"KNCETH":0.05706517965008254,"LINKETH":0,"LOOMETH":0,"LRCETH":0,"LSKETH":0,"LTCETH":0,"MANAETH":0,"MFTETH":0.004486566275949901,"MTLETH":0,"NANOETH":0,"NASETH":0,"NAVETH":0,"NCASHETH":0.06328988599881419,"NEBLETH":0,"NEOETH":0.0027439584097958664,"OMGETH":0,"ONTETH":0.023857526216453803,"OSTETH":0,"PIVXETH":0.03320193054374951,"POWRETH":0,"PROSETH":0,"PUNDIXETH":0,"QKCETH":0,"QLCETH":0,"QSPETH":0.028615840690358402,"QTUMETH":0.0030410608348625844,"RENBTCETH":0.028838165866605675,"REPETH":0.013134414606987834,"RLCETH":0.01648461006741011,"SCETH":0,"SCRTETH":0,"SLPETH":0,"SNTETH":0.01189413182341785,"STEEMETH":0,"STMXETH":0.07519873498849768,"STRAXETH":0.0476754516642062,"THETAETH":0,"TRXETH":0,"UFTETH":0.10089807329896106,"VETETH":0,"VIBETH":0,"WANETH":0.0508261038313837,"WAVESETH":0,"XEMETH":0,"XLMETH":0,"XMRETH":0,"XRPETH":0,"XVGETH":0,"ZECETH":0.01707353917202828,"ZENETH":0,"ZILETH":0,"ZRXETH":0},"numerosità_campione":92,"expected_return":0.0009272587230408944,"standard_deviation":0.0027460545987184337,"sharpe_ratio":0.33766944163223855}