{"weights":{"AAVEETH":0.010691377778454894,"ADAETH":0.0023324255524865443,"ADXETH":0.0039253783360204434,"AIONETH":0,"BATETH":0.0007970691151731732,"BETHETH":0.0034657720719515374,"BLZETH":0.01145479058036293,"BNBETH":0,"BNTETH":0.003769799600370466,"BQXETH":0,"BRDETH":0,"CDTETH":0.01802110858452509,"COVERETH":0,"CVCETH":0.00479519795624131,"CVPETH":0.0015100806709302142,"DASHETH":0.004246237074075754,"DATAETH":0,"DENTETH":0.00021345051948767844,"DEXEETH":0.016179386985003867,"DFETH":0.009641699195349055,"ELFETH":0.011652580969884961,"ENJETH":0.016320412578674393,"EOSETH":0.0226486269626287,"ETCETH":0,"EZETH":0.008542844732685451,"FIROETH":0.01395893938022626,"FRONTETH":0,"FUNETH":0.014133727465066814,"GHSTETH":0.013819573366827109,"GLMETH":0.021706513448430262,"GRTETH":0.011896589243702281,"GXSETH":0.012151102870289723,"HEGICETH":0,"HOTETH":0.00974294431075877,"ICXETH":0.011166430685705775,"IOSTETH":0.011052493789444524,"IOTAETH":0.0030869948959115277,"IOTXETH":0.018153954546184983,"KEYETH":0.026132688790940425,"KMDETH":0.004968065904924037,"KNCETH":0.030059279949108272,"LINKETH":0.008224676725856377,"LOOMETH":0,"LRCETH":0.00013140225738045346,"LSKETH":0.0019759757637586584,"LTCETH":0.005428334406147681,"MANAETH":0.0016161267777478688,"MFTETH":0.0015216781360084418,"MTLETH":0,"NANOETH":0.00894810319688431,"NASETH":0,"NAVETH":0.0016878028441977622,"NCASHETH":0.00682990219288605,"NEBLETH":0.002184446960536104,"NEOETH":0.012003514137107766,"OMGETH":0,"ONTETH":0.025795658723031762,"OSTETH":0.016300182300304014,"PIVXETH":0.02595351208867995,"POWRETH":0,"PROSETH":0.0002470664743032346,"PUNDIXETH":0.03045015325433986,"QKCETH":0.002548984058767722,"QLCETH":0.009311403019907794,"QSPETH":0.021743295032672475,"QTUMETH":0.009926268126830722,"RENBTCETH":0.005626125427196282,"REPETH":0.003752339163904335,"RLCETH":0.010601140615180858,"SCETH":0,"SCRTETH":0,"SLPETH":0,"SNTETH":0.014994329094495079,"STEEMETH":0.011626801926970479,"STMXETH":0.019460820175674944,"STRAXETH":0.022493738167156017,"THETAETH":0,"TRXETH":0.017988498830247043,"UFTETH":0.021991349894944612,"VETETH":0.010337884380418827,"VIBETH":0.01079389908232446,"WANETH":0.014172863798508111,"WAVESETH":0.005935359144663364,"XEMETH":0.013235217572397491,"XLMETH":0,"XMRETH":0,"XRPETH":0.23634715928689876,"XVGETH":0,"ZECETH":0.0015793759229241777,"ZENETH":0.033997073126919214,"ZILETH":0,"ZRXETH":0},"numerosità_campione":92,"expected_return":0.0005530991756423439,"standard_deviation":0.0012823905453302295,"sharpe_ratio":0.43130322323135567}