{"weights":{"AAVEETH":0.010966183325585147,"ADAETH":0.003024408291947057,"ADXETH":0.005155872800509333,"AIONETH":0,"BATETH":0.003271859258422826,"BETHETH":0.005421610840588361,"BLZETH":0.011852952133475656,"BNBETH":0,"BNTETH":0.0035108408669734014,"BQXETH":0,"BRDETH":0,"CDTETH":0.02207856354311602,"COVERETH":0,"CVCETH":0.005324100713983158,"CVPETH":0,"DASHETH":0.004734398817031669,"DATAETH":0,"DENTETH":0,"DEXEETH":0.019039743506308066,"DFETH":0.012824440213532518,"ELFETH":0.014476544953140701,"ENJETH":0.0195282419393749,"EOSETH":0.02523036276351497,"ETCETH":0,"EZETH":0.009692395799993689,"FIROETH":0.015634650916768775,"FRONTETH":0,"FUNETH":0.016997167925582327,"GHSTETH":0.01594603935943465,"GLMETH":0.025524301171739497,"GRTETH":0.011546513327304173,"GXSETH":0.014484822441914187,"HEGICETH":0,"HOTETH":0.012048981076926986,"ICXETH":0.010496363396432104,"IOSTETH":0.012693741250185697,"IOTAETH":0.003035060223097917,"IOTXETH":0.019235371609027288,"KEYETH":0.03557417413478205,"KMDETH":0.0063432734790229775,"KNCETH":0.03479320010237538,"LINKETH":0.008969300978084242,"LOOMETH":0,"LRCETH":0.0011867851474127165,"LSKETH":0.003146567515086159,"LTCETH":0.006186975097058935,"MANAETH":0.00043957740438536815,"MFTETH":0.0019509094973835254,"MTLETH":0,"NANOETH":0.009000003431868346,"NASETH":0,"NAVETH":0.001443978668541234,"NCASHETH":0.008716197848827403,"NEBLETH":0.0027315501464273417,"NEOETH":0.012999764869830534,"OMGETH":0,"ONTETH":0.030962958640891686,"OSTETH":0.01744255942680336,"PIVXETH":0.03035337338899654,"POWRETH":0,"PROSETH":0.0004092397316337443,"PUNDIXETH":0.03570268899601525,"QKCETH":0.006103454816043236,"QLCETH":0.010280728585168103,"QSPETH":0.02533109808034001,"QTUMETH":0.012866203190794461,"RENBTCETH":0.006984739743540885,"REPETH":0.004361385185724396,"RLCETH":0.012713897475980401,"SCETH":0,"SCRTETH":0,"SLPETH":0,"SNTETH":0.01810179635739434,"STEEMETH":0.010871642673199023,"STMXETH":0.024379565748005733,"STRAXETH":0.026498856129547776,"THETAETH":0,"TRXETH":0.021215081224918643,"UFTETH":0.029459344446145695,"VETETH":0.011128053870740902,"VIBETH":0.01227598869194224,"WANETH":0.018343380369663216,"WAVESETH":0.005437400038794197,"XEMETH":0.0090355684585209,"XLMETH":0,"XMRETH":0,"XRPETH":0.10996515365005838,"XVGETH":0,"ZECETH":0.00224202135256935,"ZENETH":0.0402760289395703,"ZILETH":0,"ZRXETH":0},"numerosità_campione":92,"expected_return":0.0006521414087772546,"standard_deviation":0.0014905477229406952,"sharpe_ratio":0.43751796654363245}