{"weights":{"AAVEETH":0.010389251897207148,"ADAETH":0.0001046870232058187,"ADXETH":0.0017702678141035338,"AIONETH":0,"BATETH":0,"BETHETH":7.556675603502463e-19,"BLZETH":0.008869319193346631,"BNBETH":0.00042835452046231445,"BNTETH":0.0028994402858866716,"BQXETH":0,"BRDETH":0,"CDTETH":0.011832948038708276,"COVERETH":0,"CVCETH":0.004043971851752883,"CVPETH":0.006642169002951842,"DASHETH":0.002641531924270739,"DATAETH":0.0010425311807339202,"DENTETH":0.0005880454083778587,"DEXEETH":0.010436246613531626,"DFETH":0.003561207496771417,"ELFETH":0.006645777668476006,"ENJETH":0.010911561635640245,"EOSETH":0.018056777135415168,"ETCETH":0.001615538913714172,"EZETH":0.006531445562692713,"FIROETH":0.01092485444089031,"FRONTETH":0,"FUNETH":0.00845103796731481,"GHSTETH":0.010832812983101452,"GLMETH":0.015583468098674069,"GRTETH":0.012161239097973878,"GXSETH":0.008517246105003881,"HEGICETH":0,"HOTETH":0.005919066937779755,"ICXETH":0.011984495889274499,"IOSTETH":0.008553854746010645,"IOTAETH":0.002857448403172662,"IOTXETH":0.01584846971078973,"KEYETH":0.010603432931090258,"KMDETH":0.002645950176337612,"KNCETH":0.022224384526759212,"LINKETH":0.007124715096493173,"LOOMETH":0,"LRCETH":0,"LSKETH":0.0002815937498579871,"LTCETH":0.003905497535519508,"MANAETH":0.003614020451330133,"MFTETH":0.0008733686237018631,"MTLETH":0,"NANOETH":0.008622368457147174,"NASETH":0,"NAVETH":0.001867392745300455,"NCASHETH":0.00329366337601955,"NEBLETH":0.0009882255276762414,"NEOETH":0.009873339951641637,"OMGETH":0.0007969367983610249,"ONTETH":0.016970098544279943,"OSTETH":0.013935859986788823,"PIVXETH":0.0181456939877502,"POWRETH":0,"PROSETH":0,"PUNDIXETH":0.021671463801945085,"QKCETH":0,"QLCETH":0.006851249726107295,"QSPETH":0.014921663760975892,"QTUMETH":0.005120152234609075,"RENBTCETH":0.003484458301231162,"REPETH":0.0025974593024109273,"RLCETH":0.006598654542084311,"SCETH":0.0005977851969855883,"SCRTETH":0,"SLPETH":0,"SNTETH":0.009441827654145826,"STEEMETH":0.012558202384169862,"STMXETH":0.01102486382898039,"STRAXETH":0.01578301711805288,"THETAETH":0,"TRXETH":0.013023262991274265,"UFTETH":0.009748757966353466,"VETETH":0.008990989754811848,"VIBETH":0.0077650109626462935,"WANETH":0.007493780668463764,"WAVESETH":0.006846415727220772,"XEMETH":0.02045914632904224,"XLMETH":0.002235053735317052,"XMRETH":0,"XRPETH":0.4417861643943546,"XVGETH":0,"ZECETH":0.0007265485865634387,"ZENETH":0.02386246101896435,"ZILETH":0,"ZRXETH":0},"numerosità_campione":92,"expected_return":0.0003880287870841601,"standard_deviation":0.0009963084347883748,"sharpe_ratio":0.3894665281706473}