{"weights":{"AAVEETH":0,"ADAETH":0,"ADXETH":0,"AIONETH":0,"BATETH":0.016205861679450644,"BETHETH":0,"BLZETH":0,"BNBETH":0,"BNTETH":0.00419201933124301,"BQXETH":0,"BRDETH":0,"CDTETH":0.05516237922364788,"COVERETH":0,"CVCETH":0,"CVPETH":0,"DASHETH":0.010426401303795543,"DATAETH":0,"DENTETH":0,"DEXEETH":0.04855239511965435,"DFETH":0.008435679301637612,"ELFETH":0.04931228935925781,"ENJETH":0,"EOSETH":0.0192395039065677,"ETCETH":0,"EZETH":0.011027282319656663,"FIROETH":0,"FRONTETH":0,"FUNETH":0.019354940988482207,"GHSTETH":0.012132080393633143,"GLMETH":0.005224652919164968,"GRTETH":0,"GXSETH":0.018701638552363817,"HEGICETH":0,"HOTETH":0.0198842422638643,"ICXETH":0,"IOSTETH":0,"IOTAETH":0.0025325287102053932,"IOTXETH":0,"KEYETH":0.07994387423491862,"KMDETH":0.006017936779675169,"KNCETH":0.057459105862773516,"LINKETH":0.006185476615334226,"LOOMETH":0,"LRCETH":0,"LSKETH":0,"LTCETH":0,"MANAETH":0,"MFTETH":0.005044936589863128,"MTLETH":0,"NANOETH":0.009282810482206017,"NASETH":0,"NAVETH":0,"NCASHETH":0.04197946795619399,"NEBLETH":0,"NEOETH":0.01823959703256888,"OMGETH":0,"ONTETH":0.03520523721670247,"OSTETH":0.007882505212866698,"PIVXETH":0.03892789020832604,"POWRETH":0,"PROSETH":0,"PUNDIXETH":0.009081242729495825,"QKCETH":0.006876344771100487,"QLCETH":0,"QSPETH":0.03257866471504223,"QTUMETH":0.015285480700570574,"RENBTCETH":0.01998489408669697,"REPETH":0.010116341583705593,"RLCETH":0.02076345274577705,"SCETH":0,"SCRTETH":0,"SLPETH":0,"SNTETH":0.020950690710992398,"STEEMETH":0,"STMXETH":0.05254178734512992,"STRAXETH":0.04221889322619983,"THETAETH":0,"TRXETH":0.0005664405734482505,"UFTETH":0.07297346812941176,"VETETH":0.00569454112193738,"VIBETH":0,"WANETH":0.04136529478493424,"WAVESETH":0,"XEMETH":0,"XLMETH":0,"XMRETH":0,"XRPETH":0,"XVGETH":0,"ZECETH":0.010804755484141367,"ZENETH":0.031644973727362156,"ZILETH":0,"ZRXETH":0},"numerosità_campione":92,"expected_return":0.0008612305676176205,"standard_deviation":0.002198053212342652,"sharpe_ratio":0.39181515842363707}