{"weights":{"AAVEETH":0.010194717560679726,"ADAETH":0,"ADXETH":0.0009920649963734889,"AIONETH":0,"BATETH":0,"BETHETH":0,"BLZETH":0.007530219439333321,"BNBETH":0.0020525490336809615,"BNTETH":0.0021771564129605308,"BQXETH":0,"BRDETH":0,"CDTETH":0.009534745886396842,"COVERETH":0,"CVCETH":0.0038888155938664043,"CVPETH":0.0085016753683563,"DASHETH":0.0010917336840472881,"DATAETH":0.0013263825761149484,"DENTETH":0.0008749165826713993,"DEXEETH":0.00761107684294894,"DFETH":0.000986074832188753,"ELFETH":0.004585558539230117,"ENJETH":0.00875757794814045,"EOSETH":0.016427655011001005,"ETCETH":0.002230004517568164,"EZETH":0.005750693567676943,"FIROETH":0.0097717483350727,"FRONTETH":0,"FUNETH":0.006162893978598363,"GHSTETH":0.009803907906470496,"GLMETH":0.013092286258971415,"GRTETH":0.011932610883415651,"GXSETH":0.0070591249561057735,"HEGICETH":0,"HOTETH":0.004327597149261078,"ICXETH":0.012180501239801318,"IOSTETH":0.007550817541487861,"IOTAETH":0.0024527960814438063,"IOTXETH":0.013279722050274573,"KEYETH":0.00422622176549986,"KMDETH":0.0018136282667519832,"KNCETH":0.01928092362015993,"LINKETH":0.006896129323163231,"LOOMETH":0,"LRCETH":0,"LSKETH":0,"LTCETH":0.0028014617789678007,"MANAETH":0.0037688189656203616,"MFTETH":0.0005547815674831515,"MTLETH":0,"NANOETH":0.008053246399062013,"NASETH":0,"NAVETH":0.0017083048044895177,"NCASHETH":0.0018076518999802984,"NEBLETH":0.0004674707641042111,"NEOETH":0.008925995345833701,"OMGETH":0.00212791132453687,"ONTETH":0.013510751069688801,"OSTETH":0.012893389235350779,"PIVXETH":0.014845270263739455,"POWRETH":0,"PROSETH":0,"PUNDIXETH":0.018245485928413914,"QKCETH":0,"QLCETH":0.005499237904749607,"QSPETH":0.01209013948535043,"QTUMETH":0.0030675208774228946,"RENBTCETH":0.002536649922694376,"REPETH":0.0021103095771035176,"RLCETH":0.004830488852178769,"SCETH":0.0019288378632269102,"SCRTETH":0.0007514079495990662,"SLPETH":0,"SNTETH":0.007172843364119677,"STEEMETH":0.012858121089971645,"STMXETH":0.007548402348864959,"STRAXETH":0.013032193589970185,"THETAETH":0,"TRXETH":0.011234978990600586,"UFTETH":0.004706275972902338,"VETETH":0.008404537814600148,"VIBETH":0.0063509084656507425,"WANETH":0.004895097257024122,"WAVESETH":0.007373250005829378,"XEMETH":0.02314140215177895,"XLMETH":0.006578750043166715,"XMRETH":0,"XRPETH":0.5195470164631113,"XVGETH":0,"ZECETH":0.0003794781358424737,"ZENETH":0.019907084777256667,"ZILETH":0,"ZRXETH":0},"numerosità_campione":92,"expected_return":0.0003220006316608868,"standard_deviation":0.0009161001028843251,"sharpe_ratio":0.351490662043453}