{"weights":{"AAVEETH":0.010843373277435803,"ADAETH":0.002569412401330102,"ADXETH":0.00438285110932223,"AIONETH":0,"BATETH":0.0016480081402469372,"BETHETH":0.004119394367694354,"BLZETH":0.011571399263523841,"BNBETH":0,"BNTETH":0.003751876846029248,"BQXETH":0,"BRDETH":0,"CDTETH":0.019366138652772646,"COVERETH":0,"CVCETH":0.004963163683682818,"CVPETH":0.0004160056017049129,"DASHETH":0.004446482900048401,"DATAETH":0,"DENTETH":0.00011524586838138848,"DEXEETH":0.017166896271818433,"DFETH":0.010716761367156975,"ELFETH":0.012600338715643531,"ENJETH":0.01740182505000827,"EOSETH":0.023487978493206187,"ETCETH":0,"EZETH":0.008947043641845651,"FIROETH":0.014521124094378958,"FRONTETH":0,"FUNETH":0.015101347895744799,"GHSTETH":0.014555736842934871,"GLMETH":0.02300166084529556,"GRTETH":0.01178195975137328,"GXSETH":0.01293654071402965,"HEGICETH":0,"HOTETH":0.01052053016319018,"ICXETH":0.010940573516278272,"IOSTETH":0.01158337154547871,"IOTAETH":0.0030643299094517125,"IOTXETH":0.018612361219238052,"KEYETH":0.029269767444216107,"KMDETH":0.005421729818762213,"KNCETH":0.03162685181373364,"LINKETH":0.008498084531973262,"LOOMETH":0,"LRCETH":0.0004787466958684903,"LSKETH":0.0023473975145201563,"LTCETH":0.005693023451235443,"MANAETH":0.0012399009971478109,"MFTETH":0.001660305634669779,"MTLETH":0,"NANOETH":0.00896187696605567,"NASETH":0,"NAVETH":0.0015924798621922095,"NCASHETH":0.007499692491318162,"NEBLETH":0.0024014576589730047,"NEOETH":0.012312504801706219,"OMGETH":0,"ONTETH":0.027515850217007153,"OSTETH":0.016711804477986716,"PIVXETH":0.027396981591028362,"POWRETH":0,"PROSETH":0.0003014713511771762,"PUNDIXETH":0.032228110132873605,"QKCETH":0.003749068781156965,"QLCETH":0.009642585185523269,"QSPETH":0.02295300709038275,"QTUMETH":0.010907661744810972,"RENBTCETH":0.006075839899891464,"REPETH":0.00395543576919459,"RLCETH":0.011315970933500095,"SCETH":0,"SCRTETH":0,"SLPETH":0,"SNTETH":0.016053211024928415,"STEEMETH":0.01135740805168998,"STMXETH":0.021079444969817254,"STRAXETH":0.023830079621572527,"THETAETH":0,"TRXETH":0.019034694036962396,"UFTETH":0.02448268251185913,"VETETH":0.010601541316826682,"VIBETH":0.011292260563267995,"WANETH":0.015569357889174703,"WAVESETH":0.005792772524450264,"XEMETH":0.01184911528261771,"XLMETH":0,"XMRETH":0,"XRPETH":0.19426740485747548,"XVGETH":0,"ZECETH":0.0017989609978936397,"ZENETH":0.03609972734531294,"ZILETH":0,"ZRXETH":0},"numerosità_campione":92,"expected_return":0.0005861132533539809,"standard_deviation":0.001349595782422066,"sharpe_ratio":0.4342880001463154}