{"weights":{"AAVEETH":0.01098673642159643,"ADAETH":0.0033922535923734446,"ADXETH":0.0060518388699467044,"AIONETH":0,"BATETH":0.005153012625617482,"BETHETH":0.0069731890933071115,"BLZETH":0.012158282050225995,"BNBETH":0,"BNTETH":0.0031981550754174187,"BQXETH":0,"BRDETH":0,"CDTETH":0.025282809393344416,"COVERETH":0,"CVCETH":0.005757164440366282,"CVPETH":0,"DASHETH":0.0050816131305593155,"DATAETH":0,"DENTETH":0,"DEXEETH":0.021202982877487005,"DFETH":0.015238116058609998,"ELFETH":0.016646488084736545,"ENJETH":0.02199762366632584,"EOSETH":0.02729049235922822,"ETCETH":0,"EZETH":0.010564439368824827,"FIROETH":0.01693064790026174,"FRONTETH":0,"FUNETH":0.01919183138884802,"GHSTETH":0.01758090551451271,"GLMETH":0.02841806051688142,"GRTETH":0.011272756234293984,"GXSETH":0.016278295034504127,"HEGICETH":0,"HOTETH":0.01380621447716874,"ICXETH":0.009965408229147966,"IOSTETH":0.014014757842545645,"IOTAETH":0.0029806032308777844,"IOTXETH":0.019801487490829956,"KEYETH":0.042939924041757206,"KMDETH":0.0074289143234512744,"KNCETH":0.038494034362997157,"LINKETH":0.00949434429035142,"LOOMETH":0,"LRCETH":0.001990145414893596,"LSKETH":0.004058999662706961,"LTCETH":0.0067081100440522685,"MANAETH":0,"MFTETH":0.0022815678122106615,"MTLETH":0,"NANOETH":0.009071016916263856,"NASETH":0,"NAVETH":0.0012936137023420106,"NCASHETH":0.01010580564743291,"NEBLETH":0.0030959929996022023,"NEOETH":0.013814219653111824,"OMGETH":0,"ONTETH":0.03498005048634989,"OSTETH":0.018260949101217453,"PIVXETH":0.03377615311811542,"POWRETH":0,"PROSETH":0.0005356225073766323,"PUNDIXETH":0.039682478572614935,"QKCETH":0.008885905259906186,"QLCETH":0.011015538685995755,"QSPETH":0.02806075899719845,"QTUMETH":0.015125469516039143,"RENBTCETH":0.008028082754957202,"REPETH":0.004849795998226223,"RLCETH":0.014317728440298714,"SCETH":0,"SCRTETH":0,"SLPETH":0,"SNTETH":0.02047005943111446,"STEEMETH":0.0103013004532103,"STMXETH":0.028254639186340927,"STRAXETH":0.029615484635512994,"THETAETH":0,"TRXETH":0.023818785999543346,"UFTETH":0.03526214403273014,"VETETH":0.011749685260053676,"VIBETH":0.013421450086460989,"WANETH":0.02157628431869742,"WAVESETH":0.005029119519224512,"XEMETH":0.005740734495957274,"XLMETH":0,"XMRETH":0,"XRPETH":0.011373561808937387,"XVGETH":0,"ZECETH":0.0027604416621081406,"ZENETH":0.045114921832799845,"ZILETH":0,"ZRXETH":0},"numerosità_campione":92,"expected_return":0.0007291742567710737,"standard_deviation":0.00166355507091628,"sharpe_ratio":0.43832288423697763}