{"weights":{"AAVEETH":0.009210463470435576,"ADAETH":0,"ADXETH":0,"AIONETH":0,"BATETH":0,"BETHETH":0,"BLZETH":0.005488492505514211,"BNBETH":0.004100394875818855,"BNTETH":0.001097506296704349,"BQXETH":0,"BRDETH":0,"CDTETH":0.005843165042366111,"COVERETH":0,"CVCETH":0.003792462307207713,"CVPETH":0.010722325687225934,"DASHETH":0,"DATAETH":0.0017222473464848095,"DENTETH":0.0012107257971660712,"DEXEETH":0.00277220867787402,"DFETH":0,"ELFETH":0.0014549554893539766,"ENJETH":0.005570191512528947,"EOSETH":0.01383891190931996,"ETCETH":0.003119607730948071,"EZETH":0.004487767962819758,"FIROETH":0.0077518008113272655,"FRONTETH":0,"FUNETH":0.0025553410068618774,"GHSTETH":0.008157755392018146,"GLMETH":0.009632272894947464,"GRTETH":0.011732245780462752,"GXSETH":0.005020318228558343,"HEGICETH":0,"HOTETH":0.001988075644909532,"ICXETH":0.012337114793296144,"IOSTETH":0.0059706149110058445,"IOTAETH":0.0017642966835758299,"IOTXETH":0.009775516410706963,"KEYETH":0,"KMDETH":0.0006912544233730061,"KNCETH":0.01512988199275521,"LINKETH":0.006472936418889652,"LOOMETH":0,"LRCETH":0,"LSKETH":0,"LTCETH":0.0014443375694976096,"MANAETH":0.003626457896473095,"MFTETH":0.000011267968151735768,"MTLETH":0.00005328984864001243,"NANOETH":0.0072766804989333415,"NASETH":0,"NAVETH":0.0017506153486989298,"NCASHETH":0,"NEBLETH":0,"NEOETH":0.0069178532095472865,"OMGETH":0.0033542118644113977,"ONTETH":0.007200002532766998,"OSTETH":0.01180232541617272,"PIVXETH":0.009940750616494045,"POWRETH":0.0002691612972904419,"PROSETH":0,"PUNDIXETH":0.01328977875629753,"QKCETH":0,"QLCETH":0.003251930383285054,"QSPETH":0.008248182283538902,"QTUMETH":0.00016303381555160372,"RENBTCETH":0.0013636429764445528,"REPETH":0.0012671971434034673,"RLCETH":0.0024541735652207283,"SCETH":0.0037569217173019595,"SCRTETH":0.0019233716608737595,"SLPETH":0,"SNTETH":0.004167785966789279,"STEEMETH":0.012986225053527936,"STMXETH":0.0023879451496317504,"STRAXETH":0.009048732864551427,"THETAETH":0,"TRXETH":0.008789746688640687,"UFTETH":0,"VETETH":0.007768097481837077,"VIBETH":0.0044210296403699185,"WANETH":0.0013479352244286779,"WAVESETH":0.0075971034151371755,"XEMETH":0.026720541244734684,"XLMETH":0.012177838453216981,"XMRETH":0,"XRPETH":0.625464439281083,"XVGETH":0,"ZECETH":0,"ZENETH":0.014346541162599879,"ZILETH":0,"ZRXETH":0},"numerosità_campione":92,"expected_return":0.00023396309109652188,"standard_deviation":0.0008549828260983833,"sharpe_ratio":0.2736465388014702}