{"weights":{"AAVEETH":0.010794835419219044,"ADAETH":0.0031395829852117647,"ADXETH":0.005904695754728932,"AIONETH":0,"BATETH":0.005522804434352418,"BETHETH":0.0069256248760292925,"BLZETH":0.012015337811682781,"BNBETH":0,"BNTETH":0.0032437056493350627,"BQXETH":0,"BRDETH":0,"CDTETH":0.025887645528777002,"COVERETH":0,"CVCETH":0.005776224159855764,"CVPETH":0,"DASHETH":0.00529336178748181,"DATAETH":0,"DENTETH":0,"DEXEETH":0.021810880318502028,"DFETH":0.01555751083986523,"ELFETH":0.017142942403524243,"ENJETH":0.0221944380765431,"EOSETH":0.027618308311317966,"ETCETH":0,"EZETH":0.010700653176776641,"FIROETH":0.017042136914641754,"FRONTETH":0,"FUNETH":0.019579060701327707,"GHSTETH":0.017820607046410166,"GLMETH":0.028714093485160526,"GRTETH":0.011247786847809043,"GXSETH":0.016522635378401342,"HEGICETH":0,"HOTETH":0.014108085625744983,"ICXETH":0.009675786729451099,"IOSTETH":0.014031406001055433,"IOTAETH":0.0030894619304691643,"IOTXETH":0.01963140748034361,"KEYETH":0.04416986193976782,"KMDETH":0.007536063164190339,"KNCETH":0.03910707652255794,"LINKETH":0.009572962102325255,"LOOMETH":0,"LRCETH":0.0019826992293273255,"LSKETH":0.0040686724384251865,"LTCETH":0.006385797376985145,"MANAETH":0,"MFTETH":0.0023323665099517607,"MTLETH":0,"NANOETH":0.009219857624814429,"NASETH":0,"NAVETH":0.001186526064114853,"NCASHETH":0.01054950823194018,"NEBLETH":0.003085083950516377,"NEOETH":0.014088571948931438,"OMGETH":0,"ONTETH":0.035460436900116174,"OSTETH":0.018350287298758386,"PIVXETH":0.03426351896880774,"POWRETH":0,"PROSETH":0.0005345506315814468,"PUNDIXETH":0.04005196715922421,"QKCETH":0.00928795078222161,"QLCETH":0.010835010542488702,"QSPETH":0.028455649330186423,"QTUMETH":0.01546247925580862,"RENBTCETH":0.008247740622072772,"REPETH":0.005014216641482361,"RLCETH":0.01463956014968445,"SCETH":0,"SCRTETH":0,"SLPETH":0,"SNTETH":0.020839172866179496,"STEEMETH":0.010018906213592938,"STMXETH":0.028885051697314593,"STRAXETH":0.030260592246000466,"THETAETH":0,"TRXETH":0.024055583877028604,"UFTETH":0.03634283223717706,"VETETH":0.011804772873668353,"VIBETH":0.013530110612907171,"WANETH":0.022221678514573618,"WAVESETH":0.004729113970826591,"XEMETH":0.003805580825599708,"XLMETH":0,"XMRETH":0,"XRPETH":0,"XVGETH":0,"ZECETH":0.002894515670015172,"ZENETH":0.04573265333481721,"ZILETH":0,"ZRXETH":0},"numerosità_campione":92,"expected_return":0.0007401789493416192,"standard_deviation":0.00168890782292991,"sharpe_ratio":0.4382589382868509}