{"weights":{"AAVEETH":0.008549045212232952,"ADAETH":0,"ADXETH":0,"AIONETH":0,"BATETH":0,"BETHETH":0,"BLZETH":0.00480190641223664,"BNBETH":0.004547400828397965,"BNTETH":0.0007057573098671159,"BQXETH":0,"BRDETH":0,"CDTETH":0.004800030093027912,"COVERETH":0,"CVCETH":0.003788789213122027,"CVPETH":0.010940488184306867,"DASHETH":0,"DATAETH":0.001835407199398847,"DENTETH":0.0012619387488566464,"DEXEETH":0.0012269585412167847,"DFETH":0,"ELFETH":0.0004976220705147599,"ENJETH":0.004694536507952832,"EOSETH":0.013016288371185458,"ETCETH":0.003357854763392231,"EZETH":0.003994158123102223,"FIROETH":0.007118683705780613,"FRONTETH":0,"FUNETH":0.0013882187507361996,"GHSTETH":0.007746674150215047,"GLMETH":0.008684281510647571,"GRTETH":0.011617240958463067,"GXSETH":0.004499612910102587,"HEGICETH":0,"HOTETH":0.0014083815203352996,"ICXETH":0.012378936842200382,"IOSTETH":0.005528744652793342,"IOTAETH":0.0013820958307619888,"IOTXETH":0.008831911260258864,"KEYETH":0,"KMDETH":0.00043502288305604547,"KNCETH":0.014023919267974718,"LINKETH":0.006364541696323718,"LOOMETH":0,"LRCETH":0,"LSKETH":0,"LTCETH":0.001305319220184121,"MANAETH":0.003628702544789659,"MFTETH":0,"MTLETH":0.0010482124125769658,"NANOETH":0.007104316364916213,"NASETH":0,"NAVETH":0.001774121502525064,"NCASHETH":0,"NEBLETH":0,"NEOETH":0.006228000031475871,"OMGETH":0.003316094999327726,"ONTETH":0.005128714032213484,"OSTETH":0.011627838303548663,"PIVXETH":0.008648205099655411,"POWRETH":0.00042070885842968665,"PROSETH":0,"PUNDIXETH":0.011618594161175378,"QKCETH":0,"QLCETH":0.0026649943094769627,"QSPETH":0.007265086482199546,"QTUMETH":0,"RENBTCETH":0.0010919791907997608,"REPETH":0.0009087637035633523,"RLCETH":0.0019162111416740077,"SCETH":0.004266235610509716,"SCRTETH":0.00218048541634257,"SLPETH":0,"SNTETH":0.0034637101334739143,"STEEMETH":0.012823556834752434,"STMXETH":0.0008408961870846162,"STRAXETH":0.007862399576941832,"THETAETH":0,"TRXETH":0.008294495020645776,"UFTETH":0,"VETETH":0.007701099127532847,"VIBETH":0.003756203313391417,"WANETH":0.0003560095690114977,"WAVESETH":0.007529270091542511,"XEMETH":0.027548119124187996,"XLMETH":0.013393154830516493,"XMRETH":0,"XRPETH":0.6516800348211038,"XVGETH":0,"ZECETH":0,"ZENETH":0.012847182495457906,"ZILETH":0,"ZRXETH":0.0003348379705123338},"numerosità_campione":92,"expected_return":0.0002119537059554308,"standard_deviation":0.0008503488694126609,"sharpe_ratio":0.24925499824775213}