{"weights":{"AAVEETH":0,"ADAETH":0,"ADXETH":0,"AIONETH":0,"BATETH":0.02528077749957562,"BETHETH":0,"BLZETH":0,"BNBETH":0,"BNTETH":0,"BQXETH":0,"BRDETH":0,"CDTETH":0.0795498982093859,"COVERETH":0,"CVCETH":0,"CVPETH":0,"DASHETH":0,"DATAETH":0,"DENTETH":0,"DEXEETH":0.0736970668313709,"DFETH":0,"ELFETH":0.08882513922258138,"ENJETH":0,"EOSETH":0,"ETCETH":0,"EZETH":0.004375430127412953,"FIROETH":0,"FRONTETH":0,"FUNETH":0.0030082465214784936,"GHSTETH":0,"GLMETH":0,"GRTETH":0,"GXSETH":0.019409882350158655,"HEGICETH":0,"HOTETH":0.01767068673148507,"ICXETH":0,"IOSTETH":0,"IOTAETH":0,"IOTXETH":0,"KEYETH":0.11827342939611887,"KMDETH":0.0020527851827915147,"KNCETH":0.05329358361911987,"LINKETH":0,"LOOMETH":0,"LRCETH":0,"LSKETH":0,"LTCETH":0,"MANAETH":0,"MFTETH":0.003983652180012297,"MTLETH":0,"NANOETH":0,"NASETH":0,"NAVETH":0,"NCASHETH":0.06680107569859275,"NEBLETH":0,"NEOETH":0,"OMGETH":0,"ONTETH":0.016873718644167746,"OSTETH":0,"PIVXETH":0.030778813662387793,"POWRETH":0,"PROSETH":0,"PUNDIXETH":0,"QKCETH":0,"QLCETH":0,"QSPETH":0.026441635138767683,"QTUMETH":0,"RENBTCETH":0.029948393388571533,"REPETH":0.013316970722848688,"RLCETH":0.014336874988109923,"SCETH":0,"SCRTETH":0,"SLPETH":0,"SNTETH":0.008571027416506404,"STEEMETH":0,"STMXETH":0.07950570192599644,"STRAXETH":0.04912466569407358,"THETAETH":0,"TRXETH":0,"UFTETH":0.1049421097623345,"VETETH":0,"VIBETH":0,"WANETH":0.05100106002020035,"WAVESETH":0,"XEMETH":0,"XLMETH":0,"XMRETH":0,"XRPETH":0,"XVGETH":0,"ZECETH":0.018937375065950973,"ZENETH":0,"ZILETH":0,"ZRXETH":0},"numerosità_campione":92,"expected_return":0.00093826341561144,"standard_deviation":0.002861462881967967,"sharpe_ratio":0.3278964132381653}