{"weights":{"AAVEETH":0,"ADAETH":0,"ADXETH":0,"AIONETH":0,"BATETH":0.012718991787954199,"BETHETH":0,"BLZETH":0,"BNBETH":0,"BNTETH":0.004883431114927717,"BQXETH":0,"BRDETH":0,"CDTETH":0.04485077050012603,"COVERETH":0,"CVCETH":0.0005278954053115883,"CVPETH":0,"DASHETH":0.011314735055568396,"DATAETH":0,"DENTETH":0,"DEXEETH":0.04051675700229161,"DFETH":0.012873107056712853,"ELFETH":0.03727509191557645,"ENJETH":0.009096006916568302,"EOSETH":0.024328934422377678,"ETCETH":0,"EZETH":0.011025378842802181,"FIROETH":0.0013721947045453012,"FRONTETH":0,"FUNETH":0.020827169441768337,"GHSTETH":0.01553323289557795,"GLMETH":0.015801611435466788,"GRTETH":0.004388911952295186,"GXSETH":0.017996335553304408,"HEGICETH":0,"HOTETH":0.018812169711711936,"ICXETH":0,"IOSTETH":0,"IOTAETH":0.00539413033283428,"IOTXETH":0,"KEYETH":0.06843275624864793,"KMDETH":0.006182175913388146,"KNCETH":0.05181547919811752,"LINKETH":0.007756665523296236,"LOOMETH":0,"LRCETH":0,"LSKETH":0,"LTCETH":0,"MANAETH":0,"MFTETH":0.003998409620302961,"MTLETH":0,"NANOETH":0.011296665186042757,"NASETH":0,"NAVETH":0,"NCASHETH":0.0318414747209074,"NEBLETH":0,"NEOETH":0.019780510212930143,"OMGETH":0,"ONTETH":0.036235738839209525,"OSTETH":0.012886372768016558,"PIVXETH":0.03850134222066617,"POWRETH":0,"PROSETH":0.0005781633890668131,"PUNDIXETH":0.022199334769865423,"QKCETH":0.009639693798858578,"QLCETH":0,"QSPETH":0.03293289805505331,"QTUMETH":0.01743284954563608,"RENBTCETH":0.016121059100930098,"REPETH":0.008466386060350864,"RLCETH":0.02014201224199322,"SCETH":0,"SCRTETH":0,"SLPETH":0,"SNTETH":0.02227148728349025,"STEEMETH":0,"STMXETH":0.0445310946340976,"STRAXETH":0.0394001757975119,"THETAETH":0,"TRXETH":0.012145543777415117,"UFTETH":0.0607633168754095,"VETETH":0.008507609947743463,"VIBETH":0.004050200988398025,"WANETH":0.03585020919847859,"WAVESETH":0,"XEMETH":0,"XLMETH":0,"XMRETH":0,"XRPETH":0,"XVGETH":0,"ZECETH":0.007742136161872927,"ZENETH":0.03896138187458179,"ZILETH":0,"ZRXETH":0},"numerosità_campione":92,"expected_return":0.0008282164899059838,"standard_deviation":0.0020031025200901334,"sharpe_ratio":0.4134668503480874}