{"weights":{"AAVEETH":0.010526625220209328,"ADAETH":0.0020402455717195185,"ADXETH":0.0034312138246183747,"AIONETH":0,"BATETH":0,"BETHETH":0.0027774316046121597,"BLZETH":0.011090491061703553,"BNBETH":0,"BNTETH":0.0037302448040061743,"BQXETH":0,"BRDETH":0,"CDTETH":0.01664142559855761,"COVERETH":0,"CVCETH":0.004624786724473044,"CVPETH":0.0026944787125478655,"DASHETH":0.00404853055169104,"DATAETH":0.00002569385866699972,"DENTETH":0.00027968263401599976,"DEXEETH":0.015110913865748423,"DFETH":0.008555834596680098,"ELFETH":0.010702715939724406,"ENJETH":0.015248738162994987,"EOSETH":0.021752749169265236,"ETCETH":0.0002638313364004821,"EZETH":0.008177580014906123,"FIROETH":0.013379288589987184,"FRONTETH":0,"FUNETH":0.013114127016175835,"GHSTETH":0.013082913449689568,"GLMETH":0.020451907706816715,"GRTETH":0.012023779894612098,"GXSETH":0.011381848065347706,"HEGICETH":0,"HOTETH":0.00903703148267322,"ICXETH":0.01137759679514508,"IOSTETH":0.010533097752690046,"IOTAETH":0.0031185302995966452,"IOTXETH":0.017764432464490047,"KEYETH":0.02303699307018571,"KMDETH":0.004499683270359826,"KNCETH":0.028534950061317454,"LINKETH":0.0079388215070493,"LOOMETH":0,"LRCETH":0,"LSKETH":0.0016370913295162296,"LTCETH":0.005263844430733749,"MANAETH":0.0019605722041974053,"MFTETH":0.0013772981793020768,"MTLETH":0,"NANOETH":0.008934659388814326,"NASETH":0,"NAVETH":0.001784682927445429,"NCASHETH":0.006184808602054146,"NEBLETH":0.0019807457994712742,"NEOETH":0.011703457276298687,"OMGETH":0,"ONTETH":0.024104108074823508,"OSTETH":0.01590531082998166,"PIVXETH":0.024502684812955023,"POWRETH":0,"PROSETH":0.00019838097245798917,"PUNDIXETH":0.028708185398244723,"QKCETH":0.0013056625513825112,"QLCETH":0.008924168684232802,"QSPETH":0.02049784373789394,"QTUMETH":0.008989827568507285,"RENBTCETH":0.005205390269430109,"REPETH":0.0035243424803128244,"RLCETH":0.009839181262901455,"SCETH":0,"SCRTETH":0,"SLPETH":0,"SNTETH":0.013925448728244737,"STEEMETH":0.011875161210651462,"STMXETH":0.01789174835524572,"STRAXETH":0.02115842124161005,"THETAETH":0,"TRXETH":0.01698152069701091,"UFTETH":0.019511358364476847,"VETETH":0.010092026851413641,"VIBETH":0.010258684205805136,"WANETH":0.012803685742602,"WAVESETH":0.006065201119067569,"XEMETH":0.014677311031075441,"XLMETH":0,"XMRETH":0,"XRPETH":0.27798448089932126,"XVGETH":0,"ZECETH":0.0013488997133222437,"ZENETH":0.03189559038051799,"ZILETH":0,"ZRXETH":0},"numerosità_campione":92,"expected_return":0.0005200850979307075,"standard_deviation":0.0012178263245433715,"sharpe_ratio":0.4270601541855447}