{"weights":{"AAVEETH":0.011004086682542494,"ADAETH":0.0032885240225458312,"ADXETH":0.005661159438909445,"AIONETH":0,"BATETH":0.004343096632109891,"BETHETH":0.006296651460938427,"BLZETH":0.012036751456807602,"BNBETH":0,"BNTETH":0.0033179819965786085,"BQXETH":0,"BRDETH":0,"CDTETH":0.02389476564448078,"COVERETH":0,"CVCETH":0.0055689126501824015,"CVPETH":0,"DASHETH":0.004918050899907361,"DATAETH":0,"DENTETH":0,"DEXEETH":0.020273565893953925,"DFETH":0.014218179601950284,"ELFETH":0.015719629350782152,"ENJETH":0.020945235044394835,"EOSETH":0.02640389274468667,"ETCETH":0,"EZETH":0.010184732157002116,"FIROETH":0.016380639854212037,"FRONTETH":0,"FUNETH":0.01825097377361117,"GHSTETH":0.016871252166943015,"GLMETH":0.027181734608101308,"GRTETH":0.011392822448379818,"GXSETH":0.015511192179685704,"HEGICETH":0,"HOTETH":0.013057344223967197,"ICXETH":0.01020247428030535,"IOSTETH":0.013449028564351064,"IOTAETH":0.0030151610999420222,"IOTXETH":0.019590837952954417,"KEYETH":0.039782274811321676,"KMDETH":0.0069625453593982495,"KNCETH":0.03690330466547993,"LINKETH":0.009269911956803663,"LOOMETH":0,"LRCETH":0.0016495358283160515,"LSKETH":0.0036811209929096156,"LTCETH":0.006500361215241354,"MANAETH":0,"MFTETH":0.002144684717350641,"MTLETH":0,"NANOETH":0.009032055985336452,"NASETH":0,"NAVETH":0.0013523911364539654,"NCASHETH":0.009506666785321801,"NEBLETH":0.0029356117762289182,"NEOETH":0.013465135841501068,"OMGETH":0,"ONTETH":0.03325588457556576,"OSTETH":0.017909554892868555,"PIVXETH":0.03232333288348717,"POWRETH":0,"PROSETH":0.00048202748194393674,"PUNDIXETH":0.037987264845055185,"QKCETH":0.007678474482859413,"QLCETH":0.010701526502487489,"QSPETH":0.02690109913657948,"QTUMETH":0.01416155399552434,"RENBTCETH":0.007586390462884766,"REPETH":0.004637047083001714,"RLCETH":0.013634920872327962,"SCETH":0,"SCRTETH":0,"SLPETH":0,"SNTETH":0.019455159025454038,"STEEMETH":0.010553301329729661,"STMXETH":0.02658749927099477,"STRAXETH":0.02827865754544508,"THETAETH":0,"TRXETH":0.022693508750136728,"UFTETH":0.03277303429051585,"VETETH":0.011482010236895084,"VIBETH":0.012934686135385598,"WANETH":0.020188782318692044,"WAVESETH":0.0051943774675888045,"XEMETH":0.007153270643138695,"XLMETH":0,"XMRETH":0,"XRPETH":0.053692734536757415,"XVGETH":0,"ZECETH":0.0025380602303281315,"ZENETH":0.04305156310246331,"ZILETH":0,"ZRXETH":0},"numerosità_campione":92,"expected_return":0.000696160179059437,"standard_deviation":0.0015884508242255695,"sharpe_ratio":0.4382636015180651}