{"weights":{"AAVEETH":0,"ADAETH":0,"ADXETH":0,"AIONETH":0,"BATETH":0.010723432119527814,"BETHETH":0,"BLZETH":0,"BNBETH":0,"BNTETH":0.005224191308289354,"BQXETH":0,"BRDETH":0,"CDTETH":0.038565384340682754,"COVERETH":0,"CVCETH":0.0023714825226927943,"CVPETH":0,"DASHETH":0.01071467668066964,"DATAETH":0,"DENTETH":0,"DEXEETH":0.0360739726184769,"DFETH":0.01447121006983308,"ELFETH":0.030640189142670485,"ENJETH":0.01464475159954762,"EOSETH":0.026261260345686512,"ETCETH":0,"EZETH":0.010792013275703798,"FIROETH":0.0069785037304219266,"FRONTETH":0,"FUNETH":0.02127661303498398,"GHSTETH":0.017113114074588674,"GLMETH":0.021143808764656546,"GRTETH":0.007799182728105804,"GXSETH":0.017367976590002266,"HEGICETH":0,"HOTETH":0.018115671306290222,"ICXETH":0,"IOSTETH":0.0054645618265962035,"IOTAETH":0.006093379892725868,"IOTXETH":0.004813522682673389,"KEYETH":0.06170078168900475,"KMDETH":0.006519634155092347,"KNCETH":0.04773358430151984,"LINKETH":0.008738539989574473,"LOOMETH":0,"LRCETH":0,"LSKETH":0,"LTCETH":0,"MANAETH":0,"MFTETH":0.0037601454987177536,"MTLETH":0,"NANOETH":0.012240067551098351,"NASETH":0,"NAVETH":0,"NCASHETH":0.025475217555468433,"NEBLETH":0,"NEOETH":0.01937552660871064,"OMGETH":0,"ONTETH":0.03613644969002878,"OSTETH":0.015071318704677674,"PIVXETH":0.03791307905972862,"POWRETH":0,"PROSETH":0.0007457528870082249,"PUNDIXETH":0.02870359025189488,"QKCETH":0.01059016085135726,"QLCETH":0,"QSPETH":0.03162743253319363,"QTUMETH":0.017624184269720598,"RENBTCETH":0.013805203741316581,"REPETH":0.007746699651499436,"RLCETH":0.018997937665310848,"SCETH":0,"SCRTETH":0,"SLPETH":0,"SNTETH":0.02287658490162392,"STEEMETH":0,"STMXETH":0.039288487591566716,"STRAXETH":0.037191331835984096,"THETAETH":0,"TRXETH":0.01740122358094984,"UFTETH":0.053531815718219314,"VETETH":0.00980519501005774,"VIBETH":0.007915709612301742,"WANETH":0.03207909870809114,"WAVESETH":0,"XEMETH":0,"XLMETH":0,"XMRETH":0,"XRPETH":0,"XVGETH":0,"ZECETH":0.005789559676012286,"ZENETH":0.04296678805544444,"ZILETH":0,"ZRXETH":0},"numerosità_campione":92,"expected_return":0.0008062071047648926,"standard_deviation":0.0018989789769460741,"sharpe_ratio":0.42454767248736464}