{"weights":{"AAVEETH":0.010894038443762775,"ADAETH":0.002648408017611288,"ADXETH":0.00453534203375616,"AIONETH":0,"BATETH":0.0019316544819381924,"BETHETH":0.004337268466275294,"BLZETH":0.011610268824577476,"BNBETH":0,"BNTETH":0.003745902594582175,"BQXETH":0,"BRDETH":0,"CDTETH":0.01981448200885516,"COVERETH":0,"CVCETH":0.005019152259496654,"CVPETH":0.00005131391196314463,"DASHETH":0.00451323150870595,"DATAETH":0,"DENTETH":0.00008251098467929173,"DEXEETH":0.017496066034089954,"DFETH":0.01107511542442628,"ELFETH":0.01291625796422972,"ENJETH":0.01776229587378623,"EOSETH":0.023767762336732015,"ETCETH":0,"EZETH":0.009081776611565718,"FIROETH":0.014708518999096523,"FRONTETH":0,"FUNETH":0.015423888039304128,"GHSTETH":0.014801124668304126,"GLMETH":0.02343337664425066,"GRTETH":0.011743749920596944,"GXSETH":0.013198353328609627,"HEGICETH":0,"HOTETH":0.010779725447333983,"ICXETH":0.010865287793135772,"IOSTETH":0.011760330797490103,"IOTAETH":0.0030567749139651075,"IOTXETH":0.018765163443589077,"KEYETH":0.03031546032864134,"KMDETH":0.005572951123374938,"KNCETH":0.03214937576860876,"LINKETH":0.008589220467345556,"LOOMETH":0,"LRCETH":0.000594528175364503,"LSKETH":0.002471204764773989,"LTCETH":0.005781253132931364,"MANAETH":0.0011144924036144582,"MFTETH":0.0017065148008902245,"MTLETH":0,"NANOETH":0.008966468222446124,"NASETH":0,"NAVETH":0.001560705534857025,"NCASHETH":0.007722955924128866,"NEBLETH":0.002473794558451972,"NEOETH":0.012415501689905703,"OMGETH":0,"ONTETH":0.028089247381665617,"OSTETH":0.016849011870547617,"PIVXETH":0.027878138091811167,"POWRETH":0,"PROSETH":0.00031960631013515676,"PUNDIXETH":0.03282076242571819,"QKCETH":0.00414909702195338,"QLCETH":0.009752979240728429,"QSPETH":0.023356244442952843,"QTUMETH":0.01123479295080439,"RENBTCETH":0.006225744724123191,"REPETH":0.0040231346376246755,"RLCETH":0.011554247706273174,"SCETH":0,"SCRTETH":0,"SLPETH":0,"SNTETH":0.016406171668406192,"STEEMETH":0.011267610093263145,"STMXETH":0.021618986567864693,"STRAXETH":0.024275526773044696,"THETAETH":0,"TRXETH":0.019383425772534178,"UFTETH":0.025313126717497303,"VETETH":0.010689426962295965,"VIBETH":0.01145838105691584,"WANETH":0.0160348559193969,"WAVESETH":0.0057452436510458975,"XEMETH":0.011387081186024448,"XLMETH":0,"XMRETH":0,"XRPETH":0.1802408200476677,"XVGETH":0,"ZECETH":0.0018721560228834604,"ZENETH":0.036800612084777515,"ZILETH":0,"ZRXETH":0},"numerosità_campione":92,"expected_return":0.0005971179459245266,"standard_deviation":0.0013725206157008509,"sharpe_ratio":0.43505207797525136}