{"weights":{"AAVEETH":0.010229993681339842,"ADAETH":0,"ADXETH":0.0011242534405088475,"AIONETH":0,"BATETH":0,"BETHETH":0,"BLZETH":0.007748162778542054,"BNBETH":0.0017802548435678885,"BNTETH":0.0022932256433106993,"BQXETH":0,"BRDETH":0,"CDTETH":0.009919610141486354,"COVERETH":0,"CVCETH":0.003911262213399817,"CVPETH":0.008181862299594472,"DASHETH":0.0013597147816935499,"DATAETH":0.0012794491039146178,"DENTETH":0.0008278620999576387,"DEXEETH":0.00808886660505945,"DFETH":0.0014136509154937167,"ELFETH":0.004929215256650304,"ENJETH":0.009117593585287983,"EOSETH":0.01670045332116196,"ETCETH":0.002126767100846243,"EZETH":0.005885082416515113,"FIROETH":0.009961381064424304,"FRONTETH":0,"FUNETH":0.0065422901978980435,"GHSTETH":0.009976473521169836,"GLMETH":0.01350807450162943,"GRTETH":0.011974106008538018,"GXSETH":0.007301194625678301,"HEGICETH":0,"HOTETH":0.004597013133834167,"ICXETH":0.012150568964985991,"IOSTETH":0.007712432497855621,"IOTAETH":0.002519750476248124,"IOTXETH":0.013721330851790071,"KEYETH":0.005293008979798269,"KMDETH":0.0019525815753992787,"KNCETH":0.019776040617731448,"LINKETH":0.006933923360334089,"LOOMETH":0,"LRCETH":0,"LSKETH":0,"LTCETH":0.0029817252608437955,"MANAETH":0.0037573610919924318,"MFTETH":0.0006053793282023071,"MTLETH":0,"NANOETH":0.008147959014687399,"NASETH":0,"NAVETH":0.0017332779724049605,"NCASHETH":0.0020590880326880577,"NEBLETH":0.0005582380241616399,"NEOETH":0.009088001087301994,"OMGETH":0.0019173126352051001,"ONTETH":0.014085344328594294,"OSTETH":0.013063415701274788,"PIVXETH":0.015394924241220262,"POWRETH":0,"PROSETH":0,"PUNDIXETH":0.018818613937611355,"QKCETH":0,"QLCETH":0.005727425263721799,"QSPETH":0.012559592072771499,"QTUMETH":0.00341193984530581,"RENBTCETH":0.002696375293261236,"REPETH":0.0021909275454169786,"RLCETH":0.005127490787392173,"SCETH":0.0017046552045487289,"SCRTETH":0.0005799536964197484,"SLPETH":0,"SNTETH":0.007556146780736524,"STEEMETH":0.012807469545239744,"STMXETH":0.008130250890547154,"STRAXETH":0.013496478796663188,"THETAETH":0,"TRXETH":0.011541483560232858,"UFTETH":0.0055491813910398475,"VETETH":0.008503325247421858,"VIBETH":0.0065863098201422166,"WANETH":0.005330677578233835,"WAVESETH":0.0072822040281998405,"XEMETH":0.022702639537864513,"XLMETH":0.0058636910573898054,"XMRETH":0,"XRPETH":0.506600542639357,"XVGETH":0,"ZECETH":0.0004381150127522517,"ZENETH":0.02056503314350745,"ZILETH":0,"ZRXETH":0},"numerosità_campione":92,"expected_return":0.00033300532423143243,"standard_deviation":0.0009276884204171018,"sharpe_ratio":0.35896246724919617}