{"weights":{"AAVEETH":0.010640791981800332,"ADAETH":0.0022478545891730477,"ADXETH":0.003769391602756742,"AIONETH":0,"BATETH":0.0005158256764013528,"BETHETH":0.0032455089434650433,"BLZETH":0.011377694790176224,"BNBETH":0,"BNTETH":0.0037692827691560528,"BQXETH":0,"BRDETH":0,"CDTETH":0.017563531626224,"COVERETH":0,"CVCETH":0.0047385156070231735,"CVPETH":0.001888611389275949,"DASHETH":0.004181412586686979,"DATAETH":0,"DENTETH":0.0002453009981148269,"DEXEETH":0.015840760748386678,"DFETH":0.00928307357178834,"ELFETH":0.011337708926813697,"ENJETH":0.01596362346817462,"EOSETH":0.022364463397036502,"ETCETH":0.00004310791888363683,"EZETH":0.008413829441486597,"FIROETH":0.013768627022665438,"FRONTETH":0,"FUNETH":0.013808502815499548,"GHSTETH":0.013575016055960187,"GLMETH":0.021278101177196366,"GRTETH":0.011936511132345704,"GXSETH":0.011890185372749353,"HEGICETH":0,"HOTETH":0.00949820552982403,"ICXETH":0.011241998485111785,"IOSTETH":0.010873010866446601,"IOTAETH":0.0030960334879516407,"IOTXETH":0.01800646152870105,"KEYETH":0.02509264719991675,"KMDETH":0.004816098902601513,"KNCETH":0.029544420856294714,"LINKETH":0.00813151599700208,"LOOMETH":0,"LRCETH":0.000012627683117642095,"LSKETH":0.001856936371473235,"LTCETH":0.005352676583747839,"MANAETH":0.0017370014345002784,"MFTETH":0.0014743007744949161,"MTLETH":0,"NANOETH":0.008949077258583056,"NASETH":0,"NAVETH":0.001719405221485705,"NCASHETH":0.00661447016518954,"NEBLETH":0.002114174237993509,"NEOETH":0.011900693289834972,"OMGETH":0,"ONTETH":0.02522912234808003,"OSTETH":0.016165089114673754,"PIVXETH":0.02546773731037156,"POWRETH":0,"PROSETH":0.00022937852077158728,"PUNDIXETH":0.029863758474784115,"QKCETH":0.0021488365198445336,"QLCETH":0.009194716425320694,"QSPETH":0.021335187412334436,"QTUMETH":0.00960592329145309,"RENBTCETH":0.005480961706296609,"REPETH":0.003682086710299247,"RLCETH":0.010358519991980796,"SCETH":0,"SCRTETH":0,"SLPETH":0,"SNTETH":0.014641493311543585,"STEEMETH":0.01171571420692627,"STMXETH":0.018929165177111736,"STRAXETH":0.022047319842270548,"THETAETH":0,"TRXETH":0.01764606719923547,"UFTETH":0.021157984844158904,"VETETH":0.010254200897823914,"VIBETH":0.010627337725985151,"WANETH":0.01371057754537575,"WAVESETH":0.00597886799496389,"XEMETH":0.013703141957782383,"XLMETH":0,"XMRETH":0,"XRPETH":0.2503098750089834,"XVGETH":0,"ZECETH":0.0015038102671181678,"ZENETH":0.03329413671099908,"ZILETH":0,"ZRXETH":0},"numerosità_campione":92,"expected_return":0.0005420944830717987,"standard_deviation":0.0012605579590670149,"sharpe_ratio":0.43004328295465505}