{"weights":{"AAVEETH":0.010998303262227139,"ADAETH":0.0033231005458217023,"ADXETH":0.005791385915921866,"AIONETH":0,"BATETH":0.004613068629945755,"BETHETH":0.006522164005061322,"BLZETH":0.012077261654613732,"BNBETH":0,"BNTETH":0.0032780396895248786,"BQXETH":0,"BRDETH":0,"CDTETH":0.02435744689410199,"COVERETH":0,"CVCETH":0.005631663246910362,"CVPETH":0,"DASHETH":0.004972571643458012,"DATAETH":0,"DENTETH":0,"DEXEETH":0.020583371555131617,"DFETH":0.014558158420836857,"ELFETH":0.016028582262100285,"ENJETH":0.02129603125170517,"EOSETH":0.026699425949533853,"ETCETH":0,"EZETH":0.010311301227609686,"FIROETH":0.01656397586956194,"FRONTETH":0,"FUNETH":0.01856459297869012,"GHSTETH":0.01710780328279958,"GLMETH":0.027593843244361347,"GRTETH":0.011352800377017873,"GXSETH":0.015766893131291846,"HEGICETH":0,"HOTETH":0.013306967641701046,"ICXETH":0.010123452263252888,"IOSTETH":0.013637604990415926,"IOTAETH":0.0030036418102539425,"IOTXETH":0.019661054465579596,"KEYETH":0.040834824554800184,"KMDETH":0.007118001680749259,"KNCETH":0.037433547897985676,"LINKETH":0.009344722734652915,"LOOMETH":0,"LRCETH":0.0017630723571752335,"LSKETH":0.003807080549508731,"LTCETH":0.006569610824844993,"MANAETH":0,"MFTETH":0.002190312415637315,"MTLETH":0,"NANOETH":0.009045042962312254,"NASETH":0,"NAVETH":0.001332798658416647,"NCASHETH":0.009706379739358837,"NEBLETH":0.002989072184020013,"NEOETH":0.013581497112037988,"OMGETH":0,"ONTETH":0.03383060654582714,"OSTETH":0.01802668629565152,"PIVXETH":0.03280760629502992,"POWRETH":0,"PROSETH":0.000499892490421502,"PUNDIXETH":0.038552336087575106,"QKCETH":0.008080951408541672,"QLCETH":0.010806197230323578,"QSPETH":0.02728765242345247,"QTUMETH":0.014482859169029276,"RENBTCETH":0.007733621226908911,"REPETH":0.004707963388076551,"RLCETH":0.01386252339498488,"SCETH":0,"SCRTETH":0,"SLPETH":0,"SNTETH":0.019793459160674178,"STEEMETH":0.01046930103755654,"STMXETH":0.027143212576110153,"STRAXETH":0.02872426657546772,"THETAETH":0,"TRXETH":0.023068601166605602,"UFTETH":0.03360273753792062,"VETETH":0.011571235244614616,"VIBETH":0.013096940785744061,"WANETH":0.020651282985360505,"WAVESETH":0.005139291484800706,"XEMETH":0.006682425260744886,"XLMETH":0,"XMRETH":0,"XRPETH":0.039586343627484026,"XVGETH":0,"ZECETH":0.0026121873742548014,"ZENETH":0.043739349345908826,"ZILETH":0,"ZRXETH":0},"numerosità_campione":92,"expected_return":0.0007071648716299824,"standard_deviation":0.0016133379445730585,"sharpe_ratio":0.4383240808342366}