{"weights":{"AAVEETH":0.010424142989542876,"ADAETH":0.0014729383768157353,"ADXETH":0.00283043863604855,"AIONETH":0,"BATETH":0,"BETHETH":0.0019998028419930132,"BLZETH":0.010509253182987314,"BNBETH":0,"BNTETH":0.0035882201595949697,"BQXETH":0,"BRDETH":0,"CDTETH":0.015013220920557692,"COVERETH":0,"CVCETH":0.004407803000525577,"CVPETH":0.004085484551303032,"DASHETH":0.0037303149100452733,"DATAETH":0.00040855463369212475,"DENTETH":0.0003351134618917688,"DEXEETH":0.013626676733868165,"DFETH":0.006984248779043143,"ELFETH":0.009377722829106157,"ENJETH":0.013807890792997353,"EOSETH":0.020482229808317823,"ETCETH":0.0007282607713202277,"EZETH":0.007675010857794095,"FIROETH":0.012561983983341275,"FRONTETH":0,"FUNETH":0.011560733098334042,"GHSTETH":0.012278133268522902,"GLMETH":0.018793135688826526,"GRTETH":0.012184542778277917,"GXSETH":0.010416616975934632,"HEGICETH":0,"HOTETH":0.007996333842398775,"ICXETH":0.01161869633363687,"IOSTETH":0.009873790736488634,"IOTAETH":0.0030980401665488344,"IOTXETH":0.017255171492383033,"KEYETH":0.018916958014810505,"KMDETH":0.003859675861035387,"KNCETH":0.026380048022269287,"LINKETH":0.007622733886003778,"LOOMETH":0,"LRCETH":0,"LSKETH":0.0011635959424156999,"LTCETH":0.004983960406492157,"MANAETH":0.0025491889652567586,"MFTETH":0.0012184151570038809,"MTLETH":0,"NANOETH":0.008913590336725691,"NASETH":0,"NAVETH":0.0018176898511208066,"NCASHETH":0.005236716192659689,"NEBLETH":0.0016608210984519602,"NEOETH":0.01115488301764439,"OMGETH":0,"ONTETH":0.02175106952079514,"OSTETH":0.01527798409465318,"PIVXETH":0.022409243148032013,"POWRETH":0,"PROSETH":0.0001204777950613909,"PUNDIXETH":0.02632408901243154,"QKCETH":1.4637186326893546e-18,"QLCETH":0.00830425021144703,"QSPETH":0.01867805078160756,"QTUMETH":0.007732298341242554,"RENBTCETH":0.004642898895072769,"REPETH":0.0031931121912730973,"RLCETH":0.008730706293064602,"SCETH":0,"SCRTETH":0,"SLPETH":0,"SNTETH":0.012428380862990375,"STEEMETH":0.012110964281372953,"STMXETH":0.015664484039990555,"STRAXETH":0.019369370381178246,"THETAETH":0,"TRXETH":0.015663547074965912,"UFTETH":0.016315359452786275,"VETETH":0.009753630364479526,"VIBETH":0.009456348458053104,"WANETH":0.011026837132930357,"WAVESETH":0.006277978079949172,"XEMETH":0.016582643967408786,"XLMETH":0,"XMRETH":0,"XRPETH":0.33329681345923157,"XVGETH":0,"ZECETH":0.0011034732788013824,"ZENETH":0.029183205527152305,"ZILETH":0,"ZRXETH":0},"numerosità_campione":92,"expected_return":0.000476066327648525,"standard_deviation":0.0011366287635769755,"sharpe_ratio":0.41884064780337094}