{"weights":{"AAVEETH":0.009615716650005879,"ADAETH":0.0014039861336856809,"ADXETH":0.0043333295958090795,"AIONETH":0,"BATETH":0.006363325116455785,"BETHETH":0.0050106041313728936,"BLZETH":0.010448241626649635,"BNBETH":0,"BNTETH":0.0037766586786006622,"BQXETH":0,"BRDETH":0,"CDTETH":0.027368030284962458,"COVERETH":0,"CVCETH":0.005518527169063437,"CVPETH":0,"DASHETH":0.006318444123089106,"DATAETH":0,"DENTETH":0,"DEXEETH":0.024036490699437627,"DFETH":0.015712045859920934,"ELFETH":0.01872332499861304,"ENJETH":0.021717484136021953,"EOSETH":0.0279314915898487,"ETCETH":0,"EZETH":0.010741129001539541,"FIROETH":0.016284813785958252,"FRONTETH":0,"FUNETH":0.020138493642689426,"GHSTETH":0.018036728912958197,"GLMETH":0.028292834372148152,"GRTETH":0.011033261391736104,"GXSETH":0.016711907831262817,"HEGICETH":0,"HOTETH":0.014782317058108667,"ICXETH":0.008159717942444873,"IOSTETH":0.013202100804728625,"IOTAETH":0.003774919892446561,"IOTXETH":0.01852630628330055,"KEYETH":0.04654815692186891,"KMDETH":0.007429633319239527,"KNCETH":0.04024276700524233,"LINKETH":0.00955283755831369,"LOOMETH":0,"LRCETH":0.001442554697183413,"LSKETH":0.003204582240464081,"LTCETH":0.004181279042203882,"MANAETH":0,"MFTETH":0.002506458681387508,"MTLETH":0,"NANOETH":0.009964556478859994,"NASETH":0,"NAVETH":0.0003297846218599058,"NCASHETH":0.012391438983671647,"NEBLETH":0.002798288388167383,"NEOETH":0.015027022178712952,"OMGETH":0,"ONTETH":0.035626734765676224,"OSTETH":0.018084927020390336,"PIVXETH":0.03481943741328427,"POWRETH":0,"PROSETH":0.0005217581300236975,"PUNDIXETH":0.03911594963880975,"QKCETH":0.009795245205414714,"QLCETH":0.009269801591254978,"QSPETH":0.02883051218078031,"QTUMETH":0.015890304590568956,"RENBTCETH":0.00900003534973948,"REPETH":0.005578033518279284,"RLCETH":0.015350200866008181,"SCETH":0,"SCRTETH":0,"SLPETH":0,"SNTETH":0.021370204509125253,"STEEMETH":0.008664406344146572,"STMXETH":0.030091493569876546,"STRAXETH":0.031557744244464885,"THETAETH":0,"TRXETH":0.02353367630909299,"UFTETH":0.03866267458538315,"VETETH":0.011687826080785953,"VIBETH":0.013225039082065519,"WANETH":0.023665539455677745,"WAVESETH":0.003019858708944052,"XEMETH":0,"XLMETH":0,"XMRETH":0,"XRPETH":0,"XVGETH":0,"ZECETH":0.003241724247243701,"ZENETH":0.0458152807629294,"ZILETH":0,"ZRXETH":0},"numerosità_campione":92,"expected_return":0.0007511836419121647,"standard_deviation":0.0017158056308033847,"sharpe_ratio":0.4378022944011677}