{"weights":{"AAVEETH":0.01003497848268014,"ADAETH":0,"ADXETH":0.0004437534467360158,"AIONETH":0,"BATETH":0,"BETHETH":0,"BLZETH":0.006726165128286047,"BNBETH":0.0031474780638975236,"BNTETH":0.001753690940410538,"BQXETH":0,"BRDETH":0,"CDTETH":0.007907035614814362,"COVERETH":0,"CVCETH":0.003781953720060886,"CVPETH":0.009711560244521328,"DASHETH":0,"DATAETH":0.0014906725902623515,"DENTETH":0.0010848825452833522,"DEXEETH":0.005655123119876896,"DFETH":0,"ELFETH":0.0031954734006525423,"ENJETH":0.0073213339026953535,"EOSETH":0.015300487211295127,"ETCETH":0.002641033646086644,"EZETH":0.005224865446478024,"FIROETH":0.008895366344947924,"FRONTETH":0,"FUNETH":0.004628746400839492,"GHSTETH":0.009090795379886094,"GLMETH":0.011475040491506928,"GRTETH":0.011813415534926656,"GXSETH":0.0061035727090819275,"HEGICETH":0,"HOTETH":0.003258086092011514,"ICXETH":0.012327816665544632,"IOSTETH":0.006929413953920781,"IOTAETH":0.002138458559149215,"IOTXETH":0.011489644468654707,"KEYETH":0,"KMDETH":0.0012488271200962197,"KNCETH":0.017300565072361777,"LINKETH":0.006763675010894108,"LOOMETH":0,"LRCETH":0,"LSKETH":0,"LTCETH":0.0020471591723613316,"MANAETH":0.00373075426643513,"MFTETH":0.00035196064182799576,"MTLETH":0,"NANOETH":0.007660414012092879,"NASETH":0,"NAVETH":0.001673051555877511,"NCASHETH":0.000755866190120666,"NEBLETH":0.00010281691496275157,"NEOETH":0.00825155094789534,"OMGETH":0.0029713669466734476,"ONTETH":0.011073153657844758,"OSTETH":0.012249467472094504,"PIVXETH":0.01262939948410865,"POWRETH":0,"PROSETH":0,"PUNDIXETH":0.015893541972811006,"QKCETH":0,"QLCETH":0.004549338923991252,"QSPETH":0.010200411317068838,"QTUMETH":0.0016536146323575531,"RENBTCETH":0.0018711332689395914,"REPETH":0.0017664092986175754,"RLCETH":0.00368771281714517,"SCETH":0.002831712281524038,"SCRTETH":0.0014345712886086957,"SLPETH":0,"SNTETH":0.005628995148910233,"STEEMETH":0.01307731896769693,"STMXETH":0.00521921402189915,"STRAXETH":0.011201649528808762,"THETAETH":0,"TRXETH":0.010035038712734232,"UFTETH":0.0012517135794740647,"VETETH":0.008007902796266434,"VIBETH":0.005421891544090797,"WANETH":0.003137119741378469,"WAVESETH":0.007680455768290223,"XEMETH":0.024889597275434855,"XLMETH":0.009446759951140263,"XMRETH":0,"XRPETH":0.5713422330189726,"XVGETH":0,"ZECETH":0.0001229049071840756,"ZENETH":0.017267886666501,"ZILETH":0,"ZRXETH":0},"numerosità_campione":92,"expected_return":0.0002779818613787043,"standard_deviation":0.0008778441786747526,"sharpe_ratio":0.3166642419368353}