{"weights":{"AAVEETH":0.010992519841911786,"ADAETH":0.003357677069097574,"ADXETH":0.0059216123929342855,"AIONETH":0,"BATETH":0.00488304062778162,"BETHETH":0.006747676549184218,"BLZETH":0.012117771852419863,"BNBETH":0,"BNTETH":0.0032380973824711486,"BQXETH":0,"BRDETH":0,"CDTETH":0.024820128143723207,"COVERETH":0,"CVCETH":0.005694413843638323,"CVPETH":0,"DASHETH":0.005027092387008664,"DATAETH":0,"DENTETH":0,"DEXEETH":0.020893177216309313,"DFETH":0.014898137239723431,"ELFETH":0.01633753517341842,"ENJETH":0.021646827459015507,"EOSETH":0.02699495915438104,"ETCETH":0,"EZETH":0.010437870298217258,"FIROETH":0.016747311884911843,"FRONTETH":0,"FUNETH":0.018878212183769075,"GHSTETH":0.01734435439865615,"GLMETH":0.028005951880621386,"GRTETH":0.011312778305655928,"GXSETH":0.016022594082897988,"HEGICETH":0,"HOTETH":0.013556591059434894,"ICXETH":0.010044430246200428,"IOSTETH":0.013826181416480787,"IOTAETH":0.0029921225205658637,"IOTXETH":0.019731270978204776,"KEYETH":0.041887374298278705,"KMDETH":0.007273458002100268,"KNCETH":0.03796379113049142,"LINKETH":0.009419533512502168,"LOOMETH":0,"LRCETH":0.0018766088860344152,"LSKETH":0.003933040106107847,"LTCETH":0.0066388604344486315,"MANAETH":0,"MFTETH":0.0022359401139239884,"MTLETH":0,"NANOETH":0.009058029939288056,"NASETH":0,"NAVETH":0.0013132061803793288,"NCASHETH":0.009906092693395875,"NEBLETH":0.0030425325918111085,"NEOETH":0.013697858382574906,"OMGETH":0,"ONTETH":0.03440532851608852,"OSTETH":0.01814381769843449,"PIVXETH":0.03329187970657268,"POWRETH":0,"PROSETH":0.0005177574988990672,"PUNDIXETH":0.03911740733009503,"QKCETH":0.008483428334223933,"QLCETH":0.010910867958159667,"QSPETH":0.027674205710325465,"QTUMETH":0.014804164342534211,"RENBTCETH":0.007880851990933059,"REPETH":0.004778879693151388,"RLCETH":0.014090125917641798,"SCETH":0,"SCRTETH":0,"SLPETH":0,"SNTETH":0.020131759295894322,"STEEMETH":0.01038530074538342,"STMXETH":0.02769892588122555,"STRAXETH":0.029169875605490364,"THETAETH":0,"TRXETH":0.02344369358307448,"UFTETH":0.03443244078532538,"VETETH":0.011660460252334148,"VIBETH":0.013259195436102527,"WANETH":0.02111378365202897,"WAVESETH":0.00508420550201261,"XEMETH":0.006211579878351078,"XLMETH":0,"XMRETH":0,"XRPETH":0.025479952718210637,"XVGETH":0,"ZECETH":0.002686314518181472,"ZENETH":0.044427135589354336,"ZILETH":0,"ZRXETH":0},"numerosità_campione":92,"expected_return":0.0007181695642005284,"standard_deviation":0.0016383749492699614,"sharpe_ratio":0.43834261779975053}