{"weights":{"AAVEETH":0.006763602593744828,"ADAETH":0,"ADXETH":0.0005564821039461198,"AIONETH":0,"BATETH":0.007902099532276137,"BETHETH":0,"BLZETH":0.005531516851515418,"BNBETH":0,"BNTETH":0.0048987195671316075,"BQXETH":0,"BRDETH":0,"CDTETH":0.0310788051071766,"COVERETH":0,"CVCETH":0.004681046279737893,"CVPETH":0,"DASHETH":0.008103804663313365,"DATAETH":0,"DENTETH":0,"DEXEETH":0.029086699324928803,"DFETH":0.01576418491133929,"ELFETH":0.02269233563075974,"ENJETH":0.020191070903085407,"EOSETH":0.02790494203055588,"ETCETH":0,"EZETH":0.01072108533300313,"FIROETH":0.01330330597956782,"FRONTETH":0,"FUNETH":0.021054563651756626,"GHSTETH":0.018125499334149243,"GLMETH":0.02662049779424453,"GRTETH":0.010122671457512122,"GXSETH":0.016942540605868722,"HEGICETH":0,"HOTETH":0.016359025408614215,"ICXETH":0.004083779149271842,"IOSTETH":0.011228174610264997,"IOTAETH":0.005192006097548257,"IOTXETH":0.016112474337604474,"KEYETH":0.0521862209387241,"KMDETH":0.007189199145892367,"KNCETH":0.042733997273919286,"LINKETH":0.009374048546006231,"LOOMETH":0,"LRCETH":0.00019383966700161327,"LSKETH":0.0006917231844361822,"LTCETH":0,"MANAETH":0,"MFTETH":0.0030444944304610874,"MTLETH":0,"NANOETH":0.011472820086803635,"NASETH":0,"NAVETH":0,"NCASHETH":0.017052697373389235,"NEBLETH":0.0019176025432522527,"NEOETH":0.017160011584426108,"OMGETH":0,"ONTETH":0.035981122949323506,"OSTETH":0.0171585185226134,"PIVXETH":0.036139563105410735,"POWRETH":0,"PROSETH":0.0005986215706736598,"PUNDIXETH":0.035993294839748606,"QKCETH":0.010811931726160323,"QLCETH":0.005128352927224657,"QSPETH":0.02964765142291343,"QTUMETH":0.016883605595793126,"RENBTCETH":0.010806155472401366,"REPETH":0.006583465107533304,"RLCETH":0.016740628356050183,"SCETH":0,"SCRTETH":0,"SLPETH":0,"SNTETH":0.022438219735846164,"STEEMETH":0.00490302315444174,"STMXETH":0.0332510673779408,"STRAXETH":0.03385659079948396,"THETAETH":0,"TRXETH":0.021859527499252806,"UFTETH":0.04381771172786693,"VETETH":0.01140399626081193,"VIBETH":0.011861753167458843,"WANETH":0.0267839262361187,"WAVESETH":0,"XEMETH":0,"XLMETH":0,"XMRETH":0,"XRPETH":0,"XVGETH":0,"ZECETH":0.003857616920003361,"ZENETH":0.04545606749169931,"ZILETH":0,"ZRXETH":0},"numerosità_campione":92,"expected_return":0.0007731930270532556,"standard_deviation":0.0017783397072882285,"sharpe_ratio":0.434783648975757}