{"weights":{"AAVEETH":0.010332360675827903,"ADAETH":0,"ADXETH":0.0015167009702344995,"AIONETH":0,"BATETH":0,"BETHETH":0,"BLZETH":0.008404618194635323,"BNBETH":0.0009636509445594686,"BNTETH":0.002645509363467817,"BQXETH":0,"BRDETH":0,"CDTETH":0.01106837083553108,"COVERETH":0,"CVCETH":0.003984318072475675,"CVPETH":0.007234907996585936,"DASHETH":0.002154097189555941,"DATAETH":0.001139009341707326,"DENTETH":0.000686188063417437,"DEXEETH":0.009513807652128942,"DFETH":0.0027000743620165385,"ELFETH":0.005959640594681065,"ENJETH":0.010195301985722684,"EOSETH":0.017513145186462756,"ETCETH":0.0018190308554873998,"EZETH":0.006280744328300702,"FIROETH":0.010532995946984506,"FRONTETH":0,"FUNETH":0.007685601821526196,"GHSTETH":0.010496712277954071,"GLMETH":0.014755551262961443,"GRTETH":0.012094384267389367,"GXSETH":0.008031244353570024,"HEGICETH":0,"HOTETH":0.005401796025266303,"ICXETH":0.012062591777647132,"IOSTETH":0.008204102067002651,"IOTAETH":0.002720674354249165,"IOTXETH":0.015048895056646165,"KEYETH":0.008490371641999995,"KMDETH":0.0023676664038558065,"KNCETH":0.02126072141665384,"LINKETH":0.007048590015902025,"LOOMETH":0,"LRCETH":0,"LSKETH":0.00008048919754424204,"LTCETH":0.003525880425112416,"MANAETH":0.003709676378523156,"MFTETH":0.0007602571440531842,"MTLETH":0,"NANOETH":0.00843294770104254,"NASETH":0,"NAVETH":0.001811506735619316,"NCASHETH":0.0028057650464195,"NEBLETH":0.0008264655886281959,"NEOETH":0.009565038507410386,"OMGETH":0.0012712557990493432,"ONTETH":0.015811819346325542,"OSTETH":0.013581045576564879,"PIVXETH":0.017043501741556173,"POWRETH":0,"PROSETH":0,"PUNDIXETH":0.02053341478355341,"QKCETH":0,"QLCETH":0.006408704001483214,"QSPETH":0.013975133815889046,"QTUMETH":0.004443965918601327,"RENBTCETH":0.003172992449980801,"REPETH":0.0024348084535604723,"RLCETH":0.006019027034785206,"SCETH":0.001033242834941626,"SCRTETH":0.00006593633645976433,"SLPETH":0,"SNTETH":0.00869708959244831,"STEEMETH":0.012659919837477582,"STMXETH":0.009870361308934239,"STRAXETH":0.014885260207863207,"THETAETH":0,"TRXETH":0.012452896448137518,"UFTETH":0.008070911607946171,"VETETH":0.008797778615504863,"VIBETH":0.007296461183051189,"WANETH":0.006634122516754017,"WAVESETH":0.007014052745672241,"XEMETH":0.021371339963465533,"XLMETH":0.0037263589845614974,"XMRETH":0,"XRPETH":0.46774173408848496,"XVGETH":0,"ZECETH":0.0006141441204446683,"ZENETH":0.022541318659743285,"ZILETH":0,"ZRXETH":0},"numerosità_campione":92,"expected_return":0.0003660194019430692,"standard_deviation":0.0009668421370069364,"sharpe_ratio":0.3785720418393838}