{"weights":{"AAVEETH":0.011004562088056398,"ADAETH":0.0032430066109588873,"ADXETH":0.005532291273455176,"AIONETH":0,"BATETH":0.004073876925143669,"BETHETH":0.006073487771346548,"BLZETH":0.011994349053647895,"BNBETH":0,"BNTETH":0.003360801905750514,"BQXETH":0,"BRDETH":0,"CDTETH":0.023435086638321084,"COVERETH":0,"CVCETH":0.005506700398776709,"CVPETH":0,"DASHETH":0.004866524398641786,"DATAETH":0,"DENTETH":0,"DEXEETH":0.01996422985983005,"DFETH":0.013875259308558935,"ELFETH":0.015410043973041208,"ENJETH":0.020593238016495003,"EOSETH":0.026109107675625947,"ETCETH":0,"EZETH":0.010059375355741645,"FIROETH":0.016196204191972957,"FRONTETH":0,"FUNETH":0.017937412918854166,"GHSTETH":0.016636526565947114,"GLMETH":0.026768843393758755,"GRTETH":0.011432288176748915,"GXSETH":0.015255181121021245,"HEGICETH":0,"HOTETH":0.012806862518761092,"ICXETH":0.010279565791394999,"IOSTETH":0.013260366773726226,"IOTAETH":0.003024403847312948,"IOTXETH":0.01951413391286631,"KEYETH":0.03872990754382573,"KMDETH":0.00680731109193587,"KNCETH":0.036374006587820404,"LINKETH":0.009194982223968952,"LOOMETH":0,"LRCETH":0.001535251013462175,"LSKETH":0.0035524903203133515,"LTCETH":0.00642794719352935,"MANAETH":0.00003822733600700399,"MFTETH":0.0020980774213305666,"MTLETH":0,"NANOETH":0.009020799184642192,"NASETH":0,"NAVETH":0.0013731330693848743,"NCASHETH":0.009307682838631441,"NEBLETH":0.0028830018748435557,"NEOETH":0.013348781015895312,"OMGETH":0,"ONTETH":0.032681681079013286,"OSTETH":0.01779255655736571,"PIVXETH":0.03183620133179815,"POWRETH":0,"PROSETH":0.00046404701015903186,"PUNDIXETH":0.037420081174592765,"QKCETH":0.0072790315545076855,"QLCETH":0.010596671845624892,"QSPETH":0.026512477161981594,"QTUMETH":0.013839367868762848,"RENBTCETH":0.007438052852478882,"REPETH":0.004566826777574002,"RLCETH":0.013406395375924324,"SCETH":0,"SCRTETH":0,"SLPETH":0,"SNTETH":0.019116844791032962,"STEEMETH":0.010635765855810405,"STMXETH":0.026033083439959522,"STRAXETH":0.027833277639398045,"THETAETH":0,"TRXETH":0.022320324506324724,"UFTETH":0.031943776571459206,"VETETH":0.011393041221543158,"VIBETH":0.012771589775826514,"WANETH":0.019726681748064776,"WAVESETH":0.005251435671844246,"XEMETH":0.007624021781592344,"XLMETH":0,"XMRETH":0,"XRPETH":0.06778580741123123,"XVGETH":0,"ZECETH":0.0024639739331353866,"ZENETH":0.04236165588164777,"ZILETH":0,"ZRXETH":0},"numerosità_campione":92,"expected_return":0.0006851554864888912,"standard_deviation":0.0015637207233790073,"sharpe_ratio":0.438157195364371}