{"weights":{"AAVEETH":0.010978976246408898,"ADAETH":0.0030972743982843336,"ADXETH":0.005281345624824614,"AIONETH":0,"BATETH":0.0035391984806631064,"BETHETH":0.00563890315084109,"BLZETH":0.011900084440199736,"BNBETH":0,"BNTETH":0.003460827879899106,"BQXETH":0,"BRDETH":0,"CDTETH":0.022530737908184377,"COVERETH":0,"CVCETH":0.005384967275581009,"CVPETH":0,"DASHETH":0.004778440677568374,"DATAETH":0,"DENTETH":0,"DEXEETH":0.019347905624148724,"DFETH":0.013174713245207989,"ELFETH":0.014787711293107537,"ENJETH":0.019883240631748265,"EOSETH":0.025523277734218627,"ETCETH":0,"EZETH":0.00981472231857634,"FIROETH":0.015821835341836836,"FRONTETH":0,"FUNETH":0.017310582923339608,"GHSTETH":0.01617620176160547,"GLMETH":0.02593914857907925,"GRTETH":0.011508438277119087,"GXSETH":0.014741608668283206,"HEGICETH":0,"HOTETH":0.012301608224205021,"ICXETH":0.010424097528086401,"IOSTETH":0.012882616424699208,"IOTAETH":0.0030315080978362604,"IOTXETH":0.01932829237697363,"KEYETH":0.03662608527112994,"KMDETH":0.0064979526833272745,"KNCETH":0.03532013559752373,"LINKETH":0.009044528060045812,"LOOMETH":0,"LRCETH":0.0013029404360958693,"LSKETH":0.003281875116828557,"LTCETH":0.006267299129215739,"MANAETH":0.00030579404825924677,"MFTETH":0.001999965472032539,"MTLETH":0,"NANOETH":0.009006935349459629,"NASETH":0,"NAVETH":0.0014203634688224475,"NCASHETH":0.008913359512095416,"NEBLETH":0.0027820340558994128,"NEOETH":0.01311610358518546,"OMGETH":0,"ONTETH":0.03153586612026556,"OSTETH":0.01755922513699081,"PIVXETH":0.03084764936993041,"POWRETH":0,"PROSETH":0.0004275088244755068,"PUNDIXETH":0.03627515305554109,"QKCETH":0.006495313728864719,"QLCETH":0.010386043005320365,"QSPETH":0.02572489110755387,"QTUMETH":0.013190591416783925,"RENBTCETH":0.007135844113186884,"REPETH":0.004429865716340931,"RLCETH":0.012944730109295043,"SCETH":0,"SCRTETH":0,"SLPETH":0,"SNTETH":0.018440145835273883,"STEEMETH":0.010793017067402818,"STMXETH":0.02493073831199033,"STRAXETH":0.026943663299497867,"THETAETH":0,"TRXETH":0.021583495652054002,"UFTETH":0.030287488487916864,"VETETH":0.011216382987674987,"VIBETH":0.012441189053236996,"WANETH":0.0188044808291304,"WAVESETH":0.005375411916477547,"XEMETH":0.008565052899544715,"XLMETH":0,"XMRETH":0,"XRPETH":0.09590537157044934,"XVGETH":0,"ZECETH":0.002316005546091362,"ZENETH":0.04097123792026279,"ZILETH":0,"ZRXETH":0},"numerosità_campione":92,"expected_return":0.0006631461013478,"standard_deviation":0.001514761022382309,"sharpe_ratio":0.4377892562252828}