{"weights":{"AAVEETH":0.010445819053888465,"ADAETH":0.0011049371801798104,"ADXETH":0.002571445469506015,"AIONETH":0,"BATETH":0,"BETHETH":0.001573854248618594,"BLZETH":0.010138128911905455,"BNBETH":0,"BNTETH":0.003447147261563263,"BQXETH":0,"BRDETH":0,"CDTETH":0.01420185464060205,"COVERETH":0,"CVCETH":0.004303190287364785,"CVPETH":0.004749060359411623,"DASHETH":0.0035334345636603565,"DATAETH":0.0005958017939664243,"DENTETH":0.0003774447414959778,"DEXEETH":0.012871176051830288,"DFETH":0.006120719222266299,"ELFETH":0.008706119528805647,"ENJETH":0.013059294844808849,"EOSETH":0.019848624900833337,"ETCETH":0.000959489320842429,"EZETH":0.007384199241891058,"FIROETH":0.012145631093283033,"FRONTETH":0,"FUNETH":0.010771794580818244,"GHSTETH":0.011906031838129296,"GLMETH":0.017980556362656712,"GRTETH":0.012217788326537679,"GXSETH":0.009942530068685075,"HEGICETH":0,"HOTETH":0.007459703554340476,"ICXETH":0.011714166202573201,"IOSTETH":0.009552789338894474,"IOTAETH":0.003078778736444153,"IOTXETH":0.016975033697778356,"KEYETH":0.016843393579528965,"KMDETH":0.003543590143746121,"KNCETH":0.025286543127986547,"LINKETH":0.007473711678948756,"LOOMETH":0,"LRCETH":0,"LSKETH":0.0009449931060764355,"LTCETH":0.004761462607110439,"MANAETH":0.002892257968218894,"MFTETH":0.0011397916759066508,"MTLETH":0,"NANOETH":0.00888270087091425,"NASETH":0,"NAVETH":0.001875252687938476,"NCASHETH":0.004758747425024747,"NEBLETH":0.0014847859095510774,"NEOETH":0.010830093885393159,"OMGETH":0,"ONTETH":0.020541364088503863,"OSTETH":0.014955662563269054,"PIVXETH":0.021354861778252857,"POWRETH":0,"PROSETH":0.00007628471334784923,"PUNDIXETH":0.02516365415165354,"QKCETH":8.585309381755732e-19,"QLCETH":0.00798395354804149,"QSPETH":0.017741839198065372,"QTUMETH":0.007078277052382667,"RENBTCETH":0.004368442522298206,"REPETH":0.003051681802693784,"RLCETH":0.008187789450228076,"SCETH":0,"SCRTETH":0,"SLPETH":0,"SNTETH":0.011681715075047068,"STEEMETH":0.012224312886377688,"STMXETH":0.014507231156309721,"STRAXETH":0.018460456697778346,"THETAETH":0,"TRXETH":0.014974013259750965,"UFTETH":0.014684928147599523,"VETETH":0.009570734456625759,"VIBETH":0.00906252057849553,"WANETH":0.010131507080954373,"WAVESETH":0.006408664406258221,"XEMETH":0.01756844722393619,"XLMETH":0,"XMRETH":0,"XRPETH":0.36092442199658015,"XVGETH":0,"ZECETH":0.0010116919031255523,"ZENETH":0.027831674172497857,"ZILETH":0,"ZRXETH":0},"numerosità_campione":92,"expected_return":0.00045405694250743385,"standard_deviation":0.0010985126813085535,"sharpe_ratio":0.4133379161054009}