{"weights":{"AAVEETH":0.010927609976354577,"ADAETH":0.0028050724733183737,"ADXETH":0.004780180065426316,"AIONETH":0,"BATETH":0.00246975873536731,"BETHETH":0.004769884110683858,"BLZETH":0.011710996703268216,"BNBETH":0,"BNTETH":0.003660278847924523,"BQXETH":0,"BRDETH":0,"CDTETH":0.020721784629655123,"COVERETH":0,"CVCETH":0.005141412179282666,"CVPETH":0,"DASHETH":0.004602425886665215,"DATAETH":0,"DENTETH":0.000005316311861802109,"DEXEETH":0.018115263225938504,"DFETH":0.011773837947887637,"ELFETH":0.013542787536787894,"ENJETH":0.018463915807545375,"EOSETH":0.02435162650521768,"ETCETH":0,"EZETH":0.00932560452461092,"FIROETH":0.01507376775548841,"FRONTETH":0,"FUNETH":0.016056587122441963,"GHSTETH":0.01525610078353777,"GLMETH":0.02427878214724281,"GRTETH":0.011661205408142472,"GXSETH":0.01371433883112673,"HEGICETH":0,"HOTETH":0.011290745074019093,"ICXETH":0.010713650298981196,"IOSTETH":0.01212774960243889,"IOTAETH":0.003045947993049831,"IOTXETH":0.018956801832611836,"KEYETH":0.03241843846948912,"KMDETH":0.005879412413763912,"KNCETH":0.03321172706789802,"LINKETH":0.008743503269003102,"LOOMETH":0,"LRCETH":0.000837532250091786,"LSKETH":0.0027406144861163986,"LTCETH":0.005945798998431046,"MANAETH":0.0008414172099012774,"MFTETH":0.0018037746441420277,"MTLETH":0,"NANOETH":0.008979261933095608,"NASETH":0,"NAVETH":0.001514653859052606,"NCASHETH":0.008124456207512747,"NEBLETH":0.0025799441104068614,"NEOETH":0.012650445265621346,"OMGETH":0,"ONTETH":0.02924361487169517,"OSTETH":0.01709206217959657,"PIVXETH":0.02887015637952017,"POWRETH":0,"PROSETH":0.00035454799657374007,"PUNDIXETH":0.0339841527111253,"QKCETH":0.004928293407922603,"QLCETH":0.009964753762317856,"QSPETH":0.02414940784471025,"QTUMETH":0.011892418669536503,"RENBTCETH":0.006531178104313887,"REPETH":0.004156219432013168,"RLCETH":0.012021096642501833,"SCETH":0,"SCRTETH":0,"SLPETH":0,"SNTETH":0.017086623627202167,"STEEMETH":0.011107605978207537,"STMXETH":0.022725614528603146,"STRAXETH":0.02516448897645474,"THETAETH":0,"TRXETH":0.020110359797774827,"UFTETH":0.026974559250730515,"VETETH":0.0108632682590894,"VIBETH":0.01178096926913172,"WANETH":0.01695991498146563,"WAVESETH":0.005623360139867338,"XEMETH":0.010447123891855918,"XLMETH":0,"XMRETH":0,"XRPETH":0.15214323245124545,"XVGETH":0,"ZECETH":0.00202006499132142,"ZENETH":0.038190499353820115,"ZILETH":0,"ZRXETH":0},"numerosità_campione":92,"expected_return":0.0006191273310656177,"standard_deviation":0.001419082985251844,"sharpe_ratio":0.4362869102794164}