{"weights":{"AAVEETH":0.010940597483937647,"ADAETH":0.0028786760792725045,"ADXETH":0.004904927151878773,"AIONETH":0,"BATETH":0.0027371808139422665,"BETHETH":0.004987026220082906,"BLZETH":0.011758687520027497,"BNBETH":0,"BNTETH":0.0036108668411219927,"BQXETH":0,"BRDETH":0,"CDTETH":0.021174214812979316,"COVERETH":0,"CVCETH":0.005202367590787458,"CVPETH":0,"DASHETH":0.004646315095958258,"DATAETH":0,"DENTETH":0,"DEXEETH":0.018423419270626747,"DFETH":0.012123894150181575,"ELFETH":0.013854212273207035,"ENJETH":0.018818244554628168,"EOSETH":0.024644532822107657,"ETCETH":0,"EZETH":0.009447742762828384,"FIROETH":0.015260282066632658,"FRONTETH":0,"FUNETH":0.01637033793006777,"GHSTETH":0.015485714555093011,"GLMETH":0.024694606357059997,"GRTETH":0.011622663427674346,"GXSETH":0.013971249989176154,"HEGICETH":0,"HOTETH":0.011543726782370919,"ICXETH":0.010640895133123506,"IOSTETH":0.01231599090115868,"IOTAETH":0.00304216447362123,"IOTXETH":0.019049530073134615,"KEYETH":0.03347035186208627,"KMDETH":0.006033915070414385,"KNCETH":0.03373932911207872,"LINKETH":0.008818846814161103,"LOOMETH":0,"LRCETH":0.0009544745700464118,"LSKETH":0.0028759523116013656,"LTCETH":0.006026327032745326,"MANAETH":0.0007071441166376096,"MFTETH":0.0018527975480854986,"MTLETH":0,"NANOETH":0.008986139596685786,"NASETH":0,"NAVETH":0.001491209067978807,"NCASHETH":0.00832187452229138,"NEBLETH":0.002630582327483199,"NEOETH":0.012767087439120684,"OMGETH":0,"ONTETH":0.02981714368214396,"OSTETH":0.017209228006428462,"PIVXETH":0.029364821427128804,"POWRETH":0,"PROSETH":0.00037270154595021946,"PUNDIXETH":0.03455776087696359,"QKCETH":0.005319736990400275,"QLCETH":0.010070099744863578,"QSPETH":0.024543512025912283,"QTUMETH":0.01221742673881554,"RENBTCETH":0.006682531004248888,"REPETH":0.004224424124491325,"RLCETH":0.012252232209351122,"SCETH":0,"SCRTETH":0,"SLPETH":0,"SNTETH":0.017425097401635267,"STEEMETH":0.011028893884791434,"STMXETH":0.02327722062003655,"STRAXETH":0.02560924178964761,"THETAETH":0,"TRXETH":0.020478252370647928,"UFTETH":0.027803056362603367,"VETETH":0.01095139563687273,"VIBETH":0.011945587969352727,"WANETH":0.017421179450728845,"WAVESETH":0.005561376283427498,"XEMETH":0.009976599576473268,"XLMETH":0,"XMRETH":0,"XRPETH":0.13808471780927634,"XVGETH":0,"ZECETH":0.0020940529655253267,"ZENETH":0.03888561097818533,"ZILETH":0,"ZRXETH":0},"numerosità_campione":92,"expected_return":0.0006301320236361633,"standard_deviation":0.0014426989630203309,"sharpe_ratio":0.4367730481464852}