{"weights":{"AAVEETH":0.008881306151834583,"ADAETH":0,"ADXETH":0,"AIONETH":0,"BATETH":0,"BETHETH":0,"BLZETH":0.005157841134391113,"BNBETH":0.004320071286619137,"BNTETH":0.0009007198426519206,"BQXETH":0,"BRDETH":0,"CDTETH":0.005327066454470836,"COVERETH":0,"CVCETH":0.003791828165498921,"CVPETH":0.010864919494677308,"DASHETH":0,"DATAETH":0.001773077481988546,"DENTETH":0.0012350368957091602,"DEXEETH":0.0019911325233508423,"DFETH":0,"ELFETH":0.000980590483178435,"ENJETH":0.005133088329427958,"EOSETH":0.01343163231516222,"ETCETH":0.00323897861351679,"EZETH":0.004243119321252176,"FIROETH":0.007437617986080711,"FRONTETH":0,"FUNETH":0.0019637524707834834,"GHSTETH":0.00795448630533838,"GLMETH":0.0091454459170961,"GRTETH":0.011671786840155957,"GXSETH":0.004756062195321825,"HEGICETH":0,"HOTETH":0.0017031443478114276,"ICXETH":0.012351233368203353,"IOSTETH":0.005753528809529987,"IOTAETH":0.0015824154097519518,"IOTXETH":0.00930164008700982,"KEYETH":0,"KMDETH":0.0005596657809384466,"KNCETH":0.014574595621480167,"LINKETH":0.0064088930988853016,"LOOMETH":0,"LRCETH":0,"LSKETH":0,"LTCETH":0.00136709121831268,"MANAETH":0.0036492109535112187,"MFTETH":0,"MTLETH":0.00054213580644122,"NANOETH":0.007183526865249358,"NASETH":0,"NAVETH":0.0017632276134121674,"NCASHETH":0,"NEBLETH":0,"NEOETH":0.006567743290994783,"OMGETH":0.003350521765080816,"ONTETH":0.006168084925895126,"OSTETH":0.01170449761950694,"PIVXETH":0.009287855331680446,"POWRETH":0.0003499063841742463,"PROSETH":0,"PUNDIXETH":0.012489108649578237,"QKCETH":0,"QLCETH":0.002943079047281037,"QSPETH":0.007753723935440581,"QTUMETH":0,"RENBTCETH":0.0012321629810956643,"REPETH":0.001089530954050345,"RLCETH":0.002178945707250772,"SCETH":0.004016608967193946,"SCRTETH":0.002063348086391171,"SLPETH":0,"SNTETH":0.0038155308925047855,"STEEMETH":0.012910990106623487,"STMXETH":0.001621307144617029,"STRAXETH":0.008458802147222048,"THETAETH":0,"TRXETH":0.00852981245437279,"UFTETH":0,"VETETH":0.007734161316600921,"VIBETH":0.004099300204983116,"WANETH":0.0008496732229790904,"WAVESETH":0.007563863596108868,"XEMETH":0.027159324487231917,"XLMETH":0.012792719047020321,"XMRETH":0,"XRPETH":0.6387315243717109,"XVGETH":0,"ZECETH":0,"ZENETH":0.013598004173367196,"ZILETH":0,"ZRXETH":0},"numerosità_campione":92,"expected_return":0.00022295839852597642,"standard_deviation":0.0008520876030004477,"sharpe_ratio":0.26166135704929305}