{"weights":{"AAVEETH":0,"ADAETH":0,"ADXETH":0,"AIONETH":0,"BATETH":0.015016463580246928,"BETHETH":0,"BLZETH":0,"BNBETH":0,"BNTETH":0.004518861908281428,"BQXETH":0,"BRDETH":0,"CDTETH":0.05174673201690659,"COVERETH":0,"CVCETH":0,"CVPETH":0,"DASHETH":0.01070202568183014,"DATAETH":0,"DENTETH":0,"DEXEETH":0.045809720680016215,"DFETH":0.00998596368591828,"ELFETH":0.04501823901182994,"ENJETH":0.0023978414651427927,"EOSETH":0.021277545123789696,"ETCETH":0,"EZETH":0.011039889484006114,"FIROETH":0,"FRONTETH":0,"FUNETH":0.020072594314261904,"GHSTETH":0.013366811707595332,"GLMETH":0.00922791579249693,"GRTETH":0.00024918109053571544,"GXSETH":0.018545801423592453,"HEGICETH":0,"HOTETH":0.0195341457656659,"ICXETH":0,"IOSTETH":0,"IOTAETH":0.0036475104137469764,"IOTXETH":0,"KEYETH":0.07591928492724581,"KMDETH":0.0059839686557627185,"KNCETH":0.05558328329476088,"LINKETH":0.006886727287766679,"LOOMETH":0,"LRCETH":0,"LSKETH":0,"LTCETH":0,"MANAETH":0,"MFTETH":0.004671044260018974,"MTLETH":0,"NANOETH":0.01000288558475694,"NASETH":0,"NAVETH":0,"NCASHETH":0.03852873008818471,"NEBLETH":0,"NEOETH":0.018929181124159398,"OMGETH":0,"ONTETH":0.03579726050170953,"OSTETH":0.00989194432031923,"PIVXETH":0.03882031915418151,"POWRETH":0,"PROSETH":0.00022041075043162722,"PUNDIXETH":0.013963839990611439,"QKCETH":0.008050700193844074,"QLCETH":0,"QSPETH":0.032966386293086306,"QTUMETH":0.01625795062893385,"RENBTCETH":0.018633438960973477,"REPETH":0.009406566157917224,"RLCETH":0.02055628788857478,"SCETH":0,"SCRTETH":0,"SLPETH":0,"SNTETH":0.021444579588473907,"STEEMETH":0,"STMXETH":0.049871876252360295,"STRAXETH":0.04120124504307775,"THETAETH":0,"TRXETH":0.004856633621057587,"UFTETH":0.06889505811559776,"VETETH":0.006711814512740283,"VIBETH":0,"WANETH":0.03960686626584937,"WAVESETH":0,"XEMETH":0,"XLMETH":0,"XMRETH":0,"XRPETH":0,"XVGETH":0,"ZECETH":0.00983456959950871,"ZENETH":0.03434990379223197,"ZILETH":0,"ZRXETH":0},"numerosità_campione":92,"expected_return":0.0008502258750470751,"standard_deviation":0.002127941122634181,"sharpe_ratio":0.39955328932906725}