{"weights":{"AAVEETH":0.009715302362811854,"ADAETH":0,"ADXETH":0.00020093642539420896,"AIONETH":0,"BATETH":0,"BETHETH":0,"BLZETH":0.0061220251612737015,"BNBETH":0.0035772848163045275,"BNTETH":0.0014109223767708606,"BQXETH":0,"BRDETH":0,"CDTETH":0.0068846281624808554,"COVERETH":0,"CVCETH":0.0037891258553507125,"CVPETH":0.010304971157498434,"DASHETH":0,"DATAETH":0.0016137824265426341,"DENTETH":0.0011792701434408792,"DEXEETH":0.004269328692949272,"DFETH":0,"ELFETH":0.002397378832186868,"ENJETH":0.006529286927441256,"EOSETH":0.014662876870055519,"ETCETH":0.002874914485189193,"EZETH":0.0048757701630954345,"FIROETH":0.008352694784277172,"FRONTETH":0,"FUNETH":0.0036218392732997222,"GHSTETH":0.00864310158410159,"GLMETH":0.01054759883486226,"GRTETH":0.011774936821620759,"GXSETH":0.0055727843498889025,"HEGICETH":0,"HOTETH":0.002622876590118358,"ICXETH":0.012345490607942586,"IOSTETH":0.00647168286496893,"IOTAETH":0.001933602131569532,"IOTXETH":0.010681732991622799,"KEYETH":0,"KMDETH":0.0009891397239943033,"KNCETH":0.01624430647281354,"LINKETH":0.006621887526529595,"LOOMETH":0,"LRCETH":0,"LSKETH":0,"LTCETH":0.0017128368207053118,"MANAETH":0.0036648305136563956,"MFTETH":0.0002031145200052452,"MTLETH":0,"NANOETH":0.007465335862309629,"NASETH":0,"NAVETH":0.0017422572642282216,"NCASHETH":0.00002192285639529045,"NEBLETH":0.000009726523813250885,"NEOETH":0.007682336857273324,"OMGETH":0.0032561802417652623,"ONTETH":0.009224280389526733,"OSTETH":0.012030314866229023,"PIVXETH":0.011287043254154918,"POWRETH":0.000113068990889947,"PROSETH":0,"PUNDIXETH":0.014629368178555445,"QKCETH":0,"QLCETH":0.003946564920989692,"QSPETH":0.009291903516406332,"QTUMETH":0.0009559195378701272,"RENBTCETH":0.0015799134229647713,"REPETH":0.0015425814807063147,"RLCETH":0.0030517896143197167,"SCETH":0.0032625284418772117,"SCRTETH":0.0016507893938057397,"SLPETH":0,"SNTETH":0.004856287107106107,"STEEMETH":0.013048636468665388,"STMXETH":0.003825164589021739,"STRAXETH":0.010187537914558373,"THETAETH":0,"TRXETH":0.00947882390933257,"UFTETH":0,"VETETH":0.007890919511960342,"VIBETH":0.004992169931342063,"WANETH":0.0022386151135393145,"WAVESETH":0.007667303659266273,"XEMETH":0.02587674262571721,"XLMETH":0.010904775750984861,"XMRETH":0,"XRPETH":0.5979976539180901,"XVGETH":0,"ZECETH":0,"ZENETH":0.015879282615571793,"ZILETH":0,"ZRXETH":0},"numerosità_campione":92,"expected_return":0.00025597247623761324,"standard_deviation":0.0008642140174234663,"sharpe_ratio":0.29619107197631384}