{"weights":{"AAVEETH":0.010265269801999957,"ADAETH":0,"ADXETH":0.001256441884644206,"AIONETH":0,"BATETH":0,"BETHETH":0,"BLZETH":0.007966106117750787,"BNBETH":0.001507960653454816,"BNTETH":0.002409294873660868,"BQXETH":0,"BRDETH":0,"CDTETH":0.010304474396575869,"COVERETH":0,"CVCETH":0.003933708832933231,"CVPETH":0.007862049230832644,"DASHETH":0.0016276958793398117,"DATAETH":0.0012325156317142872,"DENTETH":0.0007808076172438782,"DEXEETH":0.008566656367169962,"DFETH":0.0018412269987986803,"ELFETH":0.005272871974070491,"ENJETH":0.009477609222435516,"EOSETH":0.016973251631322912,"ETCETH":0.0020235296841243223,"EZETH":0.006019471265353283,"FIROETH":0.01015101379377591,"FRONTETH":0,"FUNETH":0.006921686417197725,"GHSTETH":0.010149039135869174,"GLMETH":0.01392386274428745,"GRTETH":0.012015601133660386,"GXSETH":0.007543264295250829,"HEGICETH":0,"HOTETH":0.0048664291184072565,"ICXETH":0.012120636690170664,"IOSTETH":0.007874047454223381,"IOTAETH":0.002586704871052442,"IOTXETH":0.01416293965330557,"KEYETH":0.006359796194096677,"KMDETH":0.002091534884046574,"KNCETH":0.020271157615302966,"LINKETH":0.006971717397504944,"LOOMETH":0,"LRCETH":0,"LSKETH":0,"LTCETH":0.0031619887427197907,"MANAETH":0.0037459032183645015,"MFTETH":0.0006559770889214627,"MTLETH":0,"NANOETH":0.008242671630312785,"NASETH":0,"NAVETH":0.0017582511403204033,"NCASHETH":0.002310524165395817,"NEBLETH":0.0006490052842190688,"NEOETH":0.009250006828770287,"OMGETH":0.00170671394587333,"ONTETH":0.01465993758749979,"OSTETH":0.013233442167198796,"PIVXETH":0.015944578218701072,"POWRETH":0,"PROSETH":0,"PUNDIXETH":0.019391741946808795,"QKCETH":0,"QLCETH":0.005955612622693991,"QSPETH":0.013029044660192567,"QTUMETH":0.003756358813188725,"RENBTCETH":0.002856100663828096,"REPETH":0.002271545513730439,"RLCETH":0.005424492722605577,"SCETH":0.0014804725458705476,"SCRTETH":0.0004084994432404307,"SLPETH":0,"SNTETH":0.00793945019735337,"STEEMETH":0.012756818000507843,"STMXETH":0.008712099432229349,"STRAXETH":0.01396076400335619,"THETAETH":0,"TRXETH":0.01184798812986513,"UFTETH":0.006392086809177357,"VETETH":0.008602112680243567,"VIBETH":0.006821711174633692,"WANETH":0.005766257899443548,"WAVESETH":0.007191158050570302,"XEMETH":0.022263876923950078,"XLMETH":0.0051486320716128955,"XMRETH":0,"XRPETH":0.4936540688156027,"XVGETH":0,"ZECETH":0.0004967518896620297,"ZENETH":0.021222981509758227,"ZILETH":0,"ZRXETH":0},"numerosità_campione":92,"expected_return":0.000344010016801978,"standard_deviation":0.0009400277156253443,"sharpe_ratio":0.3659573128363866}