{"weights":{"AAVEETH":0.010742042944781864,"ADAETH":0.0024114211687677294,"ADXETH":0.004077869260454371,"AIONETH":0,"BATETH":0.001080715456864426,"BETHETH":0.003683646170532475,"BLZETH":0.011493660141416567,"BNBETH":0,"BNTETH":0.0037638253489233934,"BQXETH":0,"BRDETH":0,"CDTETH":0.018469451940607604,"COVERETH":0,"CVCETH":0.004851186532055146,"CVPETH":0.0011453889811884495,"DASHETH":0.004312985682733302,"DATAETH":0,"DENTETH":0.000180715635785582,"DEXEETH":0.016508556747275388,"DFETH":0.010000053252618359,"ELFETH":0.01196850021847115,"ENJETH":0.01668088340245235,"EOSETH":0.02292841080615453,"ETCETH":0,"EZETH":0.008677577702405518,"FIROETH":0.014146334284943825,"FRONTETH":0,"FUNETH":0.014456267608626141,"GHSTETH":0.01406496119219636,"GLMETH":0.022138229247385358,"GRTETH":0.011858379412925946,"GXSETH":0.012412915484869697,"HEGICETH":0,"HOTETH":0.010002139594902572,"ICXETH":0.011091144962563275,"IOSTETH":0.011229453041455919,"IOTAETH":0.0030794399004249223,"IOTXETH":0.018306756770536003,"KEYETH":0.027178381675365647,"KMDETH":0.005119287209536761,"KNCETH":0.030581803903983393,"LINKETH":0.008315812661228671,"LOOMETH":0,"LRCETH":0.000247183736876465,"LSKETH":0.00209978301401249,"LTCETH":0.005516564087843602,"MANAETH":0.0014907181842145167,"MFTETH":0.0015678873022288873,"MTLETH":0,"NANOETH":0.008952694453274764,"NASETH":0,"NAVETH":0.0016560285168625783,"NCASHETH":0.007053165625696752,"NEBLETH":0.0022567838600150705,"NEOETH":0.012106511025307248,"OMGETH":0,"ONTETH":0.026369055887690222,"OSTETH":0.016437389692864915,"PIVXETH":0.02643466858946275,"POWRETH":0,"PROSETH":0.000265201433261215,"PUNDIXETH":0.031042805547184436,"QKCETH":0.002949012299564134,"QLCETH":0.009421797075112951,"QSPETH":0.022146532385242564,"QTUMETH":0.010253399332824136,"RENBTCETH":0.005776030251428008,"REPETH":0.0038200380323344194,"RLCETH":0.010839417387953935,"SCETH":0,"SCRTETH":0,"SLPETH":0,"SNTETH":0.015347289737972857,"STEEMETH":0.011537003968543647,"STMXETH":0.02000036177372238,"STRAXETH":0.022939185318628184,"THETAETH":0,"TRXETH":0.018337230565818825,"UFTETH":0.022821794100582778,"VETETH":0.01042577002588811,"VIBETH":0.010960019575972304,"WANETH":0.014638361828730306,"WAVESETH":0.005887830271258998,"XEMETH":0.012773183475804233,"XLMETH":0,"XMRETH":0,"XRPETH":0.22232057447709108,"XVGETH":0,"ZECETH":0.0016525709479139976,"ZENETH":0.034697957866383786,"ZILETH":0,"ZRXETH":0},"numerosità_campione":92,"expected_return":0.0005641038682128895,"standard_deviation":0.001304517194614808,"sharpe_ratio":0.4324234824512647}