{"weights":{"AAVEETH":0.010124165319359496,"ADAETH":0,"ADXETH":0.0007276881081027713,"AIONETH":0,"BATETH":0,"BETHETH":0,"BLZETH":0.007094332760915855,"BNBETH":0.002597137413907109,"BNTETH":0.0019450179522601928,"BQXETH":0,"BRDETH":0,"CDTETH":0.008765017376217814,"COVERETH":0,"CVCETH":0.003843922354799578,"CVPETH":0.009141301505879959,"DASHETH":0.0005557714887547636,"DATAETH":0.0014202495205156095,"DENTETH":0.0009690255480989207,"DEXEETH":0.006655497318727916,"DFETH":0.00013092266557882337,"ELFETH":0.0038982451043897406,"ENJETH":0.008037546673845382,"EOSETH":0.0158820583906791,"ETCETH":0.0024364793510120056,"EZETH":0.005481915870000603,"FIROETH":0.00939248287636949,"FRONTETH":0,"FUNETH":0.005404101539998998,"GHSTETH":0.009458776677071819,"GLMETH":0.012260709773655377,"GRTETH":0.011849620633170918,"GXSETH":0.006574985616960717,"HEGICETH":0,"HOTETH":0.003788765180114898,"ICXETH":0.012240365789431972,"IOSTETH":0.007227587628752342,"IOTAETH":0.00231888729183517,"IOTXETH":0.012396504447243575,"KEYETH":0.002092647336903038,"KMDETH":0.0015357216494573912,"KNCETH":0.018290689625016895,"LINKETH":0.006820541248821518,"LOOMETH":0,"LRCETH":0,"LSKETH":0,"LTCETH":0.0024409348152158094,"MANAETH":0.0037917347128762226,"MFTETH":0.00045358604604484005,"MTLETH":0,"NANOETH":0.00786382116781124,"NASETH":0,"NAVETH":0.0016583584686586318,"NCASHETH":0.0013047796345647784,"NEBLETH":0.00028593624398935306,"NEOETH":0.008601983862897115,"OMGETH":0.002549108703200411,"ONTETH":0.012361564551877811,"OSTETH":0.012553336303502761,"PIVXETH":0.013745962308777834,"POWRETH":0,"PROSETH":0,"PUNDIXETH":0.017099229910019033,"QKCETH":0,"QLCETH":0.005042863186805222,"QSPETH":0.01115123431050829,"QTUMETH":0.0023786829416570622,"RENBTCETH":0.0022171991815606545,"REPETH":0.0019490736404765962,"RLCETH":0.0042364849817519605,"SCETH":0.002377203180583274,"SCRTETH":0.0010943164559577025,"SLPETH":0,"SNTETH":0.006406236530885981,"STEEMETH":0.012959424179435446,"STMXETH":0.006384705265500567,"STRAXETH":0.012103623176584173,"THETAETH":0,"TRXETH":0.01062196985133604,"UFTETH":0.003020465136627314,"VETETH":0.00820696294895673,"VIBETH":0.005880105756667792,"WANETH":0.004023936614604694,"WAVESETH":0.0075553419610884555,"XEMETH":0.024018927379607823,"XLMETH":0.008008868014720538,"XMRETH":0,"XRPETH":0.54543996411062,"XVGETH":0,"ZECETH":0.0002622043820229174,"ZENETH":0.018591188044755104,"ZILETH":0,"ZRXETH":0},"numerosità_campione":92,"expected_return":0.00029999124651979546,"standard_deviation":0.0008952911629473489,"sharpe_ratio":0.3350767425562511}