{"weights":{"AAVEETH":0,"ADAETH":0,"ADXETH":0,"AIONETH":0,"BATETH":0.011659066069891448,"BETHETH":0,"BLZETH":0,"BNBETH":0,"BNTETH":0.00501736684371663,"BQXETH":0,"BRDETH":0,"CDTETH":0.04150837722691205,"COVERETH":0,"CVCETH":0.0014767141948501955,"CVPETH":0,"DASHETH":0.011215899889146433,"DATAETH":0,"DENTETH":0,"DEXEETH":0.038327165806876784,"DFETH":0.013786788255834627,"ELFETH":0.03380727649889921,"ENJETH":0.012053635592476637,"EOSETH":0.02546044802655811,"ETCETH":0,"EZETH":0.010931372068275201,"FIROETH":0.004239024048474888,"FRONTETH":0,"FUNETH":0.021113370212939173,"GHSTETH":0.016440924299689415,"GLMETH":0.018591797542833553,"GRTETH":0.006213919873144162,"GXSETH":0.017658098421033573,"HEGICETH":0,"HOTETH":0.01855330210666334,"ICXETH":0,"IOSTETH":0.0024403615566919385,"IOTAETH":0.006001026927980944,"IOTXETH":0,"KEYETH":0.06495933876799878,"KMDETH":0.006339817729711197,"KNCETH":0.049788667357905964,"LINKETH":0.00814205292217749,"LOOMETH":0,"LRCETH":0,"LSKETH":0,"LTCETH":0,"MANAETH":0,"MFTETH":0.0038261541321853955,"MTLETH":0,"NANOETH":0.011801807027332691,"NASETH":0,"NAVETH":0,"NCASHETH":0.028664256065426358,"NEBLETH":0,"NEOETH":0.019662859177811114,"OMGETH":0,"ONTETH":0.03625868246766071,"OSTETH":0.014021772019994602,"PIVXETH":0.03823105129025149,"POWRETH":0,"PROSETH":0.0007007540704866915,"PUNDIXETH":0.025791280705782963,"QKCETH":0.010246001942419288,"QLCETH":0,"QSPETH":0.032454399926131916,"QTUMETH":0.017682314595529963,"RENBTCETH":0.015032630265138909,"REPETH":0.008078513930723315,"RLCETH":0.020039569923216538,"SCETH":0,"SCRTETH":0,"SLPETH":0,"SNTETH":0.022542836597765206,"STEEMETH":0,"STMXETH":0.04185605124080034,"STRAXETH":0.03830534762872339,"THETAETH":0,"TRXETH":0.014999297702569657,"UFTETH":0.0570471349924556,"VETETH":0.009227955073305594,"VIBETH":0.006183484849322584,"WANETH":0.033916694543789504,"WAVESETH":0,"XEMETH":0,"XLMETH":0,"XMRETH":0,"XRPETH":0,"XVGETH":0,"ZECETH":0.00676072863948892,"ZENETH":0.040942608951005544,"ZILETH":0,"ZRXETH":0},"numerosità_campione":92,"expected_return":0.0008172117973354384,"standard_deviation":0.0019485389861429415,"sharpe_ratio":0.41939720126055985}