{"weights":{"AAVEETH":0,"ADAETH":0,"ADXETH":0,"AIONETH":0,"BATETH":0.01876242722987144,"BETHETH":0,"BLZETH":0,"BNBETH":0,"BNTETH":0.0010286644681945182,"BQXETH":0,"BRDETH":0,"CDTETH":0.0623397149530097,"COVERETH":0,"CVCETH":0,"CVPETH":0,"DASHETH":0.010255645628526548,"DATAETH":0,"DENTETH":0,"DEXEETH":0.05532931970209182,"DFETH":0.0048096129250001845,"ELFETH":0.05956122731522717,"ENJETH":0,"EOSETH":0.014998981086478784,"ETCETH":0,"EZETH":0.010771355070290907,"FIROETH":0,"FRONTETH":0,"FUNETH":0.01676588730760815,"GHSTETH":0.008052823692837094,"GLMETH":0,"GRTETH":0,"GXSETH":0.018932290285499122,"HEGICETH":0,"HOTETH":0.02040672177440189,"ICXETH":0,"IOSTETH":0,"IOTAETH":0,"IOTXETH":0,"KEYETH":0.08900999419107579,"KMDETH":0.005829791098685529,"KNCETH":0.059752436596971485,"LINKETH":0.004345074338532972,"LOOMETH":0,"LRCETH":0,"LSKETH":0,"LTCETH":0,"MANAETH":0,"MFTETH":0.0054503063574175125,"MTLETH":0,"NANOETH":0.00628436066133606,"NASETH":0,"NAVETH":0,"NCASHETH":0.048852155633190265,"NEBLETH":0,"NEOETH":0.015488379998871352,"OMGETH":0,"ONTETH":0.03404699049613385,"OSTETH":0.0013282858577291932,"PIVXETH":0.03795987278414674,"POWRETH":0,"PROSETH":0,"PUNDIXETH":0,"QKCETH":0.0020867893202118066,"QLCETH":0,"QSPETH":0.03150149059367127,"QTUMETH":0.012877022459457654,"RENBTCETH":0.023081591050028546,"REPETH":0.011441632798755097,"RLCETH":0.020513043638875864,"SCETH":0,"SCRTETH":0,"SLPETH":0,"SNTETH":0.019170527180608594,"STEEMETH":0,"STMXETH":0.05902484360154216,"STRAXETH":0.04437443617602003,"THETAETH":0,"TRXETH":0,"UFTETH":0.08172397749488183,"VETETH":0.0026170737768048584,"VIBETH":0,"WANETH":0.0447615355147945,"WAVESETH":0,"XEMETH":0,"XLMETH":0,"XMRETH":0,"XRPETH":0,"XVGETH":0,"ZECETH":0.012790238531843004,"ZENETH":0.023673478409376537,"ZILETH":0,"ZRXETH":0},"numerosità_campione":92,"expected_return":0.0008832399527587116,"standard_deviation":0.0023548290915261813,"sharpe_ratio":0.37507603245477045}