{"weights":{"AAVEETH":0.009466944800549684,"ADAETH":0,"ADXETH":0.00008793165875688454,"AIONETH":0,"BATETH":0,"BETHETH":0,"BLZETH":0.005805138565101937,"BNBETH":0.003838346848687873,"BNTETH":0.001255060567408249,"BQXETH":0,"BRDETH":0,"CDTETH":0.0063631795355954075,"COVERETH":0,"CVCETH":0.0037914713234865963,"CVPETH":0.010523090358653094,"DASHETH":0,"DATAETH":0.0016687359730729269,"DENTETH":0.001193283244780195,"DEXEETH":0.0035229677499804294,"DFETH":0,"ELFETH":0.0019273229366113015,"ENJETH":0.006046635551093166,"EOSETH":0.014251926190669855,"ETCETH":0.0029974417971499858,"EZETH":0.004685070212331672,"FIROETH":0.008052215982324605,"FRONTETH":0,"FUNETH":0.0030921843285148425,"GHSTETH":0.008397702639490783,"GLMETH":0.010090783036591479,"GRTETH":0.011755405526626583,"GXSETH":0.005295728718374235,"HEGICETH":0,"HOTETH":0.0023026895869615364,"ICXETH":0.01233983091333414,"IOSTETH":0.006219735765964121,"IOTAETH":0.001853577244961829,"IOTXETH":0.010228819502067991,"KEYETH":0,"KMDETH":0.0008390300887573046,"KNCETH":0.015686334181312583,"LINKETH":0.006547397355672871,"LOOMETH":0,"LRCETH":0,"LSKETH":0,"LTCETH":0.0015730578210037356,"MANAETH":0.0036417463155880656,"MFTETH":0.00010790511236670148,"MTLETH":0,"NANOETH":0.007373080726176872,"NASETH":0,"NAVETH":0.0017471928035300973,"NCASHETH":0,"NEBLETH":0,"NEOETH":0.007301671936397552,"OMGETH":0.003307811573268791,"ONTETH":0.008211912785742976,"OSTETH":0.011914662632534503,"PIVXETH":0.010614047152507688,"POWRETH":0.0001905133774812211,"PROSETH":0,"PUNDIXETH":0.013966800041467036,"QKCETH":0,"QLCETH":0.0035981340143690487,"QSPETH":0.00876810972217657,"QTUMETH":0.0005590814644253056,"RENBTCETH":0.001472326859294571,"REPETH":0.0014068923692319114,"RLCETH":0.0027524369832111206,"SCETH":0.00350876073684414,"SCRTETH":0.0017862836295855031,"SLPETH":0,"SNTETH":0.0045113210110986355,"STEEMETH":0.01302020552201512,"STMXETH":0.003108636265809638,"STRAXETH":0.009619798752300929,"THETAETH":0,"TRXETH":0.009130833164867664,"UFTETH":0,"VETETH":0.007828078625135274,"VIBETH":0.004708223068455874,"WANETH":0.0017975449305260194,"WAVESETH":0.007631686535440036,"XEMETH":0.026297270224825624,"XLMETH":0.011543899010144559,"XMRETH":0,"XRPETH":0.6117610892834273,"XVGETH":0,"ZECETH":0,"ZENETH":0.015113003363865654,"ZILETH":0,"ZRXETH":0},"numerosità_campione":92,"expected_return":0.00024496778366706767,"standard_deviation":0.0008590258843109069,"sharpe_ratio":0.28516926921658}