{"weights":{"AAVEETH":0.010792708111108834,"ADAETH":0.0024904167850489157,"ADXETH":0.004230360184888301,"AIONETH":0,"BATETH":0.0013643617985556813,"BETHETH":0.003901520269113414,"BLZETH":0.011532529702470203,"BNBETH":0,"BNTETH":0.0037578510974763204,"BQXETH":0,"BRDETH":0,"CDTETH":0.018917795296690125,"COVERETH":0,"CVCETH":0.004907175107868983,"CVPETH":0.0007806972914466811,"DASHETH":0.004379734291390851,"DATAETH":0,"DENTETH":0.00014798075208348523,"DEXEETH":0.01683772650954691,"DFETH":0.010358407309887668,"ELFETH":0.01228441946705734,"ENJETH":0.01704135422623031,"EOSETH":0.023208194649680353,"ETCETH":0,"EZETH":0.008812310672125585,"FIROETH":0.01433372918966139,"FRONTETH":0,"FUNETH":0.014778807752185468,"GHSTETH":0.014310349017565616,"GLMETH":0.022569945046340453,"GRTETH":0.011820169582149612,"GXSETH":0.012674728099449672,"HEGICETH":0,"HOTETH":0.010261334879046374,"ICXETH":0.011015859239420773,"IOSTETH":0.011406412293467314,"IOTAETH":0.0030718849049383174,"IOTXETH":0.018459558994887028,"KEYETH":0.028224074559790875,"KMDETH":0.005270508514149487,"KNCETH":0.031104327858858513,"LINKETH":0.008406948596600966,"LOOMETH":0,"LRCETH":0.00036296521637247764,"LSKETH":0.0022235902642663233,"LTCETH":0.005604793769539523,"MANAETH":0.001365309590681164,"MFTETH":0.001614096468449333,"MTLETH":0,"NANOETH":0.008957285709665218,"NASETH":0,"NAVETH":0.0016242541895273937,"NCASHETH":0.007276429058507457,"NEBLETH":0.0023291207594940376,"NEOETH":0.012209507913506733,"OMGETH":0,"ONTETH":0.026942453052348686,"OSTETH":0.016574597085425816,"PIVXETH":0.026915825090245555,"POWRETH":0,"PROSETH":0.00028333639221919557,"PUNDIXETH":0.03163545784002902,"QKCETH":0.0033490405403605495,"QLCETH":0.00953219113031811,"QSPETH":0.022549769737812655,"QTUMETH":0.010580530538817554,"RENBTCETH":0.005925935075659736,"REPETH":0.003887736900764505,"RLCETH":0.011077694160727014,"SCETH":0,"SCRTETH":0,"SLPETH":0,"SNTETH":0.015700250381450634,"STEEMETH":0.011447206010116812,"STMXETH":0.020539903371769815,"STRAXETH":0.02338463247010035,"THETAETH":0,"TRXETH":0.018685962301390607,"UFTETH":0.02365223830622095,"VETETH":0.010513655671357394,"VIBETH":0.01112614006962015,"WANETH":0.015103859858952504,"WAVESETH":0.00584030139785463,"XEMETH":0.012311149379210972,"XLMETH":0,"XMRETH":0,"XRPETH":0.2082939896672833,"XVGETH":0,"ZECETH":0.0017257659729038185,"ZENETH":0.03539884260584836,"ZILETH":0,"ZRXETH":0},"numerosità_campione":92,"expected_return":0.0005751085607834352,"standard_deviation":0.0013269235846267524,"sharpe_ratio":0.43341498142502777}