{"weights":{"AAVEETH":0.010159441440019611,"ADAETH":0,"ADXETH":0.0008598765522381299,"AIONETH":0,"BATETH":0,"BETHETH":0,"BLZETH":0.007312276100124587,"BNBETH":0.0023248432237940354,"BNTETH":0.0020610871826103614,"BQXETH":0,"BRDETH":0,"CDTETH":0.009149881631307326,"COVERETH":0,"CVCETH":0.0038663689743329904,"CVPETH":0.008821488437118129,"DASHETH":0.0008237525864010253,"DATAETH":0.0013733160483152792,"DENTETH":0.0009219710653851601,"DEXEETH":0.0071332870808384265,"DFETH":0.0005584987488837871,"ELFETH":0.0042419018218099284,"ENJETH":0.008397562310992916,"EOSETH":0.01615485670084005,"ETCETH":0.002333241934290085,"EZETH":0.005616304718838773,"FIROETH":0.009582115605721095,"FRONTETH":0,"FUNETH":0.00578349775929868,"GHSTETH":0.009631342291771157,"GLMETH":0.012676498016313395,"GRTETH":0.011891115758293285,"GXSETH":0.006817055286533245,"HEGICETH":0,"HOTETH":0.004058181164687987,"ICXETH":0.012210433514616644,"IOSTETH":0.007389202585120102,"IOTAETH":0.002385841686639488,"IOTXETH":0.012838113248759074,"KEYETH":0.0031594345512014465,"KMDETH":0.0016746749581046866,"KNCETH":0.01878580662258841,"LINKETH":0.006858335285992374,"LOOMETH":0,"LRCETH":0,"LSKETH":0,"LTCETH":0.0026211982970918046,"MANAETH":0.0037802768392482923,"MFTETH":0.0005041838067639956,"MTLETH":0,"NANOETH":0.007958533783436627,"NASETH":0,"NAVETH":0.0016833316365740749,"NCASHETH":0.0015562157672725377,"NEBLETH":0.00037670350404678184,"NEOETH":0.008763989604365408,"OMGETH":0.002338510013868641,"ONTETH":0.012936157810783304,"OSTETH":0.012723362769426769,"PIVXETH":0.014295616286258642,"POWRETH":0,"PROSETH":0,"PUNDIXETH":0.01767235791921647,"QKCETH":0,"QLCETH":0.005271050545777415,"QSPETH":0.01162068689792936,"QTUMETH":0.0027231019095399775,"RENBTCETH":0.0023769245521275146,"REPETH":0.0020296916087900567,"RLCETH":0.0045334869169653645,"SCETH":0.0021530205219050923,"SCRTETH":0.0009228622027783848,"SLPETH":0,"SNTETH":0.006789539947502829,"STEEMETH":0.012908772634703546,"STMXETH":0.006966553807182762,"STRAXETH":0.012567908383277177,"THETAETH":0,"TRXETH":0.010928474420968311,"UFTETH":0.003863370554764824,"VETETH":0.00830575038177844,"VIBETH":0.006115507111159267,"WANETH":0.004459516935814407,"WAVESETH":0.007464295983458918,"XEMETH":0.023580164765693388,"XLMETH":0.007293809028943628,"XMRETH":0,"XRPETH":0.5324934902868658,"XVGETH":0,"ZECETH":0.00032084125893269537,"ZENETH":0.019249136411005886,"ZILETH":0,"ZRXETH":0},"numerosità_campione":92,"expected_return":0.0003109959390903412,"standard_deviation":0.0009052916024850136,"sharpe_ratio":0.34353123152436343}