{"weights":{"AAVEETH":0.010300545922660071,"ADAETH":0,"ADXETH":0.0013886303287795653,"AIONETH":0,"BATETH":0,"BETHETH":0,"BLZETH":0.008184049456959521,"BNBETH":0.0012356664633417416,"BNTETH":0.0025253641040110368,"BQXETH":0,"BRDETH":0,"CDTETH":0.010689338651665383,"COVERETH":0,"CVCETH":0.003956155452466644,"CVPETH":0.007542236162070815,"DASHETH":0.0018956769769860745,"DATAETH":0.0011855821595139566,"DENTETH":0.0007337531345301174,"DEXEETH":0.009044446129280476,"DFETH":0.002268803082103646,"ELFETH":0.00561652869149068,"ENJETH":0.00983762485958305,"EOSETH":0.017246049941483862,"ETCETH":0.0019202922674024013,"EZETH":0.006153860114191452,"FIROETH":0.010340646523127515,"FRONTETH":0,"FUNETH":0.007301082636497408,"GHSTETH":0.010321604750568513,"GLMETH":0.014339650986945469,"GRTETH":0.01205709625878275,"GXSETH":0.007785333964823357,"HEGICETH":0,"HOTETH":0.0051358451029803465,"ICXETH":0.012090704415355338,"IOSTETH":0.008035662410591142,"IOTAETH":0.0026536592658567603,"IOTXETH":0.014604548454821072,"KEYETH":0.007426583408395091,"KMDETH":0.0022304881926938705,"KNCETH":0.02076627461287448,"LINKETH":0.007009511434675801,"LOOMETH":0,"LRCETH":0,"LSKETH":0,"LTCETH":0.0033422522245957864,"MANAETH":0.003734445344736571,"MFTETH":0.0007065748496406186,"MTLETH":0,"NANOETH":0.008337384245938172,"NASETH":0,"NAVETH":0.001783224308235846,"NCASHETH":0.0025619602981035773,"NEBLETH":0.000739772544276498,"NEOETH":0.009412012570238581,"OMGETH":0.0014961152565415592,"ONTETH":0.015234530846405284,"OSTETH":0.013403468633122806,"PIVXETH":0.01649423219618188,"POWRETH":0,"PROSETH":0,"PUNDIXETH":0.01996486995600624,"QKCETH":0,"QLCETH":0.006183799981666184,"QSPETH":0.013498497247613638,"QTUMETH":0.004100777781071641,"RENBTCETH":0.0030158260343949566,"REPETH":0.0023521634820439,"RLCETH":0.005721494657818983,"SCETH":0.001256289887192365,"SCRTETH":0.00023704519006111205,"SLPETH":0,"SNTETH":0.00832275361397022,"STEEMETH":0.012706166455775943,"STMXETH":0.009293947973911547,"STRAXETH":0.014425049210049196,"THETAETH":0,"TRXETH":0.012154492699497402,"UFTETH":0.007234992227314872,"VETETH":0.008700900113065275,"VIBETH":0.007057112529125168,"WANETH":0.006201838220653262,"WAVESETH":0.007100112072940763,"XEMETH":0.021825114310035636,"XLMETH":0.004433573085835982,"XMRETH":0,"XRPETH":0.48070759499184823,"XVGETH":0,"ZECETH":0.000555388766571808,"ZENETH":0.021880929876009012,"ZILETH":0,"ZRXETH":0},"numerosità_campione":92,"expected_return":0.00035501470937252373,"standard_deviation":0.0009530888210487774,"sharpe_ratio":0.3724885881904124}