{"weights":{"AAVEETH":0,"ADAETH":0,"ADXETH":0,"AIONETH":0,"BATETH":0.022225731520288578,"BETHETH":0,"BLZETH":0,"BNBETH":0,"BNTETH":0,"BQXETH":0,"BRDETH":0,"CDTETH":0.07240731174489032,"COVERETH":0,"CVCETH":0,"CVPETH":0,"DASHETH":0.005578049857770947,"DATAETH":0,"DENTETH":0,"DEXEETH":0.06641346608603406,"DFETH":0,"ELFETH":0.07632623551815618,"ENJETH":0,"EOSETH":0.0034780082370052695,"ETCETH":0,"EZETH":0.008374400573547339,"FIROETH":0,"FRONTETH":0,"FUNETH":0.010392283618560608,"GHSTETH":0,"GLMETH":0,"GRTETH":0,"GXSETH":0.018955046407196544,"HEGICETH":0,"HOTETH":0.019998167607626686,"ICXETH":0,"IOSTETH":0,"IOTAETH":0,"IOTXETH":0,"KEYETH":0.10522111105172288,"KMDETH":0.0044342140477377605,"KNCETH":0.05902566895477117,"LINKETH":0,"LOOMETH":0,"LRCETH":0,"LSKETH":0,"LTCETH":0,"MANAETH":0,"MFTETH":0.004650926622325193,"MTLETH":0,"NANOETH":0,"NASETH":0,"NAVETH":0,"NCASHETH":0.05942073646645686,"NEBLETH":0,"NEOETH":0.007176107909689711,"OMGETH":0,"ONTETH":0.027814451889026405,"OSTETH":0,"PIVXETH":0.03465806906669314,"POWRETH":0,"PROSETH":0,"PUNDIXETH":0,"QKCETH":0,"QLCETH":0,"QSPETH":0.02992446461707407,"QTUMETH":0.005923797684893346,"RENBTCETH":0.027692442522572275,"REPETH":0.012842390560157563,"RLCETH":0.01783044018514345,"SCETH":0,"SCRTETH":0,"SLPETH":0,"SNTETH":0.014159876966366752,"STEEMETH":0,"STMXETH":0.07126968137066099,"STRAXETH":0.046635661568076615,"THETAETH":0,"TRXETH":0,"UFTETH":0.09632268353494094,"VETETH":0,"VIBETH":0,"WANETH":0.049592214370743126,"WAVESETH":0,"XEMETH":0,"XLMETH":0,"XMRETH":0,"XRPETH":0,"XVGETH":0,"ZECETH":0.015835654412360144,"ZENETH":0.005420705027511044,"ZILETH":0,"ZRXETH":0},"numerosità_campione":92,"expected_return":0.0009162540304703487,"standard_deviation":0.0026382420922733208,"sharpe_ratio":0.3472971768412772}