{"weights":{"AAVEETH":0.010913388083870774,"ADAETH":0.002726790448367342,"ADXETH":0.004660036785845884,"AIONETH":0,"BATETH":0.002201811047502098,"BETHETH":0.004553694818765854,"BLZETH":0.011659762909809093,"BNBETH":0,"BNTETH":0.00370587846288856,"BQXETH":0,"BRDETH":0,"CDTETH":0.020267731631944924,"COVERETH":0,"CVCETH":0.005079893137529106,"CVPETH":0,"DASHETH":0.004559505039201692,"DATAETH":0,"DENTETH":0.000044357298068224896,"DEXEETH":0.01780714570703519,"DFETH":0.011425157229288121,"ELFETH":0.01322972363087824,"ENJETH":0.01811383694033054,"EOSETH":0.024058775084852935,"ETCETH":0,"EZETH":0.009204660665911888,"FIROETH":0.014891504393957682,"FRONTETH":0,"FUNETH":0.015740706063854144,"GHSTETH":0.015029967317375962,"GLMETH":0.02385676147147199,"GRTETH":0.011702709417954715,"GXSETH":0.013456635153686683,"HEGICETH":0,"HOTETH":0.011035514164141887,"ICXETH":0.010789509383434776,"IOSTETH":0.011943529372323396,"IOTAETH":0.0030511993896700515,"IOTXETH":0.01886529491334163,"KEYETH":0.031366510764098895,"KMDETH":0.0057260297087427334,"KNCETH":0.032679896688428495,"LINKETH":0.008667420925318074,"LOOMETH":0,"LRCETH":0.0007155973010327203,"LSKETH":0.00260508493262484,"LTCETH":0.005863976851486564,"MANAETH":0.0009787970105793352,"MFTETH":0.0017549615282628677,"MTLETH":0,"NANOETH":0.008972728436395325,"NASETH":0,"NAVETH":0.0015370176420503,"NCASHETH":0.007925409792494556,"NEBLETH":0.002528327024174975,"NEOETH":0.012531878068277741,"OMGETH":0,"ONTETH":0.028666144571599605,"OSTETH":0.01697172380167911,"PIVXETH":0.0283730232398872,"POWRETH":0,"PROSETH":0.0003371274112973006,"PUNDIXETH":0.033403286766998934,"QKCETH":0.004539484524265167,"QLCETH":0.00985920755986995,"QSPETH":0.023753329820138044,"QTUMETH":0.01156347854855899,"RENBTCETH":0.00637824862210167,"REPETH":0.004089764552493771,"RLCETH":0.011788039379734454,"SCETH":0,"SCRTETH":0,"SLPETH":0,"SNTETH":0.01674736136238325,"STEEMETH":0.0111868667164157,"STMXETH":0.02217125830278882,"STRAXETH":0.024720080981997686,"THETAETH":0,"TRXETH":0.019745777671223794,"UFTETH":0.02614382239549613,"VETETH":0.010776420638276432,"VIBETH":0.011620040407054348,"WANETH":0.0164976100960071,"WAVESETH":0.005685316935196021,"XEMETH":0.0109177037545737,"XLMETH":0,"XMRETH":0,"XRPETH":0.1661937069475713,"XVGETH":0,"ZECETH":0.0019460530338996323,"ZENETH":0.037496005321221076,"ZILETH":0,"ZRXETH":0},"numerosità_campione":92,"expected_return":0.0006081226384950722,"standard_deviation":0.0013956864837436915,"sharpe_ratio":0.43571578974089276}