{"weights":{"AAVEETH":0.010479082017962386,"ADAETH":0.0005501053492813251,"ADXETH":0.002184093436600661,"AIONETH":0,"BATETH":0,"BETHETH":0.0009393279988920216,"BLZETH":0.009579081402428143,"BNBETH":0,"BNTETH":0.003232081176514781,"BQXETH":0,"BRDETH":0,"CDTETH":0.012987332165480547,"COVERETH":0,"CVCETH":0.004145068851996616,"CVPETH":0.005739741628378671,"DASHETH":0.0032339541159774905,"DATAETH":0.0008761083161672135,"DENTETH":0.00044191620328851264,"DEXEETH":0.011739823391541452,"DFETH":0.004825460018065886,"ELFETH":0.007699085641711893,"ENJETH":0.01193414438112252,"EOSETH":0.018901649615565997,"ETCETH":0.0013054625227293354,"EZETH":0.006948309737713794,"FIROETH":0.011520991201856984,"FRONTETH":0,"FUNETH":0.009591633585557681,"GHSTETH":0.011350160850870273,"GLMETH":0.016763150755303696,"GRTETH":0.01226735387603101,"GXSETH":0.009230070115747679,"HEGICETH":0,"HOTETH":0.006659825356101468,"ICXETH":0.011857946437188127,"IOSTETH":0.009071815050255703,"IOTAETH":0.0030499161835829142,"IOTXETH":0.016541379831941257,"KEYETH":0.013732375449899926,"KMDETH":0.0030710495575375016,"KNCETH":0.02364954264888044,"LINKETH":0.007250474994513593,"LOOMETH":0,"LRCETH":0,"LSKETH":0.0006133357690713665,"LTCETH":0.004417736349743405,"MANAETH":0.003407558704795696,"MFTETH":0.0010209438259300577,"MTLETH":0,"NANOETH":0.008831058912387162,"NASETH":0,"NAVETH":0.0019543356387509,"NCASHETH":0.004039789473815001,"NEBLETH":0.0012218825842262278,"NEOETH":0.010342116005556226,"OMGETH":0.00005451542942560711,"ONTETH":0.01872648979265526,"OSTETH":0.014465507995390686,"PIVXETH":0.019773014343072586,"POWRETH":0,"PROSETH":0.00000999127114107476,"PUNDIXETH":0.02342003450203338,"QKCETH":0,"QLCETH":0.007504445749794936,"QSPETH":0.016334700497084013,"QTUMETH":0.006096328138143564,"RENBTCETH":0.00395631589036683,"REPETH":0.002839337658602015,"RLCETH":0.007379034642575171,"SCETH":0,"SCRTETH":0,"SLPETH":0,"SNTETH":0.010562692083933472,"STEEMETH":0.012394524716281788,"STMXETH":0.01277123941951061,"STRAXETH":0.017098037727166924,"THETAETH":0,"TRXETH":0.013940712113347884,"UFTETH":0.012236374317251629,"VETETH":0.009295691907765719,"VIBETH":0.008467155540456319,"WANETH":0.008789897627076538,"WAVESETH":0.006609608011314877,"XEMETH":0.019039776185719684,"XLMETH":0,"XMRETH":0,"XRPETH":0.402353376467619,"XVGETH":0,"ZECETH":0.000875069584833548,"ZENETH":0.025807857256473065,"ZILETH":0,"ZRXETH":0},"numerosità_campione":92,"expected_return":0.00042104286479579704,"standard_deviation":0.0010449763107758985,"sharpe_ratio":0.4029209662017805}