{"weights":{"AAVEETH":0.01043498102171567,"ADAETH":0.0012889377784977723,"ADXETH":0.0027009420527772826,"AIONETH":0,"BATETH":0,"BETHETH":0.001786828545305803,"BLZETH":0.010323691047446385,"BNBETH":0,"BNTETH":0.003517683710579116,"BQXETH":0,"BRDETH":0,"CDTETH":0.01460753778057987,"COVERETH":0,"CVCETH":0.004355496643945181,"CVPETH":0.004417272455357328,"DASHETH":0.0036318747368528147,"DATAETH":0.0005021782138292749,"DENTETH":0.0003562791016938734,"DEXEETH":0.013248926392849227,"DFETH":0.00655248400065472,"ELFETH":0.009041921178955902,"ENJETH":0.0134335928189031,"EOSETH":0.02016542735457558,"ETCETH":0.0008438750460813286,"EZETH":0.007529605049842576,"FIROETH":0.012353807538312153,"FRONTETH":0,"FUNETH":0.011166263839576142,"GHSTETH":0.012092082553326099,"GLMETH":0.01838684602574162,"GRTETH":0.012201165552407798,"GXSETH":0.010179573522309852,"HEGICETH":0,"HOTETH":0.007728018698369626,"ICXETH":0.011666431268105036,"IOSTETH":0.009713290037691554,"IOTAETH":0.003088409451496494,"IOTXETH":0.017115102595080693,"KEYETH":0.01788017579716973,"KMDETH":0.0037016330023907536,"KNCETH":0.025833295575127917,"LINKETH":0.007548222782476266,"LOOMETH":0,"LRCETH":0,"LSKETH":0.0010542945242460675,"LTCETH":0.004872711506801297,"MANAETH":0.0027207234667378268,"MFTETH":0.0011791034164552656,"MTLETH":0,"NANOETH":0.008898145603819971,"NASETH":0,"NAVETH":0.0018464712695296414,"NCASHETH":0.004997731808842218,"NEBLETH":0.0015728035040015187,"NEOETH":0.010992488451518774,"OMGETH":0,"ONTETH":0.021146216804649502,"OSTETH":0.015116823328961117,"PIVXETH":0.021882052463142433,"POWRETH":0,"PROSETH":0.00009838125420462,"PUNDIXETH":0.02574387158204254,"QKCETH":1.1611247854324631e-18,"QLCETH":0.00814410187974426,"QSPETH":0.018209944989836465,"QTUMETH":0.007405287696812609,"RENBTCETH":0.004505670708685487,"REPETH":0.00312239699698344,"RLCETH":0.008459247871646338,"SCETH":0,"SCRTETH":0,"SLPETH":0,"SNTETH":0.012055047969018722,"STEEMETH":0.012167638583875321,"STMXETH":0.015085857598150136,"STRAXETH":0.018914913539478297,"THETAETH":0,"TRXETH":0.015318780167358437,"UFTETH":0.015500143800192897,"VETETH":0.009662182410552642,"VIBETH":0.009259434518274316,"WANETH":0.010579172106942366,"WAVESETH":0.006343321243103697,"XEMETH":0.017075545595672488,"XLMETH":0,"XMRETH":0,"XRPETH":0.34711061772790597,"XVGETH":0,"ZECETH":0.0010575825909634672,"ZENETH":0.02850743984982508,"ZILETH":0,"ZRXETH":0},"numerosità_campione":92,"expected_return":0.0004650616350779795,"standard_deviation":0.001117344326905666,"sharpe_ratio":0.41622051849129155}