{"weights":{"AAVEETH":0.010418209052114715,"ADAETH":0.0016512661197146726,"ADXETH":0.002962719229843026,"AIONETH":0,"BATETH":0,"BETHETH":0.002210279651873471,"BLZETH":0.010689400877432736,"BNBETH":0,"BNTETH":0.00365404463671026,"BQXETH":0,"BRDETH":0,"CDTETH":0.015419088076056122,"COVERETH":0,"CVCETH":0.004460370251910065,"CVPETH":0.0037515493675640958,"DASHETH":0.003826214666220558,"DATAETH":0.0003146497077486077,"DENTETH":0.0003149308221222799,"DEXEETH":0.014003527051524762,"DFETH":0.007410785326054577,"ELFETH":0.009712911998899247,"ENJETH":0.01418029402228028,"EOSETH":0.020799143554948187,"ETCETH":0.0006125801711606168,"EZETH":0.007817758247839458,"FIROETH":0.012769642520147595,"FRONTETH":0,"FUNETH":0.011954379042703812,"GHSTETH":0.01246622106825743,"GLMETH":0.019200555696849086,"GRTETH":0.012164749847417155,"GXSETH":0.010654234028899317,"HEGICETH":0,"HOTETH":0.008263553965177535,"ICXETH":0.011569274633335935,"IOSTETH":0.010034873338889942,"IOTAETH":0.0031070644799075418,"IOTXETH":0.017393524878219255,"KEYETH":0.019952829125924245,"KMDETH":0.004017982226598003,"KNCETH":0.02692572075509392,"LINKETH":0.007697851743637099,"LOOMETH":0,"LRCETH":0,"LSKETH":0.0012741177053556942,"LTCETH":0.0050896569602992495,"MANAETH":0.002380933892756206,"MFTETH":0.0012577819147226055,"MTLETH":0,"NANOETH":0.008927666084248557,"NASETH":0,"NAVETH":0.0017916699090326999,"NCASHETH":0.005475436761826442,"NEBLETH":0.0017477577031736022,"NEOETH":0.011313881037054616,"OMGETH":0,"ONTETH":0.022353690279391047,"OSTETH":0.015438562549628016,"PIVXETH":0.022935918618249736,"POWRETH":0,"PROSETH":0.00014222181572383553,"PUNDIXETH":0.02690643261907468,"QKCETH":0.00004390661353542201,"QLCETH":0.008463703292432352,"QSPETH":0.019144386732983562,"QTUMETH":0.008057610330721826,"RENBTCETH":0.004780583701439532,"REPETH":0.0032654539478493196,"RLCETH":0.009002926092001635,"SCETH":0,"SCRTETH":0,"SLPETH":0,"SNTETH":0.012801839400309269,"STEEMETH":0.012053983768428408,"STMXETH":0.016240176740093603,"STRAXETH":0.01982285953107861,"THETAETH":0,"TRXETH":0.01600625952293322,"UFTETH":0.017128393879191045,"VETETH":0.009844157072628274,"VIBETH":0.009653756054165298,"WANETH":0.011474037708175643,"WAVESETH":0.006214269085021577,"XEMETH":0.01609197097648912,"XLMETH":0,"XMRETH":0,"XRPETH":0.3194810885200644,"XVGETH":0,"ZECETH":0.0011514443087812325,"ZENETH":0.02985928468806377,"ZILETH":0,"ZRXETH":0},"numerosità_campione":92,"expected_return":0.00048707102021907067,"standard_deviation":0.0011563433016205098,"sharpe_ratio":0.42121662272483007}