{"weights":{"AAVEETH":0.010991769167232646,"ADAETH":0.0031701405046216102,"ADXETH":0.005406818449139894,"AIONETH":0,"BATETH":0.0038065377029033874,"BETHETH":0.005856195461093819,"BLZETH":0.011947216746923815,"BNBETH":0,"BNTETH":0.00341081489282481,"BQXETH":0,"BRDETH":0,"CDTETH":0.022982912273252727,"COVERETH":0,"CVCETH":0.005445833837178859,"CVPETH":0,"DASHETH":0.00482248253810508,"DATAETH":0,"DENTETH":0,"DEXEETH":0.01965606774198939,"DFETH":0.013524986276883462,"ELFETH":0.01509887763307437,"ENJETH":0.020238239324121634,"EOSETH":0.025816192704922285,"ETCETH":0,"EZETH":0.009937048837158992,"FIROETH":0.016009019766904897,"FRONTETH":0,"FUNETH":0.01762399792109689,"GHSTETH":0.01640636416377629,"GLMETH":0.026353995986419,"GRTETH":0.011470363226934,"GXSETH":0.014998394894652226,"HEGICETH":0,"HOTETH":0.012554235371483057,"ICXETH":0.0103518316597407,"IOSTETH":0.013071491599212719,"IOTAETH":0.0030279559725746043,"IOTXETH":0.01942121314491997,"KEYETH":0.037677996407477835,"KMDETH":0.006652631887631573,"KNCETH":0.03584707109267206,"LINKETH":0.009119755142007382,"LOOMETH":0,"LRCETH":0.0014190957247790222,"LSKETH":0.003417182718570954,"LTCETH":0.006347623161372545,"MANAETH":0.0001720106921331254,"MFTETH":0.0020490214466815527,"MTLETH":0,"NANOETH":0.009013867267050911,"NASETH":0,"NAVETH":0.0013967482691036605,"NCASHETH":0.009110521175363429,"NEBLETH":0.0028325179653714847,"NEOETH":0.013232442300540386,"OMGETH":0,"ONTETH":0.03210877359963942,"OSTETH":0.017675890847178258,"PIVXETH":0.03134192535086428,"POWRETH":0,"PROSETH":0.00044577791731726936,"PUNDIXETH":0.03684761711506693,"QKCETH":0.006887172641686203,"QLCETH":0.010491357425472627,"QSPETH":0.02611868413476773,"QTUMETH":0.013514979642773386,"RENBTCETH":0.007286948482832883,"REPETH":0.004498346246957467,"RLCETH":0.013175562742609684,"SCETH":0,"SCRTETH":0,"SLPETH":0,"SNTETH":0.018778495313153423,"STEEMETH":0.01071439146160661,"STMXETH":0.025481910875974928,"STRAXETH":0.027388470469447954,"THETAETH":0,"TRXETH":0.02195191007918936,"UFTETH":0.031115632529688034,"VETETH":0.011304712104609073,"VIBETH":0.012606389414531755,"WANETH":0.019265581288597587,"WAVESETH":0.005313423794160896,"XEMETH":0.00809453734056853,"XLMETH":0,"XMRETH":0,"XRPETH":0.08184558949084028,"XVGETH":0,"ZECETH":0.0023899897396133744,"ZENETH":0.04166644690095528,"ZILETH":0,"ZRXETH":0},"numerosità_campione":92,"expected_return":0.0006741507939183455,"standard_deviation":0.0015391548385556022,"sharpe_ratio":0.43800063322478505}