{"weights":{"AAVEETH":0.010953390404761397,"ADAETH":0.0029515421856097807,"ADXETH":0.005030399976194054,"AIONETH":0,"BATETH":0.0030045200361825475,"BETHETH":0.005204318530335634,"BLZETH":0.011805819826751577,"BNBETH":0,"BNTETH":0.0035608538540476973,"BQXETH":0,"BRDETH":0,"CDTETH":0.02162638917804767,"COVERETH":0,"CVCETH":0.005263234152385308,"CVPETH":0,"DASHETH":0.004690356956494964,"DATAETH":0,"DENTETH":0,"DEXEETH":0.018731581388467408,"DFETH":0.012474167181857048,"ELFETH":0.014165378613173869,"ENJETH":0.019173243247001533,"EOSETH":0.024937447792811318,"ETCETH":0,"EZETH":0.009570069281411037,"FIROETH":0.015447466491700718,"FRONTETH":0,"FUNETH":0.016683752927825053,"GHSTETH":0.015715876957263834,"GLMETH":0.02510945376439975,"GRTETH":0.011584588377489258,"GXSETH":0.014228036215545171,"HEGICETH":0,"HOTETH":0.011796353929648954,"ICXETH":0.010568629264777805,"IOSTETH":0.012504866075672189,"IOTAETH":0.0030386123483595734,"IOTXETH":0.019142450841080953,"KEYETH":0.03452226299843417,"KMDETH":0.006188594274718682,"KNCETH":0.03426626460722706,"LINKETH":0.008894073896122671,"LOOMETH":0,"LRCETH":0.001070629858729565,"LSKETH":0.003011259913343763,"LTCETH":0.006106651064902132,"MANAETH":0.0005733607605114882,"MFTETH":0.0019018535227345122,"MTLETH":0,"NANOETH":0.008993071514277067,"NASETH":0,"NAVETH":0.0014675938682600204,"NCASHETH":0.008519036185559393,"NEBLETH":0.0026810662369552707,"NEOETH":0.01288342615447561,"OMGETH":0,"ONTETH":0.030390051161517828,"OSTETH":0.017325893716615914,"PIVXETH":0.029859097408062675,"POWRETH":0,"PROSETH":0.0003909706387919819,"PUNDIXETH":0.03513022493648942,"QKCETH":0.005711595903221758,"QLCETH":0.010175414165015842,"QSPETH":0.024937305053126146,"QTUMETH":0.012541814964805003,"RENBTCETH":0.0068336353738948875,"REPETH":0.004292904655107861,"RLCETH":0.012483064842665762,"SCETH":0,"SCRTETH":0,"SLPETH":0,"SNTETH":0.017763446879514803,"STEEMETH":0.010950268278995229,"STMXETH":0.02382839318402115,"STRAXETH":0.026054048959597696,"THETAETH":0,"TRXETH":0.02084666679778329,"UFTETH":0.028631200404374536,"VETETH":0.011039724753806816,"VIBETH":0.012110788330647482,"WANETH":0.01788227991019603,"WAVESETH":0.005499388161110848,"XEMETH":0.009506084017497082,"XLMETH":0,"XMRETH":0,"XRPETH":0.12402493572966729,"XVGETH":0,"ZECETH":0.002168037159047339,"ZENETH":0.039580819958877814,"ZILETH":0,"ZRXETH":0},"numerosità_campione":92,"expected_return":0.0006411367162067091,"standard_deviation":0.0014665238816173795,"sharpe_ratio":0.43718123123888114}