{"weights":{"AAVEETH":0.004828858247038014,"ADAETH":0,"ADXETH":0,"AIONETH":0,"BATETH":0.008838770612989221,"BETHETH":0,"BLZETH":0.002036703454750098,"BNBETH":0,"BNTETH":0.00501047559873492,"BQXETH":0,"BRDETH":0,"CDTETH":0.03320876570368399,"COVERETH":0,"CVCETH":0.004045638760354774,"CVPETH":0,"DASHETH":0.009013205726077587,"DATAETH":0,"DENTETH":0,"DEXEETH":0.03136129285246792,"DFETH":0.015341170273630935,"ELFETH":0.02507640927134199,"ENJETH":0.01881326408378787,"EOSETH":0.027856764350980348,"ETCETH":0,"EZETH":0.010724482689233124,"FIROETH":0.011497532693618119,"FRONTETH":0,"FUNETH":0.021324369867433187,"GHSTETH":0.018025051159594362,"GLMETH":0.025301598890010928,"GRTETH":0.009765190181246474,"GXSETH":0.01691931720475178,"HEGICETH":0,"HOTETH":0.017067076492866685,"ICXETH":0.001420453255878231,"IOSTETH":0.010003804305799273,"IOTAETH":0.0056744504657455334,"IOTXETH":0.012924053476241926,"KEYETH":0.05531610920169975,"KMDETH":0.006955518775207711,"KNCETH":0.04405903710525799,"LINKETH":0.009405359483616423,"LOOMETH":0,"LRCETH":0,"LSKETH":0,"LTCETH":0,"MANAETH":0,"MFTETH":0.0033633300057794415,"MTLETH":0,"NANOETH":0.012034448216316683,"NASETH":0,"NAVETH":0,"NCASHETH":0.019698570662536056,"NEBLETH":0.0012323060251232141,"NEOETH":0.018177281129249642,"OMGETH":0,"ONTETH":0.036077008055778605,"OSTETH":0.01655737006861498,"PIVXETH":0.03680778219111397,"POWRETH":0,"PROSETH":0.0006317251049527816,"PUNDIXETH":0.033926298050479815,"QKCETH":0.011068568190744138,"QLCETH":0.002337100350201326,"QSPETH":0.03029579118958947,"QTUMETH":0.01725923559018072,"RENBTCETH":0.011685825931578771,"REPETH":0.007053710386507648,"RLCETH":0.017243743152187935,"SCETH":0,"SCRTETH":0,"SLPETH":0,"SNTETH":0.022896330815195102,"STEEMETH":0.002334604652913857,"STMXETH":0.03494454352622602,"STRAXETH":0.034984016584400125,"THETAETH":0,"TRXETH":0.020922164837899992,"UFTETH":0.046720340198766364,"VETETH":0.011019745755459259,"VIBETH":0.010785825553709862,"WANETH":0.02852543209753235,"WAVESETH":0,"XEMETH":0,"XLMETH":0,"XMRETH":0,"XRPETH":0,"XVGETH":0,"ZECETH":0.004319614760115052,"ZENETH":0.045282562732807674,"ZILETH":0,"ZRXETH":0},"numerosità_campione":92,"expected_return":0.0007841977196238013,"standard_deviation":0.0018145478923839334,"sharpe_ratio":0.43217251135407114}