{"weights":{"AAVEETH":0,"ADAETH":0,"ADXETH":0,"AIONETH":0,"BATETH":0.020967905607736863,"BETHETH":0,"BLZETH":0,"BNBETH":0,"BNTETH":0,"BQXETH":0,"BRDETH":0,"CDTETH":0.06914434271471119,"COVERETH":0,"CVCETH":0,"CVPETH":0,"DASHETH":0.00806319803264044,"DATAETH":0,"DENTETH":0,"DEXEETH":0.06300338654484579,"DFETH":0,"ELFETH":0.07067994148202983,"ENJETH":0,"EOSETH":0.008027011015635157,"ETCETH":0,"EZETH":0.009337738582318964,"FIROETH":0,"FRONTETH":0,"FUNETH":0.01273696422288452,"GHSTETH":0.0019481996572849008,"GLMETH":0,"GRTETH":0,"GXSETH":0.01900022469943694,"HEGICETH":0,"HOTETH":0.0203946810572738,"ICXETH":0,"IOSTETH":0,"IOTAETH":0,"IOTXETH":0,"KEYETH":0.09937039191355759,"KMDETH":0.005027597344150188,"KNCETH":0.06000311981370919,"LINKETH":0.0011620303676532918,"LOOMETH":0,"LRCETH":0,"LSKETH":0,"LTCETH":0,"MANAETH":0,"MFTETH":0.004927792150012796,"MTLETH":0,"NANOETH":0,"NASETH":0,"NAVETH":0,"NCASHETH":0.055732696720710635,"NEBLETH":0,"NEOETH":0.010601819728027422,"OMGETH":0,"ONTETH":0.030745443213374374,"OSTETH":0,"PIVXETH":0.0360506628300787,"POWRETH":0,"PROSETH":0,"PUNDIXETH":0,"QKCETH":0,"QLCETH":0,"QSPETH":0.030822206484364074,"QTUMETH":0.008473034216986454,"RENBTCETH":0.026323804507527866,"REPETH":0.01253196185798186,"RLCETH":0.018980804483018716,"SCETH":0,"SCRTETH":0,"SLPETH":0,"SNTETH":0.016074759434528678,"STEEMETH":0,"STMXETH":0.06720021664635012,"STRAXETH":0.04583812442757449,"THETAETH":0,"TRXETH":0,"UFTETH":0.09158553961515473,"VETETH":0,"VIBETH":0,"WANETH":0.04801241483346815,"WAVESETH":0,"XEMETH":0,"XLMETH":0,"XMRETH":0,"XRPETH":0,"XVGETH":0,"ZECETH":0.014864442431089721,"ZENETH":0.012367543363882818,"ZILETH":0,"ZRXETH":0},"numerosità_campione":92,"expected_return":0.000905249337899803,"standard_deviation":0.0025371389970796484,"sharpe_ratio":0.3567992683655812}