{"weights":{"AAVEETH":0.010362174320158579,"ADAETH":0,"ADXETH":0.0016442230802394717,"AIONETH":0,"BATETH":0,"BETHETH":0,"BLZETH":0.008630506095507475,"BNBETH":0.0006916312927206147,"BNTETH":0.0027702723046020513,"BQXETH":0,"BRDETH":0,"CDTETH":0.011448648697116722,"COVERETH":0,"CVCETH":0.004014026907069547,"CVPETH":0.006937158308249251,"DASHETH":0.002410516401977846,"DATAETH":0.0010921552909476718,"DENTETH":0.0006393839972212321,"DEXEETH":0.009979203693956109,"DFETH":0.0031322149248237878,"ELFETH":0.006301565676121544,"ENJETH":0.010555771034678543,"EOSETH":0.01778427637807068,"ETCETH":0.001717881795742792,"EZETH":0.00640557738187888,"FIROETH":0.010727485068651763,"FRONTETH":0,"FUNETH":0.008069409168268284,"GHSTETH":0.010668086658530803,"GLMETH":0.015172674827996786,"GRTETH":0.01213006524187175,"GXSETH":0.008275663834824025,"HEGICETH":0,"HOTETH":0.005661875492236899,"ICXETH":0.012027918006380301,"IOSTETH":0.008376456202146635,"IOTAETH":0.0027889949156505627,"IOTXETH":0.015453433052053607,"KEYETH":0.009550495575363447,"KMDETH":0.002506166936010442,"KNCETH":0.021747982304386175,"LINKETH":0.007085863324147073,"LOOMETH":0,"LRCETH":0,"LSKETH":0.00017957649739415942,"LTCETH":0.0037171484973517136,"MANAETH":0.0036765826923467254,"MFTETH":0.0008151937193631429,"MTLETH":0,"NANOETH":0.008528988749067205,"NASETH":0,"NAVETH":0.0018401515111191196,"NCASHETH":0.0030491191679771516,"NEBLETH":0.0009102354108691312,"NEOETH":0.009718230929035175,"OMGETH":0.0010388460060353302,"ONTETH":0.016389863643604584,"OSTETH":0.013760750767411307,"PIVXETH":0.01759218494599276,"POWRETH":0,"PROSETH":0,"PUNDIXETH":0.02109935435633508,"QKCETH":0,"QLCETH":0.006631179199367376,"QSPETH":0.014449250701770559,"QTUMETH":0.004783384944626986,"RENBTCETH":0.0033290584066408523,"REPETH":0.0025175587553375066,"RLCETH":0.0063103132392766815,"SCETH":0.0008131187251407585,"SCRTETH":0,"SLPETH":0,"SNTETH":0.009069415227134385,"STEEMETH":0.012611782357399496,"STMXETH":0.010446159937369966,"STRAXETH":0.015338161279341279,"THETAETH":0,"TRXETH":0.012741806922768398,"UFTETH":0.008907445428827153,"VETETH":0.008894086305611724,"VIBETH":0.007534292813667002,"WANETH":0.007064097620522096,"WAVESETH":0.006932055187311622,"XEMETH":0.020912966798171805,"XLMETH":0.00299007711889477,"XMRETH":0,"XRPETH":0.454773474207788,"XVGETH":0,"ZECETH":0.0006727664748465298,"ZENETH":0.02320156326468114,"ZILETH":0,"ZRXETH":0},"numerosità_campione":92,"expected_return":0.00037702409451361476,"standard_deviation":0.0009812580834022775,"sharpe_ratio":0.3842252113800418}