{"weights":{"AAVEETH":0.010464775305399802,"ADAETH":0.0003742671937602679,"ADXETH":0.002048829530839242,"AIONETH":0,"BATETH":0,"BETHETH":0.0006389021546148311,"BLZETH":0.00935417234727405,"BNBETH":0,"BNTETH":0.003122478758205023,"BQXETH":0,"BRDETH":0,"CDTETH":0.01259574152968126,"COVERETH":0,"CVCETH":0.004101588291916097,"CVPETH":0.006045145903515474,"DASHETH":0.0030740981751093254,"DATAETH":0.0009450601626671152,"DENTETH":0.0004850226419341868,"DEXEETH":0.011321627432204997,"DFETH":0.004401727336966673,"ELFETH":0.0073557055266804845,"ENJETH":0.011577062163996753,"EOSETH":0.018621918363101345,"ETCETH":0.0014092794500064356,"EZETH":0.006802303593278382,"FIROETH":0.011317899866557724,"FRONTETH":0,"FUNETH":0.009213240574023252,"GHSTETH":0.011175379043399623,"GLMETH":0.016375981071217884,"GRTETH":0.012237232131907395,"GXSETH":0.008989714024726663,"HEGICETH":0,"HOTETH":0.006412126484816863,"ICXETH":0.011905006219208748,"IOSTETH":0.008904565429796911,"IOTAETH":0.0029906640835212365,"IOTXETH":0.016318861168435672,"KEYETH":0.012693319248751887,"KMDETH":0.0029231211799151313,"KNCETH":0.02315647774565628,"LINKETH":0.007206949448139243,"LOOMETH":0,"LRCETH":0,"LSKETH":0.0004973742192312063,"LTCETH":0.004232307205198975,"MANAETH":0.0035038581733512824,"MFTETH":0.000983328480724482,"MTLETH":0,"NANOETH":0.008770492829126831,"NASETH":0,"NAVETH":0.0019434508504317521,"NCASHETH":0.0037812492469689388,"NEBLETH":0.001140300031923862,"NEOETH":0.010188912801508663,"OMGETH":0.000334892600373476,"ONTETH":0.018133531029809444,"OSTETH":0.01427856681557186,"PIVXETH":0.01923524071737359,"POWRETH":0,"PROSETH":0,"PUNDIXETH":0.022852065164619167,"QKCETH":0,"QLCETH":0.007302273486345125,"QSPETH":0.015862418872570554,"QTUMETH":0.005766966718437603,"RENBTCETH":0.0038006761186636065,"REPETH":0.002762886489658784,"RLCETH":0.0071357483334798764,"SCETH":0.00015685480768127164,"SCRTETH":0,"SLPETH":0,"SNTETH":0.010191891649297551,"STEEMETH":0.01245379103810572,"STMXETH":0.012187761282277746,"STRAXETH":0.016655665418117544,"THETAETH":0,"TRXETH":0.013625188823302287,"UFTETH":0.01140284136521397,"VETETH":0.00918755668517697,"VIBETH":0.008234891341882235,"WANETH":0.008352427388941097,"WAVESETH":0.0066892160625670145,"XEMETH":0.01950585631556151,"XLMETH":0.00060767282708068,"XMRETH":0,"XRPETH":0.41568049739496027,"XVGETH":0,"ZECETH":0.000835531967081281,"ZENETH":0.0251655718661576,"ZILETH":0,"ZRXETH":0},"numerosità_campione":92,"expected_return":0.0004100381722252514,"standard_deviation":0.001028193557199646,"sharpe_ratio":0.39879473018875733}