{"weights":{"AAVEETH":0.007362746310212976,"ADAETH":0,"ADXETH":0.002257118320854717,"AIONETH":0,"BATETH":0,"BETHETH":0.8863943624079051,"BLZETH":0,"BNBETH":0,"BNTETH":0.02028451470960745,"BQXETH":0,"BRDETH":0,"CDTETH":0.001352034494736885,"COVERETH":0.0006114019772833171,"CVCETH":0,"CVPETH":0.003217734455504038,"DASHETH":0,"DATAETH":0,"DENTETH":0,"DEXEETH":0.0022551361877193314,"DFETH":0,"ELFETH":0,"ENJETH":0,"EOSETH":0,"ETCETH":0.0046010509547046744,"EZETH":0,"FIROETH":0,"FRONTETH":0,"FUNETH":0.006976396679960303,"GHSTETH":0.004541425910096874,"GLMETH":0.0016720537652743475,"GRTETH":0,"GXSETH":0,"HEGICETH":0.0008370415140466041,"HOTETH":0,"ICXETH":0,"IOSTETH":0,"IOTAETH":0,"IOTXETH":0,"KEYETH":0,"KMDETH":0.003097151859013095,"KNCETH":0,"LINKETH":0,"LOOMETH":0,"LRCETH":0,"LSKETH":0,"LTCETH":0,"MANAETH":0,"MFTETH":0,"MTLETH":0,"NANOETH":0.003184617722138925,"NASETH":0,"NAVETH":0.0009158975751763797,"NCASHETH":0.003117978969605794,"NEBLETH":0,"NEOETH":0,"OMGETH":0,"ONTETH":0,"OSTETH":0.0032563572081065802,"PIVXETH":0,"POWRETH":0,"PROSETH":0.0019121058360182964,"PUNDIXETH":0,"QKCETH":0,"QLCETH":0,"QSPETH":0,"QTUMETH":0,"RENBTCETH":0.03282447283745191,"REPETH":0,"RLCETH":0,"SCETH":0,"SCRTETH":0.0014519051799983713,"SLPETH":0,"SNTETH":0,"STEEMETH":0,"STMXETH":0,"STRAXETH":0.004735382734151307,"THETAETH":0,"TRXETH":0,"UFTETH":0,"VETETH":0,"VIBETH":0.0021904932353204207,"WANETH":0.0005144440686255433,"WAVESETH":0,"XEMETH":0,"XLMETH":0,"XMRETH":0,"XRPETH":0.0004361750864868019,"XVGETH":0,"ZECETH":0,"ZENETH":0,"ZILETH":0,"ZRXETH":0},"numerosità_campione":1971,"expected_return":-0.000009432239015484034,"standard_deviation":0.0014948124758265794,"sharpe_ratio":-0.006309981464576908}