{"weights":{"AAVEETH":0.00653451855133681,"ADAETH":0,"ADXETH":0.002991889592569604,"AIONETH":0,"BATETH":0,"BETHETH":0.8945572788636326,"BLZETH":0,"BNBETH":0,"BNTETH":0.016698507767323366,"BQXETH":0,"BRDETH":0,"CDTETH":0.000016174153623010744,"COVERETH":0.000053462256156639334,"CVCETH":0,"CVPETH":0.0015328747869081019,"DASHETH":0,"DATAETH":0,"DENTETH":0,"DEXEETH":0,"DFETH":0,"ELFETH":0,"ENJETH":0,"EOSETH":0,"ETCETH":0.006442907133701121,"EZETH":0,"FIROETH":0,"FRONTETH":0,"FUNETH":0.00798052578028723,"GHSTETH":0.005899666159667945,"GLMETH":0.002099378024329464,"GRTETH":0,"GXSETH":0,"HEGICETH":0.0011231771750640142,"HOTETH":0,"ICXETH":0,"IOSTETH":0,"IOTAETH":0,"IOTXETH":0,"KEYETH":0.00004353366091529875,"KMDETH":0.002937130351128977,"KNCETH":0,"LINKETH":0,"LOOMETH":0,"LRCETH":0,"LSKETH":0,"LTCETH":0,"MANAETH":0,"MFTETH":0.00003983043793564186,"MTLETH":0,"NANOETH":0.0037433074492339126,"NASETH":0,"NAVETH":0.0016371306567417587,"NCASHETH":0.002791894258223646,"NEBLETH":0,"NEOETH":0,"OMGETH":0,"ONTETH":0,"OSTETH":0.0026558520456066753,"PIVXETH":0,"POWRETH":0,"PROSETH":0.0014695413939473472,"PUNDIXETH":0,"QKCETH":0,"QLCETH":0,"QSPETH":0,"QTUMETH":0,"RENBTCETH":0.03282970632281177,"REPETH":0,"RLCETH":0,"SCETH":0,"SCRTETH":0.0003988894266684618,"SLPETH":0.00015842768289832485,"SNTETH":0,"STEEMETH":0,"STMXETH":0,"STRAXETH":0.004909738403557652,"THETAETH":0,"TRXETH":0,"UFTETH":0,"VETETH":0,"VIBETH":0.0004546576657306902,"WANETH":0,"WAVESETH":0,"XEMETH":0,"XLMETH":0,"XMRETH":0,"XRPETH":0,"XVGETH":0,"ZECETH":0,"ZENETH":0,"ZILETH":0,"ZRXETH":0},"numerosità_campione":1968,"expected_return":-0.0000029467443242092675,"standard_deviation":0.0014996147794942966,"sharpe_ratio":-0.001965000855221616}