{"weights":{"AAVEETH":0.006534837839301744,"ADAETH":0,"ADXETH":0.002969834001949536,"AIONETH":0,"BATETH":0,"BETHETH":0.8944639360560283,"BLZETH":0,"BNBETH":0,"BNTETH":0.017121982731391802,"BQXETH":0,"BRDETH":0,"CDTETH":0.0001453161592376466,"COVERETH":0.00005506890892480107,"CVCETH":0,"CVPETH":0.0015784181068626653,"DASHETH":0,"DATAETH":0,"DENTETH":0,"DEXEETH":0,"DFETH":0,"ELFETH":0,"ENJETH":0,"EOSETH":0,"ETCETH":0.0063696681068956,"EZETH":0,"FIROETH":0,"FRONTETH":0,"FUNETH":0.007848378110184684,"GHSTETH":0.00581600528728876,"GLMETH":0.002100763031972123,"GRTETH":0,"GXSETH":0,"HEGICETH":0.0010370407174598493,"HOTETH":0,"ICXETH":0,"IOSTETH":0,"IOTAETH":0,"IOTXETH":0,"KEYETH":0.00008140166757853675,"KMDETH":0.002956276821965184,"KNCETH":0,"LINKETH":0,"LOOMETH":0,"LRCETH":0,"LSKETH":0,"LTCETH":0,"MANAETH":0,"MFTETH":0.000023967594374906626,"MTLETH":0,"NANOETH":0.0037093300136960368,"NASETH":0,"NAVETH":0.001529206611198329,"NCASHETH":0.0027284664622965436,"NEBLETH":0,"NEOETH":0,"OMGETH":0,"ONTETH":0,"OSTETH":0.0025771037914692346,"PIVXETH":0,"POWRETH":0,"PROSETH":0.0014878716508883653,"PUNDIXETH":0,"QKCETH":0,"QLCETH":0,"QSPETH":0,"QTUMETH":0,"RENBTCETH":0.03315129800437952,"REPETH":0,"RLCETH":0,"SCETH":0,"SCRTETH":0.0005131842234506799,"SLPETH":0.00013530534704119594,"SNTETH":0,"STEEMETH":0,"STMXETH":0,"STRAXETH":0.0048550148205384214,"THETAETH":0,"TRXETH":0,"UFTETH":0,"VETETH":0,"VIBETH":0.00021032393362532316,"WANETH":0,"WAVESETH":0,"XEMETH":0,"XLMETH":0,"XMRETH":0,"XRPETH":0,"XVGETH":0,"ZECETH":0,"ZENETH":0,"ZILETH":0,"ZRXETH":0},"numerosità_campione":1971,"expected_return":-0.000004072918276996965,"standard_deviation":0.001498637772182918,"sharpe_ratio":-0.002717746978353779}