{"weights":{"AAVEETH":0.007327154051594486,"ADAETH":0,"ADXETH":0.0022637727452337747,"AIONETH":0,"BATETH":0,"BETHETH":0.8864253389793956,"BLZETH":0,"BNBETH":0,"BNTETH":0.020023373756940917,"BQXETH":0,"BRDETH":0,"CDTETH":0.0012794376946447359,"COVERETH":0.0006373594199238714,"CVCETH":0,"CVPETH":0.0032015218815226714,"DASHETH":0,"DATAETH":0,"DENTETH":0,"DEXEETH":0.002065617459950597,"DFETH":0,"ELFETH":0,"ENJETH":0,"EOSETH":0,"ETCETH":0.004600701056888201,"EZETH":0,"FIROETH":0,"FRONTETH":0,"FUNETH":0.007063192869566488,"GHSTETH":0.00462229521244432,"GLMETH":0.0016637746802921193,"GRTETH":0,"GXSETH":0,"HEGICETH":0.0008924038632093848,"HOTETH":0,"ICXETH":0,"IOSTETH":0,"IOTAETH":0,"IOTXETH":0,"KEYETH":0,"KMDETH":0.0030757945377364653,"KNCETH":0,"LINKETH":0,"LOOMETH":0,"LRCETH":0,"LSKETH":0,"LTCETH":0,"MANAETH":0,"MFTETH":0,"MTLETH":0,"NANOETH":0.0031886258608765606,"NASETH":0,"NAVETH":0.0009599397885978853,"NCASHETH":0.003160395594664824,"NEBLETH":0,"NEOETH":0,"OMGETH":0,"ONTETH":0,"OSTETH":0.0033069285545743944,"PIVXETH":0,"POWRETH":0,"PROSETH":0.0019036719672239394,"PUNDIXETH":0,"QKCETH":0,"QLCETH":0,"QSPETH":0,"QTUMETH":0,"RENBTCETH":0.032640198038430226,"REPETH":0,"RLCETH":0,"SCETH":0,"SCRTETH":0.001377377157293835,"SLPETH":0,"SNTETH":0,"STEEMETH":0,"STMXETH":0,"STRAXETH":0.004756693574941148,"THETAETH":0,"TRXETH":0,"UFTETH":0,"VETETH":0,"VIBETH":0.0023462783703806257,"WANETH":0.0005889946791926605,"WAVESETH":0,"XEMETH":0,"XLMETH":0,"XMRETH":0,"XRPETH":0.0006291582044803332,"XVGETH":0,"ZECETH":0,"ZENETH":0,"ZILETH":0,"ZRXETH":0},"numerosità_campione":1968,"expected_return":-0.000008378092759962575,"standard_deviation":0.0014957276244205611,"sharpe_ratio":-0.005601349218383404}