{"weights":{"AAVEETH":0.007975830257531362,"ADAETH":0,"ADXETH":0.0014557154234285845,"AIONETH":0,"BATETH":0,"BETHETH":0.8787086729161502,"BLZETH":0,"BNBETH":0,"BNTETH":0.02281151545346005,"BQXETH":0,"BRDETH":0,"CDTETH":0.002329788574261125,"COVERETH":0.0010703213613798385,"CVCETH":0,"CVPETH":0.004682454654980719,"DASHETH":0,"DATAETH":0,"DENTETH":0,"DEXEETH":0.004770624857087747,"DFETH":0,"ELFETH":0,"ENJETH":0,"EOSETH":0,"ETCETH":0.002924365971155125,"EZETH":0.00039399569208790257,"FIROETH":0,"FRONTETH":0,"FUNETH":0.006147383049371519,"GHSTETH":0.0033536875058228807,"GLMETH":0.0012067478089825476,"GRTETH":0,"GXSETH":0,"HEGICETH":0.0005910934803406565,"HOTETH":0,"ICXETH":0,"IOSTETH":0,"IOTAETH":0,"IOTXETH":0,"KEYETH":0,"KMDETH":0.003066149856596728,"KNCETH":0,"LINKETH":0,"LOOMETH":0,"LRCETH":0,"LSKETH":0,"LTCETH":0,"MANAETH":0,"MFTETH":0,"MTLETH":0,"NANOETH":0.002657925903464583,"NASETH":0,"NAVETH":0.00015738463786582033,"NCASHETH":0.0034282870876658476,"NEBLETH":0,"NEOETH":0,"OMGETH":0,"ONTETH":0,"OSTETH":0.003769343955594779,"PIVXETH":0,"POWRETH":0,"PROSETH":0.0022964026643959475,"PUNDIXETH":0,"QKCETH":0,"QLCETH":0,"QSPETH":0,"QTUMETH":0,"RENBTCETH":0.03226666603767078,"REPETH":0,"RLCETH":0,"SCETH":0,"SCRTETH":0.0021412913801064225,"SLPETH":0,"SNTETH":0,"STEEMETH":0,"STMXETH":0,"STRAXETH":0.004555793055022906,"THETAETH":0,"TRXETH":0,"UFTETH":0,"VETETH":0,"VIBETH":0.0038921722344196427,"WANETH":0.0018427824633274596,"WAVESETH":0,"XEMETH":0,"XLMETH":0,"XMRETH":0,"XRPETH":0.0015036037178286059,"XVGETH":0,"ZECETH":0,"ZENETH":0,"ZILETH":0,"ZRXETH":0},"numerosità_campione":1971,"expected_return":-0.000014791559753971101,"standard_deviation":0.0014935715636729694,"sharpe_ratio":-0.009903482440169063}